Date,City,AQI,AQI_Stationary
2025-01-02 00:00:00+00:00,New York,20.4,-5.975000000000001
2025-01-02 01:00:00+00:00,New York,21.6,-4.583333999999997
2025-01-02 02:00:00+00:00,New York,23.600002,-2.3249950000000013
2025-01-02 03:00:00+00:00,New York,25.2,-0.3500000000000014
2025-01-02 04:00:00+00:00,New York,26.800001,1.7333370000000023
2025-01-02 05:00:00+00:00,New York,27.6,3.075004
2025-01-02 06:00:00+00:00,New York,28.0,3.9750000000000014
2025-01-02 07:00:00+00:00,New York,26.800001,3.158336000000002
2025-01-02 08:00:00+00:00,New York,24.400002,1.0583370000000016
2025-01-02 09:00:00+00:00,New York,22.0,-1.1999989999999983
2025-01-02 10:00:00+00:00,New York,19.6,-3.591663999999998
2025-01-02 11:00:00+00:00,New York,17.2,-5.8749970000000005
2025-01-02 12:00:00+00:00,New York,15.2,-7.600003000000001
2025-01-02 13:00:00+00:00,New York,15.599999,-7.266667999999999
2025-01-02 14:00:00+00:00,New York,16.0,-5.958335999999999
2025-01-02 15:00:00+00:00,New York,16.8,-3.591666
2025-01-02 16:00:00+00:00,New York,18.8,-0.9250000000000007
2025-01-02 17:00:00+00:00,New York,21.199999,2.0833299999999966
2025-01-02 18:00:00+00:00,New York,22.8,4.308330999999999
2025-01-02 19:00:00+00:00,New York,22.4,4.449999999999999
2025-01-02 20:00:00+00:00,New York,20.8,3.2250000000000014
2025-01-02 21:00:00+00:00,New York,18.8,-1.1999999999999993
2025-01-02 22:00:00+00:00,New York,16.8,-4.3999989999999976
2025-01-02 23:00:00+00:00,New York,14.400001,-7.199999000000002
2025-01-03 00:00:00+00:00,New York,13.6,-6.799999999999999
2025-01-03 01:00:00+00:00,New York,13.200001,-8.399999000000001
2025-01-03 02:00:00+00:00,New York,12.799999,-10.800003
2025-01-03 03:00:00+00:00,New York,13.200001,-11.999998999999999
2025-01-03 04:00:00+00:00,New York,14.400001,-12.400000000000002
2025-01-03 05:00:00+00:00,New York,16.4,-11.200000000000003
2025-01-03 06:00:00+00:00,New York,18.0,-10.0
2025-01-03 07:00:00+00:00,New York,19.199999,-7.6000020000000035
2025-01-03 08:00:00+00:00,New York,19.6,-4.800001999999999
2025-01-03 09:00:00+00:00,New York,19.6,-2.3999999999999986
2025-01-03 10:00:00+00:00,New York,18.0,-1.6000000000000014
2025-01-03 11:00:00+00:00,New York,15.599999,-1.600000999999999
2025-01-03 12:00:00+00:00,New York,16.8,1.6000000000000014
2025-01-03 13:00:00+00:00,New York,17.6,2.000001000000001
2025-01-03 14:00:00+00:00,New York,19.199999,3.1999989999999983
2025-01-03 15:00:00+00:00,New York,20.4,3.599999999999998
2025-01-03 16:00:00+00:00,New York,22.0,3.1999999999999993
2025-01-03 17:00:00+00:00,New York,23.600002,2.4000030000000017
2025-01-03 18:00:00+00:00,New York,24.0,1.1999999999999993
2025-01-03 19:00:00+00:00,New York,23.600002,1.2000020000000013
2025-01-03 20:00:00+00:00,New York,22.0,1.1999999999999993
2025-01-03 21:00:00+00:00,New York,19.199999,0.39999899999999755
2025-01-03 22:00:00+00:00,New York,15.75,-1.0500000000000007
2025-01-03 23:00:00+00:00,New York,21.800001,7.400000000000002
2025-01-04 00:00:00+00:00,New York,21.36,7.76
2025-01-04 01:00:00+00:00,New York,21.039999,7.839998000000001
2025-01-04 02:00:00+00:00,New York,20.480001,7.680002000000002
2025-01-04 03:00:00+00:00,New York,18.75,5.549999
2025-01-04 04:00:00+00:00,New York,14.75,0.3499990000000004
2025-01-04 05:00:00+00:00,New York,17.6,1.2000000000000028
2025-01-04 06:00:00+00:00,New York,22.0,4.0
2025-01-04 07:00:00+00:00,New York,24.8,5.6000010000000024
2025-01-04 08:00:00+00:00,New York,27.2,7.599999999999998
2025-01-04 09:00:00+00:00,New York,28.4,8.799999999999997
2025-01-04 10:00:00+00:00,New York,28.4,10.399999999999999
2025-01-04 11:00:00+00:00,New York,27.2,11.600000999999999
2025-01-04 12:00:00+00:00,New York,27.6,10.8
2025-01-04 13:00:00+00:00,New York,28.4,10.799999999999997
2025-01-04 14:00:00+00:00,New York,29.6,10.400001000000003
2025-01-04 15:00:00+00:00,New York,30.4,10.0
2025-01-04 16:00:00+00:00,New York,30.8,8.8
2025-01-04 17:00:00+00:00,New York,31.199999,7.599996999999998
2025-01-04 18:00:00+00:00,New York,31.199999,7.199998999999998
2025-01-04 19:00:00+00:00,New York,31.199999,7.599996999999998
2025-01-04 20:00:00+00:00,New York,31.199999,9.199998999999998
2025-01-04 21:00:00+00:00,New York,30.4,11.200001
2025-01-04 22:00:00+00:00,New York,28.800001,13.050001000000002
2025-01-04 23:00:00+00:00,New York,26.399998,4.599996999999998
2025-01-05 00:00:00+00:00,New York,24.0,2.6400000000000006
2025-01-05 01:00:00+00:00,New York,24.400002,3.360002999999999
2025-01-05 02:00:00+00:00,New York,24.400002,3.920000999999999
2025-01-05 03:00:00+00:00,New York,25.2,6.449999999999999
2025-01-05 04:00:00+00:00,New York,26.399998,11.649998
2025-01-05 05:00:00+00:00,New York,28.0,10.399999999999999
2025-01-05 06:00:00+00:00,New York,28.800001,6.800001000000002
2025-01-05 07:00:00+00:00,New York,29.2,4.399999999999999
2025-01-05 08:00:00+00:00,New York,28.800001,1.6000010000000024
2025-01-05 09:00:00+00:00,New York,28.4,0.0
2025-01-05 10:00:00+00:00,New York,26.800001,-1.5999989999999968
2025-01-05 11:00:00+00:00,New York,25.2,-2.0
2025-01-05 12:00:00+00:00,New York,24.8,-2.8000000000000007
2025-01-05 13:00:00+00:00,New York,25.599998,-2.800001999999999
2025-01-05 14:00:00+00:00,New York,26.800001,-2.7999989999999997
2025-01-05 15:00:00+00:00,New York,28.0,-2.3999999999999986
2025-01-05 16:00:00+00:00,New York,28.800001,-1.999998999999999
2025-01-05 17:00:00+00:00,New York,29.2,-1.999998999999999
2025-01-05 18:00:00+00:00,New York,29.6,-1.5999989999999968
2025-01-05 19:00:00+00:00,New York,29.6,-1.5999989999999968
2025-01-05 20:00:00+00:00,New York,29.2,-1.999998999999999
2025-01-05 21:00:00+00:00,New York,28.0,-2.3999999999999986
2025-01-05 22:00:00+00:00,New York,25.599998,-3.2000030000000024
2025-01-05 23:00:00+00:00,New York,22.4,-3.9999980000000015
2025-01-06 00:00:00+00:00,New York,18.0,-6.0
2025-01-06 01:00:00+00:00,New York,17.6,-6.800001999999999
2025-01-06 02:00:00+00:00,New York,17.6,-6.800001999999999
2025-01-06 03:00:00+00:00,New York,17.6,-7.599999999999998
2025-01-06 04:00:00+00:00,New York,18.4,-7.9999980000000015
2025-01-06 05:00:00+00:00,New York,19.6,-8.399999999999999
2025-01-06 06:00:00+00:00,New York,20.0,-8.800001000000002
2025-01-06 07:00:00+00:00,New York,20.0,-9.2
2025-01-06 08:00:00+00:00,New York,19.199999,-9.600002000000003
2025-01-06 09:00:00+00:00,New York,17.6,-10.799999999999997
2025-01-06 10:00:00+00:00,New York,14.8,-12.000001000000001
2025-01-06 11:00:00+00:00,New York,20.12,-5.079999999999998
2025-01-06 12:00:00+00:00,New York,25.599998,0.7999979999999987
2025-01-06 13:00:00+00:00,New York,25.28,-0.31999799999999823
2025-01-06 14:00:00+00:00,New York,24.84,-1.9600010000000019
2025-01-06 15:00:00+00:00,New York,24.2,-3.8000000000000007
2025-01-06 16:00:00+00:00,New York,23.32,-5.4800010000000015
2025-01-06 17:00:00+00:00,New York,22.279999,-6.920000999999999
2025-01-06 18:00:00+00:00,New York,21.36,-8.240000000000002
2025-01-06 19:00:00+00:00,New York,20.56,-9.040000000000003
2025-01-06 20:00:00+00:00,New York,19.8,-9.399999999999999
2025-01-06 21:00:00+00:00,New York,19.45,-8.55
2025-01-06 22:00:00+00:00,New York,20.439999,-5.159998999999999
2025-01-06 23:00:00+00:00,New York,21.68,-0.7199999999999989
2025-01-07 00:00:00+00:00,New York,21.025,3.0249999999999986
2025-01-07 01:00:00+00:00,New York,20.975,3.375
2025-01-07 02:00:00+00:00,New York,20.800001,3.2000010000000003
2025-01-07 03:00:00+00:00,New York,23.600002,6.0000019999999985
2025-01-07 04:00:00+00:00,New York,24.400002,6.000002000000002
2025-01-07 05:00:00+00:00,New York,24.400002,4.800001999999999
2025-01-07 06:00:00+00:00,New York,24.400002,4.400002000000001
2025-01-07 07:00:00+00:00,New York,25.2,5.199999999999999
2025-01-07 08:00:00+00:00,New York,26.399998,7.199999000000002
2025-01-07 09:00:00+00:00,New York,26.800001,9.200001
2025-01-07 10:00:00+00:00,New York,26.0,11.2
2025-01-07 11:00:00+00:00,New York,24.0,3.879999999999999
2025-01-07 12:00:00+00:00,New York,23.600002,-1.9999959999999994
2025-01-07 13:00:00+00:00,New York,24.400002,-0.8799980000000005
2025-01-07 14:00:00+00:00,New York,25.599998,0.7599979999999995
2025-01-07 15:00:00+00:00,New York,26.399998,2.199998000000001
2025-01-07 16:00:00+00:00,New York,27.2,3.879999999999999
2025-01-07 17:00:00+00:00,New York,27.6,5.320001000000001
2025-01-07 18:00:00+00:00,New York,27.6,6.240000000000002
2025-01-07 19:00:00+00:00,New York,26.800001,6.240001000000003
2025-01-07 20:00:00+00:00,New York,25.599998,5.799997999999999
2025-01-07 21:00:00+00:00,New York,24.400002,4.950002000000001
2025-01-07 22:00:00+00:00,New York,23.199999,2.759999999999998
2025-01-07 23:00:00+00:00,New York,22.0,0.3200000000000003
2025-01-08 00:00:00+00:00,New York,21.199999,0.17499899999999968
2025-01-08 01:00:00+00:00,New York,21.199999,0.22499899999999684
2025-01-08 02:00:00+00:00,New York,21.6,0.7999989999999997
2025-01-08 03:00:00+00:00,New York,22.0,-1.600002
2025-01-08 04:00:00+00:00,New York,23.199999,-1.2000030000000024
2025-01-08 05:00:00+00:00,New York,24.8,0.3999980000000001
2025-01-08 06:00:00+00:00,New York,26.399998,1.9999959999999994
2025-01-08 07:00:00+00:00,New York,27.2,2.0
2025-01-08 08:00:00+00:00,New York,28.0,1.600002
2025-01-08 09:00:00+00:00,New York,28.4,1.5999989999999968
2025-01-08 10:00:00+00:00,New York,28.0,2.0
2025-01-08 11:00:00+00:00,New York,27.2,3.1999999999999993
2025-01-08 12:00:00+00:00,New York,26.399998,2.799996
2025-01-08 13:00:00+00:00,New York,27.2,2.7999979999999987
2025-01-08 14:00:00+00:00,New York,28.4,2.800001999999999
2025-01-08 15:00:00+00:00,New York,29.2,2.800001999999999
2025-01-08 16:00:00+00:00,New York,29.6,2.400000000000002
2025-01-08 17:00:00+00:00,New York,30.0,2.3999999999999986
2025-01-08 18:00:00+00:00,New York,30.4,2.799999999999997
2025-01-08 19:00:00+00:00,New York,30.4,3.599998999999997
2025-01-08 20:00:00+00:00,New York,30.4,4.800001999999999
2025-01-08 21:00:00+00:00,New York,30.0,5.599997999999999
2025-01-08 22:00:00+00:00,New York,28.800001,5.6000020000000035
2025-01-08 23:00:00+00:00,New York,26.800001,4.800001000000002
2025-01-09 00:00:00+00:00,New York,25.2,4.000001000000001
2025-01-09 01:00:00+00:00,New York,24.8,3.6000010000000024
2025-01-09 02:00:00+00:00,New York,24.8,3.1999999999999993
2025-01-09 03:00:00+00:00,New York,24.8,2.8000000000000007
2025-01-09 04:00:00+00:00,New York,25.599998,2.399999000000001
2025-01-09 05:00:00+00:00,New York,26.800001,2.000001000000001
2025-01-09 06:00:00+00:00,New York,27.6,1.2000020000000013
2025-01-09 07:00:00+00:00,New York,28.4,1.1999999999999993
2025-01-09 08:00:00+00:00,New York,28.800001,0.8000010000000017
2025-01-09 09:00:00+00:00,New York,29.2,0.8000000000000007
2025-01-09 10:00:00+00:00,New York,28.800001,0.8000010000000017
2025-01-09 11:00:00+00:00,New York,28.4,1.1999999999999993
2025-01-09 12:00:00+00:00,New York,27.6,1.2000020000000013
2025-01-09 13:00:00+00:00,New York,27.6,0.40000000000000213
2025-01-09 14:00:00+00:00,New York,28.0,-0.3999999999999986
2025-01-09 15:00:00+00:00,New York,28.0,-1.1999999999999993
2025-01-09 16:00:00+00:00,New York,28.4,-1.2000000000000028
2025-01-09 17:00:00+00:00,New York,28.800001,-1.1999989999999983
2025-01-09 18:00:00+00:00,New York,28.800001,-1.5999989999999968
2025-01-09 19:00:00+00:00,New York,28.4,-2.0
2025-01-09 20:00:00+00:00,New York,27.6,-2.799999999999997
2025-01-09 21:00:00+00:00,New York,27.2,-2.8000000000000007
2025-01-09 22:00:00+00:00,New York,26.800001,-2.0
2025-01-09 23:00:00+00:00,New York,26.399998,-0.40000300000000166
2025-01-10 00:00:00+00:00,New York,26.800001,1.6000010000000024
2025-01-10 01:00:00+00:00,New York,26.800001,2.000001000000001
2025-01-10 02:00:00+00:00,New York,26.800001,2.000001000000001
2025-01-10 03:00:00+00:00,New York,26.800001,2.000001000000001
2025-01-10 04:00:00+00:00,New York,27.6,2.000002000000002
2025-01-10 05:00:00+00:00,New York,28.4,1.5999989999999968
2025-01-10 06:00:00+00:00,New York,29.2,1.5999999999999979
2025-01-10 07:00:00+00:00,New York,29.6,1.2000000000000028
2025-01-10 08:00:00+00:00,New York,29.6,0.7999989999999997
2025-01-10 09:00:00+00:00,New York,29.2,0.0
2025-01-10 10:00:00+00:00,New York,28.0,-0.8000010000000017
2025-01-10 11:00:00+00:00,New York,26.399998,-2.0000019999999985
2025-01-10 12:00:00+00:00,New York,25.599998,-2.000002000000002
2025-01-10 13:00:00+00:00,New York,26.0,-1.6000000000000014
2025-01-10 14:00:00+00:00,New York,26.399998,-1.600002
2025-01-10 15:00:00+00:00,New York,26.800001,-1.1999989999999983
2025-01-10 16:00:00+00:00,New York,28.0,-0.3999999999999986
2025-01-10 17:00:00+00:00,New York,29.6,0.7999989999999997
2025-01-10 18:00:00+00:00,New York,30.0,1.1999989999999983
2025-01-10 19:00:00+00:00,New York,28.800001,0.40000100000000316
2025-01-10 20:00:00+00:00,New York,26.399998,-1.2000020000000013
2025-01-10 21:00:00+00:00,New York,22.8,-4.399999999999999
2025-01-10 22:00:00+00:00,New York,21.32,-5.4800010000000015
2025-01-10 23:00:00+00:00,New York,28.52,2.1200019999999995
2025-01-11 00:00:00+00:00,New York,32.2,5.399999000000001
2025-01-11 01:00:00+00:00,New York,32.84,6.039999000000002
2025-01-11 02:00:00+00:00,New York,33.64,6.839998999999999
2025-01-11 03:00:00+00:00,New York,33.96,7.159998999999999
2025-01-11 04:00:00+00:00,New York,33.28,5.68
2025-01-11 05:00:00+00:00,New York,32.120003,3.7200029999999984
2025-01-11 06:00:00+00:00,New York,31.04,1.8399999999999999
2025-01-11 07:00:00+00:00,New York,30.2,0.5999999999999979
2025-01-11 08:00:00+00:00,New York,29.44,-0.16000000000000014
2025-01-11 09:00:00+00:00,New York,29.039997,-0.16000299999999967
2025-01-11 10:00:00+00:00,New York,29.68,1.6799999999999997
2025-01-11 11:00:00+00:00,New York,30.679998,4.280000000000001
2025-01-11 12:00:00+00:00,New York,31.199999,5.600000999999999
2025-01-11 13:00:00+00:00,New York,27.560001,1.5600009999999997
2025-01-11 14:00:00+00:00,New York,26.949999,0.5500009999999982
2025-01-11 15:00:00+00:00,New York,28.591667,1.7916659999999993
2025-01-11 16:00:00+00:00,New York,29.741667,1.7416669999999996
2025-01-11 17:00:00+00:00,New York,30.508331,0.9083309999999969
2025-01-11 18:00:00+00:00,New York,31.199999,1.1999989999999983
2025-01-11 19:00:00+00:00,New York,31.291664,2.491662999999999
2025-01-11 20:00:00+00:00,New York,31.449997,5.049999
2025-01-11 21:00:00+00:00,New York,31.524998,8.724998
2025-01-11 22:00:00+00:00,New York,31.48333,10.163329999999998
2025-01-11 23:00:00+00:00,New York,31.10833,2.588329999999999
2025-01-12 00:00:00+00:00,New York,30.474997,-1.7250030000000045
2025-01-12 01:00:00+00:00,New York,29.874996,-2.965004000000004
2025-01-12 02:00:00+00:00,New York,29.166664,-4.473336
2025-01-12 03:00:00+00:00,New York,28.374998,-5.585001999999999
2025-01-12 04:00:00+00:00,New York,27.441666,-5.838334
2025-01-12 05:00:00+00:00,New York,26.341665,-5.778337999999998
2025-01-12 06:00:00+00:00,New York,25.033333,-6.006667
2025-01-12 07:00:00+00:00,New York,24.0,-6.199999999999999
2025-01-12 08:00:00+00:00,New York,23.600002,-5.839998000000001
2025-01-12 09:00:00+00:00,New York,22.0,-7.039997
2025-01-12 10:00:00+00:00,New York,19.1,-10.579999999999998
2025-01-12 11:00:00+00:00,New York,17.6,-13.079998
2025-01-12 12:00:00+00:00,New York,22.92,-8.279998999999997
2025-01-12 13:00:00+00:00,New York,19.8,-7.760000999999999
2025-01-12 14:00:00+00:00,New York,14.400001,-12.549997999999999
2025-01-12 15:00:00+00:00,New York,18.0,-10.591667000000001
2025-01-12 16:00:00+00:00,New York,21.199999,-8.541668000000001
2025-01-12 17:00:00+00:00,New York,23.600002,-6.908328999999998
2025-01-12 18:00:00+00:00,New York,24.0,-7.199998999999998
2025-01-12 19:00:00+00:00,New York,21.6,-9.691664
2025-01-12 20:00:00+00:00,New York,17.6,-13.849996999999998
2025-01-12 21:00:00+00:00,New York,16.5,-15.024998
2025-01-12 22:00:00+00:00,New York,21.239998,-10.243331999999999
2025-01-12 23:00:00+00:00,New York,25.480001,-5.628328999999997
2025-01-13 00:00:00+00:00,New York,28.759998,-1.7149989999999988
2025-01-13 01:00:00+00:00,New York,28.439999,-1.4349969999999992
2025-01-13 02:00:00+00:00,New York,28.0,-1.1666640000000008
2025-01-13 03:00:00+00:00,New York,29.533333,1.1583349999999975
2025-01-13 04:00:00+00:00,New York,33.899998,6.458331999999995
2025-01-13 05:00:00+00:00,New York,37.875,11.533335000000001
2025-01-13 06:00:00+00:00,New York,43.01667,17.983337
2025-01-13 07:00:00+00:00,New York,50.033333,26.033333
2025-01-13 08:00:00+00:00,New York,57.11667,33.516667999999996
2025-01-13 09:00:00+00:00,New York,60.843334,38.843334
2025-01-13 10:00:00+00:00,New York,62.18,43.08
2025-01-13 11:00:00+00:00,New York,63.38667,45.78667
2025-01-13 12:00:00+00:00,New York,64.503334,41.583333999999994
2025-01-13 13:00:00+00:00,New York,64.99,45.19
2025-01-13 14:00:00+00:00,New York,65.39333,50.993329
2025-01-13 15:00:00+00:00,New York,65.8,47.8
2025-01-13 16:00:00+00:00,New York,66.19666,44.996660999999996
2025-01-13 17:00:00+00:00,New York,66.659996,43.059994
2025-01-13 18:00:00+00:00,New York,67.18667,43.18667000000001
2025-01-13 19:00:00+00:00,New York,67.753334,46.153333999999994
2025-01-13 20:00:00+00:00,New York,68.316666,50.716666
2025-01-13 21:00:00+00:00,New York,68.84333,52.343329999999995
2025-01-13 22:00:00+00:00,New York,69.043335,47.803337
2025-01-13 23:00:00+00:00,New York,68.64333,43.163329000000004
2025-01-14 00:00:00+00:00,New York,67.68667,38.92667200000001
2025-01-14 01:00:00+00:00,New York,66.52,38.080000999999996
2025-01-14 02:00:00+00:00,New York,65.206665,37.206665
2025-01-14 03:00:00+00:00,New York,63.72667,34.193337
2025-01-14 04:00:00+00:00,New York,62.29666,28.396662000000006
2025-01-14 05:00:00+00:00,New York,61.026665,23.151665
2025-01-14 06:00:00+00:00,New York,59.43332,16.416650000000004
2025-01-14 07:00:00+00:00,New York,53.833336,3.800003000000004
2025-01-14 08:00:00+00:00,New York,47.833336,-9.283333999999996
2025-01-14 09:00:00+00:00,New York,41.41667,-19.426663999999995
2025-01-14 10:00:00+00:00,New York,37.541668,-24.638332
2025-01-14 11:00:00+00:00,New York,34.550003,-28.836667000000006
2025-01-14 12:00:00+00:00,New York,31.691668,-32.811665999999995
2025-01-14 13:00:00+00:00,New York,29.675003,-35.31499699999999
2025-01-14 14:00:00+00:00,New York,27.716667,-37.676663000000005
2025-01-14 15:00:00+00:00,New York,26.0,-39.8
2025-01-14 16:00:00+00:00,New York,27.2,-38.99665999999999
2025-01-14 17:00:00+00:00,New York,28.0,-38.65999600000001
2025-01-14 18:00:00+00:00,New York,28.4,-38.78667000000001
2025-01-14 19:00:00+00:00,New York,28.4,-39.353334
2025-01-14 20:00:00+00:00,New York,28.4,-39.916666
2025-01-14 21:00:00+00:00,New York,27.2,-41.64332999999999
2025-01-14 22:00:00+00:00,New York,24.0,-45.043335
2025-01-14 23:00:00+00:00,New York,20.0,-48.643330000000006
2025-01-15 00:00:00+00:00,New York,17.5,-50.18667000000001
2025-01-15 01:00:00+00:00,New York,16.4,-50.12
2025-01-15 02:00:00+00:00,New York,18.0,-47.206665
2025-01-15 03:00:00+00:00,New York,20.0,-43.72667
2025-01-15 04:00:00+00:00,New York,22.4,-39.896660000000004
2025-01-15 05:00:00+00:00,New York,24.8,-36.226665
2025-01-15 06:00:00+00:00,New York,26.399998,-33.033322
2025-01-15 07:00:00+00:00,New York,27.2,-26.633336000000003
2025-01-15 08:00:00+00:00,New York,27.2,-20.633336000000003
2025-01-15 09:00:00+00:00,New York,26.800001,-14.616669000000002
2025-01-15 10:00:00+00:00,New York,24.8,-12.741668
2025-01-15 11:00:00+00:00,New York,22.0,-12.550002999999997
2025-01-15 12:00:00+00:00,New York,21.6,-10.091667999999999
2025-01-15 13:00:00+00:00,New York,22.8,-6.8750029999999995
2025-01-15 14:00:00+00:00,New York,24.8,-2.9166670000000003
2025-01-15 15:00:00+00:00,New York,26.399998,0.3999980000000001
2025-01-15 16:00:00+00:00,New York,27.6,0.40000000000000213
2025-01-15 17:00:00+00:00,New York,28.4,0.3999999999999986
2025-01-15 18:00:00+00:00,New York,28.800001,0.40000100000000316
2025-01-15 19:00:00+00:00,New York,28.800001,0.40000100000000316
2025-01-15 20:00:00+00:00,New York,28.4,0.0
2025-01-15 21:00:00+00:00,New York,27.6,0.40000000000000213
2025-01-15 22:00:00+00:00,New York,25.599998,1.5999979999999994
2025-01-15 23:00:00+00:00,New York,23.199999,3.1999989999999983
2025-01-16 00:00:00+00:00,New York,22.4,4.899999999999999
2025-01-16 01:00:00+00:00,New York,20.4,4.0
2025-01-16 02:00:00+00:00,New York,18.0,0.0
2025-01-16 03:00:00+00:00,New York,18.75,-1.25
2025-01-16 04:00:00+00:00,New York,18.5,-3.8999999999999986
2025-01-16 05:00:00+00:00,New York,17.25,-7.550000000000001
2025-01-16 06:00:00+00:00,New York,16.05,-10.349998
2025-01-16 07:00:00+00:00,New York,15.2,-12.0
2025-01-16 08:00:00+00:00,New York,15.2,-12.0
2025-01-16 09:00:00+00:00,New York,14.400001,-12.400000000000002
2025-01-16 10:00:00+00:00,New York,17.25,-7.550000000000001
2025-01-16 11:00:00+00:00,New York,21.68,-0.3200000000000003
2025-01-16 12:00:00+00:00,New York,23.759998,2.159997999999998
2025-01-16 13:00:00+00:00,New York,21.160002,-1.639998000000002
2025-01-16 14:00:00+00:00,New York,17.0,-7.800000000000001
2025-01-16 15:00:00+00:00,New York,17.375,-9.024998
2025-01-16 16:00:00+00:00,New York,18.258333,-9.341667000000001
2025-01-16 17:00:00+00:00,New York,18.991667,-9.408332999999999
2025-01-16 18:00:00+00:00,New York,19.7,-9.100001000000002
2025-01-16 19:00:00+00:00,New York,20.466667,-8.333334
2025-01-16 20:00:00+00:00,New York,21.35,-7.049999999999997
2025-01-16 21:00:00+00:00,New York,22.350002,-5.2499980000000015
2025-01-16 22:00:00+00:00,New York,23.475,-2.124997999999998
2025-01-16 23:00:00+00:00,New York,25.32,2.120001000000002
2025-01-17 00:00:00+00:00,New York,27.64,5.240000000000002
2025-01-17 01:00:00+00:00,New York,27.68,7.280000000000001
2025-01-17 02:00:00+00:00,New York,29.108337,11.108336999999999
2025-01-17 03:00:00+00:00,New York,30.725004,11.975003999999998
2025-01-17 04:00:00+00:00,New York,32.31667,13.816670000000002
2025-01-17 05:00:00+00:00,New York,33.866673,16.616673
2025-01-17 06:00:00+00:00,New York,35.425003,19.375002999999996
2025-01-17 07:00:00+00:00,New York,36.94167,21.741670000000003
2025-01-17 08:00:00+00:00,New York,38.316666,23.116666
2025-01-17 09:00:00+00:00,New York,39.475,25.074999000000002
2025-01-17 10:00:00+00:00,New York,40.649994,23.399994
2025-01-17 11:00:00+00:00,New York,41.699997,20.019997000000004
2025-01-17 12:00:00+00:00,New York,42.21666,18.456661999999998
2025-01-17 13:00:00+00:00,New York,42.899994,21.739992
2025-01-17 14:00:00+00:00,New York,43.44999,26.44999
2025-01-17 15:00:00+00:00,New York,44.266663,26.891663
2025-01-17 16:00:00+00:00,New York,44.516663,26.25833
2025-01-17 17:00:00+00:00,New York,44.71666,25.724992999999998
2025-01-17 18:00:00+00:00,New York,44.666656,24.966656000000004
2025-01-17 19:00:00+00:00,New York,44.299995,23.833328
2025-01-17 20:00:00+00:00,New York,43.44999,22.09999
2025-01-17 21:00:00+00:00,New York,42.149994,19.799992
2025-01-17 22:00:00+00:00,New York,41.11666,17.64166
2025-01-17 23:00:00+00:00,New York,41.316658,15.996657999999996
2025-01-18 00:00:00+00:00,New York,41.783333,14.143332999999998
2025-01-18 01:00:00+00:00,New York,43.283333,15.603333
2025-01-18 02:00:00+00:00,New York,44.299995,15.191658000000004
2025-01-18 03:00:00+00:00,New York,45.033325,14.308321
2025-01-18 04:00:00+00:00,New York,45.61666,13.299990000000001
2025-01-18 05:00:00+00:00,New York,46.1,12.233327000000003
2025-01-18 06:00:00+00:00,New York,46.316658,10.891655
2025-01-18 07:00:00+00:00,New York,46.183327,9.241656999999996
2025-01-18 08:00:00+00:00,New York,45.65,7.333334000000001
2025-01-18 09:00:00+00:00,New York,44.700005,5.225004999999996
2025-01-18 10:00:00+00:00,New York,43.533333,2.8833389999999994
2025-01-18 11:00:00+00:00,New York,42.36667,0.6666729999999959
2025-01-18 12:00:00+00:00,New York,41.38334,-0.8333200000000005
2025-01-18 13:00:00+00:00,New York,40.366676,-2.5333180000000013
2025-01-18 14:00:00+00:00,New York,39.683334,-3.7666559999999976
2025-01-18 15:00:00+00:00,New York,39.2,-5.066662999999998
2025-01-18 16:00:00+00:00,New York,39.075,-5.441662999999998
2025-01-18 17:00:00+00:00,New York,39.116665,-5.599995
2025-01-18 18:00:00+00:00,New York,39.283333,-5.383323000000004
2025-01-18 19:00:00+00:00,New York,39.641666,-4.658329000000002
2025-01-18 20:00:00+00:00,New York,40.65,-2.799990000000001
2025-01-18 21:00:00+00:00,New York,42.88334,0.7333459999999974
2025-01-18 22:00:00+00:00,New York,45.433327,4.316666999999995
2025-01-18 23:00:00+00:00,New York,47.299995,5.983337000000006
2025-01-19 00:00:00+00:00,New York,49.033325,7.249991999999999
2025-01-19 01:00:00+00:00,New York,53.36666,10.083327000000004
2025-01-19 02:00:00+00:00,New York,56.19999,11.899994999999997
2025-01-19 03:00:00+00:00,New York,57.433342,12.400017000000005
2025-01-19 04:00:00+00:00,New York,58.36667,12.750009999999996
2025-01-19 05:00:00+00:00,New York,58.73333,12.63333
2025-01-19 06:00:00+00:00,New York,58.35,12.033342000000005
2025-01-19 07:00:00+00:00,New York,57.483337,11.30001
2025-01-19 08:00:00+00:00,New York,56.51667,10.86667
2025-01-19 09:00:00+00:00,New York,55.666664,10.966659
2025-01-19 10:00:00+00:00,New York,54.983337,11.450004
2025-01-19 11:00:00+00:00,New York,54.549995,12.183325000000004
2025-01-19 12:00:00+00:00,New York,54.283333,12.899993000000002
2025-01-19 13:00:00+00:00,New York,53.450005,13.083328999999999
2025-01-19 14:00:00+00:00,New York,52.65,12.966665999999996
2025-01-19 15:00:00+00:00,New York,51.65,12.449999999999996
2025-01-19 16:00:00+00:00,New York,50.51667,11.441669999999995
2025-01-19 17:00:00+00:00,New York,49.35,10.233335000000004
2025-01-19 18:00:00+00:00,New York,48.316658,9.033324999999998
2025-01-19 19:00:00+00:00,New York,47.23333,7.5916640000000015
2025-01-19 20:00:00+00:00,New York,46.08332,5.433320000000002
2025-01-19 21:00:00+00:00,New York,44.266655,1.3833150000000032
2025-01-19 22:00:00+00:00,New York,41.69999,-3.733336999999999
2025-01-19 23:00:00+00:00,New York,39.04999,-8.250005000000002
2025-01-20 00:00:00+00:00,New York,36.78333,-12.249994999999998
2025-01-20 01:00:00+00:00,New York,32.89166,-20.475
2025-01-20 02:00:00+00:00,New York,29.741661,-26.458329
2025-01-20 03:00:00+00:00,New York,27.491663,-29.941679000000004
2025-01-20 04:00:00+00:00,New York,25.308332,-33.058338
2025-01-20 05:00:00+00:00,New York,25.599998,-33.133332
2025-01-20 06:00:00+00:00,New York,27.2,-31.150000000000002
2025-01-20 07:00:00+00:00,New York,28.0,-29.483337
2025-01-20 08:00:00+00:00,New York,28.4,-28.11667
2025-01-20 09:00:00+00:00,New York,28.0,-27.666663999999997
2025-01-20 10:00:00+00:00,New York,26.399998,-28.583339
2025-01-20 11:00:00+00:00,New York,23.600002,-30.949993000000003
2025-01-20 12:00:00+00:00,New York,22.4,-31.883333
2025-01-20 13:00:00+00:00,New York,22.8,-30.650004999999997
2025-01-20 14:00:00+00:00,New York,23.199999,-29.450001
2025-01-20 15:00:00+00:00,New York,24.0,-27.65
2025-01-20 16:00:00+00:00,New York,25.599998,-24.916672
2025-01-20 17:00:00+00:00,New York,27.6,-21.75
2025-01-20 18:00:00+00:00,New York,28.800001,-19.516656999999995
2025-01-20 19:00:00+00:00,New York,29.6,-17.63333
2025-01-20 20:00:00+00:00,New York,29.6,-16.48332
2025-01-20 21:00:00+00:00,New York,28.4,-15.866655000000002
2025-01-20 22:00:00+00:00,New York,24.0,-17.69999
2025-01-20 23:00:00+00:00,New York,18.4,-20.649990000000003
2025-01-21 00:00:00+00:00,New York,23.32,-13.46333
2025-01-21 01:00:00+00:00,New York,24.039997,-8.851663000000002
2025-01-21 02:00:00+00:00,New York,24.88,-4.861661000000002
2025-01-21 03:00:00+00:00,New York,24.560001,-2.9316619999999993
2025-01-21 04:00:00+00:00,New York,22.0,-3.308332
2025-01-21 05:00:00+00:00,New York,17.85,-7.749997999999998
2025-01-21 06:00:00+00:00,New York,18.8,-8.399999999999999
2025-01-21 07:00:00+00:00,New York,20.8,-7.199999999999999
2025-01-21 08:00:00+00:00,New York,22.0,-6.399999999999999
2025-01-21 09:00:00+00:00,New York,21.6,-6.399999999999999
2025-01-21 10:00:00+00:00,New York,18.4,-7.9999980000000015
2025-01-21 11:00:00+00:00,New York,18.5,-5.100002
2025-01-21 12:00:00+00:00,New York,21.919998,-0.48000199999999893
2025-01-21 13:00:00+00:00,New York,19.3,-3.5
2025-01-21 14:00:00+00:00,New York,17.6,-5.599998999999997
2025-01-21 15:00:00+00:00,New York,21.199999,-2.8000010000000017
2025-01-21 16:00:00+00:00,New York,23.199999,-2.399999000000001
2025-01-21 17:00:00+00:00,New York,24.0,-3.6000000000000014
2025-01-21 18:00:00+00:00,New York,24.400002,-4.399999000000001
2025-01-21 19:00:00+00:00,New York,24.0,-5.600000000000001
2025-01-21 20:00:00+00:00,New York,23.199999,-6.400001000000003
2025-01-21 21:00:00+00:00,New York,21.199999,-7.200001
2025-01-21 22:00:00+00:00,New York,20.825,-3.1750000000000007
2025-01-21 23:00:00+00:00,New York,23.800001,5.400001000000003
2025-01-22 00:00:00+00:00,New York,28.239998,4.919998
2025-01-22 01:00:00+00:00,New York,26.64,2.600003000000001
2025-01-22 02:00:00+00:00,New York,24.279999,-0.6000009999999989
2025-01-22 03:00:00+00:00,New York,23.5,-1.0600009999999997
2025-01-22 04:00:00+00:00,New York,23.824999,1.8249989999999983
2025-01-22 05:00:00+00:00,New York,24.108332,6.258331999999999
2025-01-22 06:00:00+00:00,New York,24.408333,5.608332999999998
2025-01-22 07:00:00+00:00,New York,24.783333,3.9833329999999982
2025-01-22 08:00:00+00:00,New York,25.225,3.2250000000000014
2025-01-22 09:00:00+00:00,New York,25.708336,4.108335999999998
2025-01-22 10:00:00+00:00,New York,26.208336,7.808336000000001
2025-01-22 11:00:00+00:00,New York,26.683334,8.183333999999999
2025-01-22 12:00:00+00:00,New York,29.0,7.080002
2025-01-22 13:00:00+00:00,New York,27.658333,8.358332999999998
2025-01-22 14:00:00+00:00,New York,28.208336,10.608335999999998
2025-01-22 15:00:00+00:00,New York,28.766668,7.566669000000001
2025-01-22 16:00:00+00:00,New York,29.025002,5.825003000000002
2025-01-22 17:00:00+00:00,New York,29.008335,5.008334999999999
2025-01-22 18:00:00+00:00,New York,28.84167,4.441668
2025-01-22 19:00:00+00:00,New York,28.700005,4.700005000000001
2025-01-22 20:00:00+00:00,New York,28.708336,5.508337000000001
2025-01-22 21:00:00+00:00,New York,28.825,7.625001000000001
2025-01-22 22:00:00+00:00,New York,29.04167,8.21667
2025-01-22 23:00:00+00:00,New York,29.575003,5.775001999999997
2025-01-23 00:00:00+00:00,New York,35.64,7.400002000000001
2025-01-23 01:00:00+00:00,New York,35.4,8.759999999999998
2025-01-23 02:00:00+00:00,New York,35.079998,10.799999000000003
2025-01-23 03:00:00+00:00,New York,37.1,13.600000000000001
2025-01-23 04:00:00+00:00,New York,39.2,15.375001000000005
2025-01-23 05:00:00+00:00,New York,42.499992,18.391659999999998
2025-01-23 06:00:00+00:00,New York,46.833336,22.425003000000004
2025-01-23 07:00:00+00:00,New York,51.35,26.566667000000002
2025-01-23 08:00:00+00:00,New York,55.86666,30.64166
2025-01-23 09:00:00+00:00,New York,60.053333,34.344997000000006
2025-01-23 10:00:00+00:00,New York,60.88333,34.674994
2025-01-23 11:00:00+00:00,New York,61.69333,35.009996
2025-01-23 12:00:00+00:00,New York,62.533333,33.533333
2025-01-23 13:00:00+00:00,New York,63.413334,35.755001
2025-01-23 14:00:00+00:00,New York,64.42667,36.218334
2025-01-23 15:00:00+00:00,New York,65.23667,36.47000200000001
2025-01-23 16:00:00+00:00,New York,65.90667,36.881668000000005
2025-01-23 17:00:00+00:00,New York,66.43,37.421665000000004
2025-01-23 18:00:00+00:00,New York,66.85334,38.01167
2025-01-23 19:00:00+00:00,New York,67.170006,38.470000999999996
2025-01-23 20:00:00+00:00,New York,67.41334,38.705004
2025-01-23 21:00:00+00:00,New York,67.62666,38.80166
2025-01-23 22:00:00+00:00,New York,67.84334,38.80167
2025-01-23 23:00:00+00:00,New York,68.060005,38.48500200000001
2025-01-24 00:00:00+00:00,New York,68.090004,32.45000399999999
2025-01-24 01:00:00+00:00,New York,67.85333,32.45333
2025-01-24 02:00:00+00:00,New York,67.63333,32.553332
2025-01-24 03:00:00+00:00,New York,67.46667,30.366669999999992
2025-01-24 04:00:00+00:00,New York,67.38,28.179999999999993
2025-01-24 05:00:00+00:00,New York,67.35666,24.856668000000006
2025-01-24 06:00:00+00:00,New York,67.30666,20.47332399999999
2025-01-24 07:00:00+00:00,New York,67.19,15.839999999999996
2025-01-24 08:00:00+00:00,New York,67.0,11.133339999999997
2025-01-24 09:00:00+00:00,New York,66.723335,6.670002000000004
2025-01-24 10:00:00+00:00,New York,66.37,5.486670000000004
2025-01-24 11:00:00+00:00,New York,65.92333,4.230000000000004
2025-01-24 12:00:00+00:00,New York,65.333336,2.800003000000004
2025-01-24 13:00:00+00:00,New York,64.64667,1.2333360000000013
2025-01-24 14:00:00+00:00,New York,63.763332,-0.6633380000000031
2025-01-24 15:00:00+00:00,New York,63.05667,-2.180000000000007
2025-01-24 16:00:00+00:00,New York,62.483334,-3.423336000000006
2025-01-24 17:00:00+00:00,New York,61.94667,-4.483330000000009
2025-01-24 18:00:00+00:00,New York,61.493336,-5.3600040000000035
2025-01-24 19:00:00+00:00,New York,61.116673,-6.053333000000002
2025-01-24 20:00:00+00:00,New York,60.77,-6.643340000000002
2025-01-24 21:00:00+00:00,New York,60.403336,-7.223323999999998
2025-01-24 22:00:00+00:00,New York,59.950012,-7.893327999999997
2025-01-24 23:00:00+00:00,New York,57.750008,-10.309997000000003
2025-01-25 00:00:00+00:00,New York,55.51667,-12.573333999999996
2025-01-25 01:00:00+00:00,New York,53.933342,-13.919987999999996
2025-01-25 02:00:00+00:00,New York,52.066673,-15.566657
2025-01-25 03:00:00+00:00,New York,49.833336,-17.63333399999999
2025-01-25 04:00:00+00:00,New York,47.583344,-19.796656
2025-01-25 05:00:00+00:00,New York,45.66668,-21.689980000000006
2025-01-25 06:00:00+00:00,New York,44.483337,-22.823322999999995
2025-01-25 07:00:00+00:00,New York,44.116676,-23.073324
2025-01-25 08:00:00+00:00,New York,44.51667,-22.483330000000002
2025-01-25 09:00:00+00:00,New York,45.55001,-21.173325000000006
2025-01-25 10:00:00+00:00,New York,47.1,-19.270000000000003
2025-01-25 11:00:00+00:00,New York,48.899994,-17.023336000000008
2025-01-25 12:00:00+00:00,New York,50.649994,-14.683342000000003
2025-01-25 13:00:00+00:00,New York,51.533325,-13.113345000000002
2025-01-25 14:00:00+00:00,New York,52.783333,-10.979999
2025-01-25 15:00:00+00:00,New York,53.266663,-9.790006999999996
2025-01-25 16:00:00+00:00,New York,52.749992,-9.733342
2025-01-25 17:00:00+00:00,New York,52.11666,-9.830009999999994
2025-01-25 18:00:00+00:00,New York,51.666656,-9.826679999999996
2025-01-25 19:00:00+00:00,New York,51.433327,-9.683346
2025-01-25 20:00:00+00:00,New York,51.533333,-9.236667000000004
2025-01-25 21:00:00+00:00,New York,52.11667,-8.286666000000004
2025-01-25 22:00:00+00:00,New York,53.25,-6.700012000000001
2025-01-25 23:00:00+00:00,New York,54.433327,-3.3166810000000027
2025-01-26 00:00:00+00:00,New York,55.483337,-0.03333299999999895
2025-01-26 01:00:00+00:00,New York,57.700005,3.766662999999994
2025-01-26 02:00:00+00:00,New York,60.06333,7.996656999999999
2025-01-26 03:00:00+00:00,New York,60.643333,10.809996999999996
2025-01-26 04:00:00+00:00,New York,61.16333,13.579986000000005
2025-01-26 05:00:00+00:00,New York,61.52,15.853320000000004
2025-01-26 06:00:00+00:00,New York,61.64,17.156663
2025-01-26 07:00:00+00:00,New York,61.53667,17.419994000000003
2025-01-26 08:00:00+00:00,New York,61.263332,16.746662
2025-01-26 09:00:00+00:00,New York,60.87667,15.326659999999997
2025-01-26 10:00:00+00:00,New York,60.423336,13.323335999999998
2025-01-26 11:00:00+00:00,New York,59.83332,10.933326000000001
2025-01-26 12:00:00+00:00,New York,57.85,7.200006000000002
2025-01-26 13:00:00+00:00,New York,54.93332,3.399995000000004
2025-01-26 14:00:00+00:00,New York,51.61666,-1.1666729999999959
2025-01-26 15:00:00+00:00,New York,49.13333,-4.133333
2025-01-26 16:00:00+00:00,New York,48.76667,-3.983322000000001
2025-01-26 17:00:00+00:00,New York,49.55001,-2.5666500000000028
2025-01-26 18:00:00+00:00,New York,49.866676,-1.799980000000005
2025-01-26 19:00:00+00:00,New York,49.483337,-1.9499899999999997
2025-01-26 20:00:00+00:00,New York,48.63334,-2.899993000000002
2025-01-26 21:00:00+00:00,New York,47.30001,-4.816659999999999
2025-01-26 22:00:00+00:00,New York,45.51667,-7.733330000000002
2025-01-26 23:00:00+00:00,New York,43.116676,-11.316651
2025-01-27 00:00:00+00:00,New York,40.40001,-15.083326999999997
2025-01-27 01:00:00+00:00,New York,38.725002,-18.975002999999994
2025-01-27 02:00:00+00:00,New York,37.050003,-23.013327000000004
2025-01-27 03:00:00+00:00,New York,35.383335,-25.259997999999996
2025-01-27 04:00:00+00:00,New York,33.95,-27.21333
2025-01-27 05:00:00+00:00,New York,32.733334,-28.786666000000004
2025-01-27 06:00:00+00:00,New York,31.599998,-30.040002
2025-01-27 07:00:00+00:00,New York,30.483332,-31.053338
2025-01-27 08:00:00+00:00,New York,29.433334,-31.829998
2025-01-27 09:00:00+00:00,New York,28.5,-32.37667
2025-01-27 10:00:00+00:00,New York,27.700003,-32.723333
2025-01-27 11:00:00+00:00,New York,27.016668,-32.816652000000005
2025-01-27 12:00:00+00:00,New York,26.425001,-31.424999
2025-01-27 13:00:00+00:00,New York,26.191666,-28.741654
2025-01-27 14:00:00+00:00,New York,26.208334,-25.408326000000002
2025-01-27 15:00:00+00:00,New York,26.408333,-22.724997000000002
2025-01-27 16:00:00+00:00,New York,26.433336,-22.333333999999997
2025-01-27 17:00:00+00:00,New York,26.433338,-23.116672
2025-01-27 18:00:00+00:00,New York,27.2,-22.666676
2025-01-27 19:00:00+00:00,New York,27.6,-21.883336999999997
2025-01-27 20:00:00+00:00,New York,27.558336,-21.075003999999996
2025-01-27 21:00:00+00:00,New York,28.075005,-19.225005
2025-01-27 22:00:00+00:00,New York,28.558334,-16.958336
2025-01-27 23:00:00+00:00,New York,29.01667,-14.100005999999997
2025-01-28 00:00:00+00:00,New York,29.39167,-11.00834
2025-01-28 01:00:00+00:00,New York,29.9,-8.825002000000005
2025-01-28 02:00:00+00:00,New York,30.550001,-6.500001999999995
2025-01-28 03:00:00+00:00,New York,31.175001,-4.208334000000001
2025-01-28 04:00:00+00:00,New York,31.733332,-2.216668000000002
2025-01-28 05:00:00+00:00,New York,32.391666,-0.34166799999999853
2025-01-28 06:00:00+00:00,New York,33.108334,1.508336
2025-01-28 07:00:00+00:00,New York,33.825,3.341668000000002
2025-01-28 08:00:00+00:00,New York,34.441666,5.008331999999999
2025-01-28 09:00:00+00:00,New York,34.94167,6.441670000000002
2025-01-28 10:00:00+00:00,New York,35.31667,7.616667000000003
2025-01-28 11:00:00+00:00,New York,35.541668,8.525000000000002
2025-01-28 12:00:00+00:00,New York,35.625,9.199998999999998
2025-01-28 13:00:00+00:00,New York,35.74167,9.550003999999998
2025-01-28 14:00:00+00:00,New York,35.625,9.416666
2025-01-28 15:00:00+00:00,New York,35.19167,8.783337000000003
2025-01-28 16:00:00+00:00,New York,34.775,8.341663999999998
2025-01-28 17:00:00+00:00,New York,33.916668,7.483330000000002
2025-01-28 18:00:00+00:00,New York,34.0,6.800000000000001
2025-01-28 19:00:00+00:00,New York,35.2,7.600000000000001
2025-01-28 20:00:00+00:00,New York,34.8,7.2416639999999965
2025-01-28 21:00:00+00:00,New York,31.199999,3.1249939999999974
2025-01-28 22:00:00+00:00,New York,30.125004,1.566670000000002
2025-01-28 23:00:00+00:00,New York,29.658339,0.6416690000000003
2025-01-29 00:00:00+00:00,New York,36.04,6.648329999999998
2025-01-29 01:00:00+00:00,New York,36.879997,6.9799970000000044
2025-01-29 02:00:00+00:00,New York,37.8,7.249998999999995
2025-01-29 03:00:00+00:00,New York,36.8,5.624998999999995
2025-01-29 04:00:00+00:00,New York,34.666668,2.9333360000000006
2025-01-29 05:00:00+00:00,New York,34.425,2.0333339999999964
2025-01-29 06:00:00+00:00,New York,34.149998,1.0416639999999973
2025-01-29 07:00:00+00:00,New York,33.925,0.09999999999999432
2025-01-29 08:00:00+00:00,New York,33.850002,-0.5916639999999944
2025-01-29 09:00:00+00:00,New York,34.06667,-0.875
2025-01-29 10:00:00+00:00,New York,34.458332,-0.8583380000000034
2025-01-29 11:00:00+00:00,New York,34.86667,-0.6749980000000022
2025-01-29 12:00:00+00:00,New York,35.216667,-0.40833299999999895
2025-01-29 13:00:00+00:00,New York,35.758335,0.01666500000000326
2025-01-29 14:00:00+00:00,New York,36.11667,0.49166999999999916
2025-01-29 15:00:00+00:00,New York,36.31667,1.125
2025-01-29 16:00:00+00:00,New York,36.491665,1.716664999999999
2025-01-29 17:00:00+00:00,New York,36.941666,3.0249979999999965
2025-01-29 18:00:00+00:00,New York,37.449997,3.4499970000000033
2025-01-29 19:00:00+00:00,New York,38.016663,2.8166629999999984
2025-01-29 20:00:00+00:00,New York,38.524998,3.7249979999999994
2025-01-29 21:00:00+00:00,New York,38.883327,7.683328000000003
2025-01-29 22:00:00+00:00,New York,39.099995,8.974991
2025-01-29 23:00:00+00:00,New York,38.958324,9.299984999999996
2025-01-30 00:00:00+00:00,New York,37.949993,1.909993
2025-01-30 01:00:00+00:00,New York,35.26666,-1.6133370000000014
2025-01-30 02:00:00+00:00,New York,31.699991,-6.1000089999999965
2025-01-30 03:00:00+00:00,New York,28.999992,-7.800007999999998
2025-01-30 04:00:00+00:00,New York,29.2,-5.466668000000002
2025-01-30 05:00:00+00:00,New York,30.0,-4.424999999999997
2025-01-30 06:00:00+00:00,New York,30.8,-3.349997999999996
2025-01-30 07:00:00+00:00,New York,31.199999,-2.725000999999999
2025-01-30 08:00:00+00:00,New York,31.199999,-2.650003000000005
2025-01-30 09:00:00+00:00,New York,30.4,-3.6666700000000034
2025-01-30 10:00:00+00:00,New York,28.4,-6.058332
2025-01-30 11:00:00+00:00,New York,25.599998,-9.266672
2025-01-30 12:00:00+00:00,New York,23.600002,-11.616665000000001
2025-01-30 13:00:00+00:00,New York,24.8,-10.958335000000002
2025-01-30 14:00:00+00:00,New York,26.0,-10.11667
2025-01-30 15:00:00+00:00,New York,27.2,-9.116670000000003
2025-01-30 16:00:00+00:00,New York,28.0,-8.491664999999998
2025-01-30 17:00:00+00:00,New York,28.4,-8.541666
2025-01-30 18:00:00+00:00,New York,28.4,-9.049997000000005
2025-01-30 19:00:00+00:00,New York,28.4,-9.616663000000003
2025-01-30 20:00:00+00:00,New York,27.6,-10.924997999999995
2025-01-30 21:00:00+00:00,New York,24.400002,-14.483325
2025-01-30 22:00:00+00:00,New York,17.45,-21.649995
2025-01-30 23:00:00+00:00,New York,26.72,-12.238323999999999
2025-01-31 00:00:00+00:00,New York,33.04,-4.909993
2025-01-31 01:00:00+00:00,New York,33.4,-1.866660000000003
2025-01-31 02:00:00+00:00,New York,33.600002,1.9000110000000028
2025-01-31 03:00:00+00:00,New York,31.84,2.840008000000001
2025-01-31 04:00:00+00:00,New York,26.240002,-2.959997999999999
2025-01-31 05:00:00+00:00,New York,18.3,-11.7
2025-01-31 06:00:00+00:00,New York,20.8,-10.0
2025-01-31 07:00:00+00:00,New York,22.8,-8.399998999999998
2025-01-31 08:00:00+00:00,New York,23.199999,-8.0
2025-01-31 09:00:00+00:00,New York,21.6,-8.799999999999997
2025-01-31 10:00:00+00:00,New York,18.816668,-9.583331999999999
2025-01-31 11:00:00+00:00,New York,20.56,-5.039998000000001
2025-01-31 12:00:00+00:00,New York,27.519999,3.9199969999999986
2025-01-31 13:00:00+00:00,New York,28.52,3.719999999999999
2025-01-31 14:00:00+00:00,New York,29.84,3.84
2025-01-31 15:00:00+00:00,New York,30.48,3.280000000000001
2025-01-31 16:00:00+00:00,New York,29.64,1.6400000000000006
2025-01-31 17:00:00+00:00,New York,28.16,-0.23999999999999844
2025-01-31 18:00:00+00:00,New York,27.480001,-0.9199989999999971
2025-01-31 19:00:00+00:00,New York,28.566668,0.16666800000000137
2025-01-31 20:00:00+00:00,New York,30.24,2.639999999999997
2025-01-31 21:00:00+00:00,New York,31.64,7.239998
2025-01-31 22:00:00+00:00,New York,32.874996,15.424996000000004
2025-01-31 23:00:00+00:00,New York,34.58333,7.863329999999998
2025-02-01 00:00:00+00:00,New York,35.466663,2.426662999999998
2025-02-01 01:00:00+00:00,New York,35.741665,2.341664999999999
2025-02-01 02:00:00+00:00,New York,35.475,1.874997999999998
2025-02-01 03:00:00+00:00,New York,35.008335,3.1683350000000026
2025-02-01 04:00:00+00:00,New York,34.850002,8.610000000000003
2025-02-01 05:00:00+00:00,New York,35.041668,16.741668
2025-02-01 06:00:00+00:00,New York,35.391666,14.591666
2025-02-01 07:00:00+00:00,New York,35.74167,12.941669999999998
2025-02-01 08:00:00+00:00,New York,35.991665,12.791666
2025-02-01 09:00:00+00:00,New York,36.05,14.449999999999996
2025-02-01 10:00:00+00:00,New York,35.80833,16.991661999999998
2025-02-01 11:00:00+00:00,New York,35.425,14.864999999999998
2025-02-01 12:00:00+00:00,New York,34.949997,7.429998000000005
2025-02-01 13:00:00+00:00,New York,35.083332,6.563331999999999
2025-02-01 14:00:00+00:00,New York,35.066666,5.226665999999998
2025-02-01 15:00:00+00:00,New York,34.608334,4.128333999999999
2025-02-01 16:00:00+00:00,New York,33.91666,4.27666
2025-02-01 17:00:00+00:00,New York,32.833332,4.6733319999999985
2025-02-01 18:00:00+00:00,New York,31.874996,4.394994999999998
2025-02-01 19:00:00+00:00,New York,30.874992,2.308323999999999
2025-02-01 20:00:00+00:00,New York,31.199999,0.9599989999999998
2025-02-01 21:00:00+00:00,New York,30.8,-0.8399999999999999
2025-02-01 22:00:00+00:00,New York,29.2,-3.6749960000000037
2025-02-01 23:00:00+00:00,New York,26.800001,-7.783328999999995
2025-02-02 00:00:00+00:00,New York,24.400002,-11.066660999999996
2025-02-02 01:00:00+00:00,New York,24.400002,-11.341662999999997
2025-02-02 02:00:00+00:00,New York,24.0,-11.475000000000001
2025-02-02 03:00:00+00:00,New York,24.0,-11.008335000000002
2025-02-02 04:00:00+00:00,New York,24.400002,-10.450000000000003
2025-02-02 05:00:00+00:00,New York,25.2,-9.841668000000002
2025-02-02 06:00:00+00:00,New York,25.599998,-9.791668000000001
2025-02-02 07:00:00+00:00,New York,25.599998,-10.141672
2025-02-02 08:00:00+00:00,New York,25.599998,-10.391666999999998
2025-02-02 09:00:00+00:00,New York,24.8,-11.249999999999996
2025-02-02 10:00:00+00:00,New York,22.8,-13.008329999999997
2025-02-02 11:00:00+00:00,New York,20.0,-15.424999999999997
2025-02-02 12:00:00+00:00,New York,18.0,-16.949997000000003
2025-02-02 13:00:00+00:00,New York,18.4,-16.683332
2025-02-02 14:00:00+00:00,New York,19.199999,-15.866667
2025-02-02 15:00:00+00:00,New York,20.0,-14.608334
2025-02-02 16:00:00+00:00,New York,21.199999,-12.716661000000002
2025-02-02 17:00:00+00:00,New York,22.8,-10.033331999999998
2025-02-02 18:00:00+00:00,New York,24.0,-7.874995999999999
2025-02-02 19:00:00+00:00,New York,25.599998,-5.2749939999999995
2025-02-02 20:00:00+00:00,New York,26.800001,-4.3999979999999965
2025-02-02 21:00:00+00:00,New York,26.800001,-3.999998999999999
2025-02-02 22:00:00+00:00,New York,24.8,-4.399999999999999
2025-02-02 23:00:00+00:00,New York,21.199999,-5.6000020000000035
2025-02-03 00:00:00+00:00,New York,19.6,-4.800001999999999
2025-02-03 01:00:00+00:00,New York,20.880001,-3.5200010000000006
2025-02-03 02:00:00+00:00,New York,22.519999,-1.4800010000000015
2025-02-03 03:00:00+00:00,New York,23.600002,-0.3999980000000001
2025-02-03 04:00:00+00:00,New York,23.72,-0.6800020000000018
2025-02-03 05:00:00+00:00,New York,23.28,-1.9199999999999982
2025-02-03 06:00:00+00:00,New York,22.36,-3.239998
2025-02-03 07:00:00+00:00,New York,20.525,-5.074998000000001
2025-02-03 08:00:00+00:00,New York,21.458336,-4.141662
2025-02-03 09:00:00+00:00,New York,22.324999,-2.4750010000000024
2025-02-03 10:00:00+00:00,New York,23.141668,0.34166799999999853
2025-02-03 11:00:00+00:00,New York,26.08,6.079999999999998
2025-02-03 12:00:00+00:00,New York,30.599998,12.599998
2025-02-03 13:00:00+00:00,New York,29.08,10.68
2025-02-03 14:00:00+00:00,New York,29.791664,10.591665000000003
2025-02-03 15:00:00+00:00,New York,32.45,12.450000000000003
2025-02-03 16:00:00+00:00,New York,34.49167,13.291671000000001
2025-02-03 17:00:00+00:00,New York,36.341667,13.541667
2025-02-03 18:00:00+00:00,New York,38.225002,14.225002000000003
2025-02-03 19:00:00+00:00,New York,40.4,14.800002
2025-02-03 20:00:00+00:00,New York,44.63334,17.833338999999995
2025-02-03 21:00:00+00:00,New York,49.100006,22.300005
2025-02-03 22:00:00+00:00,New York,53.88334,29.083339999999996
2025-02-03 23:00:00+00:00,New York,58.083344,36.883345
2025-02-04 00:00:00+00:00,New York,60.236668,40.636668
2025-02-04 01:00:00+00:00,New York,60.9,40.019999
2025-02-04 02:00:00+00:00,New York,61.316666,38.796667
2025-02-04 03:00:00+00:00,New York,61.54,37.939998
2025-02-04 04:00:00+00:00,New York,61.636665,37.916665
2025-02-04 05:00:00+00:00,New York,61.623337,38.343337
2025-02-04 06:00:00+00:00,New York,61.493336,39.133336
2025-02-04 07:00:00+00:00,New York,61.286667,40.761667
2025-02-04 08:00:00+00:00,New York,61.079998,39.621662
2025-02-04 09:00:00+00:00,New York,60.913334,38.588335
2025-02-04 10:00:00+00:00,New York,60.78,37.638332000000005
2025-02-04 11:00:00+00:00,New York,60.63667,34.556670000000004
2025-02-04 12:00:00+00:00,New York,60.386665,29.786667
2025-02-04 13:00:00+00:00,New York,58.366676,29.286676
2025-02-04 14:00:00+00:00,New York,52.850006,23.058342
2025-02-04 15:00:00+00:00,New York,47.216667,14.766666999999998
2025-02-04 16:00:00+00:00,New York,42.516678,8.025008
2025-02-04 17:00:00+00:00,New York,39.025005,2.683337999999999
2025-02-04 18:00:00+00:00,New York,36.79167,-1.433332
2025-02-04 19:00:00+00:00,New York,34.491673,-5.908327
2025-02-04 20:00:00+00:00,New York,32.100006,-12.533333999999996
2025-02-04 21:00:00+00:00,New York,30.0,-19.100006
2025-02-04 22:00:00+00:00,New York,27.6,-26.283339999999995
2025-02-04 23:00:00+00:00,New York,24.8,-33.283344
2025-02-05 00:00:00+00:00,New York,22.033333,-38.203335
2025-02-05 01:00:00+00:00,New York,20.4,-40.5
2025-02-05 02:00:00+00:00,New York,20.8,-40.516666
2025-02-05 03:00:00+00:00,New York,21.6,-39.94
2025-02-05 04:00:00+00:00,New York,23.199999,-38.436666
2025-02-05 05:00:00+00:00,New York,25.2,-36.423337000000004
2025-02-05 06:00:00+00:00,New York,26.800001,-34.693335
2025-02-05 07:00:00+00:00,New York,27.6,-33.686667
2025-02-05 08:00:00+00:00,New York,28.4,-32.679998000000005
2025-02-05 09:00:00+00:00,New York,28.4,-32.513334
2025-02-05 10:00:00+00:00,New York,27.2,-33.58
2025-02-05 11:00:00+00:00,New York,26.0,-34.63667
2025-02-05 12:00:00+00:00,New York,23.199999,-37.186666
2025-02-05 13:00:00+00:00,New York,24.0,-34.366676
2025-02-05 14:00:00+00:00,New York,25.2,-27.650006
2025-02-05 15:00:00+00:00,New York,26.0,-21.216667
2025-02-05 16:00:00+00:00,New York,26.800001,-15.716676999999997
2025-02-05 17:00:00+00:00,New York,27.6,-11.425004999999999
2025-02-05 18:00:00+00:00,New York,28.0,-8.791670000000003
2025-02-05 19:00:00+00:00,New York,28.4,-6.091673
2025-02-05 20:00:00+00:00,New York,28.4,-3.700006000000002
2025-02-05 21:00:00+00:00,New York,26.0,-4.0
2025-02-05 22:00:00+00:00,New York,18.0,-9.600000000000001
2025-02-05 23:00:00+00:00,New York,26.72,1.9199999999999982
2025-02-06 00:00:00+00:00,New York,33.800003,11.766669999999998
2025-02-06 01:00:00+00:00,New York,33.96,13.560000000000002
2025-02-06 02:00:00+00:00,New York,34.120003,13.320002999999996
2025-02-06 03:00:00+00:00,New York,33.72,12.119999999999997
2025-02-06 04:00:00+00:00,New York,32.72,9.520001
2025-02-06 05:00:00+00:00,New York,31.160002,5.960001999999999
2025-02-06 06:00:00+00:00,New York,28.439999,1.6399979999999985
2025-02-06 07:00:00+00:00,New York,23.239998,-4.3600020000000015
2025-02-06 08:00:00+00:00,New York,19.516665,-8.883334999999999
2025-02-06 09:00:00+00:00,New York,20.483332,-7.916667999999998
2025-02-06 10:00:00+00:00,New York,21.30833,-5.891669999999998
2025-02-06 11:00:00+00:00,New York,22.066666,-3.9333339999999986
2025-02-06 12:00:00+00:00,New York,22.724998,-0.4750009999999989
2025-02-06 13:00:00+00:00,New York,23.291666,-0.7083340000000007
2025-02-06 14:00:00+00:00,New York,25.2,0.0
2025-02-06 15:00:00+00:00,New York,25.2,-0.8000000000000007
2025-02-06 16:00:00+00:00,New York,24.499998,-2.3000030000000002
2025-02-06 17:00:00+00:00,New York,24.925,-2.6750000000000007
2025-02-06 18:00:00+00:00,New York,25.616663,-2.383337000000001
2025-02-06 19:00:00+00:00,New York,26.558332,-1.8416679999999985
2025-02-06 20:00:00+00:00,New York,27.566666,-0.8333339999999971
2025-02-06 21:00:00+00:00,New York,28.675,2.6750000000000007
2025-02-06 22:00:00+00:00,New York,29.90833,11.90833
2025-02-06 23:00:00+00:00,New York,30.924997,4.204997000000002
2025-02-07 00:00:00+00:00,New York,30.949997,-2.850005999999997
2025-02-07 01:00:00+00:00,New York,30.08333,-3.8766700000000007
2025-02-07 02:00:00+00:00,New York,29.233332,-4.886670999999996
2025-02-07 03:00:00+00:00,New York,28.591667,-5.128332999999998
2025-02-07 04:00:00+00:00,New York,28.208334,-4.511665999999998
2025-02-07 05:00:00+00:00,New York,27.991667,-3.168334999999999
2025-02-07 06:00:00+00:00,New York,27.999996,-0.4400030000000008
2025-02-07 07:00:00+00:00,New York,28.166666,4.926667999999999
2025-02-07 08:00:00+00:00,New York,28.458332,8.941666999999999
2025-02-07 09:00:00+00:00,New York,28.733332,8.25
2025-02-07 10:00:00+00:00,New York,28.799995,7.491664999999998
2025-02-07 11:00:00+00:00,New York,28.508335,6.441668999999997
2025-02-07 12:00:00+00:00,New York,28.074999,5.350000999999999
2025-02-07 13:00:00+00:00,New York,27.791668,4.500002000000002
2025-02-07 14:00:00+00:00,New York,27.466667,2.2666670000000018
2025-02-07 15:00:00+00:00,New York,27.324999,2.124998999999999
2025-02-07 16:00:00+00:00,New York,29.2,4.700001999999998
2025-02-07 17:00:00+00:00,New York,31.199999,6.2749989999999976
2025-02-07 18:00:00+00:00,New York,32.4,6.7833369999999995
2025-02-07 19:00:00+00:00,New York,32.4,5.8416679999999985
2025-02-07 20:00:00+00:00,New York,31.599998,4.033331999999998
2025-02-07 21:00:00+00:00,New York,30.0,1.3249999999999993
2025-02-07 22:00:00+00:00,New York,26.800001,-3.1083289999999977
2025-02-07 23:00:00+00:00,New York,22.4,-8.524997000000003
2025-02-08 00:00:00+00:00,New York,18.233332,-12.716664999999999
2025-02-08 01:00:00+00:00,New York,18.5,-11.58333
2025-02-08 02:00:00+00:00,New York,19.1,-10.133332
2025-02-08 03:00:00+00:00,New York,18.7,-9.891667000000002
2025-02-08 04:00:00+00:00,New York,17.775,-10.433334000000002
2025-02-08 05:00:00+00:00,New York,19.199999,-8.791668000000001
2025-02-08 06:00:00+00:00,New York,21.199999,-6.799997000000001
2025-02-08 07:00:00+00:00,New York,22.4,-5.766666000000001
2025-02-08 08:00:00+00:00,New York,23.199999,-5.258333
2025-02-08 09:00:00+00:00,New York,22.8,-5.933332
2025-02-08 10:00:00+00:00,New York,20.8,-7.999994999999998
2025-02-08 11:00:00+00:00,New York,18.0,-10.508334999999999
2025-02-08 12:00:00+00:00,New York,16.05,-12.024998999999998
2025-02-08 13:00:00+00:00,New York,16.4,-11.391668000000003
2025-02-08 14:00:00+00:00,New York,18.4,-9.066667000000002
2025-02-08 15:00:00+00:00,New York,19.6,-7.724998999999997
2025-02-08 16:00:00+00:00,New York,20.4,-8.8
2025-02-08 17:00:00+00:00,New York,20.8,-10.399998999999998
2025-02-08 18:00:00+00:00,New York,20.0,-12.399999999999999
2025-02-08 19:00:00+00:00,New York,18.3,-14.099999999999998
2025-02-08 20:00:00+00:00,New York,21.760002,-9.839996
2025-02-08 21:00:00+00:00,New York,24.8,-5.199999999999999
2025-02-08 22:00:00+00:00,New York,27.84,1.0399989999999981
2025-02-08 23:00:00+00:00,New York,30.84,8.440000000000001
2025-02-09 00:00:00+00:00,New York,27.24,9.006667999999998
2025-02-09 01:00:00+00:00,New York,28.12,9.620000000000001
2025-02-09 02:00:00+00:00,New York,29.279999,10.179998999999999
2025-02-09 03:00:00+00:00,New York,29.519999,10.819999
2025-02-09 04:00:00+00:00,New York,28.32,10.545000000000002
2025-02-09 05:00:00+00:00,New York,26.240002,7.040003000000002
2025-02-09 06:00:00+00:00,New York,23.759998,2.5599990000000012
2025-02-09 07:00:00+00:00,New York,23.333336,0.9333360000000006
2025-02-09 08:00:00+00:00,New York,23.308332,0.10833300000000179
2025-02-09 09:00:00+00:00,New York,23.158333,0.35833299999999824
2025-02-09 10:00:00+00:00,New York,23.091667,2.2916670000000003
2025-02-09 11:00:00+00:00,New York,25.039999,7.039999000000002
2025-02-09 12:00:00+00:00,New York,25.32,9.27
2025-02-09 13:00:00+00:00,New York,23.466667,7.0666670000000025
2025-02-09 14:00:00+00:00,New York,23.441668,5.041668000000001
2025-02-09 15:00:00+00:00,New York,23.5,3.8999999999999986
2025-02-09 16:00:00+00:00,New York,23.441668,3.0416680000000014
2025-02-09 17:00:00+00:00,New York,24.8,4.0
2025-02-09 18:00:00+00:00,New York,26.0,6.0
2025-02-09 19:00:00+00:00,New York,27.2,8.899999999999999
2025-02-09 20:00:00+00:00,New York,28.0,6.239998
2025-02-09 21:00:00+00:00,New York,26.0,1.1999999999999993
2025-02-09 22:00:00+00:00,New York,22.358337,-5.481663000000001
2025-02-09 23:00:00+00:00,New York,26.84,-4.0
2025-02-10 00:00:00+00:00,New York,35.120003,7.8800029999999985
2025-02-10 01:00:00+00:00,New York,35.44,7.319999999999997
2025-02-10 02:00:00+00:00,New York,35.68,6.400001
2025-02-10 03:00:00+00:00,New York,34.68,5.160001000000001
2025-02-10 04:00:00+00:00,New York,31.560001,3.2400009999999995
2025-02-10 05:00:00+00:00,New York,27.16,0.9199979999999996
2025-02-10 06:00:00+00:00,New York,24.133337,0.3733390000000014
2025-02-10 07:00:00+00:00,New York,24.125002,0.7916659999999993
2025-02-10 08:00:00+00:00,New York,24.158335,0.850003000000001
2025-02-10 09:00:00+00:00,New York,24.208336,1.0500030000000002
2025-02-10 10:00:00+00:00,New York,24.108335,1.0166679999999992
2025-02-10 11:00:00+00:00,New York,23.825,-1.2149990000000024
2025-02-10 12:00:00+00:00,New York,23.408333,-1.9116670000000013
2025-02-10 13:00:00+00:00,New York,22.983332,-0.4833350000000003
2025-02-10 14:00:00+00:00,New York,25.599998,2.1583299999999994
2025-02-10 15:00:00+00:00,New York,30.4,6.899999999999999
2025-02-10 16:00:00+00:00,New York,33.2,9.758332000000003
2025-02-10 17:00:00+00:00,New York,35.2,10.400000000000002
2025-02-10 18:00:00+00:00,New York,36.0,10.0
2025-02-10 19:00:00+00:00,New York,36.399998,9.199997999999997
2025-02-10 20:00:00+00:00,New York,36.0,8.0
2025-02-10 21:00:00+00:00,New York,32.8,6.799999999999997
2025-02-10 22:00:00+00:00,New York,23.600002,1.2416650000000011
2025-02-10 23:00:00+00:00,New York,29.6,2.7600000000000016
2025-02-11 00:00:00+00:00,New York,40.6,5.4799970000000044
2025-02-11 01:00:00+00:00,New York,40.266666,4.826666000000003
2025-02-11 02:00:00+00:00,New York,39.760002,4.080002
2025-02-11 03:00:00+00:00,New York,38.88,4.200000000000003
2025-02-11 04:00:00+00:00,New York,37.2,5.639999000000003
2025-02-11 05:00:00+00:00,New York,35.0,7.84
2025-02-11 06:00:00+00:00,New York,32.8,8.666662999999996
2025-02-11 07:00:00+00:00,New York,30.2,6.074998000000001
2025-02-11 08:00:00+00:00,New York,28.058334,3.8999989999999976
2025-02-11 09:00:00+00:00,New York,29.633333,5.424997000000001
2025-02-11 10:00:00+00:00,New York,31.300001,7.1916660000000014
2025-02-11 11:00:00+00:00,New York,33.091663,9.266662999999998
2025-02-11 12:00:00+00:00,New York,35.124996,11.716663000000004
2025-02-11 13:00:00+00:00,New York,38.93333,15.949997999999997
2025-02-11 14:00:00+00:00,New York,47.066673,21.466675000000002
2025-02-11 15:00:00+00:00,New York,55.11666,24.716660000000005
2025-02-11 16:00:00+00:00,New York,59.58332,26.383319999999998
2025-02-11 17:00:00+00:00,New York,60.416664,25.216663999999994
2025-02-11 18:00:00+00:00,New York,60.926666,24.926665999999997
2025-02-11 19:00:00+00:00,New York,61.493332,25.093334000000006
2025-02-11 20:00:00+00:00,New York,62.10333,26.10333
2025-02-11 21:00:00+00:00,New York,62.743332,29.943332000000005
2025-02-11 22:00:00+00:00,New York,63.409996,39.809994
2025-02-11 23:00:00+00:00,New York,64.153336,34.553335999999994
2025-02-12 00:00:00+00:00,New York,64.94666,24.346659999999993
2025-02-12 01:00:00+00:00,New York,65.13,24.863333999999995
2025-02-12 02:00:00+00:00,New York,65.42667,25.666668
2025-02-12 03:00:00+00:00,New York,65.81333,26.93332999999999
2025-02-12 04:00:00+00:00,New York,66.28333,29.083330000000004
2025-02-12 05:00:00+00:00,New York,66.75,31.75
2025-02-12 06:00:00+00:00,New York,67.15,34.35000000000001
2025-02-12 07:00:00+00:00,New York,67.46667,37.26666999999999
2025-02-12 08:00:00+00:00,New York,67.700005,39.641671
2025-02-12 09:00:00+00:00,New York,67.86,38.226667
2025-02-12 10:00:00+00:00,New York,67.97,36.669999
2025-02-12 11:00:00+00:00,New York,68.026665,34.935002
2025-02-12 12:00:00+00:00,New York,67.956665,32.831669
2025-02-12 13:00:00+00:00,New York,67.18667,28.25334000000001
2025-02-12 14:00:00+00:00,New York,66.02333,18.956657
2025-02-12 15:00:00+00:00,New York,64.96333,9.846669999999996
2025-02-12 16:00:00+00:00,New York,64.71333,5.130009999999999
2025-02-12 17:00:00+00:00,New York,64.846664,4.430000000000007
2025-02-12 18:00:00+00:00,New York,64.909996,3.9833300000000094
2025-02-12 19:00:00+00:00,New York,64.85,3.356667999999992
2025-02-12 20:00:00+00:00,New York,64.71,2.606669999999994
2025-02-12 21:00:00+00:00,New York,64.55,1.8066679999999948
2025-02-12 22:00:00+00:00,New York,64.37333,0.9633339999999961
2025-02-12 23:00:00+00:00,New York,64.00667,-0.1466659999999962
2025-02-13 00:00:00+00:00,New York,63.33333,-1.6133299999999977
2025-02-13 01:00:00+00:00,New York,62.379997,-2.7500029999999924
2025-02-13 02:00:00+00:00,New York,61.413338,-4.013331999999998
2025-02-13 03:00:00+00:00,New York,60.45,-5.363329999999991
2025-02-13 04:00:00+00:00,New York,57.066673,-9.216657000000005
2025-02-13 05:00:00+00:00,New York,51.649994,-15.100006
2025-02-13 06:00:00+00:00,New York,46.36667,-20.783330000000007
2025-02-13 07:00:00+00:00,New York,41.399994,-26.066675999999994
2025-02-13 08:00:00+00:00,New York,38.45,-29.250005
2025-02-13 09:00:00+00:00,New York,36.475,-31.384999999999998
2025-02-13 10:00:00+00:00,New York,34.68333,-33.28667
2025-02-13 11:00:00+00:00,New York,32.933334,-35.09333099999999
2025-02-13 12:00:00+00:00,New York,31.208334,-36.748331
2025-02-13 13:00:00+00:00,New York,29.658333,-37.52833700000001
2025-02-13 14:00:00+00:00,New York,28.166666,-37.856664
2025-02-13 15:00:00+00:00,New York,31.599998,-33.363332
2025-02-13 16:00:00+00:00,New York,30.0,-34.71333
2025-02-13 17:00:00+00:00,New York,26.633335,-38.213329
2025-02-13 18:00:00+00:00,New York,25.916668,-38.993328000000005
2025-02-13 19:00:00+00:00,New York,25.125,-39.724999999999994
2025-02-13 20:00:00+00:00,New York,24.400002,-40.30999799999999
2025-02-13 21:00:00+00:00,New York,23.691666,-40.858334
2025-02-13 22:00:00+00:00,New York,22.941666,-41.431664
2025-02-13 23:00:00+00:00,New York,22.050001,-41.956669
2025-02-14 00:00:00+00:00,New York,21.233334,-42.099996
2025-02-14 01:00:00+00:00,New York,20.583334,-41.796663
2025-02-14 02:00:00+00:00,New York,20.4,-41.013338000000005
2025-02-14 03:00:00+00:00,New York,22.0,-38.45
2025-02-14 04:00:00+00:00,New York,24.8,-32.266673
2025-02-14 05:00:00+00:00,New York,28.4,-23.249994
2025-02-14 06:00:00+00:00,New York,31.199999,-15.166671000000001
2025-02-14 07:00:00+00:00,New York,32.4,-8.999994000000001
2025-02-14 08:00:00+00:00,New York,32.4,-6.050000000000004
2025-02-14 09:00:00+00:00,New York,32.0,-4.475000000000001
2025-02-14 10:00:00+00:00,New York,30.4,-4.283329999999999
2025-02-14 11:00:00+00:00,New York,28.0,-4.933334000000002
2025-02-14 12:00:00+00:00,New York,26.0,-5.208334000000001
2025-02-14 13:00:00+00:00,New York,26.800001,-2.858331999999997
2025-02-14 14:00:00+00:00,New York,28.0,-0.16666599999999931
2025-02-14 15:00:00+00:00,New York,29.2,-2.399998
2025-02-14 16:00:00+00:00,New York,30.4,0.3999999999999986
2025-02-14 17:00:00+00:00,New York,31.599998,4.9666630000000005
2025-02-14 18:00:00+00:00,New York,32.8,6.883331999999996
2025-02-14 19:00:00+00:00,New York,34.0,8.875
2025-02-14 20:00:00+00:00,New York,34.8,10.399997999999997
2025-02-14 21:00:00+00:00,New York,34.0,10.308333999999999
2025-02-14 22:00:00+00:00,New York,30.8,7.858333999999999
2025-02-14 23:00:00+00:00,New York,25.599998,3.5499969999999976
2025-02-15 00:00:00+00:00,New York,21.6,0.36666600000000216
2025-02-15 01:00:00+00:00,New York,23.439999,2.8566649999999996
2025-02-15 02:00:00+00:00,New York,30.0,9.600000000000001
2025-02-15 03:00:00+00:00,New York,34.16,12.159999999999997
2025-02-15 04:00:00+00:00,New York,33.64,8.84
2025-02-15 05:00:00+00:00,New York,30.679998,2.2799980000000026
2025-02-15 06:00:00+00:00,New York,27.68,-3.5199989999999985
2025-02-15 07:00:00+00:00,New York,24.920002,-7.479997999999998
2025-02-15 08:00:00+00:00,New York,22.119999,-10.280000999999999
2025-02-15 09:00:00+00:00,New York,21.675,-10.325
2025-02-15 10:00:00+00:00,New York,23.839998,-6.560001999999997
2025-02-15 11:00:00+00:00,New York,28.32,0.3200000000000003
2025-02-15 12:00:00+00:00,New York,32.52,6.520000000000003
2025-02-15 13:00:00+00:00,New York,29.108332,2.308330999999999
2025-02-15 14:00:00+00:00,New York,30.95833,2.95833
2025-02-15 15:00:00+00:00,New York,32.349995,3.1499950000000005
2025-02-15 16:00:00+00:00,New York,33.483326,3.0833259999999996
2025-02-15 17:00:00+00:00,New York,34.44166,2.8416619999999995
2025-02-15 18:00:00+00:00,New York,35.216663,2.416663
2025-02-15 19:00:00+00:00,New York,35.93333,1.933329999999998
2025-02-15 20:00:00+00:00,New York,36.69166,1.8916600000000017
2025-02-15 21:00:00+00:00,New York,37.574993,3.574992999999999
2025-02-15 22:00:00+00:00,New York,38.591663,7.791662999999996
2025-02-15 23:00:00+00:00,New York,39.549995,13.949997000000003
2025-02-16 00:00:00+00:00,New York,40.249992,18.649991999999997
2025-02-16 01:00:00+00:00,New York,40.58333,17.143330999999996
2025-02-16 02:00:00+00:00,New York,40.533325,10.533324999999998
2025-02-16 03:00:00+00:00,New York,40.19999,6.039990000000003
2025-02-16 04:00:00+00:00,New York,39.358334,5.718333999999999
2025-02-16 05:00:00+00:00,New York,38.15,7.470001999999997
2025-02-16 06:00:00+00:00,New York,36.808334,9.128334000000002
2025-02-16 07:00:00+00:00,New York,35.53333,10.613328
2025-02-16 08:00:00+00:00,New York,34.391666,12.271667
2025-02-16 09:00:00+00:00,New York,33.325,11.650000000000002
2025-02-16 10:00:00+00:00,New York,32.216663,8.376664999999996
2025-02-16 11:00:00+00:00,New York,31.008335,2.6883349999999986
2025-02-16 12:00:00+00:00,New York,29.391668,-3.128332000000004
2025-02-16 13:00:00+00:00,New York,27.683332,-1.4250000000000007
2025-02-16 14:00:00+00:00,New York,26.008331,-4.949999000000002
2025-02-16 15:00:00+00:00,New York,28.839998,-3.5099969999999985
2025-02-16 16:00:00+00:00,New York,31.279999,-2.203326999999998
2025-02-16 17:00:00+00:00,New York,33.2,-1.241659999999996
2025-02-16 18:00:00+00:00,New York,33.16,-2.0566630000000004
2025-02-16 19:00:00+00:00,New York,29.960001,-5.973329
2025-02-16 20:00:00+00:00,New York,24.88,-11.81166
2025-02-16 21:00:00+00:00,New York,22.875002,-14.699991
2025-02-16 22:00:00+00:00,New York,21.849998,-16.741664999999998
2025-02-16 23:00:00+00:00,New York,20.641666,-18.908329000000002
2025-02-17 00:00:00+00:00,New York,19.566664,-20.683328
2025-02-17 01:00:00+00:00,New York,18.558332,-22.024997999999997
2025-02-17 02:00:00+00:00,New York,18.4,-22.133325
2025-02-17 03:00:00+00:00,New York,20.8,-19.39999
2025-02-17 04:00:00+00:00,New York,23.199999,-16.158335
2025-02-17 05:00:00+00:00,New York,25.599998,-12.550002
2025-02-17 06:00:00+00:00,New York,27.6,-9.208334
2025-02-17 07:00:00+00:00,New York,29.2,-6.33333
2025-02-17 08:00:00+00:00,New York,30.4,-3.991666000000002
2025-02-17 09:00:00+00:00,New York,31.199999,-2.1250010000000046
2025-02-17 10:00:00+00:00,New York,30.8,-1.4166629999999962
2025-02-17 11:00:00+00:00,New York,29.6,-1.4083349999999975
2025-02-17 12:00:00+00:00,New York,30.8,1.4083320000000015
2025-02-17 13:00:00+00:00,New York,31.199999,3.516666999999998
2025-02-17 14:00:00+00:00,New York,32.0,5.991669000000002
2025-02-17 15:00:00+00:00,New York,32.4,3.5600019999999972
2025-02-17 16:00:00+00:00,New York,32.8,1.520000999999997
2025-02-17 17:00:00+00:00,New York,33.600002,0.40000200000000063
2025-02-17 18:00:00+00:00,New York,33.600002,0.4400020000000069
2025-02-17 19:00:00+00:00,New York,33.2,3.2399990000000045
2025-02-17 20:00:00+00:00,New York,32.8,7.919999999999998
2025-02-17 21:00:00+00:00,New York,31.599998,8.724996
2025-02-17 22:00:00+00:00,New York,30.0,8.150002
2025-02-17 23:00:00+00:00,New York,28.0,7.358333999999999
2025-02-18 00:00:00+00:00,New York,28.4,8.833336
2025-02-18 01:00:00+00:00,New York,28.4,9.841667999999999
2025-02-18 02:00:00+00:00,New York,28.4,10.0
2025-02-18 03:00:00+00:00,New York,28.4,7.599999999999998
2025-02-18 04:00:00+00:00,New York,28.800001,5.6000020000000035
2025-02-18 05:00:00+00:00,New York,29.6,4.000002000000002
2025-02-18 06:00:00+00:00,New York,30.0,2.3999999999999986
2025-02-18 07:00:00+00:00,New York,30.4,1.1999999999999993
2025-02-18 08:00:00+00:00,New York,30.4,0.0
2025-02-18 09:00:00+00:00,New York,30.4,-0.7999989999999997
2025-02-18 10:00:00+00:00,New York,29.6,-1.1999999999999993
2025-02-18 11:00:00+00:00,New York,28.800001,-0.7999989999999997
2025-02-18 12:00:00+00:00,New York,29.2,-1.6000000000000014
2025-02-18 13:00:00+00:00,New York,29.6,-1.5999989999999968
2025-02-18 14:00:00+00:00,New York,30.0,-2.0
2025-02-18 15:00:00+00:00,New York,30.4,-2.0
2025-02-18 16:00:00+00:00,New York,31.199999,-1.600000999999999
2025-02-18 17:00:00+00:00,New York,32.4,-1.200002000000005
2025-02-18 18:00:00+00:00,New York,33.2,-0.40000200000000063
2025-02-18 19:00:00+00:00,New York,34.0,0.7999999999999972
2025-02-18 20:00:00+00:00,New York,34.4,1.6000000000000014
2025-02-18 21:00:00+00:00,New York,34.4,2.800001999999999
2025-02-18 22:00:00+00:00,New York,32.8,2.799999999999997
2025-02-18 23:00:00+00:00,New York,30.4,2.3999999999999986
2025-02-19 00:00:00+00:00,New York,29.2,0.8000000000000007
2025-02-19 01:00:00+00:00,New York,29.2,0.8000000000000007
2025-02-19 02:00:00+00:00,New York,29.2,0.8000000000000007
2025-02-19 03:00:00+00:00,New York,29.2,0.8000000000000007
2025-02-19 04:00:00+00:00,New York,29.6,0.7999989999999997
2025-02-19 05:00:00+00:00,New York,30.0,0.3999999999999986
2025-02-19 06:00:00+00:00,New York,30.4,0.3999999999999986
2025-02-19 07:00:00+00:00,New York,30.4,0.0
2025-02-19 08:00:00+00:00,New York,30.4,0.0
2025-02-19 09:00:00+00:00,New York,29.6,-0.7999999999999972
2025-02-19 10:00:00+00:00,New York,28.0,-1.6000000000000014
2025-02-19 11:00:00+00:00,New York,25.599998,-3.2000030000000024
2025-02-19 12:00:00+00:00,New York,24.8,-4.399999999999999
2025-02-19 13:00:00+00:00,New York,26.0,-3.6000000000000014
2025-02-19 14:00:00+00:00,New York,27.2,-2.8000000000000007
2025-02-19 15:00:00+00:00,New York,28.4,-2.0
2025-02-19 16:00:00+00:00,New York,29.2,-1.999998999999999
2025-02-19 17:00:00+00:00,New York,29.6,-2.799999999999997
2025-02-19 18:00:00+00:00,New York,29.6,-3.6000000000000014
2025-02-19 19:00:00+00:00,New York,30.0,-4.0
2025-02-19 20:00:00+00:00,New York,30.0,-4.399999999999999
2025-02-19 21:00:00+00:00,New York,28.4,-6.0
2025-02-19 22:00:00+00:00,New York,24.0,-8.799999999999997
2025-02-19 23:00:00+00:00,New York,18.0,-12.399999999999999
2025-02-20 00:00:00+00:00,New York,23.239998,-5.960001999999999
2025-02-20 01:00:00+00:00,New York,21.44,-7.759999999999998
2025-02-20 02:00:00+00:00,New York,18.55,-10.649999999999999
2025-02-20 03:00:00+00:00,New York,17.6,-11.599999999999998
2025-02-20 04:00:00+00:00,New York,19.6,-10.0
2025-02-20 05:00:00+00:00,New York,21.6,-8.399999999999999
2025-02-20 06:00:00+00:00,New York,23.199999,-7.200001
2025-02-20 07:00:00+00:00,New York,23.600002,-6.799997999999999
2025-02-20 08:00:00+00:00,New York,23.600002,-6.799997999999999
2025-02-20 09:00:00+00:00,New York,23.199999,-6.400001000000003
2025-02-20 10:00:00+00:00,New York,21.6,-6.399999999999999
2025-02-20 11:00:00+00:00,New York,19.6,-5.999997999999998
2025-02-20 12:00:00+00:00,New York,19.199999,-5.6000010000000024
2025-02-20 13:00:00+00:00,New York,20.4,-5.600000000000001
2025-02-20 14:00:00+00:00,New York,22.4,-4.800000000000001
2025-02-20 15:00:00+00:00,New York,24.0,-4.399999999999999
2025-02-20 16:00:00+00:00,New York,25.2,-4.0
2025-02-20 17:00:00+00:00,New York,26.399998,-3.2000020000000013
2025-02-20 18:00:00+00:00,New York,27.2,-2.400000000000002
2025-02-20 19:00:00+00:00,New York,27.6,-2.3999999999999986
2025-02-20 20:00:00+00:00,New York,27.6,-2.3999999999999986
2025-02-20 21:00:00+00:00,New York,27.2,-1.1999999999999993
2025-02-20 22:00:00+00:00,New York,26.800001,2.8000010000000017
2025-02-20 23:00:00+00:00,New York,26.399998,8.399998
2025-02-21 00:00:00+00:00,New York,23.600002,0.360004
2025-02-21 01:00:00+00:00,New York,24.0,2.5599999999999987
2025-02-21 02:00:00+00:00,New York,24.400002,5.850002
2025-02-21 03:00:00+00:00,New York,24.8,7.199999999999999
2025-02-21 04:00:00+00:00,New York,25.599998,5.999997999999998
2025-02-21 05:00:00+00:00,New York,26.399998,4.799997999999999
2025-02-21 06:00:00+00:00,New York,27.2,4.000001000000001
2025-02-21 07:00:00+00:00,New York,27.6,3.9999980000000015
2025-02-21 08:00:00+00:00,New York,27.6,3.9999980000000015
2025-02-21 09:00:00+00:00,New York,27.6,4.400001000000003
2025-02-21 10:00:00+00:00,New York,26.800001,5.200001
2025-02-21 11:00:00+00:00,New York,26.0,6.399999999999999
2025-02-21 12:00:00+00:00,New York,26.800001,7.6000020000000035
2025-02-21 13:00:00+00:00,New York,27.6,7.200000000000003
2025-02-21 14:00:00+00:00,New York,29.2,6.800000000000001
2025-02-21 15:00:00+00:00,New York,30.4,6.399999999999999
2025-02-21 16:00:00+00:00,New York,31.599998,6.399998
2025-02-21 17:00:00+00:00,New York,32.4,6.0000019999999985
2025-02-21 18:00:00+00:00,New York,33.2,6.0000000000000036
2025-02-21 19:00:00+00:00,New York,33.600002,6.000002000000002
2025-02-21 20:00:00+00:00,New York,33.600002,6.000002000000002
2025-02-21 21:00:00+00:00,New York,32.8,5.599999999999998
2025-02-21 22:00:00+00:00,New York,31.199999,4.3999979999999965
2025-02-21 23:00:00+00:00,New York,28.800001,2.4000030000000017
2025-02-22 00:00:00+00:00,New York,28.0,4.399998
2025-02-22 01:00:00+00:00,New York,28.0,4.0
2025-02-22 02:00:00+00:00,New York,28.4,3.999997999999998
2025-02-22 03:00:00+00:00,New York,28.800001,4.000001000000001
2025-02-22 04:00:00+00:00,New York,29.2,3.600002
2025-02-22 05:00:00+00:00,New York,29.6,3.2000020000000013
2025-02-22 06:00:00+00:00,New York,30.0,2.8000000000000007
2025-02-22 07:00:00+00:00,New York,30.0,2.3999999999999986
2025-02-22 08:00:00+00:00,New York,29.6,2.0
2025-02-22 09:00:00+00:00,New York,28.4,0.7999999999999972
2025-02-22 10:00:00+00:00,New York,25.599998,-1.2000030000000024
2025-02-22 11:00:00+00:00,New York,22.0,-4.0
2025-02-22 12:00:00+00:00,New York,21.6,-5.200001
2025-02-22 13:00:00+00:00,New York,23.600002,-3.9999980000000015
2025-02-22 14:00:00+00:00,New York,26.0,-3.1999999999999993
2025-02-22 15:00:00+00:00,New York,28.0,-2.3999999999999986
2025-02-22 16:00:00+00:00,New York,29.2,-2.399998
2025-02-22 17:00:00+00:00,New York,30.0,-2.3999999999999986
2025-02-22 18:00:00+00:00,New York,30.4,-2.8000000000000043
2025-02-22 19:00:00+00:00,New York,30.4,-3.200002000000005
2025-02-22 20:00:00+00:00,New York,29.6,-4.000002000000002
2025-02-22 21:00:00+00:00,New York,26.800001,-5.999998999999995
2025-02-22 22:00:00+00:00,New York,20.0,-11.199998999999998
2025-02-22 23:00:00+00:00,New York,26.72,-2.080001000000003
2025-02-23 00:00:00+00:00,New York,31.32,3.3200000000000003
2025-02-23 01:00:00+00:00,New York,30.2,2.1999999999999993
2025-02-23 02:00:00+00:00,New York,28.600002,0.20000200000000135
2025-02-23 03:00:00+00:00,New York,26.72,-2.080001000000003
2025-02-23 04:00:00+00:00,New York,24.519999,-4.680001000000001
2025-02-23 05:00:00+00:00,New York,25.4,-4.200000000000003
2025-02-23 06:00:00+00:00,New York,27.041666,-2.9583340000000007
2025-02-23 07:00:00+00:00,New York,28.65,-1.3500000000000014
2025-02-23 08:00:00+00:00,New York,30.191666,0.591666
2025-02-23 09:00:00+00:00,New York,31.658333,3.2583330000000004
2025-02-23 10:00:00+00:00,New York,33.058334,7.458336000000003
2025-02-23 11:00:00+00:00,New York,34.375,12.375
2025-02-23 12:00:00+00:00,New York,35.625004,14.025003999999996
2025-02-23 13:00:00+00:00,New York,36.008335,12.408333000000002
2025-02-23 14:00:00+00:00,New York,36.46667,10.46667
2025-02-23 15:00:00+00:00,New York,37.083336,9.083336000000003
2025-02-23 16:00:00+00:00,New York,37.70834,8.50834
2025-02-23 17:00:00+00:00,New York,38.325005,8.325004999999997
2025-02-23 18:00:00+00:00,New York,38.93334,8.533340000000003
2025-02-23 19:00:00+00:00,New York,39.508335,9.108335000000004
2025-02-23 20:00:00+00:00,New York,40.100006,10.500005999999999
2025-02-23 21:00:00+00:00,New York,41.16667,14.366669000000002
2025-02-23 22:00:00+00:00,New York,42.26667,22.266669999999998
2025-02-23 23:00:00+00:00,New York,43.866676,17.146676
2025-02-24 00:00:00+00:00,New York,46.38334,15.063339999999997
2025-02-24 01:00:00+00:00,New York,50.516663,20.316663000000002
2025-02-24 02:00:00+00:00,New York,55.816673,27.216671
2025-02-24 03:00:00+00:00,New York,60.266666,33.546666
2025-02-24 04:00:00+00:00,New York,61.329998,36.809999000000005
2025-02-24 05:00:00+00:00,New York,62.386665,36.986665
2025-02-24 06:00:00+00:00,New York,63.44,36.398334
2025-02-24 07:00:00+00:00,New York,64.45334,35.80334
2025-02-24 08:00:00+00:00,New York,65.44667,35.255004
2025-02-24 09:00:00+00:00,New York,66.40667,34.74833700000001
2025-02-24 10:00:00+00:00,New York,67.30666,34.24832599999999
2025-02-24 11:00:00+00:00,New York,68.15,33.775000000000006
2025-02-24 12:00:00+00:00,New York,68.93,33.30499600000001
2025-02-24 13:00:00+00:00,New York,69.92333,33.914995000000005
2025-02-24 14:00:00+00:00,New York,70.82666,34.35999
2025-02-24 15:00:00+00:00,New York,71.56333,34.47999399999999
2025-02-24 16:00:00+00:00,New York,72.17333,34.46499000000001
2025-02-24 17:00:00+00:00,New York,72.55667,34.231665
2025-02-24 18:00:00+00:00,New York,72.763336,33.829995999999994
2025-02-24 19:00:00+00:00,New York,72.85333,33.344995
2025-02-24 20:00:00+00:00,New York,72.84333,32.743323999999994
2025-02-24 21:00:00+00:00,New York,72.75,31.583329999999997
2025-02-24 22:00:00+00:00,New York,72.596664,30.329994000000006
2025-02-24 23:00:00+00:00,New York,72.27334,28.406664000000006
2025-02-25 00:00:00+00:00,New York,71.64,25.256660000000004
2025-02-25 01:00:00+00:00,New York,70.28334,19.766676999999994
2025-02-25 02:00:00+00:00,New York,68.67667,12.859997
2025-02-25 03:00:00+00:00,New York,66.99333,6.7266639999999995
2025-02-25 04:00:00+00:00,New York,65.33667,4.006671999999995
2025-02-25 05:00:00+00:00,New York,63.69,1.303334999999997
2025-02-25 06:00:00+00:00,New York,62.05,-1.3900000000000006
2025-02-25 07:00:00+00:00,New York,60.463333,-3.9900069999999985
2025-02-25 08:00:00+00:00,New York,54.666664,-10.780006
2025-02-25 09:00:00+00:00,New York,47.416656,-18.990014000000002
2025-02-25 10:00:00+00:00,New York,40.766663,-26.539996999999993
2025-02-25 11:00:00+00:00,New York,37.374996,-30.775004000000003
2025-02-25 12:00:00+00:00,New York,34.675,-34.25500000000001
2025-02-25 13:00:00+00:00,New York,31.858334,-38.06499600000001
2025-02-25 14:00:00+00:00,New York,29.375,-41.451660000000004
2025-02-25 15:00:00+00:00,New York,27.275,-44.288329999999995
2025-02-25 16:00:00+00:00,New York,25.416664,-46.75666600000001
2025-02-25 17:00:00+00:00,New York,24.108332,-48.44833799999999
2025-02-25 18:00:00+00:00,New York,24.400002,-48.363333999999995
2025-02-25 19:00:00+00:00,New York,23.600002,-49.253327999999996
2025-02-25 20:00:00+00:00,New York,22.880001,-49.963328999999995
2025-02-25 21:00:00+00:00,New York,24.68,-48.07
2025-02-25 22:00:00+00:00,New York,27.24,-45.35666400000001
2025-02-25 23:00:00+00:00,New York,30.16,-42.11334000000001
2025-02-26 00:00:00+00:00,New York,31.52,-40.120000000000005
2025-02-26 01:00:00+00:00,New York,30.32,-39.963339999999995
2025-02-26 02:00:00+00:00,New York,28.600002,-40.076668
2025-02-26 03:00:00+00:00,New York,27.35833,-39.635000000000005
2025-02-26 04:00:00+00:00,New York,28.15833,-37.17834
2025-02-26 05:00:00+00:00,New York,29.049997,-34.64000299999999
2025-02-26 06:00:00+00:00,New York,30.04166,-32.00834
2025-02-26 07:00:00+00:00,New York,31.024994,-29.438339
2025-02-26 08:00:00+00:00,New York,31.891663,-22.775000999999996
2025-02-26 09:00:00+00:00,New York,32.516663,-14.899993000000002
2025-02-26 10:00:00+00:00,New York,32.841663,-7.925000000000004
2025-02-26 11:00:00+00:00,New York,32.883335,-4.491661000000001
2025-02-26 12:00:00+00:00,New York,32.716667,-1.958332999999996
2025-02-26 13:00:00+00:00,New York,32.166668,0.3083340000000021
2025-02-26 14:00:00+00:00,New York,31.5,2.125
2025-02-26 15:00:00+00:00,New York,30.858335,3.5833350000000017
2025-02-26 16:00:00+00:00,New York,32.4,6.983335999999998
2025-02-26 17:00:00+00:00,New York,35.6,11.491668
2025-02-26 18:00:00+00:00,New York,37.6,13.199998
2025-02-26 19:00:00+00:00,New York,39.6,15.999998000000001
2025-02-26 20:00:00+00:00,New York,41.333332,18.453331
2025-02-26 21:00:00+00:00,New York,38.0,13.32
2025-02-26 22:00:00+00:00,New York,26.800001,-0.4399989999999967
2025-02-26 23:00:00+00:00,New York,30.0,-0.16000000000000014
2025-02-27 00:00:00+00:00,New York,37.68,6.16
2025-02-27 01:00:00+00:00,New York,37.32,7.0
2025-02-27 02:00:00+00:00,New York,36.879997,8.279995000000003
2025-02-27 03:00:00+00:00,New York,36.56,9.201670000000004
2025-02-27 04:00:00+00:00,New York,36.920002,8.761671999999997
2025-02-27 05:00:00+00:00,New York,37.44,8.390002999999997
2025-02-27 06:00:00+00:00,New York,36.879997,6.838337000000003
2025-02-27 07:00:00+00:00,New York,34.120003,3.0950089999999975
2025-02-27 08:00:00+00:00,New York,30.641663,-1.25
2025-02-27 09:00:00+00:00,New York,30.974997,-1.5416660000000029
2025-02-27 10:00:00+00:00,New York,31.291664,-1.5499989999999961
2025-02-27 11:00:00+00:00,New York,31.633331,-1.2500040000000041
2025-02-27 12:00:00+00:00,New York,31.883331,-0.8333360000000027
2025-02-27 13:00:00+00:00,New York,32.841667,0.6749989999999997
2025-02-27 14:00:00+00:00,New York,33.841667,2.341667000000001
2025-02-27 15:00:00+00:00,New York,35.141666,4.283331
2025-02-27 16:00:00+00:00,New York,36.49167,4.091670000000001
2025-02-27 17:00:00+00:00,New York,37.666668,2.066668
2025-02-27 18:00:00+00:00,New York,38.96667,1.3666699999999992
2025-02-27 19:00:00+00:00,New York,40.76667,1.1666699999999963
2025-02-27 20:00:00+00:00,New York,43.81668,2.4833479999999994
2025-02-27 21:00:00+00:00,New York,46.766685,8.766685000000003
2025-02-27 22:00:00+00:00,New York,49.716675,22.916674
2025-02-27 23:00:00+00:00,New York,51.900017,21.900017
2025-02-28 00:00:00+00:00,New York,52.55002,14.870020000000004
2025-02-28 01:00:00+00:00,New York,54.083344,16.763343999999996
2025-02-28 02:00:00+00:00,New York,53.716675,16.836678
2025-02-28 03:00:00+00:00,New York,50.816673,14.256673
2025-02-28 04:00:00+00:00,New York,46.01667,9.096668000000001
2025-02-28 05:00:00+00:00,New York,41.283333,3.843333000000001
2025-02-28 06:00:00+00:00,New York,38.341667,1.461669999999998
2025-02-28 07:00:00+00:00,New York,36.375004,2.255001
2025-02-28 08:00:00+00:00,New York,34.825005,4.183341999999996
2025-02-28 09:00:00+00:00,New York,33.66667,2.691673000000005
2025-02-28 10:00:00+00:00,New York,32.700005,1.4083409999999965
2025-02-28 11:00:00+00:00,New York,31.866669,0.23333800000000338
2025-02-28 12:00:00+00:00,New York,31.266668,-0.6166629999999991
2025-02-28 13:00:00+00:00,New York,30.35,-2.4916669999999996
2025-02-28 14:00:00+00:00,New York,29.116667,-4.725000000000001
2025-02-28 15:00:00+00:00,New York,29.6,-5.541665999999999
2025-02-28 16:00:00+00:00,New York,31.199999,-5.291671000000001
2025-02-28 17:00:00+00:00,New York,32.0,-5.666668000000001
2025-02-28 18:00:00+00:00,New York,32.8,-6.166670000000003
2025-02-28 19:00:00+00:00,New York,34.4,-6.366669999999999
2025-02-28 20:00:00+00:00,New York,36.0,-7.816679999999998
2025-02-28 21:00:00+00:00,New York,34.0,-12.766685000000003
2025-02-28 22:00:00+00:00,New York,25.599998,-24.116677000000003
2025-02-28 23:00:00+00:00,New York,25.720001,-26.180016
2025-03-01 00:00:00+00:00,New York,32.4,-20.150020000000005
2025-03-01 01:00:00+00:00,New York,32.879997,-21.203346999999994
2025-03-01 02:00:00+00:00,New York,33.239998,-20.476677000000002
2025-03-01 03:00:00+00:00,New York,31.44,-19.376673
2025-03-01 04:00:00+00:00,New York,25.439999,-20.576670999999997
2025-03-01 05:00:00+00:00,New York,21.199999,-20.083334
2025-03-01 06:00:00+00:00,New York,28.0,-10.341667000000001
2025-03-01 07:00:00+00:00,New York,31.199999,-5.175004999999999
2025-03-01 08:00:00+00:00,New York,32.0,-2.8250049999999973
2025-03-01 09:00:00+00:00,New York,31.599998,-2.066672000000004
2025-03-01 10:00:00+00:00,New York,29.2,-3.500004999999998
2025-03-01 11:00:00+00:00,New York,25.2,-6.666669000000002
2025-03-01 12:00:00+00:00,New York,22.8,-8.466667999999999
2025-03-01 13:00:00+00:00,New York,22.0,-8.350000000000001
2025-03-01 14:00:00+00:00,New York,21.199999,-7.916668000000001
2025-03-01 15:00:00+00:00,New York,21.6,-8.0
2025-03-01 16:00:00+00:00,New York,24.0,-7.199998999999998
2025-03-01 17:00:00+00:00,New York,27.6,-4.399999999999999
2025-03-01 18:00:00+00:00,New York,30.0,-2.799999999999997
2025-03-01 19:00:00+00:00,New York,30.0,-4.399999999999999
2025-03-01 20:00:00+00:00,New York,29.2,-6.800000000000001
2025-03-01 21:00:00+00:00,New York,28.4,-5.600000000000001
2025-03-01 22:00:00+00:00,New York,28.0,2.4000020000000006
2025-03-01 23:00:00+00:00,New York,28.0,2.279999
2025-03-02 00:00:00+00:00,New York,29.2,-3.1999999999999993
2025-03-02 01:00:00+00:00,New York,29.6,-3.2799970000000016
2025-03-02 02:00:00+00:00,New York,29.6,-3.6399979999999985
2025-03-02 03:00:00+00:00,New York,30.0,-1.4400000000000013
2025-03-02 04:00:00+00:00,New York,30.4,4.960000999999998
2025-03-02 05:00:00+00:00,New York,30.4,9.200001
2025-03-02 06:00:00+00:00,New York,30.4,2.3999999999999986
2025-03-02 07:00:00+00:00,New York,30.0,-1.1999989999999983
2025-03-02 08:00:00+00:00,New York,30.0,-2.0
2025-03-02 09:00:00+00:00,New York,29.6,-1.999997999999998
2025-03-02 10:00:00+00:00,New York,29.6,0.40000000000000213
2025-03-02 11:00:00+00:00,New York,29.6,4.400000000000002
2025-03-02 12:00:00+00:00,New York,30.4,7.599999999999998
2025-03-02 13:00:00+00:00,New York,30.8,8.8
2025-03-02 14:00:00+00:00,New York,31.199999,10.0
2025-03-02 15:00:00+00:00,New York,32.0,10.399999999999999
2025-03-02 16:00:00+00:00,New York,32.8,8.799999999999997
2025-03-02 17:00:00+00:00,New York,33.600002,6.000002000000002
2025-03-02 18:00:00+00:00,New York,34.0,4.0
2025-03-02 19:00:00+00:00,New York,34.8,4.799999999999997
2025-03-02 20:00:00+00:00,New York,35.6,6.400000000000002
2025-03-02 21:00:00+00:00,New York,34.8,6.399999999999999
2025-03-02 22:00:00+00:00,New York,31.199999,3.1999989999999983
2025-03-02 23:00:00+00:00,New York,26.399998,-1.600002
2025-03-03 00:00:00+00:00,New York,19.6,-9.599999999999998
2025-03-03 01:00:00+00:00,New York,21.6,-8.0
2025-03-03 02:00:00+00:00,New York,24.400002,-5.199998000000001
2025-03-03 03:00:00+00:00,New York,26.399998,-3.600002
2025-03-03 04:00:00+00:00,New York,27.6,-2.799999999999997
2025-03-03 05:00:00+00:00,New York,28.4,-2.0
2025-03-03 06:00:00+00:00,New York,28.4,-2.0
2025-03-03 07:00:00+00:00,New York,28.0,-2.0
2025-03-03 08:00:00+00:00,New York,27.2,-2.8000000000000007
2025-03-03 09:00:00+00:00,New York,26.0,-3.6000000000000014
2025-03-03 10:00:00+00:00,New York,23.600002,-5.9999980000000015
2025-03-03 11:00:00+00:00,New York,21.199999,-8.400001000000003
2025-03-03 12:00:00+00:00,New York,17.4,-13.0
2025-03-03 13:00:00+00:00,New York,19.199999,-11.600001000000002
2025-03-03 14:00:00+00:00,New York,24.400002,-6.799996999999998
2025-03-03 15:00:00+00:00,New York,28.800001,-3.1999989999999983
2025-03-03 16:00:00+00:00,New York,30.8,-1.9999999999999964
2025-03-03 17:00:00+00:00,New York,31.599998,-2.000004000000004
2025-03-03 18:00:00+00:00,New York,32.0,-2.0
2025-03-03 19:00:00+00:00,New York,33.600002,-1.1999979999999937
2025-03-03 20:00:00+00:00,New York,35.2,-0.3999999999999986
2025-03-03 21:00:00+00:00,New York,33.2,-1.5999999999999943
2025-03-03 22:00:00+00:00,New York,24.8,-6.3999989999999976
2025-03-03 23:00:00+00:00,New York,24.88,-1.519998000000001
2025-03-04 00:00:00+00:00,New York,32.6,13.0
2025-03-04 01:00:00+00:00,New York,32.760002,11.160001999999999
2025-03-04 02:00:00+00:00,New York,32.879997,8.479995000000002
2025-03-04 03:00:00+00:00,New York,32.44,6.040001999999998
2025-03-04 04:00:00+00:00,New York,31.160002,3.5600019999999972
2025-03-04 05:00:00+00:00,New York,29.32,0.9200000000000017
2025-03-04 06:00:00+00:00,New York,27.280003,-1.119996999999998
2025-03-04 07:00:00+00:00,New York,24.72,-3.280000000000001
2025-03-04 08:00:00+00:00,New York,21.960001,-5.239999000000001
2025-03-04 09:00:00+00:00,New York,20.2,-5.800000000000001
2025-03-04 10:00:00+00:00,New York,20.36,-3.2400020000000005
2025-03-04 11:00:00+00:00,New York,21.48,0.28000100000000216
2025-03-04 12:00:00+00:00,New York,21.919998,4.519998000000001
2025-03-04 13:00:00+00:00,New York,22.500002,3.3000030000000002
2025-03-04 14:00:00+00:00,New York,23.41667,-0.9833320000000008
2025-03-04 15:00:00+00:00,New York,24.116669,-4.683332
2025-03-04 16:00:00+00:00,New York,24.658335,-6.141665
2025-03-04 17:00:00+00:00,New York,26.0,-5.599997999999999
2025-03-04 18:00:00+00:00,New York,27.6,-4.399999999999999
2025-03-04 19:00:00+00:00,New York,27.2,-6.400002000000004
2025-03-04 20:00:00+00:00,New York,26.325,-8.875000000000004
2025-03-04 21:00:00+00:00,New York,26.800003,-6.399997000000003
2025-03-04 22:00:00+00:00,New York,27.425003,2.6250029999999995
2025-03-04 23:00:00+00:00,New York,28.216667,3.336667000000002
2025-03-05 00:00:00+00:00,New York,28.408333,-4.1916670000000025
2025-03-05 01:00:00+00:00,New York,28.325,-4.435002000000001
2025-03-05 02:00:00+00:00,New York,27.966667,-4.913330000000002
2025-03-05 03:00:00+00:00,New York,27.541666,-4.898333999999998
2025-03-05 04:00:00+00:00,New York,28.4,-2.760002
2025-03-05 05:00:00+00:00,New York,30.0,0.6799999999999997
2025-03-05 06:00:00+00:00,New York,31.199999,3.9199959999999976
2025-03-05 07:00:00+00:00,New York,32.0,7.280000000000001
2025-03-05 08:00:00+00:00,New York,32.0,10.039999000000002
2025-03-05 09:00:00+00:00,New York,31.599998,11.399998
2025-03-05 10:00:00+00:00,New York,29.6,9.240000000000002
2025-03-05 11:00:00+00:00,New York,27.2,5.719999999999999
2025-03-05 12:00:00+00:00,New York,28.4,6.480001999999999
2025-03-05 13:00:00+00:00,New York,28.800001,6.299999000000003
2025-03-05 14:00:00+00:00,New York,29.6,6.1833300000000015
2025-03-05 15:00:00+00:00,New York,30.4,6.283330999999997
2025-03-05 16:00:00+00:00,New York,30.8,6.141665
2025-03-05 17:00:00+00:00,New York,30.8,4.800000000000001
2025-03-05 18:00:00+00:00,New York,31.199999,3.599998999999997
2025-03-05 19:00:00+00:00,New York,32.0,4.800000000000001
2025-03-05 20:00:00+00:00,New York,33.2,6.8750000000000036
2025-03-05 21:00:00+00:00,New York,34.0,7.199997
2025-03-05 22:00:00+00:00,New York,33.2,5.774997000000003
2025-03-05 23:00:00+00:00,New York,32.4,4.1833329999999975
2025-03-06 00:00:00+00:00,New York,28.4,-0.008333000000000368
2025-03-06 01:00:00+00:00,New York,30.0,1.6750000000000007
2025-03-06 02:00:00+00:00,New York,32.4,4.4333329999999975
2025-03-06 03:00:00+00:00,New York,34.0,6.458334000000001
2025-03-06 04:00:00+00:00,New York,34.4,6.0
2025-03-06 05:00:00+00:00,New York,34.4,4.399999999999999
2025-03-06 06:00:00+00:00,New York,33.2,2.0000010000000046
2025-03-06 07:00:00+00:00,New York,30.0,-2.0
2025-03-06 08:00:00+00:00,New York,25.599998,-6.400002000000001
2025-03-06 09:00:00+00:00,New York,22.0,-9.599998
2025-03-06 10:00:00+00:00,New York,19.199999,-10.400001000000003
2025-03-06 11:00:00+00:00,New York,16.4,-10.8
2025-03-06 12:00:00+00:00,New York,16.0,-12.399999999999999
2025-03-06 13:00:00+00:00,New York,17.2,-11.600001000000002
2025-03-06 14:00:00+00:00,New York,18.4,-11.200000000000003
2025-03-06 15:00:00+00:00,New York,20.0,-10.399999999999999
2025-03-06 16:00:00+00:00,New York,21.199999,-9.600001000000002
2025-03-06 17:00:00+00:00,New York,22.4,-8.400000000000002
2025-03-06 18:00:00+00:00,New York,23.600002,-7.599996999999998
2025-03-06 19:00:00+00:00,New York,25.2,-6.800000000000001
2025-03-06 20:00:00+00:00,New York,26.800001,-6.399999000000001
2025-03-06 21:00:00+00:00,New York,28.0,-6.0
2025-03-06 22:00:00+00:00,New York,27.6,-5.600000000000001
2025-03-06 23:00:00+00:00,New York,26.800001,-5.599998999999997
2025-03-07 00:00:00+00:00,New York,26.800001,-1.5999989999999968
2025-03-07 01:00:00+00:00,New York,27.2,-2.8000000000000007
2025-03-07 02:00:00+00:00,New York,28.4,-4.0
2025-03-07 03:00:00+00:00,New York,29.6,-4.399999999999999
2025-03-07 04:00:00+00:00,New York,32.0,-2.3999999999999986
2025-03-07 05:00:00+00:00,New York,34.4,0.0
2025-03-07 06:00:00+00:00,New York,36.399998,3.1999979999999937
2025-03-07 07:00:00+00:00,New York,37.2,7.200000000000003
2025-03-07 08:00:00+00:00,New York,37.2,11.600002000000003
2025-03-07 09:00:00+00:00,New York,36.8,14.799999999999997
2025-03-07 10:00:00+00:00,New York,36.399998,17.199999
2025-03-07 11:00:00+00:00,New York,35.6,19.200000000000003
2025-03-07 12:00:00+00:00,New York,35.2,19.200000000000003
2025-03-07 13:00:00+00:00,New York,35.6,18.400000000000002
2025-03-07 14:00:00+00:00,New York,36.0,17.6
2025-03-07 15:00:00+00:00,New York,36.8,16.799999999999997
2025-03-07 16:00:00+00:00,New York,38.0,16.800001
2025-03-07 17:00:00+00:00,New York,39.6,17.200000000000003
2025-03-07 18:00:00+00:00,New York,40.666664,17.066661999999997
2025-03-07 19:00:00+00:00,New York,41.333332,16.133332
2025-03-07 20:00:00+00:00,New York,41.333332,14.533330999999997
2025-03-07 21:00:00+00:00,New York,40.0,12.0
2025-03-07 22:00:00+00:00,New York,38.0,10.399999999999999
2025-03-07 23:00:00+00:00,New York,35.2,8.399999000000001
2025-03-08 00:00:00+00:00,New York,29.2,2.3999989999999976
2025-03-08 01:00:00+00:00,New York,28.4,1.1999999999999993
2025-03-08 02:00:00+00:00,New York,27.2,-1.1999999999999993
2025-03-08 03:00:00+00:00,New York,26.399998,-3.2000020000000013
2025-03-08 04:00:00+00:00,New York,27.2,-4.800000000000001
2025-03-08 05:00:00+00:00,New York,28.4,-6.0
2025-03-08 06:00:00+00:00,New York,28.800001,-7.599996999999995
2025-03-08 07:00:00+00:00,New York,26.800001,-10.399999000000001
2025-03-08 08:00:00+00:00,New York,23.600002,-13.599998000000003
2025-03-08 09:00:00+00:00,New York,20.8,-15.999999999999996
2025-03-08 10:00:00+00:00,New York,18.8,-17.599997999999996
2025-03-08 11:00:00+00:00,New York,17.6,-18.0
2025-03-08 12:00:00+00:00,New York,25.64,-9.560000000000002
2025-03-08 13:00:00+00:00,New York,20.2,-15.400000000000002
2025-03-08 14:00:00+00:00,New York,26.800001,-9.199998999999998
2025-03-08 15:00:00+00:00,New York,34.8,-2.0
2025-03-08 16:00:00+00:00,New York,38.0,0.0
2025-03-08 17:00:00+00:00,New York,39.2,-0.3999999999999986
2025-03-08 18:00:00+00:00,New York,39.2,-1.4666639999999944
2025-03-08 19:00:00+00:00,New York,39.2,-2.133331999999996
2025-03-08 20:00:00+00:00,New York,38.4,-2.933332
2025-03-08 21:00:00+00:00,New York,37.2,-2.799999999999997
2025-03-08 22:00:00+00:00,New York,35.2,-2.799999999999997
2025-03-08 23:00:00+00:00,New York,33.2,-2.0
2025-03-09 00:00:00+00:00,New York,30.0,0.8000000000000007
2025-03-09 01:00:00+00:00,New York,30.0,1.6000000000000014
2025-03-09 02:00:00+00:00,New York,30.4,3.1999999999999993
2025-03-09 03:00:00+00:00,New York,30.4,4.0000019999999985
2025-03-09 04:00:00+00:00,New York,30.8,3.6000000000000014
2025-03-09 05:00:00+00:00,New York,31.199999,2.7999989999999997
2025-03-09 06:00:00+00:00,New York,31.199999,2.3999979999999965
2025-03-09 07:00:00+00:00,New York,31.199999,4.3999979999999965
2025-03-09 08:00:00+00:00,New York,31.199999,7.599996999999998
2025-03-09 09:00:00+00:00,New York,30.0,9.2
2025-03-09 10:00:00+00:00,New York,26.0,7.199999999999999
2025-03-09 11:00:00+00:00,New York,21.199999,3.599998999999997
2025-03-09 12:00:00+00:00,New York,18.65,-6.990000000000002
2025-03-09 13:00:00+00:00,New York,19.6,-0.5999999999999979
2025-03-09 14:00:00+00:00,New York,24.0,-2.8000010000000017
2025-03-09 15:00:00+00:00,New York,28.0,-6.799999999999997
2025-03-09 16:00:00+00:00,New York,30.0,-8.0
2025-03-09 17:00:00+00:00,New York,30.8,-8.400000000000002
2025-03-09 18:00:00+00:00,New York,31.599998,-7.6000020000000035
2025-03-09 19:00:00+00:00,New York,33.600002,-5.599997999999999
2025-03-09 20:00:00+00:00,New York,35.2,-3.1999999999999957
2025-03-09 21:00:00+00:00,New York,34.8,-2.4000000000000057
2025-03-09 22:00:00+00:00,New York,30.4,-4.800000000000004
2025-03-09 23:00:00+00:00,New York,23.600002,-9.599998000000003
2025-03-10 00:00:00+00:00,New York,27.719997,-2.2800030000000007
2025-03-10 01:00:00+00:00,New York,28.4,-1.6000000000000014
2025-03-10 02:00:00+00:00,New York,29.119999,-1.2800009999999986
2025-03-10 03:00:00+00:00,New York,28.239998,-2.1600019999999986
2025-03-10 04:00:00+00:00,New York,24.24,-6.560000000000002
2025-03-10 05:00:00+00:00,New York,18.8,-12.399998999999998
2025-03-10 06:00:00+00:00,New York,22.4,-8.799999
2025-03-10 07:00:00+00:00,New York,23.199999,-8.0
2025-03-10 08:00:00+00:00,New York,22.8,-8.399998999999998
2025-03-10 09:00:00+00:00,New York,22.0,-8.0
2025-03-10 10:00:00+00:00,New York,21.199999,-4.800001000000002
2025-03-10 11:00:00+00:00,New York,20.4,-0.7999989999999997
2025-03-10 12:00:00+00:00,New York,17.2,-1.4499999999999993
2025-03-10 13:00:00+00:00,New York,19.199999,-0.40000100000000316
2025-03-10 14:00:00+00:00,New York,22.0,-2.0
2025-03-10 15:00:00+00:00,New York,24.8,-3.1999999999999993
2025-03-10 16:00:00+00:00,New York,28.0,-2.0
2025-03-10 17:00:00+00:00,New York,31.599998,0.7999979999999987
2025-03-10 18:00:00+00:00,New York,34.0,2.4000020000000006
2025-03-10 19:00:00+00:00,New York,36.0,2.3999979999999965
2025-03-10 20:00:00+00:00,New York,37.6,2.3999999999999986
2025-03-10 21:00:00+00:00,New York,35.2,0.4000000000000057
2025-03-10 22:00:00+00:00,New York,26.399998,-4.0000019999999985
2025-03-10 23:00:00+00:00,New York,28.880001,5.279999
2025-03-11 00:00:00+00:00,New York,39.120003,11.400005999999998
2025-03-11 01:00:00+00:00,New York,37.920002,9.520001999999998
2025-03-11 02:00:00+00:00,New York,36.160004,7.040005000000001
2025-03-11 03:00:00+00:00,New York,34.239998,6.0
2025-03-11 04:00:00+00:00,New York,31.920002,7.680002000000002
2025-03-11 05:00:00+00:00,New York,29.400002,10.600002
2025-03-11 06:00:00+00:00,New York,27.8,5.400000000000002
2025-03-11 07:00:00+00:00,New York,27.8,4.6000010000000024
2025-03-11 08:00:00+00:00,New York,28.72,5.919999999999998
2025-03-11 09:00:00+00:00,New York,29.766665,7.766665
2025-03-11 10:00:00+00:00,New York,31.491665,10.291666000000003
2025-03-11 11:00:00+00:00,New York,33.491665,13.091664999999999
2025-03-11 12:00:00+00:00,New York,35.716667,18.516667
2025-03-11 13:00:00+00:00,New York,37.725002,18.525003000000005
2025-03-11 14:00:00+00:00,New York,39.80834,17.80834
2025-03-11 15:00:00+00:00,New York,43.833336,19.033336000000002
2025-03-11 16:00:00+00:00,New York,47.76667,19.766669999999998
2025-03-11 17:00:00+00:00,New York,51.083344,19.483345999999997
2025-03-11 18:00:00+00:00,New York,53.283333,19.283333
2025-03-11 19:00:00+00:00,New York,54.733337,18.733337
2025-03-11 20:00:00+00:00,New York,55.783333,18.183332999999998
2025-03-11 21:00:00+00:00,New York,56.600006,21.400005999999998
2025-03-11 22:00:00+00:00,New York,57.316673,30.916675
2025-03-11 23:00:00+00:00,New York,57.16668,28.286679
2025-03-12 00:00:00+00:00,New York,56.700012,17.580009000000004
2025-03-12 01:00:00+00:00,New York,55.166687,17.246685000000006
2025-03-12 02:00:00+00:00,New York,53.733345,17.573341
2025-03-12 03:00:00+00:00,New York,52.36667,18.126672
2025-03-12 04:00:00+00:00,New York,51.26667,19.346667999999998
2025-03-12 05:00:00+00:00,New York,50.183342,20.783340000000003
2025-03-12 06:00:00+00:00,New York,48.033348,20.233347999999996
2025-03-12 07:00:00+00:00,New York,44.91667,17.116670000000003
2025-03-12 08:00:00+00:00,New York,41.216675,12.496675000000003
2025-03-12 09:00:00+00:00,New York,38.533337,8.766672000000003
2025-03-12 10:00:00+00:00,New York,36.24167,4.750004999999998
2025-03-12 11:00:00+00:00,New York,33.68334,0.1916750000000036
2025-03-12 12:00:00+00:00,New York,30.941673,-4.7749939999999995
2025-03-12 13:00:00+00:00,New York,28.441673,-9.283329000000002
2025-03-12 14:00:00+00:00,New York,25.825,-13.983340000000002
2025-03-12 15:00:00+00:00,New York,25.599998,-18.233338000000003
2025-03-12 16:00:00+00:00,New York,26.399998,-21.366671999999998
2025-03-12 17:00:00+00:00,New York,26.800001,-24.283342999999995
2025-03-12 18:00:00+00:00,New York,27.2,-26.083333
2025-03-12 19:00:00+00:00,New York,27.2,-27.533337
2025-03-12 20:00:00+00:00,New York,26.399998,-29.383335
2025-03-12 21:00:00+00:00,New York,24.0,-32.600006
2025-03-12 22:00:00+00:00,New York,21.08,-36.236673
2025-03-12 23:00:00+00:00,New York,28.28,-28.88668
2025-03-13 00:00:00+00:00,New York,36.199997,-20.500014999999998
2025-03-13 01:00:00+00:00,New York,35.16,-20.006687000000007
2025-03-13 02:00:00+00:00,New York,33.559998,-20.173347
2025-03-13 03:00:00+00:00,New York,30.8,-21.56667
2025-03-13 04:00:00+00:00,New York,26.08,-25.18667
2025-03-13 05:00:00+00:00,New York,20.5,-29.683342000000003
2025-03-13 06:00:00+00:00,New York,24.8,-23.233347999999996
2025-03-13 07:00:00+00:00,New York,28.4,-16.516670000000005
2025-03-13 08:00:00+00:00,New York,30.8,-10.416675000000001
2025-03-13 09:00:00+00:00,New York,31.599998,-6.933339000000004
2025-03-13 10:00:00+00:00,New York,30.0,-6.241669999999999
2025-03-13 11:00:00+00:00,New York,27.2,-6.483340000000002
2025-03-13 12:00:00+00:00,New York,25.599998,-5.341675000000002
2025-03-13 13:00:00+00:00,New York,27.6,-0.8416730000000001
2025-03-13 14:00:00+00:00,New York,30.0,4.175000000000001
2025-03-13 15:00:00+00:00,New York,32.4,6.800001999999999
2025-03-13 16:00:00+00:00,New York,34.4,8.000001999999999
2025-03-13 17:00:00+00:00,New York,36.399998,9.599996999999995
2025-03-13 18:00:00+00:00,New York,37.6,10.400000000000002
2025-03-13 19:00:00+00:00,New York,38.0,10.8
2025-03-13 20:00:00+00:00,New York,37.2,10.800002000000003
2025-03-13 21:00:00+00:00,New York,35.6,11.600000000000001
2025-03-13 22:00:00+00:00,New York,31.599998,10.519998000000001
2025-03-13 23:00:00+00:00,New York,30.783333,2.503332999999998
2025-03-14 00:00:00+00:00,New York,30.433334,-5.766663000000005
2025-03-14 01:00:00+00:00,New York,28.866669,-6.293330999999995
2025-03-14 02:00:00+00:00,New York,27.325003,-6.234995000000001
2025-03-14 03:00:00+00:00,New York,26.074997,-4.725003000000001
2025-03-14 04:00:00+00:00,New York,25.141663,-0.9383369999999971
2025-03-14 05:00:00+00:00,New York,24.583336,4.083335999999999
2025-03-14 06:00:00+00:00,New York,24.466667,-0.33333299999999966
2025-03-14 07:00:00+00:00,New York,24.60833,-3.79167
2025-03-14 08:00:00+00:00,New York,24.791664,-6.008336
2025-03-14 09:00:00+00:00,New York,24.908333,-6.691665
2025-03-14 10:00:00+00:00,New York,24.941666,-5.0583339999999986
2025-03-14 11:00:00+00:00,New York,24.94167,-2.258330000000001
2025-03-14 12:00:00+00:00,New York,24.958336,-0.6416620000000002
2025-03-14 13:00:00+00:00,New York,25.025002,-2.574998000000001
2025-03-14 14:00:00+00:00,New York,25.016668,-4.983332000000001
2025-03-14 15:00:00+00:00,New York,25.050001,-7.349998999999997
2025-03-14 16:00:00+00:00,New York,26.0,-8.399999999999999
2025-03-14 17:00:00+00:00,New York,29.2,-7.199997999999997
2025-03-14 18:00:00+00:00,New York,31.199999,-6.400001000000003
2025-03-14 19:00:00+00:00,New York,32.4,-5.600000000000001
2025-03-14 20:00:00+00:00,New York,32.8,-4.400000000000006
2025-03-14 21:00:00+00:00,New York,30.4,-5.200000000000003
2025-03-14 22:00:00+00:00,New York,26.516668,-5.08333
2025-03-14 23:00:00+00:00,New York,30.48,-0.3033329999999985
2025-03-15 00:00:00+00:00,New York,38.64,8.206666000000002
2025-03-15 01:00:00+00:00,New York,37.920002,9.053332999999995
2025-03-15 02:00:00+00:00,New York,36.920002,9.594998999999998
2025-03-15 03:00:00+00:00,New York,36.079998,10.005001000000004
2025-03-15 04:00:00+00:00,New York,35.64,10.498337
2025-03-15 05:00:00+00:00,New York,35.44,10.856663999999999
2025-03-15 06:00:00+00:00,New York,35.239998,10.773330999999999
2025-03-15 07:00:00+00:00,New York,35.16,10.551669999999998
2025-03-15 08:00:00+00:00,New York,35.16,10.368335999999996
2025-03-15 09:00:00+00:00,New York,34.8,9.891666999999998
2025-03-15 10:00:00+00:00,New York,34.08,9.138333999999997
2025-03-15 11:00:00+00:00,New York,34.64167,9.7
2025-03-15 12:00:00+00:00,New York,35.300007,10.341671000000002
2025-03-15 13:00:00+00:00,New York,35.808334,10.783332000000001
2025-03-15 14:00:00+00:00,New York,36.125004,11.108335999999998
2025-03-15 15:00:00+00:00,New York,36.208336,11.158335000000001
2025-03-15 16:00:00+00:00,New York,36.24167,10.24167
2025-03-15 17:00:00+00:00,New York,36.416668,7.216668000000002
2025-03-15 18:00:00+00:00,New York,36.608334,5.408335000000001
2025-03-15 19:00:00+00:00,New York,36.725002,4.325002000000005
2025-03-15 20:00:00+00:00,New York,36.741665,3.9416650000000004
2025-03-15 21:00:00+00:00,New York,36.708332,6.308332
2025-03-15 22:00:00+00:00,New York,36.6,10.083332000000002
2025-03-15 23:00:00+00:00,New York,36.53333,6.053329999999999
2025-03-16 00:00:00+00:00,New York,36.54166,-2.0983400000000003
2025-03-16 01:00:00+00:00,New York,35.79166,-2.1283419999999964
2025-03-16 02:00:00+00:00,New York,35.19166,-1.7283419999999978
2025-03-16 03:00:00+00:00,New York,34.849995,-1.2300030000000035
2025-03-16 04:00:00+00:00,New York,34.466663,-1.1733370000000036
2025-03-16 05:00:00+00:00,New York,34.06666,-1.373339999999999
2025-03-16 06:00:00+00:00,New York,33.674995,-1.5650029999999973
2025-03-16 07:00:00+00:00,New York,33.15833,-2.001669999999997
2025-03-16 08:00:00+00:00,New York,32.366665,-2.793334999999999
2025-03-16 09:00:00+00:00,New York,31.383331,-3.416668999999999
2025-03-16 10:00:00+00:00,New York,30.341667,-3.7383329999999972
2025-03-16 11:00:00+00:00,New York,29.191666,-5.450003999999996
2025-03-16 12:00:00+00:00,New York,28.06667,-7.233337000000002
2025-03-16 13:00:00+00:00,New York,27.14167,-8.666664
2025-03-16 14:00:00+00:00,New York,26.466671,-9.658332999999995
2025-03-16 15:00:00+00:00,New York,26.075003,-10.133333000000004
2025-03-16 16:00:00+00:00,New York,25.733335,-10.508334999999999
2025-03-16 17:00:00+00:00,New York,25.341667,-11.075001
2025-03-16 18:00:00+00:00,New York,24.900002,-11.708331999999999
2025-03-16 19:00:00+00:00,New York,24.483335,-12.241667000000003
2025-03-16 20:00:00+00:00,New York,24.400002,-12.341662999999997
2025-03-16 21:00:00+00:00,New York,25.2,-11.508332
2025-03-16 22:00:00+00:00,New York,26.399998,-10.200002000000001
2025-03-16 23:00:00+00:00,New York,27.6,-8.933329999999998
2025-03-17 00:00:00+00:00,New York,28.0,-8.54166
2025-03-17 01:00:00+00:00,New York,28.4,-7.391660000000002
2025-03-17 02:00:00+00:00,New York,29.2,-5.9916599999999995
2025-03-17 03:00:00+00:00,New York,29.6,-5.249994999999998
2025-03-17 04:00:00+00:00,New York,30.0,-4.466662999999997
2025-03-17 05:00:00+00:00,New York,30.8,-3.266659999999998
2025-03-17 06:00:00+00:00,New York,30.4,-3.274995000000004
2025-03-17 07:00:00+00:00,New York,29.2,-3.95833
2025-03-17 08:00:00+00:00,New York,27.2,-5.166664999999998
2025-03-17 09:00:00+00:00,New York,24.0,-7.383330999999998
2025-03-17 10:00:00+00:00,New York,17.6,-12.741667
2025-03-17 11:00:00+00:00,New York,21.48,-7.711666000000001
2025-03-17 12:00:00+00:00,New York,29.279999,1.2133290000000017
2025-03-17 13:00:00+00:00,New York,29.279999,2.138328999999999
2025-03-17 14:00:00+00:00,New York,29.08,2.6133289999999967
2025-03-17 15:00:00+00:00,New York,27.4,1.3249969999999998
2025-03-17 16:00:00+00:00,New York,22.96,-2.7733349999999994
2025-03-17 17:00:00+00:00,New York,18.550001,-6.791665999999999
2025-03-17 18:00:00+00:00,New York,18.483334,-6.416668000000001
2025-03-17 19:00:00+00:00,New York,20.0,-4.483335
2025-03-17 20:00:00+00:00,New York,22.4,-2.000002000000002
2025-03-17 21:00:00+00:00,New York,24.0,-1.1999999999999993
2025-03-17 22:00:00+00:00,New York,24.0,-2.399998
2025-03-17 23:00:00+00:00,New York,23.199999,-4.400001000000003
2025-03-18 00:00:00+00:00,New York,22.8,-5.199999999999999
2025-03-18 01:00:00+00:00,New York,22.8,-5.599999999999998
2025-03-18 02:00:00+00:00,New York,23.199999,-6.000001000000001
2025-03-18 03:00:00+00:00,New York,24.0,-5.600000000000001
2025-03-18 04:00:00+00:00,New York,25.599998,-4.400002000000001
2025-03-18 05:00:00+00:00,New York,28.0,-2.8000000000000007
2025-03-18 06:00:00+00:00,New York,30.0,-0.3999999999999986
2025-03-18 07:00:00+00:00,New York,31.199999,1.999998999999999
2025-03-18 08:00:00+00:00,New York,32.0,4.800000000000001
2025-03-18 09:00:00+00:00,New York,32.0,8.0
2025-03-18 10:00:00+00:00,New York,31.599998,13.999997999999998
2025-03-18 11:00:00+00:00,New York,30.4,8.919999999999998
2025-03-18 12:00:00+00:00,New York,30.0,0.7200009999999999
2025-03-18 13:00:00+00:00,New York,30.0,0.7200009999999999
2025-03-18 14:00:00+00:00,New York,30.4,1.3200000000000003
2025-03-18 15:00:00+00:00,New York,30.8,3.400000000000002
2025-03-18 16:00:00+00:00,New York,32.0,9.04
2025-03-18 17:00:00+00:00,New York,33.600002,15.050001000000002
2025-03-18 18:00:00+00:00,New York,34.8,16.316665999999998
2025-03-18 19:00:00+00:00,New York,36.0,16.0
2025-03-18 20:00:00+00:00,New York,36.8,14.399999999999999
2025-03-18 21:00:00+00:00,New York,34.0,10.0
2025-03-18 22:00:00+00:00,New York,24.0,0.0
2025-03-18 23:00:00+00:00,New York,31.399998,8.199999000000002
2025-03-19 00:00:00+00:00,New York,39.36,16.56
2025-03-19 01:00:00+00:00,New York,38.72,15.919999999999998
2025-03-19 02:00:00+00:00,New York,37.8,14.600000999999999
2025-03-19 03:00:00+00:00,New York,36.760002,12.760002
2025-03-19 04:00:00+00:00,New York,35.56,9.960002000000003
2025-03-19 05:00:00+00:00,New York,34.239998,6.239998
2025-03-19 06:00:00+00:00,New York,34.316666,4.316665999999998
2025-03-19 07:00:00+00:00,New York,38.808334,7.608335000000004
2025-03-19 08:00:00+00:00,New York,46.13333,14.13333
2025-03-19 09:00:00+00:00,New York,53.666664,21.666663999999997
2025-03-19 10:00:00+00:00,New York,59.649994,28.049996
2025-03-19 11:00:00+00:00,New York,60.89333,30.49333
2025-03-19 12:00:00+00:00,New York,61.73333,31.733330000000002
2025-03-19 13:00:00+00:00,New York,62.68333,32.68333
2025-03-19 14:00:00+00:00,New York,63.47667,33.07667
2025-03-19 15:00:00+00:00,New York,64.096664,33.29666400000001
2025-03-19 16:00:00+00:00,New York,64.55,32.55
2025-03-19 17:00:00+00:00,New York,64.88,31.279997999999992
2025-03-19 18:00:00+00:00,New York,65.10667,30.306669999999997
2025-03-19 19:00:00+00:00,New York,65.27333,29.27333
2025-03-19 20:00:00+00:00,New York,65.39667,28.596670000000003
2025-03-19 21:00:00+00:00,New York,65.486664,31.486664000000005
2025-03-19 22:00:00+00:00,New York,65.583336,41.583336
2025-03-19 23:00:00+00:00,New York,65.71333,34.313332
2025-03-20 00:00:00+00:00,New York,65.526665,26.166664999999995
2025-03-20 01:00:00+00:00,New York,64.869995,26.149995000000004
2025-03-20 02:00:00+00:00,New York,63.776665,25.976665000000004
2025-03-20 03:00:00+00:00,New York,62.45333,25.693328
2025-03-20 04:00:00+00:00,New York,60.96,25.4
2025-03-20 05:00:00+00:00,New York,56.65,22.410002
2025-03-20 06:00:00+00:00,New York,48.30001,13.983344000000002
2025-03-20 07:00:00+00:00,New York,40.41667,1.6083360000000013
2025-03-20 08:00:00+00:00,New York,36.425,-9.708330000000004
2025-03-20 09:00:00+00:00,New York,33.041668,-20.624995999999996
2025-03-20 10:00:00+00:00,New York,30.358335,-29.291659
2025-03-20 11:00:00+00:00,New York,28.191666,-32.701663999999994
2025-03-20 12:00:00+00:00,New York,26.241667,-35.491663
2025-03-20 13:00:00+00:00,New York,24.141663,-38.541667
2025-03-20 14:00:00+00:00,New York,22.341667,-41.135003
2025-03-20 15:00:00+00:00,New York,20.933332,-43.163332000000004
2025-03-20 16:00:00+00:00,New York,22.4,-42.15
2025-03-20 17:00:00+00:00,New York,24.400002,-40.479997999999995
2025-03-20 18:00:00+00:00,New York,25.2,-39.90666999999999
2025-03-20 19:00:00+00:00,New York,24.8,-40.473330000000004
2025-03-20 20:00:00+00:00,New York,23.600002,-41.796668
2025-03-20 21:00:00+00:00,New York,21.6,-43.886664
2025-03-20 22:00:00+00:00,New York,18.0,-47.583336
2025-03-20 23:00:00+00:00,New York,20.480001,-45.233329
2025-03-21 00:00:00+00:00,New York,22.08,-43.446664999999996
2025-03-21 01:00:00+00:00,New York,26.039999,-38.829996
2025-03-21 02:00:00+00:00,New York,31.36,-32.416665
2025-03-21 03:00:00+00:00,New York,34.56,-27.89333
2025-03-21 04:00:00+00:00,New York,34.239998,-26.720002
2025-03-21 05:00:00+00:00,New York,31.760002,-24.889998
2025-03-21 06:00:00+00:00,New York,27.68,-20.62001
2025-03-21 07:00:00+00:00,New York,20.76,-19.656670000000002
2025-03-21 08:00:00+00:00,New York,20.8,-15.624999999999996
2025-03-21 09:00:00+00:00,New York,27.6,-5.441668
2025-03-21 10:00:00+00:00,New York,30.4,0.04166499999999829
2025-03-21 11:00:00+00:00,New York,31.599998,3.408331999999998
2025-03-21 12:00:00+00:00,New York,31.599998,5.358331
2025-03-21 13:00:00+00:00,New York,32.4,8.258336999999997
2025-03-21 14:00:00+00:00,New York,33.600002,11.258335000000002
2025-03-21 15:00:00+00:00,New York,34.8,13.866667999999997
2025-03-21 16:00:00+00:00,New York,36.399998,13.999997999999998
2025-03-21 17:00:00+00:00,New York,38.0,13.599998
2025-03-21 18:00:00+00:00,New York,39.2,14.000000000000004
2025-03-21 19:00:00+00:00,New York,40.666664,15.866663999999997
2025-03-21 20:00:00+00:00,New York,41.333332,17.73333
2025-03-21 21:00:00+00:00,New York,40.666664,19.066663999999996
2025-03-21 22:00:00+00:00,New York,37.6,19.6
2025-03-21 23:00:00+00:00,New York,34.0,13.519998999999999
2025-03-22 00:00:00+00:00,New York,30.4,8.32
2025-03-22 01:00:00+00:00,New York,27.2,1.1600009999999976
2025-03-22 02:00:00+00:00,New York,22.4,-8.96
2025-03-22 03:00:00+00:00,New York,19.75,-14.810000000000002
2025-03-22 04:00:00+00:00,New York,22.32,-11.919998
2025-03-22 05:00:00+00:00,New York,24.68,-7.080002
2025-03-22 06:00:00+00:00,New York,25.76,-1.9199999999999982
2025-03-22 07:00:00+00:00,New York,24.560001,3.800000999999998
2025-03-22 08:00:00+00:00,New York,22.08,1.2799999999999976
2025-03-22 09:00:00+00:00,New York,20.28,-7.32
2025-03-22 10:00:00+00:00,New York,20.080002,-10.319997999999998
2025-03-22 11:00:00+00:00,New York,20.56,-11.039998
2025-03-22 12:00:00+00:00,New York,21.119999,-10.479999
2025-03-22 13:00:00+00:00,New York,20.4,-12.0
2025-03-22 14:00:00+00:00,New York,19.1,-14.500002000000002
2025-03-22 15:00:00+00:00,New York,17.5,-17.299999999999997
2025-03-22 16:00:00+00:00,New York,20.0,-16.399997999999997
2025-03-22 17:00:00+00:00,New York,24.8,-13.2
2025-03-22 18:00:00+00:00,New York,29.2,-10.000000000000004
2025-03-22 19:00:00+00:00,New York,33.600002,-7.066661999999994
2025-03-22 20:00:00+00:00,New York,38.0,-3.3333319999999986
2025-03-22 21:00:00+00:00,New York,40.0,-0.6666639999999973
2025-03-22 22:00:00+00:00,New York,38.0,0.3999999999999986
2025-03-22 23:00:00+00:00,New York,33.600002,-0.3999979999999965
2025-03-23 00:00:00+00:00,New York,32.8,2.3999999999999986
2025-03-23 01:00:00+00:00,New York,33.2,6.0000000000000036
2025-03-23 02:00:00+00:00,New York,33.600002,11.200002000000005
2025-03-23 03:00:00+00:00,New York,33.600002,13.850002000000003
2025-03-23 04:00:00+00:00,New York,33.2,10.880000000000003
2025-03-23 05:00:00+00:00,New York,32.4,7.719999999999999
2025-03-23 06:00:00+00:00,New York,32.0,6.239999999999998
2025-03-23 07:00:00+00:00,New York,31.599998,7.039997
2025-03-23 08:00:00+00:00,New York,31.199999,9.119999
2025-03-23 09:00:00+00:00,New York,30.8,10.52
2025-03-23 10:00:00+00:00,New York,29.2,9.119997999999999
2025-03-23 11:00:00+00:00,New York,27.6,7.040000000000003
2025-03-23 12:00:00+00:00,New York,27.2,6.080000999999999
2025-03-23 13:00:00+00:00,New York,28.0,7.600000000000001
2025-03-23 14:00:00+00:00,New York,29.2,10.099999999999998
2025-03-23 15:00:00+00:00,New York,30.4,12.899999999999999
2025-03-23 16:00:00+00:00,New York,31.199999,11.199998999999998
2025-03-23 17:00:00+00:00,New York,32.4,7.599999999999998
2025-03-23 18:00:00+00:00,New York,32.8,3.599999999999998
2025-03-23 19:00:00+00:00,New York,33.600002,0.0
2025-03-23 20:00:00+00:00,New York,34.0,-4.0
2025-03-23 21:00:00+00:00,New York,31.599998,-8.400002
2025-03-23 22:00:00+00:00,New York,23.600002,-14.399998
2025-03-23 23:00:00+00:00,New York,25.68,-7.920002000000004
2025-03-24 00:00:00+00:00,New York,34.120003,1.3200029999999998
2025-03-24 01:00:00+00:00,New York,33.600002,0.40000200000000063
2025-03-24 02:00:00+00:00,New York,32.6,-1.000002000000002
2025-03-24 03:00:00+00:00,New York,30.079998,-3.5200040000000037
2025-03-24 04:00:00+00:00,New York,24.6,-8.600000000000001
2025-03-24 05:00:00+00:00,New York,18.4,-14.0
2025-03-24 06:00:00+00:00,New York,24.0,-8.0
2025-03-24 07:00:00+00:00,New York,27.2,-4.399998
2025-03-24 08:00:00+00:00,New York,29.6,-1.5999989999999968
2025-03-24 09:00:00+00:00,New York,30.8,0.0
2025-03-24 10:00:00+00:00,New York,31.199999,1.999998999999999
2025-03-24 11:00:00+00:00,New York,30.4,2.799999999999997
2025-03-24 12:00:00+00:00,New York,31.199999,3.999998999999999
2025-03-24 13:00:00+00:00,New York,30.8,2.8000000000000007
2025-03-24 14:00:00+00:00,New York,29.6,0.40000000000000213
2025-03-24 15:00:00+00:00,New York,28.4,-2.0
2025-03-24 16:00:00+00:00,New York,26.399998,-4.800000999999998
2025-03-24 17:00:00+00:00,New York,24.016665,-8.383334999999999
2025-03-24 18:00:00+00:00,New York,24.633333,-8.166666999999997
2025-03-24 19:00:00+00:00,New York,25.216671,-8.383331000000002
2025-03-24 20:00:00+00:00,New York,25.733335,-8.266665
2025-03-24 21:00:00+00:00,New York,26.191671,-5.408327
2025-03-24 22:00:00+00:00,New York,26.625002,3.0249999999999986
2025-03-24 23:00:00+00:00,New York,27.025003,1.345003000000002
2025-03-25 00:00:00+00:00,New York,33.839996,-0.2800069999999977
2025-03-25 01:00:00+00:00,New York,33.839996,0.23999399999999582
2025-03-25 02:00:00+00:00,New York,33.72,1.1199999999999974
2025-03-25 03:00:00+00:00,New York,32.48,2.400001999999997
2025-03-25 04:00:00+00:00,New York,29.519999,4.919998999999997
2025-03-25 05:00:00+00:00,New York,25.439999,7.039999000000002
2025-03-25 06:00:00+00:00,New York,23.916666,-0.08333400000000069
2025-03-25 07:00:00+00:00,New York,23.775002,-3.4249979999999987
2025-03-25 08:00:00+00:00,New York,25.599998,-4.000002000000002
2025-03-25 09:00:00+00:00,New York,29.2,-1.6000000000000014
2025-03-25 10:00:00+00:00,New York,27.2,-3.999998999999999
2025-03-25 11:00:00+00:00,New York,22.9,-7.5
2025-03-25 12:00:00+00:00,New York,22.558334,-8.641665
2025-03-25 13:00:00+00:00,New York,22.458336,-8.341664000000002
2025-03-25 14:00:00+00:00,New York,28.0,-1.6000000000000014
2025-03-25 15:00:00+00:00,New York,34.4,6.0
2025-03-25 16:00:00+00:00,New York,37.6,11.200002000000001
2025-03-25 17:00:00+00:00,New York,39.2,15.183335000000003
2025-03-25 18:00:00+00:00,New York,40.666664,16.033330999999997
2025-03-25 19:00:00+00:00,New York,44.0,18.783329
2025-03-25 20:00:00+00:00,New York,46.0,20.266665
2025-03-25 21:00:00+00:00,New York,42.666668,16.474997000000002
2025-03-25 22:00:00+00:00,New York,32.8,6.174997999999999
2025-03-25 23:00:00+00:00,New York,23.72,-3.305003000000003
2025-03-26 00:00:00+00:00,New York,35.960003,2.120007000000001
2025-03-26 01:00:00+00:00,New York,37.68,3.8400040000000004
2025-03-26 02:00:00+00:00,New York,39.8,6.079999999999998
2025-03-26 03:00:00+00:00,New York,39.52,7.040000000000006
2025-03-26 04:00:00+00:00,New York,34.8,5.280000999999999
2025-03-26 05:00:00+00:00,New York,27.68,2.2400009999999995
2025-03-26 06:00:00+00:00,New York,23.75,-0.16666599999999931
2025-03-26 07:00:00+00:00,New York,23.974998,0.19999599999999873
2025-03-26 08:00:00+00:00,New York,24.266665,-1.3333329999999997
2025-03-26 09:00:00+00:00,New York,24.641665,-4.558335
2025-03-26 10:00:00+00:00,New York,25.074997,-2.1250029999999995
2025-03-26 11:00:00+00:00,New York,25.616667,2.716667000000001
2025-03-26 12:00:00+00:00,New York,26.283333,3.7249990000000004
2025-03-26 13:00:00+00:00,New York,26.708334,4.2499980000000015
2025-03-26 14:00:00+00:00,New York,27.075003,-0.9249970000000012
2025-03-26 15:00:00+00:00,New York,28.4,-6.0
2025-03-26 16:00:00+00:00,New York,32.0,-5.600000000000001
2025-03-26 17:00:00+00:00,New York,34.4,-4.800000000000004
2025-03-26 18:00:00+00:00,New York,35.6,-5.066663999999996
2025-03-26 19:00:00+00:00,New York,36.399998,-7.6000020000000035
2025-03-26 20:00:00+00:00,New York,36.0,-10.0
2025-03-26 21:00:00+00:00,New York,34.8,-7.866668000000004
2025-03-26 22:00:00+00:00,New York,31.599998,-1.2000019999999978
2025-03-26 23:00:00+00:00,New York,29.741667,6.021667000000001
2025-03-27 00:00:00+00:00,New York,29.716667,-6.243335999999999
2025-03-27 01:00:00+00:00,New York,29.241667,-8.438333
2025-03-27 02:00:00+00:00,New York,28.191664,-11.608335999999998
2025-03-27 03:00:00+00:00,New York,26.45833,-13.061670000000003
2025-03-27 04:00:00+00:00,New York,25.2,-9.599999999999998
2025-03-27 05:00:00+00:00,New York,25.599998,-2.0800020000000004
2025-03-27 06:00:00+00:00,New York,25.599998,1.8499979999999994
2025-03-27 07:00:00+00:00,New York,25.2,1.225002
2025-03-27 08:00:00+00:00,New York,24.8,0.533335000000001
2025-03-27 09:00:00+00:00,New York,24.400002,-0.24166299999999907
2025-03-27 10:00:00+00:00,New York,23.199999,-1.8749980000000015
2025-03-27 11:00:00+00:00,New York,21.6,-4.016666999999998
2025-03-27 12:00:00+00:00,New York,22.4,-3.8833330000000004
2025-03-27 13:00:00+00:00,New York,25.599998,-1.1083360000000013
2025-03-27 14:00:00+00:00,New York,30.4,3.3249969999999998
2025-03-27 15:00:00+00:00,New York,34.4,6.0
2025-03-27 16:00:00+00:00,New York,36.8,4.799999999999997
2025-03-27 17:00:00+00:00,New York,38.4,4.0
2025-03-27 18:00:00+00:00,New York,39.2,3.6000000000000014
2025-03-27 19:00:00+00:00,New York,40.666664,4.266666000000001
2025-03-27 20:00:00+00:00,New York,41.333332,5.333331999999999
2025-03-27 21:00:00+00:00,New York,38.800003,4.0000029999999995
2025-03-27 22:00:00+00:00,New York,32.0,0.40000200000000063
2025-03-27 23:00:00+00:00,New York,22.8,-6.941666999999999
2025-03-28 00:00:00+00:00,New York,25.64,-4.0766670000000005
2025-03-28 01:00:00+00:00,New York,27.76,-1.481666999999998
2025-03-28 02:00:00+00:00,New York,30.48,2.288336000000001
2025-03-28 03:00:00+00:00,New York,31.240002,4.781672
2025-03-28 04:00:00+00:00,New York,28.32,3.120000000000001
2025-03-28 05:00:00+00:00,New York,23.4,-2.199998000000001
2025-03-28 06:00:00+00:00,New York,18.85,-6.749997999999998
2025-03-28 07:00:00+00:00,New York,20.4,-4.800000000000001
2025-03-28 08:00:00+00:00,New York,24.0,-0.8000000000000007
2025-03-28 09:00:00+00:00,New York,25.599998,1.1999959999999987
2025-03-28 10:00:00+00:00,New York,23.600002,0.40000300000000166
2025-03-28 11:00:00+00:00,New York,20.0,-1.6000000000000014
2025-03-28 12:00:00+00:00,New York,18.25,-4.149999999999999
2025-03-28 13:00:00+00:00,New York,18.4,-7.199998000000001
2025-03-28 14:00:00+00:00,New York,22.8,-7.599999999999998
2025-03-28 15:00:00+00:00,New York,26.0,-8.399999999999999
2025-03-28 16:00:00+00:00,New York,28.0,-8.799999999999997
2025-03-28 17:00:00+00:00,New York,29.2,-9.2
2025-03-28 18:00:00+00:00,New York,30.0,-9.200000000000003
2025-03-28 19:00:00+00:00,New York,31.199999,-9.466664999999999
2025-03-28 20:00:00+00:00,New York,32.0,-9.333331999999999
2025-03-28 21:00:00+00:00,New York,29.6,-9.200002999999995
2025-03-28 22:00:00+00:00,New York,22.04,-9.96
2025-03-28 23:00:00+00:00,New York,32.16,9.359999999999996
2025-03-29 00:00:00+00:00,New York,27.68,2.039999999999999
2025-03-29 01:00:00+00:00,New York,28.880001,1.1200009999999985
2025-03-29 02:00:00+00:00,New York,30.439999,-0.040001000000000175
2025-03-29 03:00:00+00:00,New York,30.599998,-0.6400040000000011
2025-03-29 04:00:00+00:00,New York,28.239998,-0.08000200000000035
2025-03-29 05:00:00+00:00,New York,28.191666,4.791666000000003
2025-03-29 06:00:00+00:00,New York,29.341667,10.491667
2025-03-29 07:00:00+00:00,New York,30.533335,10.133335000000002
2025-03-29 08:00:00+00:00,New York,31.625002,7.6250019999999985
2025-03-29 09:00:00+00:00,New York,32.7,7.1000020000000035
2025-03-29 10:00:00+00:00,New York,33.683334,10.083332000000002
2025-03-29 11:00:00+00:00,New York,34.550003,14.550002999999997
2025-03-29 12:00:00+00:00,New York,35.233334,16.983334
2025-03-29 13:00:00+00:00,New York,35.9,17.5
2025-03-29 14:00:00+00:00,New York,36.358334,13.558333999999999
2025-03-29 15:00:00+00:00,New York,36.89167,10.891669999999998
2025-03-29 16:00:00+00:00,New York,37.408337,9.408337000000003
2025-03-29 17:00:00+00:00,New York,45.333332,16.133332
2025-03-29 18:00:00+00:00,New York,52.666664,22.666663999999997
2025-03-29 19:00:00+00:00,New York,53.333336,22.133337000000004
2025-03-29 20:00:00+00:00,New York,48.666668,16.666668
2025-03-29 21:00:00+00:00,New York,41.333332,11.733331999999997
2025-03-29 22:00:00+00:00,New York,39.71667,17.67667
2025-03-29 23:00:00+00:00,New York,39.81667,7.656670000000005
2025-03-30 00:00:00+00:00,New York,39.733337,12.053336999999999
2025-03-30 01:00:00+00:00,New York,39.525005,10.645004
2025-03-30 02:00:00+00:00,New York,38.76667,8.326670999999997
2025-03-30 03:00:00+00:00,New York,37.483337,6.883338999999999
2025-03-30 04:00:00+00:00,New York,35.93334,7.693342000000001
2025-03-30 05:00:00+00:00,New York,34.31667,6.125004000000001
2025-03-30 06:00:00+00:00,New York,32.666668,3.3250010000000003
2025-03-30 07:00:00+00:00,New York,30.975,0.4416650000000004
2025-03-30 08:00:00+00:00,New York,29.333328,-2.291673999999997
2025-03-30 09:00:00+00:00,New York,27.808332,-4.891668000000003
2025-03-30 10:00:00+00:00,New York,26.474995,-7.208339000000002
2025-03-30 11:00:00+00:00,New York,25.341661,-9.208341999999998
2025-03-30 12:00:00+00:00,New York,26.0,-9.233334
2025-03-30 13:00:00+00:00,New York,26.0,-9.899999999999999
2025-03-30 14:00:00+00:00,New York,26.399998,-9.958336
2025-03-30 15:00:00+00:00,New York,27.2,-9.691669999999998
2025-03-30 16:00:00+00:00,New York,29.6,-7.808337000000002
2025-03-30 17:00:00+00:00,New York,32.8,-12.533332000000001
2025-03-30 18:00:00+00:00,New York,34.8,-17.866664
2025-03-30 19:00:00+00:00,New York,36.0,-17.333336000000003
2025-03-30 20:00:00+00:00,New York,36.0,-12.666668000000001
2025-03-30 21:00:00+00:00,New York,34.0,-7.333331999999999
2025-03-30 22:00:00+00:00,New York,27.6,-12.11667
2025-03-30 23:00:00+00:00,New York,23.080002,-16.736668
2025-03-31 00:00:00+00:00,New York,23.199999,-16.533338
2025-03-31 01:00:00+00:00,New York,24.64,-14.885005
2025-03-31 02:00:00+00:00,New York,26.44,-12.326669999999996
2025-03-31 03:00:00+00:00,New York,26.64,-10.843336999999998
2025-03-31 04:00:00+00:00,New York,23.839998,-12.093342
2025-03-31 05:00:00+00:00,New York,23.383335,-10.933335000000003
2025-03-31 06:00:00+00:00,New York,24.058334,-8.608334000000003
2025-03-31 07:00:00+00:00,New York,24.558334,-6.416666000000003
2025-03-31 08:00:00+00:00,New York,25.599998,-3.7333300000000023
2025-03-31 09:00:00+00:00,New York,26.399998,-1.408334
2025-03-31 10:00:00+00:00,New York,26.0,-0.47499499999999983
2025-03-31 11:00:00+00:00,New York,24.833332,-0.5083289999999998
2025-03-31 12:00:00+00:00,New York,24.683332,-1.316668
2025-03-31 13:00:00+00:00,New York,24.808332,-1.191668
2025-03-31 14:00:00+00:00,New York,24.775,-1.6249980000000015
2025-03-31 15:00:00+00:00,New York,25.599998,-1.600002
2025-03-31 16:00:00+00:00,New York,28.4,-1.2000000000000028
2025-03-31 17:00:00+00:00,New York,30.8,-1.9999999999999964
2025-03-31 18:00:00+00:00,New York,32.0,-2.799999999999997
2025-03-31 19:00:00+00:00,New York,30.8,-5.199999999999999
2025-03-31 20:00:00+00:00,New York,28.0,-8.0
2025-03-31 21:00:00+00:00,New York,24.8,-9.2
2025-03-31 22:00:00+00:00,New York,22.208332,-5.391668000000003
2025-03-31 23:00:00+00:00,New York,21.625,-1.4550020000000004
2025-04-01 00:00:00+00:00,New York,29.24,6.040001
2025-04-01 01:00:00+00:00,New York,30.92,6.280000000000001
2025-04-01 02:00:00+00:00,New York,32.96,6.52
2025-04-01 03:00:00+00:00,New York,32.52,5.880000000000003
2025-04-01 04:00:00+00:00,New York,27.439999,3.600000999999999
2025-04-01 05:00:00+00:00,New York,21.341667,-2.041667999999998
2025-04-01 06:00:00+00:00,New York,22.033333,-2.0250009999999996
2025-04-01 07:00:00+00:00,New York,24.0,-0.5583339999999986
2025-04-01 08:00:00+00:00,New York,26.399998,0.8000000000000007
2025-04-01 09:00:00+00:00,New York,28.4,2.0000019999999985
2025-04-01 10:00:00+00:00,New York,29.6,3.6000000000000014
2025-04-01 11:00:00+00:00,New York,30.0,5.166668000000001
2025-04-01 12:00:00+00:00,New York,30.0,5.316668
2025-04-01 13:00:00+00:00,New York,30.8,5.991668000000001
2025-04-01 14:00:00+00:00,New York,32.0,7.225000000000001
2025-04-01 15:00:00+00:00,New York,33.600002,8.000004000000004
2025-04-01 16:00:00+00:00,New York,35.6,7.200000000000003
2025-04-01 17:00:00+00:00,New York,38.0,7.199999999999999
2025-04-01 18:00:00+00:00,New York,40.0,8.0
2025-04-01 19:00:00+00:00,New York,43.333336,12.533336000000002
2025-04-01 20:00:00+00:00,New York,46.0,18.0
2025-04-01 21:00:00+00:00,New York,45.333332,20.533331999999998
2025-04-01 22:00:00+00:00,New York,38.800003,16.591670999999998
2025-04-01 23:00:00+00:00,New York,32.0,10.375
2025-04-02 00:00:00+00:00,New York,24.400002,-4.839997999999998
2025-04-02 01:00:00+00:00,New York,24.8,-6.120000000000001
2025-04-02 02:00:00+00:00,New York,25.599998,-7.3600020000000015
2025-04-02 03:00:00+00:00,New York,26.399998,-6.120002000000003
2025-04-02 04:00:00+00:00,New York,27.2,-0.23999900000000096
2025-04-02 05:00:00+00:00,New York,27.6,6.258333
2025-04-02 06:00:00+00:00,New York,28.0,5.966667000000001
2025-04-02 07:00:00+00:00,New York,28.0,4.0
2025-04-02 08:00:00+00:00,New York,27.6,1.2000020000000013
2025-04-02 09:00:00+00:00,New York,27.2,-1.1999999999999993
2025-04-02 10:00:00+00:00,New York,26.399998,-3.2000020000000013
2025-04-02 11:00:00+00:00,New York,25.599998,-4.400002000000001
2025-04-02 12:00:00+00:00,New York,24.400002,-5.599997999999999
2025-04-02 13:00:00+00:00,New York,26.800001,-3.999998999999999
2025-04-02 14:00:00+00:00,New York,30.0,-2.0
2025-04-02 15:00:00+00:00,New York,32.8,-0.8000020000000063
2025-04-02 16:00:00+00:00,New York,35.2,-0.3999999999999986
2025-04-02 17:00:00+00:00,New York,37.2,-0.7999999999999972
2025-04-02 18:00:00+00:00,New York,38.4,-1.6000000000000014
2025-04-02 19:00:00+00:00,New York,39.2,-4.133336
2025-04-02 20:00:00+00:00,New York,38.800003,-7.199997000000003
2025-04-02 21:00:00+00:00,New York,38.4,-6.933332
2025-04-02 22:00:00+00:00,New York,36.8,-2.0000029999999995
2025-04-02 23:00:00+00:00,New York,34.8,2.799999999999997
2025-04-03 00:00:00+00:00,New York,36.8,12.399997999999997
2025-04-03 01:00:00+00:00,New York,35.2,10.400000000000002
2025-04-03 02:00:00+00:00,New York,33.2,7.6000020000000035
2025-04-03 03:00:00+00:00,New York,32.0,5.600002
2025-04-03 04:00:00+00:00,New York,32.0,4.800000000000001
2025-04-03 05:00:00+00:00,New York,33.2,5.600000000000001
2025-04-03 06:00:00+00:00,New York,33.600002,5.6000020000000035
2025-04-03 07:00:00+00:00,New York,33.600002,5.6000020000000035
2025-04-03 08:00:00+00:00,New York,32.8,5.199999999999996
2025-04-03 09:00:00+00:00,New York,32.0,4.800000000000001
2025-04-03 10:00:00+00:00,New York,30.8,4.400002000000001
2025-04-03 11:00:00+00:00,New York,28.800001,3.2000030000000024
2025-04-03 12:00:00+00:00,New York,25.433334,1.033331999999998
2025-04-03 13:00:00+00:00,New York,25.200003,-1.599998000000003
2025-04-03 14:00:00+00:00,New York,25.008337,-4.991662999999999
2025-04-03 15:00:00+00:00,New York,24.81667,-7.983329999999999
2025-04-03 16:00:00+00:00,New York,24.625,-10.575000000000003
2025-04-03 17:00:00+00:00,New York,24.349998,-12.850002000000003
2025-04-03 18:00:00+00:00,New York,23.924997,-14.475002999999997
2025-04-03 19:00:00+00:00,New York,23.583334,-15.616666000000002
2025-04-03 20:00:00+00:00,New York,23.600002,-15.200000999999997
2025-04-03 21:00:00+00:00,New York,23.241669,-15.158330999999997
2025-04-03 22:00:00+00:00,New York,23.033333,-13.766666999999998
2025-04-03 23:00:00+00:00,New York,22.883331,-11.916668999999999
2025-04-04 00:00:00+00:00,New York,22.791664,-14.008335999999996
2025-04-04 01:00:00+00:00,New York,23.383333,-11.816667000000002
2025-04-04 02:00:00+00:00,New York,24.008333,-9.191667000000002
2025-04-04 03:00:00+00:00,New York,24.550003,-7.449997
2025-04-04 04:00:00+00:00,New York,24.950005,-7.049994999999999
2025-04-04 05:00:00+00:00,New York,25.23333,-7.966670000000004
2025-04-04 06:00:00+00:00,New York,25.425,-8.175002000000003
2025-04-04 07:00:00+00:00,New York,25.675001,-7.925001000000002
2025-04-04 08:00:00+00:00,New York,25.866669,-6.9333309999999955
2025-04-04 09:00:00+00:00,New York,26.091667,-5.908332999999999
2025-04-04 10:00:00+00:00,New York,26.400002,-4.399998
2025-04-04 11:00:00+00:00,New York,26.683334,-2.116667000000003
2025-04-04 12:00:00+00:00,New York,26.983335,1.5500010000000017
2025-04-04 13:00:00+00:00,New York,27.725,2.5249970000000026
2025-04-04 14:00:00+00:00,New York,28.583336,3.5749989999999983
2025-04-04 15:00:00+00:00,New York,29.258331,4.441661
2025-04-04 16:00:00+00:00,New York,29.591665,4.966664999999999
2025-04-04 17:00:00+00:00,New York,30.0,5.650002000000001
2025-04-04 18:00:00+00:00,New York,31.199999,7.275001999999997
2025-04-04 19:00:00+00:00,New York,34.4,10.816665999999998
2025-04-04 20:00:00+00:00,New York,37.2,13.599998000000003
2025-04-04 21:00:00+00:00,New York,35.6,12.358331
2025-04-04 22:00:00+00:00,New York,29.366663,6.33333
2025-04-04 23:00:00+00:00,New York,29.024998,6.141667000000002
2025-04-05 00:00:00+00:00,New York,33.16,10.368335999999996
2025-04-05 01:00:00+00:00,New York,31.679996,8.296662999999999
2025-04-05 02:00:00+00:00,New York,29.519999,5.511665999999998
2025-04-05 03:00:00+00:00,New York,28.71667,4.166667
2025-04-05 04:00:00+00:00,New York,28.4,3.4499949999999977
2025-04-05 05:00:00+00:00,New York,27.949999,2.7166689999999996
2025-04-05 06:00:00+00:00,New York,27.4,1.9749999999999979
2025-04-05 07:00:00+00:00,New York,26.800001,1.125
2025-04-05 08:00:00+00:00,New York,26.158333,0.29166399999999726
2025-04-05 09:00:00+00:00,New York,25.4,-0.6916670000000025
2025-04-05 10:00:00+00:00,New York,24.541666,-1.8583360000000013
2025-04-05 11:00:00+00:00,New York,23.775002,-2.908331999999998
2025-04-05 12:00:00+00:00,New York,25.2,-1.783335000000001
2025-04-05 13:00:00+00:00,New York,26.0,-1.7250000000000014
2025-04-05 14:00:00+00:00,New York,27.2,-1.383336
2025-04-05 15:00:00+00:00,New York,28.4,-0.8583309999999997
2025-04-05 16:00:00+00:00,New York,29.2,-0.3916649999999997
2025-04-05 17:00:00+00:00,New York,30.0,0.0
2025-04-05 18:00:00+00:00,New York,30.0,-1.1999989999999983
2025-04-05 19:00:00+00:00,New York,28.800001,-5.599998999999997
2025-04-05 20:00:00+00:00,New York,27.2,-10.000000000000004
2025-04-05 21:00:00+00:00,New York,24.400002,-11.199998
2025-04-05 22:00:00+00:00,New York,22.050001,-7.316661999999997
2025-04-05 23:00:00+00:00,New York,22.283333,-6.741665000000001
2025-04-06 00:00:00+00:00,New York,24.6,-8.559999999999995
2025-04-06 01:00:00+00:00,New York,25.64,-6.039995999999999
2025-04-06 02:00:00+00:00,New York,27.04,-2.4799989999999994
2025-04-06 03:00:00+00:00,New York,27.8,-0.9166699999999999
2025-04-06 04:00:00+00:00,New York,27.36,-1.0399999999999991
2025-04-06 05:00:00+00:00,New York,26.240002,-1.7099969999999978
2025-04-06 06:00:00+00:00,New York,25.2,-2.1999999999999993
2025-04-06 07:00:00+00:00,New York,24.500004,-2.299997000000001
2025-04-06 08:00:00+00:00,New York,25.166668,-0.9916649999999976
2025-04-06 09:00:00+00:00,New York,25.775003,0.3750030000000031
2025-04-06 10:00:00+00:00,New York,26.583336,2.04167
2025-04-06 11:00:00+00:00,New York,27.44167,3.666667999999998
2025-04-06 12:00:00+00:00,New York,28.216667,3.0166670000000018
2025-04-06 13:00:00+00:00,New York,28.66667,2.66667
2025-04-06 14:00:00+00:00,New York,29.016668,1.816668
2025-04-06 15:00:00+00:00,New York,29.116667,0.716667000000001
2025-04-06 16:00:00+00:00,New York,29.1,-0.09999999999999787
2025-04-06 17:00:00+00:00,New York,28.891668,-1.1083320000000008
2025-04-06 18:00:00+00:00,New York,30.4,0.3999999999999986
2025-04-06 19:00:00+00:00,New York,33.600002,4.800001000000002
2025-04-06 20:00:00+00:00,New York,34.4,7.199999999999999
2025-04-06 21:00:00+00:00,New York,32.4,7.999997999999998
2025-04-06 22:00:00+00:00,New York,27.350002,5.300000999999998
2025-04-06 23:00:00+00:00,New York,27.033333,4.75
2025-04-07 00:00:00+00:00,New York,26.825005,2.2250049999999995
2025-04-07 01:00:00+00:00,New York,26.583336,0.9433359999999986
2025-04-07 02:00:00+00:00,New York,26.183334,-0.8566660000000006
2025-04-07 03:00:00+00:00,New York,25.699999,-2.1000010000000024
2025-04-07 04:00:00+00:00,New York,25.199997,-2.1600029999999997
2025-04-07 05:00:00+00:00,New York,25.599998,-0.6400040000000011
2025-04-07 06:00:00+00:00,New York,27.2,2.0
2025-04-07 07:00:00+00:00,New York,27.6,3.099996000000001
2025-04-07 08:00:00+00:00,New York,27.6,2.433332
2025-04-07 09:00:00+00:00,New York,26.800001,1.024998
2025-04-07 10:00:00+00:00,New York,25.2,-1.383336
2025-04-07 11:00:00+00:00,New York,23.199999,-4.241671
2025-04-07 12:00:00+00:00,New York,28.0,-0.21666700000000105
2025-04-07 13:00:00+00:00,New York,25.599998,-3.0666720000000005
2025-04-07 14:00:00+00:00,New York,22.0,-7.016667999999999
2025-04-07 15:00:00+00:00,New York,21.016665,-8.100002
2025-04-07 16:00:00+00:00,New York,21.141666,-7.958334000000001
2025-04-07 17:00:00+00:00,New York,21.558334,-7.333334000000001
2025-04-07 18:00:00+00:00,New York,21.991669,-8.408330999999997
2025-04-07 19:00:00+00:00,New York,22.516668,-11.083334000000004
2025-04-07 20:00:00+00:00,New York,23.150002,-11.249997999999998
2025-04-07 21:00:00+00:00,New York,23.816666,-8.583333999999997
2025-04-07 22:00:00+00:00,New York,24.516663,-2.8333389999999987
2025-04-07 23:00:00+00:00,New York,26.72,-0.3133330000000001
2025-04-08 00:00:00+00:00,New York,33.079998,6.2549930000000025
2025-04-08 01:00:00+00:00,New York,33.320004,6.736667999999998
2025-04-08 02:00:00+00:00,New York,33.559998,7.376664000000002
2025-04-08 03:00:00+00:00,New York,33.44,7.7400009999999995
2025-04-08 04:00:00+00:00,New York,32.6,7.400003000000002
2025-04-08 05:00:00+00:00,New York,31.36,5.760002
2025-04-08 06:00:00+00:00,New York,31.641665,4.441665
2025-04-08 07:00:00+00:00,New York,32.933334,5.333334000000001
2025-04-08 08:00:00+00:00,New York,34.366665,6.766664999999996
2025-04-08 09:00:00+00:00,New York,35.88333,9.083328999999999
2025-04-08 10:00:00+00:00,New York,37.274998,12.074997999999997
2025-04-08 11:00:00+00:00,New York,38.149998,14.949998999999998
2025-04-08 12:00:00+00:00,New York,37.958332,9.958331999999999
2025-04-08 13:00:00+00:00,New York,38.316666,12.716667999999999
2025-04-08 14:00:00+00:00,New York,37.908333,15.908332999999999
2025-04-08 15:00:00+00:00,New York,37.216663,16.199997999999997
2025-04-08 16:00:00+00:00,New York,36.333332,15.191665999999998
2025-04-08 17:00:00+00:00,New York,36.399998,14.841663999999998
2025-04-08 18:00:00+00:00,New York,37.2,15.208331000000001
2025-04-08 19:00:00+00:00,New York,37.2,14.683332000000004
2025-04-08 20:00:00+00:00,New York,36.399998,13.249995999999996
2025-04-08 21:00:00+00:00,New York,35.2,11.383334000000001
2025-04-08 22:00:00+00:00,New York,33.600002,9.083339000000002
2025-04-08 23:00:00+00:00,New York,32.0,5.280000000000001
2025-04-09 00:00:00+00:00,New York,32.4,-0.6799980000000048
2025-04-09 01:00:00+00:00,New York,32.0,-1.3200039999999973
2025-04-09 02:00:00+00:00,New York,31.199999,-2.359999000000002
2025-04-09 03:00:00+00:00,New York,31.199999,-2.2400009999999995
2025-04-09 04:00:00+00:00,New York,32.0,-0.6000000000000014
2025-04-09 05:00:00+00:00,New York,32.8,1.4399999999999977
2025-04-09 06:00:00+00:00,New York,33.600002,1.9583370000000038
2025-04-09 07:00:00+00:00,New York,33.600002,0.6666680000000014
2025-04-09 08:00:00+00:00,New York,33.2,-1.1666649999999947
2025-04-09 09:00:00+00:00,New York,32.8,-3.0833300000000037
2025-04-09 10:00:00+00:00,New York,32.0,-5.2749979999999965
2025-04-09 11:00:00+00:00,New York,31.199999,-6.949998999999998
2025-04-09 12:00:00+00:00,New York,30.0,-7.958331999999999
2025-04-09 13:00:00+00:00,New York,31.199999,-7.116667
2025-04-09 14:00:00+00:00,New York,32.4,-5.508333
2025-04-09 15:00:00+00:00,New York,34.0,-3.216662999999997
2025-04-09 16:00:00+00:00,New York,35.6,-0.7333319999999972
2025-04-09 17:00:00+00:00,New York,37.2,0.8000020000000063
2025-04-09 18:00:00+00:00,New York,38.800003,1.6000029999999938
2025-04-09 19:00:00+00:00,New York,40.666664,3.4666639999999944
2025-04-09 20:00:00+00:00,New York,43.333336,6.933338000000006
2025-04-09 21:00:00+00:00,New York,41.333332,6.133331999999996
2025-04-09 22:00:00+00:00,New York,34.8,1.1999979999999937
2025-04-09 23:00:00+00:00,New York,26.0,-6.0
2025-04-10 00:00:00+00:00,New York,27.560001,-4.839998999999999
2025-04-10 01:00:00+00:00,New York,27.4,-4.600000000000001
2025-04-10 02:00:00+00:00,New York,27.0,-4.199998999999998
2025-04-10 03:00:00+00:00,New York,25.8,-5.3999989999999976
2025-04-10 04:00:00+00:00,New York,22.8,-9.2
2025-04-10 05:00:00+00:00,New York,20.4,-12.399999999999999
2025-04-10 06:00:00+00:00,New York,22.0,-11.600002000000003
2025-04-10 07:00:00+00:00,New York,21.199999,-12.400003000000005
2025-04-10 08:00:00+00:00,New York,19.199999,-14.000001000000005
2025-04-10 09:00:00+00:00,New York,18.5,-14.299999999999997
2025-04-10 10:00:00+00:00,New York,20.68,-11.32
2025-04-10 11:00:00+00:00,New York,22.8,-8.399998999999998
2025-04-10 12:00:00+00:00,New York,22.480001,-7.5199989999999985
2025-04-10 13:00:00+00:00,New York,20.16,-11.039998999999998
2025-04-10 14:00:00+00:00,New York,23.600002,-8.799997999999999
2025-04-10 15:00:00+00:00,New York,30.4,-3.6000000000000014
2025-04-10 16:00:00+00:00,New York,36.0,0.3999999999999986
2025-04-10 17:00:00+00:00,New York,40.666664,3.4666639999999944
2025-04-10 18:00:00+00:00,New York,45.333332,6.533329000000002
2025-04-10 19:00:00+00:00,New York,45.333332,4.666668000000001
2025-04-10 20:00:00+00:00,New York,42.0,-1.3333360000000027
2025-04-10 21:00:00+00:00,New York,39.2,-2.133331999999996
2025-04-10 22:00:00+00:00,New York,36.8,2.0
2025-04-10 23:00:00+00:00,New York,34.4,8.399999999999999
2025-04-11 00:00:00+00:00,New York,30.0,2.4399990000000003
2025-04-11 01:00:00+00:00,New York,30.4,3.0
2025-04-11 02:00:00+00:00,New York,30.8,3.8000000000000007
2025-04-11 03:00:00+00:00,New York,31.199999,5.3999989999999976
2025-04-11 04:00:00+00:00,New York,30.8,8.0
2025-04-11 05:00:00+00:00,New York,30.4,10.0
2025-04-11 06:00:00+00:00,New York,30.0,8.0
2025-04-11 07:00:00+00:00,New York,30.4,9.200001
2025-04-11 08:00:00+00:00,New York,31.199999,12.0
2025-04-11 09:00:00+00:00,New York,31.199999,12.699998999999998
2025-04-11 10:00:00+00:00,New York,29.6,8.920000000000002
2025-04-11 11:00:00+00:00,New York,27.6,4.800000000000001
2025-04-11 12:00:00+00:00,New York,27.6,5.119999
2025-04-11 13:00:00+00:00,New York,28.800001,8.640001000000002
2025-04-11 14:00:00+00:00,New York,30.8,7.199998000000001
2025-04-11 15:00:00+00:00,New York,32.4,2.0
2025-04-11 16:00:00+00:00,New York,33.600002,-2.3999979999999965
2025-04-11 17:00:00+00:00,New York,34.0,-6.666663999999997
2025-04-11 18:00:00+00:00,New York,34.4,-10.933332
2025-04-11 19:00:00+00:00,New York,34.0,-11.333331999999999
2025-04-11 20:00:00+00:00,New York,32.8,-9.200000000000003
2025-04-11 21:00:00+00:00,New York,32.0,-7.200000000000003
2025-04-11 22:00:00+00:00,New York,30.8,-5.9999999999999964
2025-04-11 23:00:00+00:00,New York,29.2,-5.199999999999999
2025-04-12 00:00:00+00:00,New York,30.0,0.0
2025-04-12 01:00:00+00:00,New York,31.599998,1.1999980000000008
2025-04-12 02:00:00+00:00,New York,33.600002,2.8000020000000028
2025-04-12 03:00:00+00:00,New York,35.2,4.000001000000005
2025-04-12 04:00:00+00:00,New York,36.0,5.199999999999999
2025-04-12 05:00:00+00:00,New York,36.8,6.399999999999999
2025-04-12 06:00:00+00:00,New York,37.2,7.200000000000003
2025-04-12 07:00:00+00:00,New York,37.2,6.800000000000004
2025-04-12 08:00:00+00:00,New York,37.2,6.000001000000005
2025-04-12 09:00:00+00:00,New York,37.2,6.000001000000005
2025-04-12 10:00:00+00:00,New York,37.2,7.600000000000001
2025-04-12 11:00:00+00:00,New York,37.6,10.0
2025-04-12 12:00:00+00:00,New York,36.8,9.199999999999996
2025-04-12 13:00:00+00:00,New York,36.0,7.199998999999998
2025-04-12 14:00:00+00:00,New York,34.8,3.9999999999999964
2025-04-12 15:00:00+00:00,New York,34.4,2.0
2025-04-12 16:00:00+00:00,New York,35.2,1.5999979999999994
2025-04-12 17:00:00+00:00,New York,36.399998,2.3999979999999965
2025-04-12 18:00:00+00:00,New York,37.2,2.8000000000000043
2025-04-12 19:00:00+00:00,New York,37.2,3.200000000000003
2025-04-12 20:00:00+00:00,New York,36.399998,3.5999979999999994
2025-04-12 21:00:00+00:00,New York,35.6,3.6000000000000014
2025-04-12 22:00:00+00:00,New York,34.4,3.599999999999998
2025-04-12 23:00:00+00:00,New York,33.2,4.0000000000000036
2025-04-13 00:00:00+00:00,New York,32.8,2.799999999999997
2025-04-13 01:00:00+00:00,New York,32.8,1.2000019999999978
2025-04-13 02:00:00+00:00,New York,32.8,-0.8000020000000063
2025-04-13 03:00:00+00:00,New York,32.8,-2.4000000000000057
2025-04-13 04:00:00+00:00,New York,33.600002,-2.3999979999999965
2025-04-13 05:00:00+00:00,New York,34.4,-2.3999999999999986
2025-04-13 06:00:00+00:00,New York,34.8,-2.4000000000000057
2025-04-13 07:00:00+00:00,New York,34.8,-2.4000000000000057
2025-04-13 08:00:00+00:00,New York,34.4,-2.8000000000000043
2025-04-13 09:00:00+00:00,New York,33.600002,-3.5999979999999994
2025-04-13 10:00:00+00:00,New York,32.4,-4.800000000000004
2025-04-13 11:00:00+00:00,New York,31.199999,-6.400001000000003
2025-04-13 12:00:00+00:00,New York,28.4,-8.399999999999999
2025-04-13 13:00:00+00:00,New York,30.8,-5.199999999999999
2025-04-13 14:00:00+00:00,New York,34.0,-0.7999999999999972
2025-04-13 15:00:00+00:00,New York,37.2,2.8000000000000043
2025-04-13 16:00:00+00:00,New York,39.6,4.399999999999999
2025-04-13 17:00:00+00:00,New York,43.333336,6.933338000000006
2025-04-13 18:00:00+00:00,New York,45.333332,8.133331999999996
2025-04-13 19:00:00+00:00,New York,46.0,8.799999999999997
2025-04-13 20:00:00+00:00,New York,44.666668,8.266670000000005
2025-04-13 21:00:00+00:00,New York,41.333332,5.733331999999997
2025-04-13 22:00:00+00:00,New York,36.8,2.3999999999999986
2025-04-13 23:00:00+00:00,New York,31.199999,-2.0000010000000046
2025-04-14 00:00:00+00:00,New York,22.8,-9.999999999999996
2025-04-14 01:00:00+00:00,New York,22.8,-9.999999999999996
2025-04-14 02:00:00+00:00,New York,22.4,-10.399999999999999
2025-04-14 03:00:00+00:00,New York,23.199999,-9.600000999999999
2025-04-14 04:00:00+00:00,New York,25.599998,-8.000004000000004
2025-04-14 05:00:00+00:00,New York,29.2,-5.199999999999999
2025-04-14 06:00:00+00:00,New York,31.599998,-3.200001999999998
2025-04-14 07:00:00+00:00,New York,32.4,-2.3999999999999986
2025-04-14 08:00:00+00:00,New York,32.0,-2.3999999999999986
2025-04-14 09:00:00+00:00,New York,30.4,-3.200002000000005
2025-04-14 10:00:00+00:00,New York,26.399998,-6.0000019999999985
2025-04-14 11:00:00+00:00,New York,21.199999,-10.0
2025-04-14 12:00:00+00:00,New York,20.691666,-7.708333999999997
2025-04-14 13:00:00+00:00,New York,22.0,-8.8
2025-04-14 14:00:00+00:00,New York,24.8,-9.2
2025-04-14 15:00:00+00:00,New York,27.6,-9.600000000000001
2025-04-14 16:00:00+00:00,New York,31.199999,-8.400001000000003
2025-04-14 17:00:00+00:00,New York,35.6,-7.733336000000001
2025-04-14 18:00:00+00:00,New York,38.4,-6.933332
2025-04-14 19:00:00+00:00,New York,40.0,-6.0
2025-04-14 20:00:00+00:00,New York,40.666664,-4.000004000000004
2025-04-14 21:00:00+00:00,New York,38.0,-3.3333319999999986
2025-04-14 22:00:00+00:00,New York,29.6,-7.199999999999996
2025-04-14 23:00:00+00:00,New York,29.32,-1.879998999999998
2025-04-15 00:00:00+00:00,New York,39.72,16.919999999999998
2025-04-15 01:00:00+00:00,New York,38.4,15.599999999999998
2025-04-15 02:00:00+00:00,New York,36.399998,13.999997999999998
2025-04-15 03:00:00+00:00,New York,33.800003,10.600003999999998
2025-04-15 04:00:00+00:00,New York,30.2,4.600002
2025-04-15 05:00:00+00:00,New York,28.0,-1.1999999999999993
2025-04-15 06:00:00+00:00,New York,28.566666,-3.033331999999998
2025-04-15 07:00:00+00:00,New York,29.266666,-3.133333999999998
2025-04-15 08:00:00+00:00,New York,30.083334,-1.9166659999999993
2025-04-15 09:00:00+00:00,New York,31.000002,0.6000019999999999
2025-04-15 10:00:00+00:00,New York,32.025,5.6250019999999985
2025-04-15 11:00:00+00:00,New York,33.158337,11.958338000000005
2025-04-15 12:00:00+00:00,New York,34.375004,13.683337999999996
2025-04-15 13:00:00+00:00,New York,34.575,12.575000000000003
2025-04-15 14:00:00+00:00,New York,34.93334,10.13334
2025-04-15 15:00:00+00:00,New York,35.141666,7.541665999999999
2025-04-15 16:00:00+00:00,New York,35.175003,3.9750039999999984
2025-04-15 17:00:00+00:00,New York,35.050003,-0.5499970000000047
2025-04-15 18:00:00+00:00,New York,34.841667,-3.5583329999999975
2025-04-15 19:00:00+00:00,New York,37.2,-2.799999999999997
2025-04-15 20:00:00+00:00,New York,41.333332,0.6666680000000014
2025-04-15 21:00:00+00:00,New York,44.0,6.0
2025-04-15 22:00:00+00:00,New York,39.6,10.0
2025-04-15 23:00:00+00:00,New York,34.8,5.479999999999997
2025-04-16 00:00:00+00:00,New York,31.599998,-8.120002
2025-04-16 01:00:00+00:00,New York,30.8,-7.599999999999998
2025-04-16 02:00:00+00:00,New York,29.6,-6.799997999999995
2025-04-16 03:00:00+00:00,New York,29.2,-4.600002999999997
2025-04-16 04:00:00+00:00,New York,30.0,-0.1999999999999993
2025-04-16 05:00:00+00:00,New York,31.199999,3.1999989999999983
2025-04-16 06:00:00+00:00,New York,32.0,3.4333339999999986
2025-04-16 07:00:00+00:00,New York,32.0,2.7333339999999993
2025-04-16 08:00:00+00:00,New York,31.199999,1.1166649999999976
2025-04-16 09:00:00+00:00,New York,30.8,-0.2000019999999978
2025-04-16 10:00:00+00:00,New York,30.8,-1.2249999999999979
2025-04-16 11:00:00+00:00,New York,30.8,-2.3583370000000023
2025-04-16 12:00:00+00:00,New York,29.6,-4.775003999999996
2025-04-16 13:00:00+00:00,New York,30.4,-4.175000000000004
2025-04-16 14:00:00+00:00,New York,31.199999,-3.733341000000003
2025-04-16 15:00:00+00:00,New York,32.4,-2.741666000000002
2025-04-16 16:00:00+00:00,New York,33.2,-1.9750029999999938
2025-04-16 17:00:00+00:00,New York,34.0,-1.0500029999999967
2025-04-16 18:00:00+00:00,New York,34.8,-0.041667000000003895
2025-04-16 19:00:00+00:00,New York,35.2,-2.0
2025-04-16 20:00:00+00:00,New York,35.2,-6.133331999999996
2025-04-16 21:00:00+00:00,New York,34.8,-9.200000000000003
2025-04-16 22:00:00+00:00,New York,32.8,-6.800000000000004
2025-04-16 23:00:00+00:00,New York,30.4,-4.399999999999999
2025-04-17 00:00:00+00:00,New York,28.800001,-2.7999969999999976
2025-04-17 01:00:00+00:00,New York,28.4,-2.400000000000002
2025-04-17 02:00:00+00:00,New York,27.6,-2.0
2025-04-17 03:00:00+00:00,New York,27.2,-2.0
2025-04-17 04:00:00+00:00,New York,27.2,-2.8000000000000007
2025-04-17 05:00:00+00:00,New York,27.6,-3.599998999999997
2025-04-17 06:00:00+00:00,New York,27.6,-4.399999999999999
2025-04-17 07:00:00+00:00,New York,26.800001,-5.199998999999998
2025-04-17 08:00:00+00:00,New York,25.599998,-5.600000999999999
2025-04-17 09:00:00+00:00,New York,24.8,-6.0
2025-04-17 10:00:00+00:00,New York,24.0,-6.800000000000001
2025-04-17 11:00:00+00:00,New York,23.199999,-7.6000010000000024
2025-04-17 12:00:00+00:00,New York,23.199999,-6.400001000000003
2025-04-17 13:00:00+00:00,New York,25.2,-5.199999999999999
2025-04-17 14:00:00+00:00,New York,28.0,-3.1999989999999983
2025-04-17 15:00:00+00:00,New York,30.8,-1.5999999999999979
2025-04-17 16:00:00+00:00,New York,33.2,0.0
2025-04-17 17:00:00+00:00,New York,36.0,2.0
2025-04-17 18:00:00+00:00,New York,38.0,3.200000000000003
2025-04-17 19:00:00+00:00,New York,40.666664,5.466663999999994
2025-04-17 20:00:00+00:00,New York,43.333336,8.133336
2025-04-17 21:00:00+00:00,New York,41.333332,6.5333320000000015
2025-04-17 22:00:00+00:00,New York,33.600002,0.8000020000000063
2025-04-17 23:00:00+00:00,New York,23.600002,-6.799997999999999
2025-04-18 00:00:00+00:00,New York,31.04,2.2399989999999974
2025-04-18 01:00:00+00:00,New York,31.079998,2.679998000000001
2025-04-18 02:00:00+00:00,New York,31.160002,3.5600019999999972
2025-04-18 03:00:00+00:00,New York,31.36,4.16
2025-04-18 04:00:00+00:00,New York,31.960001,4.760000999999999
2025-04-18 05:00:00+00:00,New York,32.72,5.119999999999997
2025-04-18 06:00:00+00:00,New York,33.0,5.399999999999999
2025-04-18 07:00:00+00:00,New York,32.64,5.839998999999999
2025-04-18 08:00:00+00:00,New York,31.84,6.2400020000000005
2025-04-18 09:00:00+00:00,New York,30.52,5.719999999999999
2025-04-18 10:00:00+00:00,New York,28.36,4.359999999999999
2025-04-18 11:00:00+00:00,New York,25.68,2.4800010000000015
2025-04-18 12:00:00+00:00,New York,22.083336,-1.116662999999999
2025-04-18 13:00:00+00:00,New York,23.316668,-1.8833319999999993
2025-04-18 14:00:00+00:00,New York,24.641668,-3.3583320000000008
2025-04-18 15:00:00+00:00,New York,25.833336,-4.9666640000000015
2025-04-18 16:00:00+00:00,New York,31.599998,-1.6000020000000035
2025-04-18 17:00:00+00:00,New York,39.6,3.6000000000000014
2025-04-18 18:00:00+00:00,New York,48.0,10.0
2025-04-18 19:00:00+00:00,New York,49.333336,8.666672000000005
2025-04-18 20:00:00+00:00,New York,46.0,2.6666639999999973
2025-04-18 21:00:00+00:00,New York,42.0,0.6666680000000014
2025-04-18 22:00:00+00:00,New York,38.4,4.799997999999995
2025-04-18 23:00:00+00:00,New York,35.2,11.599998000000003
2025-04-19 00:00:00+00:00,New York,34.0,2.960000000000001
2025-04-19 01:00:00+00:00,New York,33.2,2.120002000000003
2025-04-19 02:00:00+00:00,New York,32.8,1.6399979999999985
2025-04-19 03:00:00+00:00,New York,32.4,1.0399999999999991
2025-04-19 04:00:00+00:00,New York,33.600002,1.6400010000000051
2025-04-19 05:00:00+00:00,New York,34.8,2.0799999999999983
2025-04-19 06:00:00+00:00,New York,36.0,3.0
2025-04-19 07:00:00+00:00,New York,36.0,3.3599999999999994
2025-04-19 08:00:00+00:00,New York,35.2,3.360000000000003
2025-04-19 09:00:00+00:00,New York,34.4,3.879999999999999
2025-04-19 10:00:00+00:00,New York,32.8,4.439999999999998
2025-04-19 11:00:00+00:00,New York,30.8,5.120000000000001
2025-04-19 12:00:00+00:00,New York,28.4,6.316663999999999
2025-04-19 13:00:00+00:00,New York,26.800001,3.483333000000002
2025-04-19 14:00:00+00:00,New York,24.8,0.15833200000000147
2025-04-19 15:00:00+00:00,New York,26.0,0.1666640000000008
2025-04-19 16:00:00+00:00,New York,32.8,1.2000019999999978
2025-04-19 17:00:00+00:00,New York,44.0,4.399999999999999
2025-04-19 18:00:00+00:00,New York,55.333332,7.333331999999999
2025-04-19 19:00:00+00:00,New York,58.666668,9.333331999999999
2025-04-19 20:00:00+00:00,New York,57.333336,11.333336000000003
2025-04-19 21:00:00+00:00,New York,54.0,12.0
2025-04-19 22:00:00+00:00,New York,47.333336,8.933336000000004
2025-04-19 23:00:00+00:00,New York,39.2,4.0
2025-04-20 00:00:00+00:00,New York,33.600002,-0.3999979999999965
2025-04-20 01:00:00+00:00,New York,33.600002,0.40000200000000063
2025-04-20 02:00:00+00:00,New York,33.600002,0.8000020000000063
2025-04-20 03:00:00+00:00,New York,33.2,0.8000000000000043
2025-04-20 04:00:00+00:00,New York,32.4,-1.200002000000005
2025-04-20 05:00:00+00:00,New York,31.199999,-3.600000999999999
2025-04-20 06:00:00+00:00,New York,30.8,-5.199999999999999
2025-04-20 07:00:00+00:00,New York,31.199999,-4.800001000000002
2025-04-20 08:00:00+00:00,New York,31.599998,-3.6000020000000035
2025-04-20 09:00:00+00:00,New York,32.4,-2.0
2025-04-20 10:00:00+00:00,New York,32.8,0.0
2025-04-20 11:00:00+00:00,New York,33.2,2.400000000000002
2025-04-20 12:00:00+00:00,New York,34.0,5.600000000000001
2025-04-20 13:00:00+00:00,New York,33.2,6.399999000000001
2025-04-20 14:00:00+00:00,New York,32.0,7.199999999999999
2025-04-20 15:00:00+00:00,New York,32.0,6.0
2025-04-20 16:00:00+00:00,New York,33.600002,0.8000020000000063
2025-04-20 17:00:00+00:00,New York,36.0,-8.0
2025-04-20 18:00:00+00:00,New York,38.0,-17.333332
2025-04-20 19:00:00+00:00,New York,39.2,-19.466668
2025-04-20 20:00:00+00:00,New York,39.6,-17.733336
2025-04-20 21:00:00+00:00,New York,37.6,-16.4
2025-04-20 22:00:00+00:00,New York,30.8,-16.533336000000002
2025-04-20 23:00:00+00:00,New York,21.6,-17.6
2025-04-21 00:00:00+00:00,New York,25.960003,-7.639999000000003
2025-04-21 01:00:00+00:00,New York,28.36,-5.240002000000004
2025-04-21 02:00:00+00:00,New York,31.44,-2.160002000000002
2025-04-21 03:00:00+00:00,New York,32.2,-1.0
2025-04-21 04:00:00+00:00,New York,28.52,-3.879999999999999
2025-04-21 05:00:00+00:00,New York,22.560001,-8.639997999999999
2025-04-21 06:00:00+00:00,New York,17.1,-13.7
2025-04-21 07:00:00+00:00,New York,18.4,-12.799999
2025-04-21 08:00:00+00:00,New York,19.199999,-12.399999000000001
2025-04-21 09:00:00+00:00,New York,19.199999,-13.200001
2025-04-21 10:00:00+00:00,New York,17.2,-15.599999999999998
2025-04-21 11:00:00+00:00,New York,15.25,-17.950000000000003
2025-04-21 12:00:00+00:00,New York,16.15,-17.85
2025-04-21 13:00:00+00:00,New York,15.75,-17.450000000000003
2025-04-21 14:00:00+00:00,New York,17.2,-14.8
2025-04-21 15:00:00+00:00,New York,20.0,-12.0
2025-04-21 16:00:00+00:00,New York,24.0,-9.600002000000003
2025-04-21 17:00:00+00:00,New York,28.4,-7.600000000000001
2025-04-21 18:00:00+00:00,New York,31.599998,-6.400002000000001
2025-04-21 19:00:00+00:00,New York,32.8,-6.400000000000006
2025-04-21 20:00:00+00:00,New York,32.8,-6.800000000000004
2025-04-21 21:00:00+00:00,New York,31.199999,-6.400001000000003
2025-04-21 22:00:00+00:00,New York,26.399998,-4.400002000000001
2025-04-21 23:00:00+00:00,New York,23.441662,1.8416619999999995
2025-04-22 00:00:00+00:00,New York,24.349997,-1.610006000000002
2025-04-22 01:00:00+00:00,New York,24.73333,-3.6266700000000007
2025-04-22 02:00:00+00:00,New York,26.32,-5.120000000000001
2025-04-22 03:00:00+00:00,New York,26.6,-5.600000000000001
2025-04-22 04:00:00+00:00,New York,24.925,-3.594999999999999
2025-04-22 05:00:00+00:00,New York,24.916664,2.356663000000001
2025-04-22 06:00:00+00:00,New York,28.4,11.299999999999997
2025-04-22 07:00:00+00:00,New York,27.2,8.8
2025-04-22 08:00:00+00:00,New York,25.366667,6.166668000000001
2025-04-22 09:00:00+00:00,New York,25.658333,6.458334000000001
2025-04-22 10:00:00+00:00,New York,25.991667,8.791667
2025-04-22 11:00:00+00:00,New York,26.358334,11.108334
2025-04-22 12:00:00+00:00,New York,27.8,11.650000000000002
2025-04-22 13:00:00+00:00,New York,28.36667,12.61667
2025-04-22 14:00:00+00:00,New York,29.566668,12.366668
2025-04-22 15:00:00+00:00,New York,30.425,10.425
2025-04-22 16:00:00+00:00,New York,33.600002,9.600002000000003
2025-04-22 17:00:00+00:00,New York,40.0,11.600000000000001
2025-04-22 18:00:00+00:00,New York,47.333336,15.733338000000003
2025-04-22 19:00:00+00:00,New York,49.333336,16.533336000000006
2025-04-22 20:00:00+00:00,New York,47.333336,14.533336000000006
2025-04-22 21:00:00+00:00,New York,42.0,10.800001000000002
2025-04-22 22:00:00+00:00,New York,35.6,9.200002000000001
2025-04-22 23:00:00+00:00,New York,29.25,5.808337999999999
2025-04-23 00:00:00+00:00,New York,28.816666,4.466669000000003
2025-04-23 01:00:00+00:00,New York,28.400002,3.666672000000002
2025-04-23 02:00:00+00:00,New York,27.983337,1.6633369999999985
2025-04-23 03:00:00+00:00,New York,27.59167,0.9916699999999992
2025-04-23 04:00:00+00:00,New York,27.29167,2.366669999999999
2025-04-23 05:00:00+00:00,New York,27.133335,2.216670999999998
2025-04-23 06:00:00+00:00,New York,26.841667,-1.5583329999999975
2025-04-23 07:00:00+00:00,New York,27.6,0.40000000000000213
2025-04-23 08:00:00+00:00,New York,28.800001,3.433334000000002
2025-04-23 09:00:00+00:00,New York,29.2,3.5416670000000003
2025-04-23 10:00:00+00:00,New York,28.4,2.408332999999999
2025-04-23 11:00:00+00:00,New York,27.2,0.841666
2025-04-23 12:00:00+00:00,New York,23.216667,-4.583333
2025-04-23 13:00:00+00:00,New York,26.399998,-1.966671999999999
2025-04-23 14:00:00+00:00,New York,30.8,1.2333320000000008
2025-04-23 15:00:00+00:00,New York,34.8,4.3749999999999964
2025-04-23 16:00:00+00:00,New York,37.2,3.5999979999999994
2025-04-23 17:00:00+00:00,New York,39.2,-0.7999999999999972
2025-04-23 18:00:00+00:00,New York,41.333332,-6.000004000000004
2025-04-23 19:00:00+00:00,New York,45.333332,-4.000004000000004
2025-04-23 20:00:00+00:00,New York,48.666668,1.3333319999999986
2025-04-23 21:00:00+00:00,New York,46.0,4.0
2025-04-23 22:00:00+00:00,New York,34.8,-0.8000000000000043
2025-04-23 23:00:00+00:00,New York,24.039997,-5.210003
2025-04-24 00:00:00+00:00,New York,32.28,3.4633339999999997
2025-04-24 01:00:00+00:00,New York,34.039997,5.639994999999999
2025-04-24 02:00:00+00:00,New York,36.440002,8.456665000000001
2025-04-24 03:00:00+00:00,New York,37.920002,10.328331999999996
2025-04-24 04:00:00+00:00,New York,37.6,10.308330000000002
2025-04-24 05:00:00+00:00,New York,36.399998,9.266662999999998
2025-04-24 06:00:00+00:00,New York,35.44,8.598332999999997
2025-04-24 07:00:00+00:00,New York,35.56,7.960000000000001
2025-04-24 08:00:00+00:00,New York,35.960003,7.160001999999999
2025-04-24 09:00:00+00:00,New York,35.2,6.0000000000000036
2025-04-24 10:00:00+00:00,New York,32.2,3.8000000000000043
2025-04-24 11:00:00+00:00,New York,28.366665,1.1666650000000018
2025-04-24 12:00:00+00:00,New York,29.8,6.583333
2025-04-24 13:00:00+00:00,New York,30.283333,3.883334999999999
2025-04-24 14:00:00+00:00,New York,30.9,0.09999999999999787
2025-04-24 15:00:00+00:00,New York,31.574997,-3.2250029999999974
2025-04-24 16:00:00+00:00,New York,32.216663,-4.983337000000006
2025-04-24 17:00:00+00:00,New York,36.0,-3.200000000000003
2025-04-24 18:00:00+00:00,New York,39.6,-1.7333319999999972
2025-04-24 19:00:00+00:00,New York,45.333332,0.0
2025-04-24 20:00:00+00:00,New York,49.333336,0.6666680000000014
2025-04-24 21:00:00+00:00,New York,48.666668,2.6666680000000014
2025-04-24 22:00:00+00:00,New York,38.800003,4.0000029999999995
2025-04-24 23:00:00+00:00,New York,39.900005,15.860008
2025-04-25 00:00:00+00:00,New York,42.950005,10.670004999999996
2025-04-25 01:00:00+00:00,New York,44.250008,10.210011000000002
2025-04-25 02:00:00+00:00,New York,44.40001,7.960008000000002
2025-04-25 03:00:00+00:00,New York,43.350014,5.430012000000005
2025-04-25 04:00:00+00:00,New York,41.06668,3.4666799999999967
2025-04-25 05:00:00+00:00,New York,39.03334,2.633342000000006
2025-04-25 06:00:00+00:00,New York,37.65834,2.218340000000005
2025-04-25 07:00:00+00:00,New York,36.508335,0.9483350000000002
2025-04-25 08:00:00+00:00,New York,35.508335,-0.45166799999999796
2025-04-25 09:00:00+00:00,New York,34.625004,-0.5749960000000058
2025-04-25 10:00:00+00:00,New York,33.783333,1.583332999999996
2025-04-25 11:00:00+00:00,New York,32.88333,4.516665
2025-04-25 12:00:00+00:00,New York,31.858332,2.058332
2025-04-25 13:00:00+00:00,New York,31.125,0.841667000000001
2025-04-25 14:00:00+00:00,New York,30.674995,-0.22500499999999946
2025-04-25 15:00:00+00:00,New York,30.349998,-1.2249990000000004
2025-04-25 16:00:00+00:00,New York,33.600002,1.3833390000000065
2025-04-25 17:00:00+00:00,New York,39.6,3.6000000000000014
2025-04-25 18:00:00+00:00,New York,45.333332,5.733331999999997
2025-04-25 19:00:00+00:00,New York,47.333336,2.000004000000004
2025-04-25 20:00:00+00:00,New York,45.333332,-4.000004000000004
2025-04-25 21:00:00+00:00,New York,41.333332,-7.333336000000003
2025-04-25 22:00:00+00:00,New York,35.6,-3.2000029999999953
2025-04-25 23:00:00+00:00,New York,28.800001,-11.100003999999998
2025-04-26 00:00:00+00:00,New York,24.279999,-18.670005999999997
2025-04-26 01:00:00+00:00,New York,22.566666,-21.683342
2025-04-26 02:00:00+00:00,New York,24.400002,-20.000008
2025-04-26 03:00:00+00:00,New York,26.0,-17.350014
2025-04-26 04:00:00+00:00,New York,26.399998,-14.666681999999998
2025-04-26 05:00:00+00:00,New York,26.399998,-12.633342000000003
2025-04-26 06:00:00+00:00,New York,26.800001,-10.858339
2025-04-26 07:00:00+00:00,New York,27.6,-8.908335000000001
2025-04-26 08:00:00+00:00,New York,28.800001,-6.708334000000001
2025-04-26 09:00:00+00:00,New York,29.6,-5.025003999999996
2025-04-26 10:00:00+00:00,New York,29.2,-4.583333
2025-04-26 11:00:00+00:00,New York,28.4,-4.483330000000002
2025-04-26 12:00:00+00:00,New York,28.0,-3.8583320000000008
2025-04-26 13:00:00+00:00,New York,28.0,-3.125
2025-04-26 14:00:00+00:00,New York,27.6,-3.0749949999999977
2025-04-26 15:00:00+00:00,New York,28.0,-2.3499979999999994
2025-04-26 16:00:00+00:00,New York,29.2,-4.400002000000004
2025-04-26 17:00:00+00:00,New York,31.199999,-8.400001000000003
2025-04-26 18:00:00+00:00,New York,32.0,-13.333331999999999
2025-04-26 19:00:00+00:00,New York,30.8,-16.533336000000002
2025-04-26 20:00:00+00:00,New York,28.800001,-16.533330999999997
2025-04-26 21:00:00+00:00,New York,27.6,-13.733331999999997
2025-04-26 22:00:00+00:00,New York,27.6,-8.0
2025-04-26 23:00:00+00:00,New York,28.0,-0.8000010000000017
2025-04-27 00:00:00+00:00,New York,24.8,0.5200010000000006
2025-04-27 01:00:00+00:00,New York,25.599998,3.033331999999998
2025-04-27 02:00:00+00:00,New York,27.2,2.7999979999999987
2025-04-27 03:00:00+00:00,New York,28.4,2.3999999999999986
2025-04-27 04:00:00+00:00,New York,29.6,3.2000020000000013
2025-04-27 05:00:00+00:00,New York,31.199999,4.800000999999998
2025-04-27 06:00:00+00:00,New York,32.0,5.199998999999998
2025-04-27 07:00:00+00:00,New York,32.4,4.799999999999997
2025-04-27 08:00:00+00:00,New York,32.4,3.599998999999997
2025-04-27 09:00:00+00:00,New York,32.0,2.3999999999999986
2025-04-27 10:00:00+00:00,New York,31.199999,1.999998999999999
2025-04-27 11:00:00+00:00,New York,30.4,2.0
2025-04-27 12:00:00+00:00,New York,29.6,1.6000000000000014
2025-04-27 13:00:00+00:00,New York,30.8,2.8000000000000007
2025-04-27 14:00:00+00:00,New York,32.0,4.399999999999999
2025-04-27 15:00:00+00:00,New York,33.2,5.200000000000003
2025-04-27 16:00:00+00:00,New York,33.600002,4.400002000000004
2025-04-27 17:00:00+00:00,New York,34.0,2.8000010000000017
2025-04-27 18:00:00+00:00,New York,34.4,2.3999999999999986
2025-04-27 19:00:00+00:00,New York,34.8,3.9999999999999964
2025-04-27 20:00:00+00:00,New York,35.2,6.399999000000001
2025-04-27 21:00:00+00:00,New York,35.2,7.600000000000001
2025-04-27 22:00:00+00:00,New York,34.0,6.399999999999999
2025-04-27 23:00:00+00:00,New York,32.4,4.399999999999999
2025-04-28 00:00:00+00:00,New York,31.199999,6.3999989999999976
2025-04-28 01:00:00+00:00,New York,30.0,4.400002000000001
2025-04-28 02:00:00+00:00,New York,28.800001,1.6000010000000024
2025-04-28 03:00:00+00:00,New York,27.6,-0.7999999999999972
2025-04-28 04:00:00+00:00,New York,27.6,-2.0
2025-04-28 05:00:00+00:00,New York,28.0,-3.1999989999999983
2025-04-28 06:00:00+00:00,New York,28.0,-4.0
2025-04-28 07:00:00+00:00,New York,27.2,-5.199999999999999
2025-04-28 08:00:00+00:00,New York,26.399998,-6.0000019999999985
2025-04-28 09:00:00+00:00,New York,24.8,-7.199999999999999
2025-04-28 10:00:00+00:00,New York,22.0,-9.199998999999998
2025-04-28 11:00:00+00:00,New York,18.8,-11.599999999999998
2025-04-28 12:00:00+00:00,New York,19.199999,-10.400001000000003
2025-04-28 13:00:00+00:00,New York,22.8,-8.0
2025-04-28 14:00:00+00:00,New York,27.6,-4.399999999999999
2025-04-28 15:00:00+00:00,New York,32.4,-0.8000000000000043
2025-04-28 16:00:00+00:00,New York,36.0,2.3999979999999965
2025-04-28 17:00:00+00:00,New York,39.6,5.600000000000001
2025-04-28 18:00:00+00:00,New York,43.333336,8.933336000000004
2025-04-28 19:00:00+00:00,New York,47.333336,12.533336000000006
2025-04-28 20:00:00+00:00,New York,50.0,14.799999999999997
2025-04-28 21:00:00+00:00,New York,46.666664,11.466663999999994
2025-04-28 22:00:00+00:00,New York,35.2,1.2000000000000028
2025-04-28 23:00:00+00:00,New York,25.079998,-7.320001999999999
2025-04-29 00:00:00+00:00,New York,30.960003,-0.23999599999999788
2025-04-29 01:00:00+00:00,New York,30.960003,0.9600030000000004
2025-04-29 02:00:00+00:00,New York,30.760002,1.9600009999999983
2025-04-29 03:00:00+00:00,New York,29.32,1.7199999999999989
2025-04-29 04:00:00+00:00,New York,25.56,-2.0400000000000027
2025-04-29 05:00:00+00:00,New York,20.599998,-7.400002000000001
2025-04-29 06:00:00+00:00,New York,22.8,-5.199999999999999
2025-04-29 07:00:00+00:00,New York,23.600002,-3.5999979999999994
2025-04-29 08:00:00+00:00,New York,23.600002,-2.799996
2025-04-29 09:00:00+00:00,New York,23.199999,-1.6000010000000024
2025-04-29 10:00:00+00:00,New York,22.4,0.3999999999999986
2025-04-29 11:00:00+00:00,New York,21.199999,2.3999989999999976
2025-04-29 12:00:00+00:00,New York,22.4,3.2000010000000003
2025-04-29 13:00:00+00:00,New York,24.8,2.0
2025-04-29 14:00:00+00:00,New York,28.800001,1.2000010000000003
2025-04-29 15:00:00+00:00,New York,33.2,0.8000000000000043
2025-04-29 16:00:00+00:00,New York,39.2,3.200000000000003
2025-04-29 17:00:00+00:00,New York,50.0,10.399999999999999
2025-04-29 18:00:00+00:00,New York,58.0,14.666663999999997
2025-04-29 19:00:00+00:00,New York,60.0,12.666663999999997
2025-04-29 20:00:00+00:00,New York,58.0,8.0
2025-04-29 21:00:00+00:00,New York,54.0,7.333336000000003
2025-04-29 22:00:00+00:00,New York,46.0,10.799999999999997
2025-04-29 23:00:00+00:00,New York,37.6,12.520002000000002
2025-04-30 00:00:00+00:00,New York,39.2,8.239997000000002
2025-04-30 01:00:00+00:00,New York,39.6,8.639997000000001
2025-04-30 02:00:00+00:00,New York,40.0,9.239998
2025-04-30 03:00:00+00:00,New York,40.666664,11.346663999999997
2025-04-30 04:00:00+00:00,New York,41.333332,15.773332
2025-04-30 05:00:00+00:00,New York,42.0,21.400002
2025-04-30 06:00:00+00:00,New York,40.666664,17.866663999999997
2025-04-30 07:00:00+00:00,New York,37.6,13.999998000000001
2025-04-30 08:00:00+00:00,New York,33.600002,10.000000000000004
2025-04-30 09:00:00+00:00,New York,30.8,7.6000010000000024
2025-04-30 10:00:00+00:00,New York,29.6,7.200000000000003
2025-04-30 11:00:00+00:00,New York,29.2,8.000001000000001
2025-04-30 12:00:00+00:00,New York,27.6,5.200000000000003
2025-04-30 13:00:00+00:00,New York,28.0,3.1999999999999993
2025-04-30 14:00:00+00:00,New York,28.4,-0.40000100000000316
2025-04-30 15:00:00+00:00,New York,29.2,-4.0000000000000036
2025-04-30 16:00:00+00:00,New York,31.199999,-8.000001000000005
2025-04-30 17:00:00+00:00,New York,34.0,-16.0
2025-04-30 18:00:00+00:00,New York,36.0,-22.0
2025-04-30 19:00:00+00:00,New York,37.6,-22.4
2025-04-30 20:00:00+00:00,New York,38.4,-19.6
2025-04-30 21:00:00+00:00,New York,38.0,-16.0
2025-04-30 22:00:00+00:00,New York,35.6,-10.399999999999999
2025-04-30 23:00:00+00:00,New York,32.0,-5.600000000000001
2025-05-01 00:00:00+00:00,New York,26.800001,-12.399999000000001
2025-05-01 01:00:00+00:00,New York,23.600002,-15.999998000000001
2025-05-01 02:00:00+00:00,New York,19.6,-20.4
2025-05-01 03:00:00+00:00,New York,19.45,-21.216663999999998
2025-05-01 04:00:00+00:00,New York,17.75,-23.583332
2025-05-01 05:00:00+00:00,New York,19.199999,-22.800001
2025-05-01 06:00:00+00:00,New York,20.4,-20.266664
2025-05-01 07:00:00+00:00,New York,20.0,-17.6
2025-05-01 08:00:00+00:00,New York,18.8,-14.800002000000003
2025-05-01 09:00:00+00:00,New York,18.0,-12.8
2025-05-01 10:00:00+00:00,New York,17.2,-12.400000000000002
2025-05-01 11:00:00+00:00,New York,16.8,-12.399999999999999
2025-05-01 12:00:00+00:00,New York,16.0,-11.600000000000001
2025-05-01 13:00:00+00:00,New York,18.8,-9.2
2025-05-01 14:00:00+00:00,New York,23.199999,-5.200001
2025-05-01 15:00:00+00:00,New York,28.0,-1.1999999999999993
2025-05-01 16:00:00+00:00,New York,33.600002,2.400003000000005
2025-05-01 17:00:00+00:00,New York,39.6,5.600000000000001
2025-05-01 18:00:00+00:00,New York,46.666664,10.666663999999997
2025-05-01 19:00:00+00:00,New York,50.666664,13.066663999999996
2025-05-01 20:00:00+00:00,New York,52.0,13.600000000000001
2025-05-01 21:00:00+00:00,New York,50.0,12.0
2025-05-01 22:00:00+00:00,New York,43.333336,7.733336000000001
2025-05-01 23:00:00+00:00,New York,36.399998,4.3999979999999965
2025-05-02 00:00:00+00:00,New York,31.599998,4.799996999999998
2025-05-02 01:00:00+00:00,New York,30.8,7.199998000000001
2025-05-02 02:00:00+00:00,New York,29.6,10.0
2025-05-02 03:00:00+00:00,New York,30.0,10.55
2025-05-02 04:00:00+00:00,New York,33.2,15.450000000000003
2025-05-02 05:00:00+00:00,New York,37.2,18.000001000000005
2025-05-02 06:00:00+00:00,New York,39.6,19.200000000000003
2025-05-02 07:00:00+00:00,New York,38.0,18.0
2025-05-02 08:00:00+00:00,New York,34.4,15.599999999999998
2025-05-02 09:00:00+00:00,New York,30.8,12.8
2025-05-02 10:00:00+00:00,New York,28.18333,10.983330000000002
2025-05-02 11:00:00+00:00,New York,29.166664,12.366664
2025-05-02 12:00:00+00:00,New York,30.016668,14.016668
2025-05-02 13:00:00+00:00,New York,30.408335,11.608335
2025-05-02 14:00:00+00:00,New York,30.733337,7.5333380000000005
2025-05-02 15:00:00+00:00,New York,34.0,6.0
2025-05-02 16:00:00+00:00,New York,40.666664,7.066661999999994
2025-05-02 17:00:00+00:00,New York,52.666664,13.066663999999996
2025-05-02 18:00:00+00:00,New York,60.363636,13.696972000000002
2025-05-02 19:00:00+00:00,New York,61.63636,10.969696000000006
2025-05-02 20:00:00+00:00,New York,62.0,10.0
2025-05-02 21:00:00+00:00,New York,61.090908,11.090907999999999
2025-05-02 22:00:00+00:00,New York,52.666664,9.333327999999995
2025-05-02 23:00:00+00:00,New York,38.0,1.6000020000000035
2025-05-03 00:00:00+00:00,New York,33.383335,1.783337000000003
2025-05-03 01:00:00+00:00,New York,34.208332,3.408331999999998
2025-05-03 02:00:00+00:00,New York,34.766666,5.166665999999999
2025-05-03 03:00:00+00:00,New York,35.075,5.075000000000003
2025-05-03 04:00:00+00:00,New York,35.175,1.9749999999999943
2025-05-03 05:00:00+00:00,New York,35.1,-2.1000000000000014
2025-05-03 06:00:00+00:00,New York,35.05,-4.550000000000004
2025-05-03 07:00:00+00:00,New York,35.05,-2.950000000000003
2025-05-03 08:00:00+00:00,New York,35.033333,0.6333330000000004
2025-05-03 09:00:00+00:00,New York,34.99167,4.1916699999999985
2025-05-03 10:00:00+00:00,New York,34.875004,6.6916739999999955
2025-05-03 11:00:00+00:00,New York,34.575,5.408336000000002
2025-05-03 12:00:00+00:00,New York,34.308334,4.291666000000003
2025-05-03 13:00:00+00:00,New York,33.26667,2.8583349999999967
2025-05-03 14:00:00+00:00,New York,36.0,5.266663000000001
2025-05-03 15:00:00+00:00,New York,47.333336,13.333336000000003
2025-05-03 16:00:00+00:00,New York,60.0,19.333336000000003
2025-05-03 17:00:00+00:00,New York,63.09091,10.424246000000004
2025-05-03 18:00:00+00:00,New York,64.545456,4.181820000000002
2025-05-03 19:00:00+00:00,New York,63.272728,1.6363679999999974
2025-05-03 20:00:00+00:00,New York,60.181816,-1.8181840000000022
2025-05-03 21:00:00+00:00,New York,49.333336,-11.757571999999996
2025-05-03 22:00:00+00:00,New York,40.0,-12.666663999999997
2025-05-03 23:00:00+00:00,New York,34.0,-4.0
2025-05-04 00:00:00+00:00,New York,33.76,0.3766649999999956
2025-05-04 01:00:00+00:00,New York,32.239998,-1.9683339999999987
2025-05-04 02:00:00+00:00,New York,30.0,-4.766666000000001
2025-05-04 03:00:00+00:00,New York,29.875,-5.200000000000003
2025-05-04 04:00:00+00:00,New York,30.125,-5.049999999999997
2025-05-04 05:00:00+00:00,New York,30.708334,-4.391666000000001
2025-05-04 06:00:00+00:00,New York,30.833336,-4.216663999999998
2025-05-04 07:00:00+00:00,New York,30.599998,-4.450001999999998
2025-05-04 08:00:00+00:00,New York,30.141668,-4.891665
2025-05-04 09:00:00+00:00,New York,29.575003,-5.416667
2025-05-04 10:00:00+00:00,New York,29.016668,-5.858335999999998
2025-05-04 11:00:00+00:00,New York,28.508335,-6.066665000000004
2025-05-04 12:00:00+00:00,New York,28.008331,-6.300003000000004
2025-05-04 13:00:00+00:00,New York,28.116667,-5.150002999999998
2025-05-04 14:00:00+00:00,New York,28.208334,-7.791665999999999
2025-05-04 15:00:00+00:00,New York,28.800001,-18.533335
2025-05-04 16:00:00+00:00,New York,28.158333,-31.841667
2025-05-04 17:00:00+00:00,New York,28.041666,-35.049244
2025-05-04 18:00:00+00:00,New York,27.866667,-36.678789
2025-05-04 19:00:00+00:00,New York,27.73333,-35.539398000000006
2025-05-04 20:00:00+00:00,New York,29.2,-30.981816
2025-05-04 21:00:00+00:00,New York,29.6,-19.733336
2025-05-04 22:00:00+00:00,New York,27.291664,-12.708336
2025-05-04 23:00:00+00:00,New York,26.899996,-7.100003999999998
2025-05-05 00:00:00+00:00,New York,26.64167,-7.118329999999997
2025-05-05 01:00:00+00:00,New York,26.48,-5.7599979999999995
2025-05-05 02:00:00+00:00,New York,27.439999,-2.5600009999999997
2025-05-05 03:00:00+00:00,New York,27.560001,-2.3149990000000003
2025-05-05 04:00:00+00:00,New York,26.32,-3.8049999999999997
2025-05-05 05:00:00+00:00,New York,24.24,-6.468334000000002
2025-05-05 06:00:00+00:00,New York,22.233332,-8.600003999999998
2025-05-05 07:00:00+00:00,New York,22.350002,-8.249996
2025-05-05 08:00:00+00:00,New York,22.608335,-7.533332999999999
2025-05-05 09:00:00+00:00,New York,22.933332,-6.641670999999999
2025-05-05 10:00:00+00:00,New York,23.325,-5.691668
2025-05-05 11:00:00+00:00,New York,23.733334,-4.775001
2025-05-05 12:00:00+00:00,New York,24.108332,-3.8999989999999976
2025-05-05 13:00:00+00:00,New York,24.449999,-3.6666680000000014
2025-05-05 14:00:00+00:00,New York,24.5,-3.7083340000000007
2025-05-05 15:00:00+00:00,New York,24.466665,-4.333336000000003
2025-05-05 16:00:00+00:00,New York,24.40833,-3.7500029999999995
2025-05-05 17:00:00+00:00,New York,24.141665,-3.9000009999999996
2025-05-05 18:00:00+00:00,New York,26.0,-1.8666669999999996
2025-05-05 19:00:00+00:00,New York,24.8,-2.933329999999998
2025-05-05 20:00:00+00:00,New York,22.574999,-6.625001000000001
2025-05-05 21:00:00+00:00,New York,22.133333,-7.466667000000001
2025-05-05 22:00:00+00:00,New York,21.775002,-5.516662
2025-05-05 23:00:00+00:00,New York,21.35,-5.549996
2025-05-06 00:00:00+00:00,New York,20.800001,-5.841669
2025-05-06 01:00:00+00:00,New York,20.150002,-6.329998
2025-05-06 02:00:00+00:00,New York,19.575,-7.864999000000001
2025-05-06 03:00:00+00:00,New York,19.041666,-8.518335
2025-05-06 04:00:00+00:00,New York,18.458334,-7.861666
2025-05-06 05:00:00+00:00,New York,18.8,-5.439999999999998
2025-05-06 06:00:00+00:00,New York,19.6,-2.6333319999999993
2025-05-06 07:00:00+00:00,New York,20.0,-2.350002
2025-05-06 08:00:00+00:00,New York,20.0,-2.6083350000000003
2025-05-06 09:00:00+00:00,New York,20.0,-2.933332
2025-05-06 10:00:00+00:00,New York,20.0,-3.3249999999999993
2025-05-06 11:00:00+00:00,New York,20.0,-3.7333339999999993
2025-05-06 12:00:00+00:00,New York,20.0,-4.108332000000001
2025-05-06 13:00:00+00:00,New York,20.8,-3.6499989999999976
2025-05-06 14:00:00+00:00,New York,21.6,-2.8999999999999986
2025-05-06 15:00:00+00:00,New York,22.8,-1.6666649999999983
2025-05-06 16:00:00+00:00,New York,24.0,-0.4083299999999994
2025-05-06 17:00:00+00:00,New York,24.8,0.658335000000001
2025-05-06 18:00:00+00:00,New York,26.0,0.0
2025-05-06 19:00:00+00:00,New York,26.800001,2.000001000000001
2025-05-06 20:00:00+00:00,New York,27.6,5.025001000000003
2025-05-06 21:00:00+00:00,New York,28.4,6.266666999999998
2025-05-06 22:00:00+00:00,New York,28.800001,7.024999000000001
2025-05-06 23:00:00+00:00,New York,29.6,8.25
2025-05-07 00:00:00+00:00,New York,26.399998,5.599996999999998
2025-05-07 01:00:00+00:00,New York,24.8,4.649998
2025-05-07 02:00:00+00:00,New York,22.4,2.8249999999999993
2025-05-07 03:00:00+00:00,New York,22.183334,3.1416679999999992
2025-05-07 04:00:00+00:00,New York,23.183334,4.724999999999998
2025-05-07 05:00:00+00:00,New York,24.225002,5.425001999999999
2025-05-07 06:00:00+00:00,New York,25.191668,5.5916679999999985
2025-05-07 07:00:00+00:00,New York,25.974998,5.974997999999999
2025-05-07 08:00:00+00:00,New York,26.574997,6.574997
2025-05-07 09:00:00+00:00,New York,27.133333,7.133333
2025-05-07 10:00:00+00:00,New York,27.79167,7.79167
2025-05-07 11:00:00+00:00,New York,28.600002,8.600002
2025-05-07 12:00:00+00:00,New York,29.508333,9.508333
2025-05-07 13:00:00+00:00,New York,30.225,9.425
2025-05-07 14:00:00+00:00,New York,30.783333,9.183332999999998
2025-05-07 15:00:00+00:00,New York,33.2,10.400000000000002
2025-05-07 16:00:00+00:00,New York,38.0,14.0
2025-05-07 17:00:00+00:00,New York,42.666668,17.866668
2025-05-07 18:00:00+00:00,New York,46.0,20.0
2025-05-07 19:00:00+00:00,New York,46.666664,19.866662999999996
2025-05-07 20:00:00+00:00,New York,44.0,16.4
2025-05-07 21:00:00+00:00,New York,39.6,11.200000000000003
2025-05-07 22:00:00+00:00,New York,34.4,5.599998999999997
2025-05-07 23:00:00+00:00,New York,32.56667,2.9666700000000006
2025-05-08 00:00:00+00:00,New York,33.008335,6.608337000000002
2025-05-08 01:00:00+00:00,New York,33.43334,8.63334
2025-05-08 02:00:00+00:00,New York,34.058334,11.658334000000004
2025-05-08 03:00:00+00:00,New York,35.16,12.976665999999998
2025-05-08 04:00:00+00:00,New York,34.56667,11.383336000000003
2025-05-08 05:00:00+00:00,New York,34.633335,10.408333000000002
2025-05-08 06:00:00+00:00,New York,34.666668,9.475000000000001
2025-05-08 07:00:00+00:00,New York,34.725002,8.750004000000004
2025-05-08 08:00:00+00:00,New York,34.81667,8.241673000000002
2025-05-08 09:00:00+00:00,New York,34.95,7.8166670000000025
2025-05-08 10:00:00+00:00,New York,35.083336,7.291666000000003
2025-05-08 11:00:00+00:00,New York,35.18334,6.583338000000001
2025-05-08 12:00:00+00:00,New York,35.21667,5.708337
2025-05-08 13:00:00+00:00,New York,35.158333,4.9333329999999975
2025-05-08 14:00:00+00:00,New York,34.733334,3.9500010000000003
2025-05-08 15:00:00+00:00,New York,34.2,1.0
2025-05-08 16:00:00+00:00,New York,39.6,1.6000000000000014
2025-05-08 17:00:00+00:00,New York,46.0,3.3333319999999986
2025-05-08 18:00:00+00:00,New York,50.666664,4.666663999999997
2025-05-08 19:00:00+00:00,New York,53.333336,6.6666720000000055
2025-05-08 20:00:00+00:00,New York,53.333336,9.333336000000003
2025-05-08 21:00:00+00:00,New York,49.333336,9.733336000000001
2025-05-08 22:00:00+00:00,New York,38.800003,4.400002999999998
2025-05-08 23:00:00+00:00,New York,33.725,1.1583299999999994
2025-05-09 00:00:00+00:00,New York,33.791664,0.7833289999999948
2025-05-09 01:00:00+00:00,New York,34.85,1.4166600000000003
2025-05-09 02:00:00+00:00,New York,35.408333,1.3499989999999968
2025-05-09 03:00:00+00:00,New York,36.18333,1.0233300000000014
2025-05-09 04:00:00+00:00,New York,36.983334,2.4166639999999973
2025-05-09 05:00:00+00:00,New York,37.691666,3.0583309999999955
2025-05-09 06:00:00+00:00,New York,38.491665,3.824996999999996
2025-05-09 07:00:00+00:00,New York,39.383335,4.658332999999999
2025-05-09 08:00:00+00:00,New York,40.65,5.833329999999997
2025-05-09 09:00:00+00:00,New York,41.9,6.949999999999996
2025-05-09 10:00:00+00:00,New York,42.716667,7.633330999999998
2025-05-09 11:00:00+00:00,New York,42.966667,7.783327
2025-05-09 12:00:00+00:00,New York,42.916664,7.699993999999997
2025-05-09 13:00:00+00:00,New York,42.65,7.491667
2025-05-09 14:00:00+00:00,New York,43.283333,8.549999
2025-05-09 15:00:00+00:00,New York,43.800003,9.600002999999994
2025-05-09 16:00:00+00:00,New York,43.933342,4.333342000000002
2025-05-09 17:00:00+00:00,New York,43.233337,-2.766663000000001
2025-05-09 18:00:00+00:00,New York,42.15,-8.516663999999999
2025-05-09 19:00:00+00:00,New York,41.03334,-12.299996
2025-05-09 20:00:00+00:00,New York,39.958336,-13.375
2025-05-09 21:00:00+00:00,New York,39.2,-10.133336
2025-05-09 22:00:00+00:00,New York,38.425003,-0.375
2025-05-09 23:00:00+00:00,New York,37.44167,3.7166700000000006
2025-05-10 00:00:00+00:00,New York,36.21667,2.4250060000000033
2025-05-10 01:00:00+00:00,New York,34.033337,-0.8166629999999984
2025-05-10 02:00:00+00:00,New York,31.966671,-3.4416619999999973
2025-05-10 03:00:00+00:00,New York,29.74167,-6.441659999999999
2025-05-10 04:00:00+00:00,New York,27.558342,-9.424992
2025-05-10 05:00:00+00:00,New York,25.483337,-12.208328999999999
2025-05-10 06:00:00+00:00,New York,23.358335,-15.133329999999997
2025-05-10 07:00:00+00:00,New York,21.166666,-18.216669000000003
2025-05-10 08:00:00+00:00,New York,18.925001,-21.724998999999997
2025-05-10 09:00:00+00:00,New York,18.4,-23.5
2025-05-10 10:00:00+00:00,New York,18.0,-24.716667
2025-05-10 11:00:00+00:00,New York,17.2,-25.766667
2025-05-10 12:00:00+00:00,New York,20.0,-22.916663999999997
2025-05-10 13:00:00+00:00,New York,23.600002,-19.049998
2025-05-10 14:00:00+00:00,New York,28.800001,-14.483331999999997
2025-05-10 15:00:00+00:00,New York,33.2,-10.600002999999994
2025-05-10 16:00:00+00:00,New York,36.0,-7.933342000000003
2025-05-10 17:00:00+00:00,New York,38.4,-4.833337
2025-05-10 18:00:00+00:00,New York,39.6,-2.549999999999997
2025-05-10 19:00:00+00:00,New York,40.0,-1.0333400000000026
2025-05-10 20:00:00+00:00,New York,39.6,-0.3583360000000013
2025-05-10 21:00:00+00:00,New York,37.6,-1.6000000000000014
2025-05-10 22:00:00+00:00,New York,33.2,-5.225002999999994
2025-05-10 23:00:00+00:00,New York,27.6,-9.84167
2025-05-11 00:00:00+00:00,New York,21.6,-14.61667
2025-05-11 01:00:00+00:00,New York,21.960001,-12.073336000000005
2025-05-11 02:00:00+00:00,New York,27.92,-4.046671
2025-05-11 03:00:00+00:00,New York,31.879997,2.1383270000000003
2025-05-11 04:00:00+00:00,New York,32.0,4.441658
2025-05-11 05:00:00+00:00,New York,30.039999,4.556662000000003
2025-05-11 06:00:00+00:00,New York,27.880001,4.521666
2025-05-11 07:00:00+00:00,New York,26.0,4.833334000000001
2025-05-11 08:00:00+00:00,New York,23.92,4.994999
2025-05-11 09:00:00+00:00,New York,21.800001,3.400001000000003
2025-05-11 10:00:00+00:00,New York,19.65,1.6499999999999986
2025-05-11 11:00:00+00:00,New York,17.05,-0.14999999999999858
2025-05-11 12:00:00+00:00,New York,16.7,-3.3000000000000007
2025-05-11 13:00:00+00:00,New York,19.199999,-4.400003000000002
2025-05-11 14:00:00+00:00,New York,27.2,-1.6000010000000024
2025-05-11 15:00:00+00:00,New York,33.600002,0.40000200000000063
2025-05-11 16:00:00+00:00,New York,37.6,1.6000000000000014
2025-05-11 17:00:00+00:00,New York,41.333332,2.933332
2025-05-11 18:00:00+00:00,New York,44.0,4.399999999999999
2025-05-11 19:00:00+00:00,New York,46.0,6.0
2025-05-11 20:00:00+00:00,New York,46.0,6.399999999999999
2025-05-11 21:00:00+00:00,New York,42.0,4.399999999999999
2025-05-11 22:00:00+00:00,New York,34.4,1.1999999999999957
2025-05-11 23:00:00+00:00,New York,25.2,-2.400000000000002
2025-05-12 00:00:00+00:00,New York,20.475002,-1.1249980000000015
2025-05-12 01:00:00+00:00,New York,20.76,-1.2000009999999968
2025-05-12 02:00:00+00:00,New York,22.32,-5.600000000000001
2025-05-12 03:00:00+00:00,New York,23.48,-8.399996999999999
2025-05-12 04:00:00+00:00,New York,24.119999,-7.880001
2025-05-12 05:00:00+00:00,New York,24.36,-5.679999000000002
2025-05-12 06:00:00+00:00,New York,24.0,-3.880001
2025-05-12 07:00:00+00:00,New York,22.76,-3.2399999999999984
2025-05-12 08:00:00+00:00,New York,20.880001,-3.0399990000000017
2025-05-12 09:00:00+00:00,New York,18.7,-3.1000010000000024
2025-05-12 10:00:00+00:00,New York,17.191664,-2.458335999999999
2025-05-12 11:00:00+00:00,New York,16.891665,-0.158335000000001
2025-05-12 12:00:00+00:00,New York,18.8,2.1000000000000014
2025-05-12 13:00:00+00:00,New York,22.8,3.6000010000000024
2025-05-12 14:00:00+00:00,New York,28.800001,1.6000010000000024
2025-05-12 15:00:00+00:00,New York,34.0,0.3999979999999965
2025-05-12 16:00:00+00:00,New York,38.4,0.7999999999999972
2025-05-12 17:00:00+00:00,New York,44.0,2.6666680000000014
2025-05-12 18:00:00+00:00,New York,48.666668,4.666668000000001
2025-05-12 19:00:00+00:00,New York,52.0,6.0
2025-05-12 20:00:00+00:00,New York,52.666664,6.666663999999997
2025-05-12 21:00:00+00:00,New York,49.333336,7.333336000000003
2025-05-12 22:00:00+00:00,New York,38.4,4.0
2025-05-12 23:00:00+00:00,New York,28.4,3.1999999999999993
2025-05-13 00:00:00+00:00,New York,27.76,7.284998000000002
2025-05-13 01:00:00+00:00,New York,26.28,5.52
2025-05-13 02:00:00+00:00,New York,24.160002,1.8400019999999984
2025-05-13 03:00:00+00:00,New York,22.975002,-0.5049980000000005
2025-05-13 04:00:00+00:00,New York,23.600002,-0.519997
2025-05-13 05:00:00+00:00,New York,24.0,-0.35999999999999943
2025-05-13 06:00:00+00:00,New York,24.0,0.0
2025-05-13 07:00:00+00:00,New York,23.725004,0.9650039999999969
2025-05-13 08:00:00+00:00,New York,23.791672,2.9116709999999983
2025-05-13 09:00:00+00:00,New York,24.050003,5.350003000000001
2025-05-13 10:00:00+00:00,New York,24.566666,7.375002000000002
2025-05-13 11:00:00+00:00,New York,25.349998,8.458333
2025-05-13 12:00:00+00:00,New York,26.183334,7.383333999999998
2025-05-13 13:00:00+00:00,New York,27.499998,4.699998000000001
2025-05-13 14:00:00+00:00,New York,28.649996,-0.15000500000000017
2025-05-13 15:00:00+00:00,New York,29.733332,-4.266667999999999
2025-05-13 16:00:00+00:00,New York,30.766663,-7.633336999999997
2025-05-13 17:00:00+00:00,New York,31.691666,-12.308333999999999
2025-05-13 18:00:00+00:00,New York,32.391666,-16.275002
2025-05-13 19:00:00+00:00,New York,32.78333,-19.21667
2025-05-13 20:00:00+00:00,New York,33.2,-19.466663999999994
2025-05-13 21:00:00+00:00,New York,32.991665,-16.341671000000005
2025-05-13 22:00:00+00:00,New York,32.875,-5.524999999999999
2025-05-13 23:00:00+00:00,New York,32.616665,4.216664999999999
2025-05-14 00:00:00+00:00,New York,32.233334,4.473333999999998
2025-05-14 01:00:00+00:00,New York,31.625,5.344999999999999
2025-05-14 02:00:00+00:00,New York,31.158333,6.998331
2025-05-14 03:00:00+00:00,New York,30.875,7.899998
2025-05-14 04:00:00+00:00,New York,30.758333,7.158331
2025-05-14 05:00:00+00:00,New York,30.8,6.800000000000001
2025-05-14 06:00:00+00:00,New York,31.199999,7.199998999999998
2025-05-14 07:00:00+00:00,New York,31.599998,7.874994000000001
2025-05-14 08:00:00+00:00,New York,32.4,8.608328
2025-05-14 09:00:00+00:00,New York,32.8,8.749996999999997
2025-05-14 10:00:00+00:00,New York,32.8,8.233333999999996
2025-05-14 11:00:00+00:00,New York,32.4,7.050001999999999
2025-05-14 12:00:00+00:00,New York,30.4,4.216666
2025-05-14 13:00:00+00:00,New York,30.8,3.300001999999999
2025-05-14 14:00:00+00:00,New York,31.199999,2.5500029999999967
2025-05-14 15:00:00+00:00,New York,32.4,2.666667999999998
2025-05-14 16:00:00+00:00,New York,34.8,4.033336999999996
2025-05-14 17:00:00+00:00,New York,38.0,6.3083339999999986
2025-05-14 18:00:00+00:00,New York,39.6,7.208334000000001
2025-05-14 19:00:00+00:00,New York,38.800003,6.016672999999997
2025-05-14 20:00:00+00:00,New York,36.399998,3.1999979999999937
2025-05-14 21:00:00+00:00,New York,34.0,1.0083350000000024
2025-05-14 22:00:00+00:00,New York,31.599998,-1.2750020000000006
2025-05-14 23:00:00+00:00,New York,28.800001,-3.816663999999996
2025-05-15 00:00:00+00:00,New York,26.516665,-5.716669
2025-05-15 01:00:00+00:00,New York,26.40833,-5.216670000000001
2025-05-15 02:00:00+00:00,New York,26.416664,-4.741668999999998
2025-05-15 03:00:00+00:00,New York,26.499998,-4.3750019999999985
2025-05-15 04:00:00+00:00,New York,26.60833,-4.150003000000002
2025-05-15 05:00:00+00:00,New York,26.674997,-4.1250029999999995
2025-05-15 06:00:00+00:00,New York,26.741661,-4.458337999999998
2025-05-15 07:00:00+00:00,New York,26.774996,-4.825001999999998
2025-05-15 08:00:00+00:00,New York,26.624994,-5.775005999999998
2025-05-15 09:00:00+00:00,New York,26.46666,-6.333339999999996
2025-05-15 10:00:00+00:00,New York,26.308327,-6.491672999999999
2025-05-15 11:00:00+00:00,New York,26.024994,-6.375005999999999
2025-05-15 12:00:00+00:00,New York,25.674995,-4.7250049999999995
2025-05-15 13:00:00+00:00,New York,25.874998,-4.925001999999999
2025-05-15 14:00:00+00:00,New York,25.949997,-5.2500019999999985
2025-05-15 15:00:00+00:00,New York,25.9,-6.5
2025-05-15 16:00:00+00:00,New York,25.866665,-8.933334999999996
2025-05-15 17:00:00+00:00,New York,25.933334,-12.066666000000001
2025-05-15 18:00:00+00:00,New York,29.2,-10.400000000000002
2025-05-15 19:00:00+00:00,New York,32.4,-6.400002999999998
2025-05-15 20:00:00+00:00,New York,34.0,-2.3999979999999965
2025-05-15 21:00:00+00:00,New York,33.2,-0.7999999999999972
2025-05-15 22:00:00+00:00,New York,28.0,-3.5999979999999994
2025-05-15 23:00:00+00:00,New York,26.416666,-2.3833350000000024
2025-05-16 00:00:00+00:00,New York,29.24,2.7233349999999987
2025-05-16 01:00:00+00:00,New York,30.64,4.231670000000001
2025-05-16 02:00:00+00:00,New York,32.56,6.1433360000000015
2025-05-16 03:00:00+00:00,New York,33.800003,7.300004999999995
2025-05-16 04:00:00+00:00,New York,33.800003,7.191672999999998
2025-05-16 05:00:00+00:00,New York,33.333332,6.6583349999999975
2025-05-16 06:00:00+00:00,New York,34.749996,8.008335000000002
2025-05-16 07:00:00+00:00,New York,36.116665,9.341668999999996
2025-05-16 08:00:00+00:00,New York,37.675,11.050005999999996
2025-05-16 09:00:00+00:00,New York,39.225,12.75834
2025-05-16 10:00:00+00:00,New York,41.38333,15.075003000000002
2025-05-16 11:00:00+00:00,New York,44.216667,18.191673
2025-05-16 12:00:00+00:00,New York,46.80001,21.125015
2025-05-16 13:00:00+00:00,New York,48.833336,22.958338
2025-05-16 14:00:00+00:00,New York,50.899994,24.949997
2025-05-16 15:00:00+00:00,New York,53.25,27.35
2025-05-16 16:00:00+00:00,New York,55.6,29.733335
2025-05-16 17:00:00+00:00,New York,57.86666,31.933326000000005
2025-05-16 18:00:00+00:00,New York,60.043335,30.843335
2025-05-16 19:00:00+00:00,New York,60.353336,27.953336
2025-05-16 20:00:00+00:00,New York,60.653336,26.653336000000003
2025-05-16 21:00:00+00:00,New York,60.826668,27.626667999999995
2025-05-16 22:00:00+00:00,New York,60.973335,32.973335
2025-05-16 23:00:00+00:00,New York,61.08667,34.670004
2025-05-17 00:00:00+00:00,New York,61.15667,31.91667
2025-05-17 01:00:00+00:00,New York,60.820004,30.180003999999997
2025-05-17 02:00:00+00:00,New York,60.426666,27.866665999999995
2025-05-17 03:00:00+00:00,New York,59.783333,25.983330000000002
2025-05-17 04:00:00+00:00,New York,57.25,23.449997000000003
2025-05-17 05:00:00+00:00,New York,54.950012,21.616680000000002
2025-05-17 06:00:00+00:00,New York,53.0,18.250003999999997
2025-05-17 07:00:00+00:00,New York,51.36667,15.250005000000002
2025-05-17 08:00:00+00:00,New York,49.783333,12.108333000000002
2025-05-17 09:00:00+00:00,New York,48.266663,9.041663
2025-05-17 10:00:00+00:00,New York,47.033333,5.650002999999998
2025-05-17 11:00:00+00:00,New York,46.316673,2.1000060000000005
2025-05-17 12:00:00+00:00,New York,46.23333,-0.5666799999999981
2025-05-17 13:00:00+00:00,New York,44.749992,-4.083344000000004
2025-05-17 14:00:00+00:00,New York,43.43332,-7.466673999999998
2025-05-17 15:00:00+00:00,New York,41.683327,-11.566673000000002
2025-05-17 16:00:00+00:00,New York,45.333332,-10.266668000000003
2025-05-17 17:00:00+00:00,New York,58.666668,0.8000079999999983
2025-05-17 18:00:00+00:00,New York,61.81818,1.7748449999999991
2025-05-17 19:00:00+00:00,New York,62.0,1.6466640000000012
2025-05-17 20:00:00+00:00,New York,60.90909,0.25575399999999604
2025-05-17 21:00:00+00:00,New York,58.0,-2.826667999999998
2025-05-17 22:00:00+00:00,New York,50.0,-10.973334999999999
2025-05-17 23:00:00+00:00,New York,40.666664,-20.420006
2025-05-18 00:00:00+00:00,New York,32.041668,-29.115001999999997
2025-05-18 01:00:00+00:00,New York,32.225,-28.595003999999996
2025-05-18 02:00:00+00:00,New York,32.558334,-27.868331999999995
2025-05-18 03:00:00+00:00,New York,32.975,-26.808332999999998
2025-05-18 04:00:00+00:00,New York,33.19167,-24.058329999999998
2025-05-18 05:00:00+00:00,New York,32.99167,-21.958342000000002
2025-05-18 06:00:00+00:00,New York,32.433334,-20.566665999999998
2025-05-18 07:00:00+00:00,New York,31.65,-19.71667
2025-05-18 08:00:00+00:00,New York,30.683334,-19.099999
2025-05-18 09:00:00+00:00,New York,29.550003,-18.71666
2025-05-18 10:00:00+00:00,New York,28.258339,-18.774994
2025-05-18 11:00:00+00:00,New York,26.800003,-19.51667
2025-05-18 12:00:00+00:00,New York,25.191668,-21.041662000000002
2025-05-18 13:00:00+00:00,New York,23.925003,-20.824989
2025-05-18 14:00:00+00:00,New York,26.0,-17.433320000000002
2025-05-18 15:00:00+00:00,New York,29.2,-12.483327
2025-05-18 16:00:00+00:00,New York,33.2,-12.133331999999996
2025-05-18 17:00:00+00:00,New York,37.6,-21.066668
2025-05-18 18:00:00+00:00,New York,41.333332,-20.484848
2025-05-18 19:00:00+00:00,New York,44.0,-18.0
2025-05-18 20:00:00+00:00,New York,45.333332,-15.575758
2025-05-18 21:00:00+00:00,New York,44.0,-14.0
2025-05-18 22:00:00+00:00,New York,40.0,-10.0
2025-05-18 23:00:00+00:00,New York,36.0,-4.666663999999997
2025-05-19 00:00:00+00:00,New York,33.600002,1.558334000000002
2025-05-19 01:00:00+00:00,New York,32.0,-0.22500000000000142
2025-05-19 02:00:00+00:00,New York,29.6,-2.9583340000000007
2025-05-19 03:00:00+00:00,New York,27.6,-5.375
2025-05-19 04:00:00+00:00,New York,26.800001,-6.391669
2025-05-19 05:00:00+00:00,New York,26.800001,-6.191668999999997
2025-05-19 06:00:00+00:00,New York,26.399998,-6.033336000000002
2025-05-19 07:00:00+00:00,New York,26.0,-5.649999999999999
2025-05-19 08:00:00+00:00,New York,25.599998,-5.083335999999999
2025-05-19 09:00:00+00:00,New York,25.2,-4.350003000000001
2025-05-19 10:00:00+00:00,New York,24.8,-3.4583389999999987
2025-05-19 11:00:00+00:00,New York,24.8,-2.0000029999999995
2025-05-19 12:00:00+00:00,New York,25.599998,0.4083299999999994
2025-05-19 13:00:00+00:00,New York,26.399998,2.474995
2025-05-19 14:00:00+00:00,New York,27.2,1.1999999999999993
2025-05-19 15:00:00+00:00,New York,28.4,-0.8000000000000007
2025-05-19 16:00:00+00:00,New York,30.0,-3.200000000000003
2025-05-19 17:00:00+00:00,New York,32.0,-5.600000000000001
2025-05-19 18:00:00+00:00,New York,33.2,-8.133331999999996
2025-05-19 19:00:00+00:00,New York,34.0,-10.0
2025-05-19 20:00:00+00:00,New York,34.4,-10.933332
2025-05-19 21:00:00+00:00,New York,34.0,-10.0
2025-05-19 22:00:00+00:00,New York,32.8,-7.200000000000003
2025-05-19 23:00:00+00:00,New York,30.8,-5.199999999999999
2025-05-20 00:00:00+00:00,New York,28.800001,-4.800001000000002
2025-05-20 01:00:00+00:00,New York,27.6,-4.399999999999999
2025-05-20 02:00:00+00:00,New York,26.0,-3.6000000000000014
2025-05-20 03:00:00+00:00,New York,24.400002,-3.199998000000001
2025-05-20 04:00:00+00:00,New York,23.199999,-3.6000020000000035
2025-05-20 05:00:00+00:00,New York,22.0,-4.800001000000002
2025-05-20 06:00:00+00:00,New York,20.8,-5.599997999999999
2025-05-20 07:00:00+00:00,New York,20.0,-6.0
2025-05-20 08:00:00+00:00,New York,19.199999,-6.399999000000001
2025-05-20 09:00:00+00:00,New York,18.8,-6.399999999999999
2025-05-20 10:00:00+00:00,New York,18.8,-6.0
2025-05-20 11:00:00+00:00,New York,18.8,-6.0
2025-05-20 12:00:00+00:00,New York,19.199999,-6.399999000000001
2025-05-20 13:00:00+00:00,New York,20.8,-5.599997999999999
2025-05-20 14:00:00+00:00,New York,23.199999,-4.000001000000001
2025-05-20 15:00:00+00:00,New York,25.2,-3.1999999999999993
2025-05-20 16:00:00+00:00,New York,26.800001,-3.1999989999999983
2025-05-20 17:00:00+00:00,New York,27.6,-4.399999999999999
2025-05-20 18:00:00+00:00,New York,28.4,-4.800000000000004
2025-05-20 19:00:00+00:00,New York,28.4,-5.600000000000001
2025-05-20 20:00:00+00:00,New York,28.0,-6.399999999999999
2025-05-20 21:00:00+00:00,New York,27.2,-6.800000000000001
2025-05-20 22:00:00+00:00,New York,26.0,-6.799999999999997
2025-05-20 23:00:00+00:00,New York,24.8,-6.0
2025-05-21 00:00:00+00:00,New York,27.2,-1.6000010000000024
2025-05-21 01:00:00+00:00,New York,23.199999,-4.400001000000003
2025-05-21 02:00:00+00:00,New York,18.0,-8.0
2025-05-21 03:00:00+00:00,New York,17.0,-7.400002000000001
2025-05-21 04:00:00+00:00,New York,18.35,-4.849998999999997
2025-05-21 05:00:00+00:00,New York,18.55,-3.4499999999999993
2025-05-21 06:00:00+00:00,New York,17.75,-3.0500000000000007
2025-05-21 07:00:00+00:00,New York,17.2,-2.8000000000000007
2025-05-21 08:00:00+00:00,New York,23.199999,4.0
2025-05-21 09:00:00+00:00,New York,27.2,8.399999999999999
2025-05-21 10:00:00+00:00,New York,27.6,8.8
2025-05-21 11:00:00+00:00,New York,26.800001,8.000001000000001
2025-05-21 12:00:00+00:00,New York,27.2,8.000001000000001
2025-05-21 13:00:00+00:00,New York,25.599998,4.799997999999999
2025-05-21 14:00:00+00:00,New York,23.600002,0.40000300000000166
2025-05-21 15:00:00+00:00,New York,22.8,-2.3999999999999986
2025-05-21 16:00:00+00:00,New York,23.600002,-3.199999000000002
2025-05-21 17:00:00+00:00,New York,25.599998,-2.000002000000002
2025-05-21 18:00:00+00:00,New York,27.2,-1.1999999999999993
2025-05-21 19:00:00+00:00,New York,28.4,0.0
2025-05-21 20:00:00+00:00,New York,29.6,1.6000000000000014
2025-05-21 21:00:00+00:00,New York,30.4,3.1999999999999993
2025-05-21 22:00:00+00:00,New York,30.4,4.399999999999999
2025-05-21 23:00:00+00:00,New York,30.0,5.199999999999999
2025-05-22 00:00:00+00:00,New York,30.0,2.8000000000000007
2025-05-22 01:00:00+00:00,New York,29.2,6.000001000000001
2025-05-22 02:00:00+00:00,New York,28.4,10.399999999999999
2025-05-22 03:00:00+00:00,New York,27.6,10.600000000000001
2025-05-22 04:00:00+00:00,New York,27.2,8.849999999999998
2025-05-22 05:00:00+00:00,New York,27.2,8.649999999999999
2025-05-22 06:00:00+00:00,New York,27.2,9.45
2025-05-22 07:00:00+00:00,New York,27.6,10.400000000000002
2025-05-22 08:00:00+00:00,New York,27.6,4.400001000000003
2025-05-22 09:00:00+00:00,New York,27.6,0.40000000000000213
2025-05-22 10:00:00+00:00,New York,26.800001,-0.7999989999999997
2025-05-22 11:00:00+00:00,New York,25.2,-1.6000010000000024
2025-05-22 12:00:00+00:00,New York,24.8,-2.3999999999999986
2025-05-22 13:00:00+00:00,New York,24.400002,-1.1999959999999987
2025-05-22 14:00:00+00:00,New York,24.400002,0.8000000000000007
2025-05-22 15:00:00+00:00,New York,24.0,1.1999999999999993
2025-05-22 16:00:00+00:00,New York,24.0,0.3999980000000001
2025-05-22 17:00:00+00:00,New York,24.0,-1.5999979999999994
2025-05-22 18:00:00+00:00,New York,24.0,-3.1999999999999993
2025-05-22 19:00:00+00:00,New York,23.600002,-4.799997999999999
2025-05-22 20:00:00+00:00,New York,22.8,-6.800000000000001
2025-05-22 21:00:00+00:00,New York,21.6,-8.799999999999997
2025-05-22 22:00:00+00:00,New York,20.4,-10.0
2025-05-22 23:00:00+00:00,New York,19.199999,-10.800001000000002
2025-05-23 00:00:00+00:00,New York,17.6,-12.399999999999999
2025-05-23 01:00:00+00:00,New York,16.8,-12.399999999999999
2025-05-23 02:00:00+00:00,New York,16.0,-12.399999999999999
2025-05-23 03:00:00+00:00,New York,15.2,-12.400000000000002
2025-05-23 04:00:00+00:00,New York,15.2,-12.0
2025-05-23 05:00:00+00:00,New York,15.599999,-11.600000999999999
2025-05-23 06:00:00+00:00,New York,15.599999,-11.600000999999999
2025-05-23 07:00:00+00:00,New York,15.2,-12.400000000000002
2025-05-23 08:00:00+00:00,New York,15.2,-12.400000000000002
2025-05-23 09:00:00+00:00,New York,14.400001,-13.199999000000002
2025-05-23 10:00:00+00:00,New York,13.200001,-13.600000000000001
2025-05-23 11:00:00+00:00,New York,14.75,-10.45
2025-05-23 12:00:00+00:00,New York,18.1,-6.699999999999999
2025-05-23 13:00:00+00:00,New York,17.25,-7.150002000000001
2025-05-23 14:00:00+00:00,New York,16.05,-8.350002
2025-05-23 15:00:00+00:00,New York,14.6,-9.4
2025-05-23 16:00:00+00:00,New York,16.4,-7.600000000000001
2025-05-23 17:00:00+00:00,New York,20.0,-4.0
2025-05-23 18:00:00+00:00,New York,23.199999,-0.8000010000000017
2025-05-23 19:00:00+00:00,New York,26.800001,3.199999000000002
2025-05-23 20:00:00+00:00,New York,30.0,7.199999999999999
2025-05-23 21:00:00+00:00,New York,30.8,9.2
2025-05-23 22:00:00+00:00,New York,26.399998,5.9999980000000015
2025-05-23 23:00:00+00:00,New York,19.6,0.40000100000000316
2025-05-24 00:00:00+00:00,New York,17.6,0.0
2025-05-24 01:00:00+00:00,New York,16.0,-0.8000000000000007
2025-05-24 02:00:00+00:00,New York,17.141666,1.1416660000000007
2025-05-24 03:00:00+00:00,New York,18.433332,3.2333320000000008
2025-05-24 04:00:00+00:00,New York,19.616667,4.416667
2025-05-24 05:00:00+00:00,New York,20.741669,5.141670000000001
2025-05-24 06:00:00+00:00,New York,21.783333,6.1833339999999986
2025-05-24 07:00:00+00:00,New York,22.7,7.5
2025-05-24 08:00:00+00:00,New York,23.491667,8.291667
2025-05-24 09:00:00+00:00,New York,24.141665,9.741664
2025-05-24 10:00:00+00:00,New York,24.674997,11.474996
2025-05-24 11:00:00+00:00,New York,25.091665,10.341664999999999
2025-05-24 12:00:00+00:00,New York,25.441664,7.341663999999998
2025-05-24 13:00:00+00:00,New York,25.091667,7.841667000000001
2025-05-24 14:00:00+00:00,New York,24.658333,8.608332999999998
2025-05-24 15:00:00+00:00,New York,24.208334,9.608334000000001
2025-05-24 16:00:00+00:00,New York,25.2,8.8
2025-05-24 17:00:00+00:00,New York,28.0,8.0
2025-05-24 18:00:00+00:00,New York,30.0,6.800001000000002
2025-05-24 19:00:00+00:00,New York,30.4,3.599998999999997
2025-05-24 20:00:00+00:00,New York,29.6,-0.3999999999999986
2025-05-24 21:00:00+00:00,New York,28.4,-2.400000000000002
2025-05-24 22:00:00+00:00,New York,26.399998,0.0
2025-05-24 23:00:00+00:00,New York,24.0,4.399999999999999
2025-05-25 00:00:00+00:00,New York,24.8,7.199999999999999
2025-05-25 01:00:00+00:00,New York,24.0,8.0
2025-05-25 02:00:00+00:00,New York,22.4,5.258333999999998
2025-05-25 03:00:00+00:00,New York,21.6,3.1666680000000014
2025-05-25 04:00:00+00:00,New York,21.6,1.9833330000000018
2025-05-25 05:00:00+00:00,New York,21.6,0.8583309999999997
2025-05-25 06:00:00+00:00,New York,21.6,-0.18333299999999753
2025-05-25 07:00:00+00:00,New York,21.199999,-1.500001000000001
2025-05-25 08:00:00+00:00,New York,20.4,-3.091667000000001
2025-05-25 09:00:00+00:00,New York,20.0,-4.141665
2025-05-25 10:00:00+00:00,New York,20.0,-4.674997000000001
2025-05-25 11:00:00+00:00,New York,20.0,-5.091664999999999
2025-05-25 12:00:00+00:00,New York,19.6,-5.841663999999998
2025-05-25 13:00:00+00:00,New York,21.199999,-3.891668000000003
2025-05-25 14:00:00+00:00,New York,23.600002,-1.058330999999999
2025-05-25 15:00:00+00:00,New York,26.0,1.7916659999999993
2025-05-25 16:00:00+00:00,New York,28.800001,3.6000010000000024
2025-05-25 17:00:00+00:00,New York,31.199999,3.1999989999999983
2025-05-25 18:00:00+00:00,New York,33.2,3.200000000000003
2025-05-25 19:00:00+00:00,New York,34.0,3.6000000000000014
2025-05-25 20:00:00+00:00,New York,34.0,4.399999999999999
2025-05-25 21:00:00+00:00,New York,32.8,4.399999999999999
2025-05-25 22:00:00+00:00,New York,29.6,3.2000020000000013
2025-05-25 23:00:00+00:00,New York,25.599998,1.5999979999999994
2025-05-26 00:00:00+00:00,New York,22.4,-2.400000000000002
2025-05-26 01:00:00+00:00,New York,20.4,-3.6000000000000014
2025-05-26 02:00:00+00:00,New York,18.0,-4.399999999999999
2025-05-26 03:00:00+00:00,New York,16.0,-5.600000000000001
2025-05-26 04:00:00+00:00,New York,15.599999,-6.000001000000001
2025-05-26 05:00:00+00:00,New York,16.4,-5.200000000000003
2025-05-26 06:00:00+00:00,New York,16.8,-4.800000000000001
2025-05-26 07:00:00+00:00,New York,17.300001,-3.8999979999999965
2025-05-26 08:00:00+00:00,New York,17.891666,-2.508333999999998
2025-05-26 09:00:00+00:00,New York,18.475,-1.5249999999999986
2025-05-26 10:00:00+00:00,New York,19.075,-0.9250000000000007
2025-05-26 11:00:00+00:00,New York,19.675001,-0.32499899999999826
2025-05-26 12:00:00+00:00,New York,20.241665,0.6416649999999997
2025-05-26 13:00:00+00:00,New York,22.0,0.8000010000000017
2025-05-26 14:00:00+00:00,New York,26.800001,3.199999000000002
2025-05-26 15:00:00+00:00,New York,31.199999,5.199998999999998
2025-05-26 16:00:00+00:00,New York,34.0,5.199998999999998
2025-05-26 17:00:00+00:00,New York,36.0,4.800001000000002
2025-05-26 18:00:00+00:00,New York,37.6,4.399999999999999
2025-05-26 19:00:00+00:00,New York,38.800003,4.800002999999997
2025-05-26 20:00:00+00:00,New York,39.6,5.600000000000001
2025-05-26 21:00:00+00:00,New York,37.6,4.800000000000004
2025-05-26 22:00:00+00:00,New York,30.8,1.1999999999999993
2025-05-26 23:00:00+00:00,New York,22.541672,-3.058326000000001
2025-05-27 00:00:00+00:00,New York,28.32,5.920000000000002
2025-05-27 01:00:00+00:00,New York,31.160002,10.760002
2025-05-27 02:00:00+00:00,New York,34.96,16.96
2025-05-27 03:00:00+00:00,New York,37.28,21.28
2025-05-27 04:00:00+00:00,New York,36.64,21.040001
2025-05-27 05:00:00+00:00,New York,34.48,18.08
2025-05-27 06:00:00+00:00,New York,33.43333,16.633329999999997
2025-05-27 07:00:00+00:00,New York,36.158333,18.858331999999997
2025-05-27 08:00:00+00:00,New York,38.283333,20.391666999999998
2025-05-27 09:00:00+00:00,New York,39.991665,21.516664999999996
2025-05-27 10:00:00+00:00,New York,42.783333,23.708333
2025-05-27 11:00:00+00:00,New York,45.283333,25.608331999999997
2025-05-27 12:00:00+00:00,New York,47.35,27.108335
2025-05-27 13:00:00+00:00,New York,48.033325,26.033324999999998
2025-05-27 14:00:00+00:00,New York,48.549995,21.749994
2025-05-27 15:00:00+00:00,New York,49.033333,17.833334
2025-05-27 16:00:00+00:00,New York,49.733337,15.733336999999999
2025-05-27 17:00:00+00:00,New York,50.6,14.600000000000001
2025-05-27 18:00:00+00:00,New York,51.61667,14.016669999999998
2025-05-27 19:00:00+00:00,New York,52.700005,13.900002
2025-05-27 20:00:00+00:00,New York,53.833336,14.233336000000001
2025-05-27 21:00:00+00:00,New York,54.98333,17.38333
2025-05-27 22:00:00+00:00,New York,56.149994,25.349994
2025-05-27 23:00:00+00:00,New York,57.416664,34.874992
2025-05-28 00:00:00+00:00,New York,58.94999,30.62999
2025-05-28 01:00:00+00:00,New York,57.649994,26.489992
2025-05-28 02:00:00+00:00,New York,54.63333,19.67333
2025-05-28 03:00:00+00:00,New York,49.98333,12.703330000000001
2025-05-28 04:00:00+00:00,New York,44.416664,7.776663999999997
2025-05-28 05:00:00+00:00,New York,39.1,4.6200000000000045
2025-05-28 06:00:00+00:00,New York,35.8,2.366669999999999
2025-05-28 07:00:00+00:00,New York,32.858334,-3.2999989999999997
2025-05-28 08:00:00+00:00,New York,30.600004,-7.6833290000000005
2025-05-28 09:00:00+00:00,New York,28.791666,-11.199998999999998
2025-05-28 10:00:00+00:00,New York,27.350002,-15.433330999999999
2025-05-28 11:00:00+00:00,New York,26.116667,-19.166666
2025-05-28 12:00:00+00:00,New York,25.183334,-22.166666000000003
2025-05-28 13:00:00+00:00,New York,24.991667,-23.041657999999998
2025-05-28 14:00:00+00:00,New York,25.025002,-23.524993000000002
2025-05-28 15:00:00+00:00,New York,25.199997,-23.833336
2025-05-28 16:00:00+00:00,New York,26.0,-23.733337
2025-05-28 17:00:00+00:00,New York,28.800001,-21.799999
2025-05-28 18:00:00+00:00,New York,30.8,-20.81667
2025-05-28 19:00:00+00:00,New York,31.599998,-21.100006999999998
2025-05-28 20:00:00+00:00,New York,31.599998,-22.233338000000003
2025-05-28 21:00:00+00:00,New York,30.4,-24.583330000000004
2025-05-28 22:00:00+00:00,New York,26.800001,-29.349992999999998
2025-05-28 23:00:00+00:00,New York,24.16667,-33.249994
2025-05-29 00:00:00+00:00,New York,24.0,-34.94999
2025-05-29 01:00:00+00:00,New York,23.808334,-33.841660000000005
2025-05-29 02:00:00+00:00,New York,23.69167,-30.941660000000002
2025-05-29 03:00:00+00:00,New York,23.633331,-26.349999000000004
2025-05-29 04:00:00+00:00,New York,23.55,-20.866663999999997
2025-05-29 05:00:00+00:00,New York,23.300003,-15.799997000000001
2025-05-29 06:00:00+00:00,New York,23.099998,-12.700001999999998
2025-05-29 07:00:00+00:00,New York,22.941668,-9.916666
2025-05-29 08:00:00+00:00,New York,24.400002,-6.200001999999998
2025-05-29 09:00:00+00:00,New York,26.0,-2.7916659999999993
2025-05-29 10:00:00+00:00,New York,26.0,-1.350002
2025-05-29 11:00:00+00:00,New York,24.8,-1.316666999999999
2025-05-29 12:00:00+00:00,New York,20.8,-4.383333999999998
2025-05-29 13:00:00+00:00,New York,21.6,-3.391666999999998
2025-05-29 14:00:00+00:00,New York,22.4,-2.625002000000002
2025-05-29 15:00:00+00:00,New York,24.0,-1.1999969999999998
2025-05-29 16:00:00+00:00,New York,26.399998,0.3999980000000001
2025-05-29 17:00:00+00:00,New York,29.2,0.39999899999999755
2025-05-29 18:00:00+00:00,New York,31.199999,0.39999899999999755
2025-05-29 19:00:00+00:00,New York,32.8,1.2000019999999978
2025-05-29 20:00:00+00:00,New York,34.0,2.4000020000000006
2025-05-29 21:00:00+00:00,New York,33.600002,3.200002000000005
2025-05-29 22:00:00+00:00,New York,31.199999,4.3999979999999965
2025-05-29 23:00:00+00:00,New York,27.2,3.0333299999999994
2025-05-30 00:00:00+00:00,New York,29.24,5.239999999999998
2025-05-30 01:00:00+00:00,New York,29.960001,6.151667
2025-05-30 02:00:00+00:00,New York,30.84,7.148330000000001
2025-05-30 03:00:00+00:00,New York,30.439999,6.806668000000002
2025-05-30 04:00:00+00:00,New York,27.68,4.129999999999999
2025-05-30 05:00:00+00:00,New York,25.050001,1.7499980000000015
2025-05-30 06:00:00+00:00,New York,26.241667,3.1416690000000003
2025-05-30 07:00:00+00:00,New York,27.425001,4.483333000000002
2025-05-30 08:00:00+00:00,New York,28.750002,4.349999999999998
2025-05-30 09:00:00+00:00,New York,30.200003,4.200002999999999
2025-05-30 10:00:00+00:00,New York,31.783335,5.783335000000001
2025-05-30 11:00:00+00:00,New York,33.391666,8.591666
2025-05-30 12:00:00+00:00,New York,34.941666,14.141665999999997
2025-05-30 13:00:00+00:00,New York,36.258335,14.658335000000001
2025-05-30 14:00:00+00:00,New York,37.583336,15.183336000000004
2025-05-30 15:00:00+00:00,New York,38.7,14.700000000000003
2025-05-30 16:00:00+00:00,New York,39.858334,13.458336
2025-05-30 17:00:00+00:00,New York,48.666668,19.466668000000002
2025-05-30 18:00:00+00:00,New York,56.0,24.800001
2025-05-30 19:00:00+00:00,New York,60.181816,27.381816
2025-05-30 20:00:00+00:00,New York,60.545456,26.545456
2025-05-30 21:00:00+00:00,New York,59.333336,25.733334
2025-05-30 22:00:00+00:00,New York,50.533333,19.333334
2025-05-30 23:00:00+00:00,New York,51.63333,24.43333
2025-05-31 00:00:00+00:00,New York,52.63333,23.393330000000002
2025-05-31 01:00:00+00:00,New York,51.11666,21.156659000000005
2025-05-31 02:00:00+00:00,New York,49.350006,18.510006
2025-05-31 03:00:00+00:00,New York,47.583336,17.143337000000002
2025-05-31 04:00:00+00:00,New York,45.700005,18.020004999999998
2025-05-31 05:00:00+00:00,New York,43.566658,18.516656999999995
2025-05-31 06:00:00+00:00,New York,40.499992,14.258325
2025-05-31 07:00:00+00:00,New York,38.43333,11.008328999999996
2025-05-31 08:00:00+00:00,New York,36.53333,7.783328000000001
2025-05-31 09:00:00+00:00,New York,34.708332,4.508329
2025-05-31 10:00:00+00:00,New York,32.916668,1.1333330000000004
2025-05-31 11:00:00+00:00,New York,31.191666,-2.1999999999999993
2025-05-31 12:00:00+00:00,New York,31.599998,-3.3416679999999985
2025-05-31 13:00:00+00:00,New York,31.599998,-4.658337000000003
2025-05-31 14:00:00+00:00,New York,32.0,-5.583336000000003
2025-05-31 15:00:00+00:00,New York,33.2,-5.5
2025-05-31 16:00:00+00:00,New York,36.399998,-3.4583360000000027
2025-05-31 17:00:00+00:00,New York,40.0,-8.666668000000001
2025-05-31 18:00:00+00:00,New York,42.666668,-13.333331999999999
2025-05-31 19:00:00+00:00,New York,38.800003,-21.381813
2025-05-31 20:00:00+00:00,New York,33.600002,-26.945453999999998
2025-05-31 21:00:00+00:00,New York,28.800001,-30.533335
2025-05-31 22:00:00+00:00,New York,25.599998,-24.933335
2025-05-31 23:00:00+00:00,New York,22.8,-28.83333
2025-06-01 00:00:00+00:00,New York,22.0,-30.63333
2025-06-01 01:00:00+00:00,New York,22.0,-29.116660000000003
2025-06-01 02:00:00+00:00,New York,22.0,-27.350006
2025-06-01 03:00:00+00:00,New York,21.6,-25.983336
2025-06-01 04:00:00+00:00,New York,21.199999,-24.500006
2025-06-01 05:00:00+00:00,New York,20.4,-23.166657999999998
2025-06-01 06:00:00+00:00,New York,20.0,-20.499992
2025-06-01 07:00:00+00:00,New York,19.6,-18.833329999999997
2025-06-01 08:00:00+00:00,New York,19.225,-17.308329999999998
2025-06-01 09:00:00+00:00,New York,20.383335,-14.324997
2025-06-01 10:00:00+00:00,New York,21.625,-11.291668000000001
2025-06-01 11:00:00+00:00,New York,22.85,-8.341666
2025-06-01 12:00:00+00:00,New York,23.908333,-7.691665
2025-06-01 13:00:00+00:00,New York,24.416666,-7.183332
2025-06-01 14:00:00+00:00,New York,24.425001,-7.574998999999998
2025-06-01 15:00:00+00:00,New York,26.800001,-6.399999000000001
2025-06-01 16:00:00+00:00,New York,29.2,-7.199997999999997
2025-06-01 17:00:00+00:00,New York,31.599998,-8.400002
2025-06-01 18:00:00+00:00,New York,33.600002,-9.066665999999998
2025-06-01 19:00:00+00:00,New York,35.2,-3.600002999999994
2025-06-01 20:00:00+00:00,New York,36.0,2.3999979999999965
2025-06-01 21:00:00+00:00,New York,35.2,6.399999000000001
2025-06-01 22:00:00+00:00,New York,32.4,6.800001999999999
2025-06-01 23:00:00+00:00,New York,28.0,5.199999999999999
2025-06-02 00:00:00+00:00,New York,23.16,1.1600000000000001
2025-06-02 01:00:00+00:00,New York,25.079998,3.079998
2025-06-02 02:00:00+00:00,New York,27.560001,5.560001
2025-06-02 03:00:00+00:00,New York,28.35,6.75
2025-06-02 04:00:00+00:00,New York,31.633335,10.433336
2025-06-02 05:00:00+00:00,New York,34.916668,14.516668000000003
2025-06-02 06:00:00+00:00,New York,37.491665,17.491664999999998
2025-06-02 07:00:00+00:00,New York,38.95,19.35
2025-06-02 08:00:00+00:00,New York,39.391666,20.166666
2025-06-02 09:00:00+00:00,New York,39.166668,18.783333000000002
2025-06-02 10:00:00+00:00,New York,38.641666,17.016666
2025-06-02 11:00:00+00:00,New York,38.050003,15.200002999999995
2025-06-02 12:00:00+00:00,New York,37.508335,13.600002000000003
2025-06-02 13:00:00+00:00,New York,37.258335,12.841669000000003
2025-06-02 14:00:00+00:00,New York,37.308334,12.883333
2025-06-02 15:00:00+00:00,New York,37.4,10.599998999999997
2025-06-02 16:00:00+00:00,New York,37.600002,8.400002000000004
2025-06-02 17:00:00+00:00,New York,37.966667,6.366669000000002
2025-06-02 18:00:00+00:00,New York,38.425003,4.825000999999993
2025-06-02 19:00:00+00:00,New York,39.6,4.399999999999999
2025-06-02 20:00:00+00:00,New York,42.0,6.0
2025-06-02 21:00:00+00:00,New York,40.666664,5.466663999999994
2025-06-02 22:00:00+00:00,New York,40.98333,8.583330000000004
2025-06-02 23:00:00+00:00,New York,41.700005,13.700004999999997
2025-06-03 00:00:00+00:00,New York,42.800003,19.640002999999997
2025-06-03 01:00:00+00:00,New York,39.866665,14.786666999999998
2025-06-03 02:00:00+00:00,New York,38.25,10.689999
2025-06-03 03:00:00+00:00,New York,36.624996,8.274996000000002
2025-06-03 04:00:00+00:00,New York,35.041664,3.4083289999999984
2025-06-03 05:00:00+00:00,New York,33.791664,-1.1250040000000041
2025-06-03 06:00:00+00:00,New York,33.375,-4.116664999999998
2025-06-03 07:00:00+00:00,New York,33.983334,-4.966666000000004
2025-06-03 08:00:00+00:00,New York,35.408333,-3.983333000000002
2025-06-03 09:00:00+00:00,New York,37.333332,-1.8333360000000027
2025-06-03 10:00:00+00:00,New York,39.458332,0.8166659999999979
2025-06-03 11:00:00+00:00,New York,43.516663,5.4666600000000045
2025-06-03 12:00:00+00:00,New York,48.149994,10.641658999999997
2025-06-03 13:00:00+00:00,New York,48.399994,11.141658999999997
2025-06-03 14:00:00+00:00,New York,49.48333,12.174996
2025-06-03 15:00:00+00:00,New York,51.299995,13.899995000000004
2025-06-03 16:00:00+00:00,New York,53.0,15.399997999999997
2025-06-03 17:00:00+00:00,New York,54.433342,16.466675000000002
2025-06-03 18:00:00+00:00,New York,56.0,17.574997000000003
2025-06-03 19:00:00+00:00,New York,60.363636,20.763635999999998
2025-06-03 20:00:00+00:00,New York,61.454544,19.454544
2025-06-03 21:00:00+00:00,New York,60.90909,20.242426000000002
2025-06-03 22:00:00+00:00,New York,60.633335,19.650005
2025-06-03 23:00:00+00:00,New York,61.11,19.409995000000002
2025-06-04 00:00:00+00:00,New York,61.513332,18.713329
2025-06-04 01:00:00+00:00,New York,62.083336,22.216671000000005
2025-06-04 02:00:00+00:00,New York,62.466667,24.216667
2025-06-04 03:00:00+00:00,New York,62.59667,25.971674
2025-06-04 04:00:00+00:00,New York,62.5,27.458336000000003
2025-06-04 05:00:00+00:00,New York,62.216667,28.425003000000004
2025-06-04 06:00:00+00:00,New York,61.826668,28.451667999999998
2025-06-04 07:00:00+00:00,New York,61.396667,27.413333
2025-06-04 08:00:00+00:00,New York,60.983334,25.575001
2025-06-04 09:00:00+00:00,New York,60.623337,23.290005
2025-06-04 10:00:00+00:00,New York,60.34,20.881668000000005
2025-06-04 11:00:00+00:00,New York,60.09333,16.576667
2025-06-04 12:00:00+00:00,New York,59.66668,11.516686
2025-06-04 13:00:00+00:00,New York,60.893333,12.493338999999999
2025-06-04 14:00:00+00:00,New York,61.940002,12.456671999999998
2025-06-04 15:00:00+00:00,New York,63.04,11.740004999999996
2025-06-04 16:00:00+00:00,New York,64.16334,11.163340000000005
2025-06-04 17:00:00+00:00,New York,68.545456,14.112113999999998
2025-06-04 18:00:00+00:00,New York,71.63636,15.636359999999996
2025-06-04 19:00:00+00:00,New York,71.63636,11.272723999999997
2025-06-04 20:00:00+00:00,New York,69.818184,8.363640000000004
2025-06-04 21:00:00+00:00,New York,67.73,6.820910000000005
2025-06-04 22:00:00+00:00,New York,67.909996,7.276661000000004
2025-06-04 23:00:00+00:00,New York,67.92334,6.813339999999997
2025-06-05 00:00:00+00:00,New York,67.823326,6.309993999999996
2025-06-05 01:00:00+00:00,New York,67.479996,5.396659999999997
2025-06-05 02:00:00+00:00,New York,67.23334,4.766672999999997
2025-06-05 03:00:00+00:00,New York,67.15333,4.556659999999994
2025-06-05 04:00:00+00:00,New York,67.200005,4.700005000000004
2025-06-05 05:00:00+00:00,New York,67.29667,5.080003000000005
2025-06-05 06:00:00+00:00,New York,67.39,5.563332000000003
2025-06-05 07:00:00+00:00,New York,67.46,6.063332999999993
2025-06-05 08:00:00+00:00,New York,67.48,6.496666000000005
2025-06-05 09:00:00+00:00,New York,67.41667,6.793332999999997
2025-06-05 10:00:00+00:00,New York,67.24999,6.909989999999993
2025-06-05 11:00:00+00:00,New York,66.98333,6.8899999999999935
2025-06-05 12:00:00+00:00,New York,66.630005,6.9633249999999975
2025-06-05 13:00:00+00:00,New York,66.253334,5.360000999999997
2025-06-05 14:00:00+00:00,New York,65.77333,3.8333280000000016
2025-06-05 15:00:00+00:00,New York,65.25666,2.2166599999999974
2025-06-05 16:00:00+00:00,New York,67.63637,3.4730299999999943
2025-06-05 17:00:00+00:00,New York,71.63636,3.0909039999999948
2025-06-05 18:00:00+00:00,New York,74.545456,2.9090960000000052
2025-06-05 19:00:00+00:00,New York,76.36363,4.727270000000004
2025-06-05 20:00:00+00:00,New York,76.909096,7.090912000000003
2025-06-05 21:00:00+00:00,New York,75.63636,7.906359999999992
2025-06-05 22:00:00+00:00,New York,71.27273,3.362733999999989
2025-06-05 23:00:00+00:00,New York,65.07667,-2.846670000000003
2025-06-06 00:00:00+00:00,New York,65.59,-2.233325999999991
2025-06-06 01:00:00+00:00,New York,66.05,-1.4299960000000027
2025-06-06 02:00:00+00:00,New York,66.48334,-0.75
2025-06-06 03:00:00+00:00,New York,66.88,-0.2733300000000014
2025-06-06 04:00:00+00:00,New York,67.25667,0.0566649999999953
2025-06-06 05:00:00+00:00,New York,67.636665,0.3399949999999876
2025-06-06 06:00:00+00:00,New York,68.026665,0.6366649999999936
2025-06-06 07:00:00+00:00,New York,68.39333,0.9333300000000122
2025-06-06 08:00:00+00:00,New York,68.72666,1.2466599999999914
2025-06-06 09:00:00+00:00,New York,69.043335,1.6266650000000027
2025-06-06 10:00:00+00:00,New York,69.34,2.0900100000000066
2025-06-06 11:00:00+00:00,New York,69.61,2.6266700000000043
2025-06-06 12:00:00+00:00,New York,69.846664,3.216659000000007
2025-06-06 13:00:00+00:00,New York,69.82,3.566665999999998
2025-06-06 14:00:00+00:00,New York,69.706665,3.9333349999999996
2025-06-06 15:00:00+00:00,New York,69.53999,4.2833300000000065
2025-06-06 16:00:00+00:00,New York,69.369995,1.7336250000000035
2025-06-06 17:00:00+00:00,New York,70.181816,-1.4545439999999985
2025-06-06 18:00:00+00:00,New York,72.0,-2.5454560000000015
2025-06-06 19:00:00+00:00,New York,70.90909,-5.454539999999994
2025-06-06 20:00:00+00:00,New York,69.276665,-7.632431000000011
2025-06-06 21:00:00+00:00,New York,69.20333,-6.433030000000002
2025-06-06 22:00:00+00:00,New York,68.97,-2.302729999999997
2025-06-06 23:00:00+00:00,New York,68.62,3.5433300000000116
2025-06-07 00:00:00+00:00,New York,68.253334,2.663333999999992
2025-06-07 01:00:00+00:00,New York,67.32667,1.2766699999999958
2025-06-07 02:00:00+00:00,New York,66.42999,-0.05334999999999468
2025-06-07 03:00:00+00:00,New York,65.463326,-1.4166740000000004
2025-06-07 04:00:00+00:00,New York,64.51333,-2.7433400000000034
2025-06-07 05:00:00+00:00,New York,63.629997,-4.006667999999991
2025-06-07 06:00:00+00:00,New York,62.869995,-5.156669999999991
2025-06-07 07:00:00+00:00,New York,62.216663,-6.176667000000009
2025-06-07 08:00:00+00:00,New York,61.636665,-7.089994999999995
2025-06-07 09:00:00+00:00,New York,61.109997,-7.933337999999999
2025-06-07 10:00:00+00:00,New York,60.633335,-8.706665000000001
2025-06-07 11:00:00+00:00,New York,60.206665,-9.403334999999998
2025-06-07 12:00:00+00:00,New York,59.083336,-10.763328000000001
2025-06-07 13:00:00+00:00,New York,56.416656,-13.40334399999999
2025-06-07 14:00:00+00:00,New York,53.716675,-15.989989999999999
2025-06-07 15:00:00+00:00,New York,50.783348,-18.756642000000006
2025-06-07 16:00:00+00:00,New York,47.083344,-22.286651000000006
2025-06-07 17:00:00+00:00,New York,42.750008,-27.431807999999997
2025-06-07 18:00:00+00:00,New York,39.15,-32.85
2025-06-07 19:00:00+00:00,New York,39.2,-31.709090000000003
2025-06-07 20:00:00+00:00,New York,46.666664,-22.610000999999997
2025-06-07 21:00:00+00:00,New York,50.0,-19.203329999999994
2025-06-07 22:00:00+00:00,New York,46.666664,-22.303336
2025-06-07 23:00:00+00:00,New York,39.2,-29.42
2025-06-08 00:00:00+00:00,New York,29.279999,-38.97333499999999
2025-06-08 01:00:00+00:00,New York,28.724998,-38.60167199999999
2025-06-08 02:00:00+00:00,New York,29.550001,-36.879989
2025-06-08 03:00:00+00:00,New York,30.35,-35.113325999999994
2025-06-08 04:00:00+00:00,New York,31.074999,-33.438331
2025-06-08 05:00:00+00:00,New York,31.741667,-31.888330000000003
2025-06-08 06:00:00+00:00,New York,32.266666,-30.603329000000002
2025-06-08 07:00:00+00:00,New York,32.775,-29.441663
2025-06-08 08:00:00+00:00,New York,33.350002,-28.286662999999997
2025-06-08 09:00:00+00:00,New York,34.0,-27.109997
2025-06-08 10:00:00+00:00,New York,34.766666,-25.866669
2025-06-08 11:00:00+00:00,New York,35.666668,-24.539997
2025-06-08 12:00:00+00:00,New York,36.716667,-22.366669
2025-06-08 13:00:00+00:00,New York,38.341663,-18.074993000000006
2025-06-08 14:00:00+00:00,New York,40.883324,-12.833351
2025-06-08 15:00:00+00:00,New York,48.0,-2.7833479999999966
2025-06-08 16:00:00+00:00,New York,56.666664,9.58332
2025-06-08 17:00:00+00:00,New York,60.90909,18.159081999999998
2025-06-08 18:00:00+00:00,New York,61.81818,22.66818
2025-06-08 19:00:00+00:00,New York,61.596664,22.396663999999994
2025-06-08 20:00:00+00:00,New York,62.853333,16.186669000000002
2025-06-08 21:00:00+00:00,New York,64.153336,14.153335999999996
2025-06-08 22:00:00+00:00,New York,65.39667,18.730006000000003
2025-06-08 23:00:00+00:00,New York,66.60333,27.403329999999997
2025-06-09 00:00:00+00:00,New York,67.71333,38.433330999999995
2025-06-09 01:00:00+00:00,New York,67.659996,38.93499800000001
2025-06-09 02:00:00+00:00,New York,67.53999,37.989989
2025-06-09 03:00:00+00:00,New York,67.39333,37.043330000000005
2025-06-09 04:00:00+00:00,New York,67.206665,36.131666
2025-06-09 05:00:00+00:00,New York,66.96333,35.221663
2025-06-09 06:00:00+00:00,New York,66.67667,34.410004
2025-06-09 07:00:00+00:00,New York,66.4,33.62500000000001
2025-06-09 08:00:00+00:00,New York,66.2,32.849998
2025-06-09 09:00:00+00:00,New York,66.149994,32.14999400000001
2025-06-09 10:00:00+00:00,New York,66.236664,31.469998000000004
2025-06-09 11:00:00+00:00,New York,66.27333,30.606662
2025-06-09 12:00:00+00:00,New York,65.899994,29.183327000000006
2025-06-09 13:00:00+00:00,New York,65.67666,27.334997
2025-06-09 14:00:00+00:00,New York,65.28,24.396676
2025-06-09 15:00:00+00:00,New York,64.666664,16.666663999999997
2025-06-09 16:00:00+00:00,New York,63.94333,7.276666000000006
2025-06-09 17:00:00+00:00,New York,63.12333,2.2142400000000038
2025-06-09 18:00:00+00:00,New York,62.113327,0.29514700000000005
2025-06-09 19:00:00+00:00,New York,60.956665,-0.639998999999996
2025-06-09 20:00:00+00:00,New York,58.35,-4.503332999999998
2025-06-09 21:00:00+00:00,New York,51.86667,-12.286665999999997
2025-06-09 22:00:00+00:00,New York,45.683342,-19.713327999999997
2025-06-09 23:00:00+00:00,New York,39.916668,-26.686662
2025-06-10 00:00:00+00:00,New York,37.399998,-30.313332000000003
2025-06-10 01:00:00+00:00,New York,36.441666,-31.21833000000001
2025-06-10 02:00:00+00:00,New York,36.075,-31.46499
2025-06-10 03:00:00+00:00,New York,36.216663,-31.17666700000001
2025-06-10 04:00:00+00:00,New York,36.591663,-30.615002000000004
2025-06-10 05:00:00+00:00,New York,37.03333,-29.93
2025-06-10 06:00:00+00:00,New York,37.475,-29.20167
2025-06-10 07:00:00+00:00,New York,37.75833,-28.641670000000005
2025-06-10 08:00:00+00:00,New York,37.683334,-28.516666
2025-06-10 09:00:00+00:00,New York,37.033337,-29.116657000000004
2025-06-10 10:00:00+00:00,New York,35.758335,-30.478329000000002
2025-06-10 11:00:00+00:00,New York,34.333336,-31.939994
2025-06-10 12:00:00+00:00,New York,33.708332,-32.19166200000001
2025-06-10 13:00:00+00:00,New York,31.991669,-33.684991
2025-06-10 14:00:00+00:00,New York,30.091665,-35.188335
2025-06-10 15:00:00+00:00,New York,28.449997,-36.216667
2025-06-10 16:00:00+00:00,New York,27.10833,-36.83500000000001
2025-06-10 17:00:00+00:00,New York,27.6,-35.52333
2025-06-10 18:00:00+00:00,New York,32.4,-29.713327
2025-06-10 19:00:00+00:00,New York,38.800003,-22.156662000000004
2025-06-10 20:00:00+00:00,New York,50.0,-8.350000000000001
2025-06-10 21:00:00+00:00,New York,56.666664,4.799993999999998
2025-06-10 22:00:00+00:00,New York,56.0,10.316657999999997
2025-06-10 23:00:00+00:00,New York,50.666664,10.749995999999996
2025-06-11 00:00:00+00:00,New York,32.8,-4.599997999999999
2025-06-11 01:00:00+00:00,New York,29.2,-7.241665999999999
2025-06-11 02:00:00+00:00,New York,29.391666,-6.683334000000002
2025-06-11 03:00:00+00:00,New York,30.224998,-5.991664999999998
2025-06-11 04:00:00+00:00,New York,30.974998,-5.616664999999998
2025-06-11 05:00:00+00:00,New York,31.725002,-5.3083279999999995
2025-06-11 06:00:00+00:00,New York,32.433334,-5.041665999999999
2025-06-11 07:00:00+00:00,New York,33.133335,-4.624994999999998
2025-06-11 08:00:00+00:00,New York,33.875,-3.808334000000002
2025-06-11 09:00:00+00:00,New York,34.641666,-2.3916710000000023
2025-06-11 10:00:00+00:00,New York,35.491665,-0.26667000000000485
2025-06-11 11:00:00+00:00,New York,36.458332,2.124995999999996
2025-06-11 12:00:00+00:00,New York,37.5,3.7916680000000014
2025-06-11 13:00:00+00:00,New York,38.991665,6.999995999999996
2025-06-11 14:00:00+00:00,New York,42.666668,12.575003000000002
2025-06-11 15:00:00+00:00,New York,59.333336,30.883339000000003
2025-06-11 16:00:00+00:00,New York,62.181816,35.073486
2025-06-11 17:00:00+00:00,New York,63.454548,35.854548
2025-06-11 18:00:00+00:00,New York,64.0,31.6
2025-06-11 19:00:00+00:00,New York,64.181816,25.381813
2025-06-11 20:00:00+00:00,New York,63.636364,13.636364
2025-06-11 21:00:00+00:00,New York,62.363632,5.696968000000005
2025-06-11 22:00:00+00:00,New York,59.333336,3.3333360000000027
2025-06-11 23:00:00+00:00,New York,51.1,0.43333600000000416
2025-06-12 00:00:00+00:00,New York,51.75,18.950000000000003
2025-06-12 01:00:00+00:00,New York,53.80001,24.60001
2025-06-12 02:00:00+00:00,New York,55.583336,26.191670000000002
2025-06-12 03:00:00+00:00,New York,57.083336,26.858338000000003
2025-06-12 04:00:00+00:00,New York,58.26667,27.291672
2025-06-12 05:00:00+00:00,New York,59.11667,27.391668
2025-06-12 06:00:00+00:00,New York,59.716667,27.283333
2025-06-12 07:00:00+00:00,New York,60.013332,26.879996999999996
2025-06-12 08:00:00+00:00,New York,60.033337,26.158337000000003
2025-06-12 09:00:00+00:00,New York,60.013332,25.371665999999998
2025-06-12 10:00:00+00:00,New York,59.76667,24.275005
2025-06-12 11:00:00+00:00,New York,59.116676,22.658344
2025-06-12 12:00:00+00:00,New York,58.083336,20.583336000000003
2025-06-12 13:00:00+00:00,New York,55.899994,16.908329000000002
2025-06-12 14:00:00+00:00,New York,54.433327,11.766658999999997
2025-06-12 15:00:00+00:00,New York,61.63636,2.3030240000000006
2025-06-12 16:00:00+00:00,New York,64.181816,2.0
2025-06-12 17:00:00+00:00,New York,66.0,2.5454519999999974
2025-06-12 18:00:00+00:00,New York,66.90909,2.909090000000006
2025-06-12 19:00:00+00:00,New York,67.090904,2.909087999999997
2025-06-12 20:00:00+00:00,New York,66.72727,3.090906000000004
2025-06-12 21:00:00+00:00,New York,65.27273,2.909097999999993
2025-06-12 22:00:00+00:00,New York,62.727276,3.3939400000000006
2025-06-12 23:00:00+00:00,New York,58.0,6.899999999999999
2025-06-13 00:00:00+00:00,New York,55.4,3.6499999999999986
2025-06-13 01:00:00+00:00,New York,52.966652,-0.8333579999999969
2025-06-13 02:00:00+00:00,New York,51.18332,-4.400016000000001
2025-06-13 03:00:00+00:00,New York,49.816658,-7.266678000000006
2025-06-13 04:00:00+00:00,New York,48.683327,-9.583343
2025-06-13 05:00:00+00:00,New York,47.416664,-11.700006000000002
2025-06-13 06:00:00+00:00,New York,45.850006,-13.866661
2025-06-13 07:00:00+00:00,New York,44.083336,-15.929995999999996
2025-06-13 08:00:00+00:00,New York,42.333336,-17.700001
2025-06-13 09:00:00+00:00,New York,40.76667,-19.246662
2025-06-13 10:00:00+00:00,New York,39.699997,-20.066672999999994
2025-06-13 11:00:00+00:00,New York,39.13333,-19.983345999999997
2025-06-13 12:00:00+00:00,New York,38.724995,-19.358341000000003
2025-06-13 13:00:00+00:00,New York,38.466663,-17.433331000000003
2025-06-13 14:00:00+00:00,New York,38.225,-16.208326999999997
2025-06-13 15:00:00+00:00,New York,37.899998,-23.736362000000007
2025-06-13 16:00:00+00:00,New York,37.499996,-26.681819999999995
2025-06-13 17:00:00+00:00,New York,37.2,-28.799999999999997
2025-06-13 18:00:00+00:00,New York,42.666668,-24.242422000000005
2025-06-13 19:00:00+00:00,New York,49.333336,-17.757567999999992
2025-06-13 20:00:00+00:00,New York,54.666668,-12.060602000000003
2025-06-13 21:00:00+00:00,New York,55.333332,-9.939397999999997
2025-06-13 22:00:00+00:00,New York,48.0,-14.727276000000003
2025-06-13 23:00:00+00:00,New York,38.0,-20.0
2025-06-14 00:00:00+00:00,New York,36.033337,-19.366662999999996
2025-06-14 01:00:00+00:00,New York,35.774998,-17.191654000000007
2025-06-14 02:00:00+00:00,New York,35.15,-16.033320000000003
2025-06-14 03:00:00+00:00,New York,34.375,-15.441657999999997
2025-06-14 04:00:00+00:00,New York,33.675,-15.008327000000001
2025-06-14 05:00:00+00:00,New York,33.2,-14.216663999999994
2025-06-14 06:00:00+00:00,New York,32.99167,-12.858336000000001
2025-06-14 07:00:00+00:00,New York,32.916668,-11.166668000000001
2025-06-14 08:00:00+00:00,New York,32.858337,-9.474999000000004
2025-06-14 09:00:00+00:00,New York,32.725002,-8.041667999999994
2025-06-14 10:00:00+00:00,New York,32.56667,-7.133327000000001
2025-06-14 11:00:00+00:00,New York,32.458332,-6.674998000000002
2025-06-14 12:00:00+00:00,New York,32.375,-6.349995
2025-06-14 13:00:00+00:00,New York,32.55,-5.916663
2025-06-14 14:00:00+00:00,New York,32.791664,-5.433336000000004
2025-06-14 15:00:00+00:00,New York,32.958332,-4.941665999999998
2025-06-14 16:00:00+00:00,New York,33.05833,-4.441666000000005
2025-06-14 17:00:00+00:00,New York,32.991665,-4.208335000000005
2025-06-14 18:00:00+00:00,New York,32.766663,-9.900005
2025-06-14 19:00:00+00:00,New York,32.366665,-16.966671000000005
2025-06-14 20:00:00+00:00,New York,31.891666,-22.775002
2025-06-14 21:00:00+00:00,New York,31.358334,-23.974998
2025-06-14 22:00:00+00:00,New York,30.849998,-17.150002
2025-06-14 23:00:00+00:00,New York,30.458334,-7.541665999999999
2025-06-15 00:00:00+00:00,New York,32.4,-3.6333370000000045
2025-06-15 01:00:00+00:00,New York,30.4,-5.374997999999998
2025-06-15 02:00:00+00:00,New York,29.775,-5.375
2025-06-15 03:00:00+00:00,New York,29.9,-4.475000000000001
2025-06-15 04:00:00+00:00,New York,30.15833,-3.5166699999999977
2025-06-15 05:00:00+00:00,New York,30.599997,-2.6000030000000045
2025-06-15 06:00:00+00:00,New York,31.241663,-1.750007
2025-06-15 07:00:00+00:00,New York,32.116665,-0.8000030000000038
2025-06-15 08:00:00+00:00,New York,33.183334,0.3249970000000033
2025-06-15 09:00:00+00:00,New York,34.399998,1.674995999999993
2025-06-15 10:00:00+00:00,New York,35.666668,3.0999979999999994
2025-06-15 11:00:00+00:00,New York,36.86667,4.4083380000000005
2025-06-15 12:00:00+00:00,New York,37.991665,5.616664999999998
2025-06-15 13:00:00+00:00,New York,39.300003,6.7500029999999995
2025-06-15 14:00:00+00:00,New York,40.816673,8.025009000000004
2025-06-15 15:00:00+00:00,New York,42.66667,9.708338000000005
2025-06-15 16:00:00+00:00,New York,44.833336,11.775006000000005
2025-06-15 17:00:00+00:00,New York,46.61667,13.625005000000002
2025-06-15 18:00:00+00:00,New York,48.65,15.883336999999997
2025-06-15 19:00:00+00:00,New York,50.816673,18.450008000000004
2025-06-15 20:00:00+00:00,New York,53.033333,21.141666999999998
2025-06-15 21:00:00+00:00,New York,55.233337,23.875003
2025-06-15 22:00:00+00:00,New York,57.250008,26.40001
2025-06-15 23:00:00+00:00,New York,58.950012,28.491678
2025-06-16 00:00:00+00:00,New York,60.053337,27.653337
2025-06-16 01:00:00+00:00,New York,60.33,29.93
2025-06-16 02:00:00+00:00,New York,60.64,30.865000000000002
2025-06-16 03:00:00+00:00,New York,60.95667,31.056670000000004
2025-06-16 04:00:00+00:00,New York,61.286667,31.128337000000002
2025-06-16 05:00:00+00:00,New York,61.586666,30.986669000000003
2025-06-16 06:00:00+00:00,New York,61.783333,30.54167
2025-06-16 07:00:00+00:00,New York,61.873337,29.756672000000002
2025-06-16 08:00:00+00:00,New York,61.846672,28.663337999999996
2025-06-16 09:00:00+00:00,New York,61.773335,27.373337000000006
2025-06-16 10:00:00+00:00,New York,61.61,25.943331999999998
2025-06-16 11:00:00+00:00,New York,61.38333,24.51666
2025-06-16 12:00:00+00:00,New York,61.11667,23.125005
2025-06-16 13:00:00+00:00,New York,60.626663,21.326660000000004
2025-06-16 14:00:00+00:00,New York,60.136665,19.319992
2025-06-16 15:00:00+00:00,New York,58.65,15.983329999999995
2025-06-16 16:00:00+00:00,New York,56.333344,11.500007999999994
2025-06-16 17:00:00+00:00,New York,54.666664,8.049993999999998
2025-06-16 18:00:00+00:00,New York,53.049988,4.3999880000000005
2025-06-16 19:00:00+00:00,New York,51.566658,0.7499849999999952
2025-06-16 20:00:00+00:00,New York,50.100006,-2.9333269999999985
2025-06-16 21:00:00+00:00,New York,48.816673,-6.416663999999997
2025-06-16 22:00:00+00:00,New York,47.683327,-9.566681000000003
2025-06-16 23:00:00+00:00,New York,46.766663,-12.183349
2025-06-17 00:00:00+00:00,New York,46.183342,-13.869994999999996
2025-06-17 01:00:00+00:00,New York,45.299995,-15.030004999999996
2025-06-17 02:00:00+00:00,New York,44.08332,-16.55668
2025-06-17 03:00:00+00:00,New York,42.683327,-18.273343000000004
2025-06-17 04:00:00+00:00,New York,40.816666,-20.470001000000003
2025-06-17 05:00:00+00:00,New York,39.316666,-22.270000000000003
2025-06-17 06:00:00+00:00,New York,38.208332,-23.575001
2025-06-17 07:00:00+00:00,New York,37.108334,-24.765003
2025-06-17 08:00:00+00:00,New York,36.133335,-25.713336999999996
2025-06-17 09:00:00+00:00,New York,35.208336,-26.564999
2025-06-17 10:00:00+00:00,New York,34.466667,-27.143333
2025-06-17 11:00:00+00:00,New York,33.875004,-27.508326000000004
2025-06-17 12:00:00+00:00,New York,33.283337,-27.833332999999996
2025-06-17 13:00:00+00:00,New York,33.033333,-27.59333
2025-06-17 14:00:00+00:00,New York,32.975002,-27.161662999999997
2025-06-17 15:00:00+00:00,New York,32.958336,-25.691663999999996
2025-06-17 16:00:00+00:00,New York,32.95,-23.383343999999994
2025-06-17 17:00:00+00:00,New York,33.000004,-21.66666
2025-06-17 18:00:00+00:00,New York,33.075,-19.974987999999996
2025-06-17 19:00:00+00:00,New York,33.208332,-18.358325999999998
2025-06-17 20:00:00+00:00,New York,33.31667,-16.783336
2025-06-17 21:00:00+00:00,New York,33.325,-15.491672999999999
2025-06-17 22:00:00+00:00,New York,33.158337,-14.524989999999995
2025-06-17 23:00:00+00:00,New York,32.791668,-13.974995
2025-06-18 00:00:00+00:00,New York,32.250004,-13.933338000000006
2025-06-18 01:00:00+00:00,New York,31.666664,-13.633331000000002
2025-06-18 02:00:00+00:00,New York,31.150002,-12.933318
2025-06-18 03:00:00+00:00,New York,30.591663,-12.091663999999998
2025-06-18 04:00:00+00:00,New York,30.066666,-10.749999999999996
2025-06-18 05:00:00+00:00,New York,29.583336,-9.733329999999999
2025-06-18 06:00:00+00:00,New York,29.108332,-9.099999999999998
2025-06-18 07:00:00+00:00,New York,28.666664,-8.441669999999998
2025-06-18 08:00:00+00:00,New York,28.20833,-7.925005000000002
2025-06-18 09:00:00+00:00,New York,27.674995,-7.533341000000004
2025-06-18 10:00:00+00:00,New York,27.208332,-7.258335000000002
2025-06-18 11:00:00+00:00,New York,26.808334,-7.0666699999999985
2025-06-18 12:00:00+00:00,New York,26.416664,-6.866673000000002
2025-06-18 13:00:00+00:00,New York,26.341665,-6.691668
2025-06-18 14:00:00+00:00,New York,26.399996,-6.575006000000002
2025-06-18 15:00:00+00:00,New York,26.633331,-6.325005000000004
2025-06-18 16:00:00+00:00,New York,28.0,-4.950000000000003
2025-06-18 17:00:00+00:00,New York,35.6,2.5999960000000044
2025-06-18 18:00:00+00:00,New York,42.0,8.924999999999997
2025-06-18 19:00:00+00:00,New York,48.0,14.791668000000001
2025-06-18 20:00:00+00:00,New York,50.666664,17.349993999999995
2025-06-18 21:00:00+00:00,New York,48.666668,15.341667999999999
2025-06-18 22:00:00+00:00,New York,38.800003,5.641665999999994
2025-06-18 23:00:00+00:00,New York,30.375,-2.4166680000000014
2025-06-19 00:00:00+00:00,New York,31.141665,-1.1083389999999973
2025-06-19 01:00:00+00:00,New York,31.900002,0.23333799999999982
2025-06-19 02:00:00+00:00,New York,32.325,1.1749980000000022
2025-06-19 03:00:00+00:00,New York,32.71667,2.125007
2025-06-19 04:00:00+00:00,New York,33.30834,3.2416739999999997
2025-06-19 05:00:00+00:00,New York,34.091667,4.508331000000002
2025-06-19 06:00:00+00:00,New York,35.033337,5.925005000000002
2025-06-19 07:00:00+00:00,New York,36.075,7.408336000000002
2025-06-19 08:00:00+00:00,New York,37.208336,9.000006000000003
2025-06-19 09:00:00+00:00,New York,38.483337,10.808342
2025-06-19 10:00:00+00:00,New York,39.733334,12.525002
2025-06-19 11:00:00+00:00,New York,41.716667,14.908333000000002
2025-06-19 12:00:00+00:00,New York,43.9,17.483335999999998
2025-06-19 13:00:00+00:00,New York,44.750008,18.408343000000002
2025-06-19 14:00:00+00:00,New York,58.0,31.600004
2025-06-19 15:00:00+00:00,New York,65.454544,38.821213
2025-06-19 16:00:00+00:00,New York,69.27273,41.272729999999996
2025-06-19 17:00:00+00:00,New York,72.0,36.4
2025-06-19 18:00:00+00:00,New York,73.090904,31.090903999999995
2025-06-19 19:00:00+00:00,New York,72.0,24.0
2025-06-19 20:00:00+00:00,New York,69.09091,18.424245999999997
2025-06-19 21:00:00+00:00,New York,66.181816,17.515147999999996
2025-06-19 22:00:00+00:00,New York,63.272728,24.472725000000004
2025-06-19 23:00:00+00:00,New York,60.181816,29.806815999999998
2025-06-20 00:00:00+00:00,New York,57.333336,26.191671000000003
2025-06-20 01:00:00+00:00,New York,47.333336,15.433334000000002
2025-06-20 02:00:00+00:00,New York,43.51667,11.191669999999995
2025-06-20 03:00:00+00:00,New York,42.85,10.13333
2025-06-20 04:00:00+00:00,New York,41.51667,8.208329999999997
2025-06-20 05:00:00+00:00,New York,39.791668,5.700001
2025-06-20 06:00:00+00:00,New York,38.675,3.641662999999994
2025-06-20 07:00:00+00:00,New York,37.416668,1.3416679999999985
2025-06-20 08:00:00+00:00,New York,35.95,-1.258336
2025-06-20 09:00:00+00:00,New York,34.375004,-4.108333000000002
2025-06-20 10:00:00+00:00,New York,32.833336,-6.8999979999999965
2025-06-20 11:00:00+00:00,New York,31.483335,-10.233332
2025-06-20 12:00:00+00:00,New York,32.8,-11.100000000000001
2025-06-20 13:00:00+00:00,New York,35.2,-9.550007999999998
2025-06-20 14:00:00+00:00,New York,38.4,-19.6
2025-06-20 15:00:00+00:00,New York,42.0,-23.454544
2025-06-20 16:00:00+00:00,New York,45.333332,-23.939397999999997
2025-06-20 17:00:00+00:00,New York,48.666668,-23.333332
2025-06-20 18:00:00+00:00,New York,50.666664,-22.424239999999998
2025-06-20 19:00:00+00:00,New York,52.0,-20.0
2025-06-20 20:00:00+00:00,New York,52.0,-17.090909999999994
2025-06-20 21:00:00+00:00,New York,50.0,-16.181815999999998
2025-06-20 22:00:00+00:00,New York,44.666668,-18.60606
2025-06-20 23:00:00+00:00,New York,38.4,-21.781816
2025-06-21 00:00:00+00:00,New York,33.600002,-23.733334
2025-06-21 01:00:00+00:00,New York,30.0,-17.333336000000003
2025-06-21 02:00:00+00:00,New York,24.8,-18.716669999999997
2025-06-21 03:00:00+00:00,New York,25.15833,-17.691670000000002
2025-06-21 04:00:00+00:00,New York,26.499998,-15.016671999999996
2025-06-21 05:00:00+00:00,New York,27.83333,-11.958338000000001
2025-06-21 06:00:00+00:00,New York,29.125,-9.549999999999997
2025-06-21 07:00:00+00:00,New York,30.424997,-6.991671
2025-06-21 08:00:00+00:00,New York,31.8,-4.150000000000002
2025-06-21 09:00:00+00:00,New York,33.116665,-1.2583389999999994
2025-06-21 10:00:00+00:00,New York,34.3,1.4666639999999944
2025-06-21 11:00:00+00:00,New York,35.333332,3.8499969999999983
2025-06-21 12:00:00+00:00,New York,36.291664,3.491664
2025-06-21 13:00:00+00:00,New York,36.891663,1.6916629999999984
2025-06-21 14:00:00+00:00,New York,46.666664,8.266663999999999
2025-06-21 15:00:00+00:00,New York,60.181816,18.181815999999998
2025-06-21 16:00:00+00:00,New York,63.09091,17.757578000000002
2025-06-21 17:00:00+00:00,New York,65.63636,16.969691999999995
2025-06-21 18:00:00+00:00,New York,67.27273,16.606066
2025-06-21 19:00:00+00:00,New York,68.18182,16.181820000000002
2025-06-21 20:00:00+00:00,New York,68.36364,16.363640000000004
2025-06-21 21:00:00+00:00,New York,67.454544,17.454544
2025-06-21 22:00:00+00:00,New York,65.09091,20.424241999999992
2025-06-21 23:00:00+00:00,New York,61.81818,23.41818
2025-06-22 00:00:00+00:00,New York,49.333336,15.733334
2025-06-22 01:00:00+00:00,New York,48.0,18.0
2025-06-22 02:00:00+00:00,New York,46.0,21.2
2025-06-22 03:00:00+00:00,New York,44.0,18.84167
2025-06-22 04:00:00+00:00,New York,42.0,15.500001999999999
2025-06-22 05:00:00+00:00,New York,39.6,11.766670000000001
2025-06-22 06:00:00+00:00,New York,38.800003,9.675002999999997
2025-06-22 07:00:00+00:00,New York,39.2,8.775003000000002
2025-06-22 08:00:00+00:00,New York,40.0,8.2
2025-06-22 09:00:00+00:00,New York,40.666664,7.549999
2025-06-22 10:00:00+00:00,New York,39.6,5.300000000000004
2025-06-22 11:00:00+00:00,New York,38.4,3.066668
2025-06-22 12:00:00+00:00,New York,32.0,-4.291663999999997
2025-06-22 13:00:00+00:00,New York,34.0,-2.891663000000001
2025-06-22 14:00:00+00:00,New York,37.2,-9.466663999999994
2025-06-22 15:00:00+00:00,New York,42.666668,-17.515147999999996
2025-06-22 16:00:00+00:00,New York,54.0,-9.090910000000001
2025-06-22 17:00:00+00:00,New York,62.0,-3.6363599999999963
2025-06-22 18:00:00+00:00,New York,64.0,-3.2727299999999957
2025-06-22 19:00:00+00:00,New York,63.272728,-4.909092000000001
2025-06-22 20:00:00+00:00,New York,61.090908,-7.272732000000005
2025-06-22 21:00:00+00:00,New York,56.666664,-10.787880000000001
2025-06-22 22:00:00+00:00,New York,53.333336,-11.757573999999991
2025-06-22 23:00:00+00:00,New York,51.333332,-10.484848
2025-06-23 00:00:00+00:00,New York,33.2,-16.133336
2025-06-23 01:00:00+00:00,New York,30.4,-17.6
2025-06-23 02:00:00+00:00,New York,26.399998,-19.600002
2025-06-23 03:00:00+00:00,New York,25.758333,-18.241667
2025-06-23 04:00:00+00:00,New York,25.783333,-16.216667
2025-06-23 05:00:00+00:00,New York,25.908333,-13.691667000000002
2025-06-23 06:00:00+00:00,New York,26.15833,-12.641672999999997
2025-06-23 07:00:00+00:00,New York,26.525,-12.675000000000004
2025-06-23 08:00:00+00:00,New York,26.991669,-13.008330999999998
2025-06-23 09:00:00+00:00,New York,27.549995,-13.116668999999998
2025-06-23 10:00:00+00:00,New York,28.199997,-11.400003000000002
2025-06-23 11:00:00+00:00,New York,28.95833,-9.441669999999998
2025-06-23 12:00:00+00:00,New York,29.816664,-2.1833360000000006
2025-06-23 13:00:00+00:00,New York,36.8,2.799999999999997
2025-06-23 14:00:00+00:00,New York,54.0,16.799999999999997
2025-06-23 15:00:00+00:00,New York,62.727276,20.060608000000002
2025-06-23 16:00:00+00:00,New York,65.27273,11.272729999999996
2025-06-23 17:00:00+00:00,New York,67.090904,5.090903999999995
2025-06-23 18:00:00+00:00,New York,68.0,4.0
2025-06-23 19:00:00+00:00,New York,68.18182,4.909092000000001
2025-06-23 20:00:00+00:00,New York,67.818184,6.727276000000003
2025-06-23 21:00:00+00:00,New York,66.36363,9.696966000000003
2025-06-23 22:00:00+00:00,New York,64.0,10.666663999999997
2025-06-23 23:00:00+00:00,New York,60.727272,9.39394
2025-06-24 00:00:00+00:00,New York,58.0,24.799999999999997
2025-06-24 01:00:00+00:00,New York,48.0,17.6
2025-06-24 02:00:00+00:00,New York,44.91668,18.516682
2025-06-24 03:00:00+00:00,New York,46.66668,20.908347
2025-06-24 04:00:00+00:00,New York,48.366676,22.583343
2025-06-24 05:00:00+00:00,New York,50.000008,24.091675000000002
2025-06-24 06:00:00+00:00,New York,51.33335,25.175020000000004
2025-06-24 07:00:00+00:00,New York,52.16668,25.64168
2025-06-24 08:00:00+00:00,New York,52.433342,25.441673
2025-06-24 09:00:00+00:00,New York,51.950012,24.400017000000002
2025-06-24 10:00:00+00:00,New York,50.850014,22.650017000000002
2025-06-24 11:00:00+00:00,New York,49.466675,20.508345000000002
2025-06-24 12:00:00+00:00,New York,47.950012,18.133348
2025-06-24 13:00:00+00:00,New York,46.750008,9.950008000000004
2025-06-24 14:00:00+00:00,New York,52.0,-2.0
2025-06-24 15:00:00+00:00,New York,60.545456,-2.181820000000002
2025-06-24 16:00:00+00:00,New York,61.272728,-4.000001999999995
2025-06-24 17:00:00+00:00,New York,61.272728,-5.818175999999994
2025-06-24 18:00:00+00:00,New York,60.90909,-7.090910000000001
2025-06-24 19:00:00+00:00,New York,60.727272,-7.454548000000003
2025-06-24 20:00:00+00:00,New York,60.363636,-7.454548000000003
2025-06-24 21:00:00+00:00,New York,59.333336,-7.030293999999998
2025-06-24 22:00:00+00:00,New York,58.666668,-5.333331999999999
2025-06-24 23:00:00+00:00,New York,58.666668,-2.060603999999998
2025-06-25 00:00:00+00:00,New York,50.0,-8.0
2025-06-25 01:00:00+00:00,New York,42.0,-6.0
2025-06-25 02:00:00+00:00,New York,34.4,-10.516680000000001
2025-06-25 03:00:00+00:00,New York,28.800001,-17.866678999999998
2025-06-25 04:00:00+00:00,New York,26.0,-22.366676
2025-06-25 05:00:00+00:00,New York,24.400002,-25.600006
2025-06-25 06:00:00+00:00,New York,23.199999,-28.133351000000005
2025-06-25 07:00:00+00:00,New York,22.4,-29.76668
2025-06-25 08:00:00+00:00,New York,22.0,-30.433342000000003
2025-06-25 09:00:00+00:00,New York,23.199999,-28.750013000000003
2025-06-25 10:00:00+00:00,New York,26.0,-24.850014
2025-06-25 11:00:00+00:00,New York,30.0,-19.466675000000002
2025-06-25 12:00:00+00:00,New York,34.4,-13.550012000000002
2025-06-25 13:00:00+00:00,New York,38.0,-8.750008000000001
2025-06-25 14:00:00+00:00,New York,44.666668,-7.333331999999999
2025-06-25 15:00:00+00:00,New York,50.666664,-9.878792000000004
2025-06-25 16:00:00+00:00,New York,52.666664,-8.606064000000003
2025-06-25 17:00:00+00:00,New York,53.333336,-7.939391999999998
2025-06-25 18:00:00+00:00,New York,52.666664,-8.242426000000002
2025-06-25 19:00:00+00:00,New York,52.666664,-8.060608000000002
2025-06-25 20:00:00+00:00,New York,51.333332,-9.030304000000001
2025-06-25 21:00:00+00:00,New York,49.333336,-10.0
2025-06-25 22:00:00+00:00,New York,46.0,-12.666668000000001
2025-06-25 23:00:00+00:00,New York,40.666664,-18.000004000000004
2025-06-26 00:00:00+00:00,New York,32.8,-17.200000000000003
2025-06-26 01:00:00+00:00,New York,27.2,-14.8
2025-06-26 02:00:00+00:00,New York,19.6,-14.799999999999997
2025-06-26 03:00:00+00:00,New York,20.599998,-8.200003000000002
2025-06-26 04:00:00+00:00,New York,22.719997,-3.2800030000000007
2025-06-26 05:00:00+00:00,New York,24.119999,-0.28000300000000067
2025-06-26 06:00:00+00:00,New York,23.800001,0.6000020000000035
2025-06-26 07:00:00+00:00,New York,20.480001,-1.9199989999999971
2025-06-26 08:00:00+00:00,New York,20.1,-1.8999999999999986
2025-06-26 09:00:00+00:00,New York,19.958334,-3.2416649999999976
2025-06-26 10:00:00+00:00,New York,23.199999,-2.8000010000000017
2025-06-26 11:00:00+00:00,New York,28.4,-1.6000000000000014
2025-06-26 12:00:00+00:00,New York,30.8,-3.599999999999998
2025-06-26 13:00:00+00:00,New York,34.8,-3.200000000000003
2025-06-26 14:00:00+00:00,New York,41.333332,-3.3333360000000027
2025-06-26 15:00:00+00:00,New York,50.666664,0.0
2025-06-26 16:00:00+00:00,New York,59.333336,6.6666720000000055
2025-06-26 17:00:00+00:00,New York,62.181816,8.848479999999995
2025-06-26 18:00:00+00:00,New York,63.454548,10.787884000000005
2025-06-26 19:00:00+00:00,New York,63.09091,10.424246000000004
2025-06-26 20:00:00+00:00,New York,61.63636,10.303028000000005
2025-06-26 21:00:00+00:00,New York,59.333336,10.0
2025-06-26 22:00:00+00:00,New York,50.0,4.0
2025-06-26 23:00:00+00:00,New York,39.2,-1.4666639999999944
2025-06-27 00:00:00+00:00,New York,35.6,2.8000000000000043
2025-06-27 01:00:00+00:00,New York,34.4,7.199999999999999
2025-06-27 02:00:00+00:00,New York,32.966663,13.366662999999996
2025-06-27 03:00:00+00:00,New York,33.024998,12.424999999999997
2025-06-27 04:00:00+00:00,New York,32.883327,10.163330000000002
2025-06-27 05:00:00+00:00,New York,32.583332,8.463332999999999
2025-06-27 06:00:00+00:00,New York,32.199997,8.399996000000002
2025-06-27 07:00:00+00:00,New York,31.916664,11.436663
2025-06-27 08:00:00+00:00,New York,32.008327,11.908327
2025-06-27 09:00:00+00:00,New York,32.33333,12.374995999999996
2025-06-27 10:00:00+00:00,New York,32.67499,9.474991000000003
2025-06-27 11:00:00+00:00,New York,32.933327,4.533327
2025-06-27 12:00:00+00:00,New York,33.04166,2.2416599999999995
2025-06-27 13:00:00+00:00,New York,32.508327,-2.291672999999996
2025-06-27 14:00:00+00:00,New York,31.808329,-9.525002999999998
2025-06-27 15:00:00+00:00,New York,32.4,-18.266664
2025-06-27 16:00:00+00:00,New York,34.8,-24.533336000000006
2025-06-27 17:00:00+00:00,New York,37.6,-24.581815999999996
2025-06-27 18:00:00+00:00,New York,39.6,-23.854548
2025-06-27 19:00:00+00:00,New York,39.6,-23.49091
2025-06-27 20:00:00+00:00,New York,38.800003,-22.836357000000007
2025-06-27 21:00:00+00:00,New York,37.6,-21.733336
2025-06-27 22:00:00+00:00,New York,36.0,-14.0
2025-06-27 23:00:00+00:00,New York,34.0,-5.200000000000003
2025-06-28 00:00:00+00:00,New York,32.8,-2.8000000000000043
2025-06-28 01:00:00+00:00,New York,32.8,-1.6000000000000014
2025-06-28 02:00:00+00:00,New York,32.4,-0.5666629999999984
2025-06-28 03:00:00+00:00,New York,32.0,-1.0249979999999965
2025-06-28 04:00:00+00:00,New York,32.0,-0.8833270000000013
2025-06-28 05:00:00+00:00,New York,31.599998,-0.9833339999999993
2025-06-28 06:00:00+00:00,New York,30.8,-1.3999970000000026
2025-06-28 07:00:00+00:00,New York,28.800001,-3.116662999999999
2025-06-28 08:00:00+00:00,New York,26.399998,-5.608329000000001
2025-06-28 09:00:00+00:00,New York,24.0,-8.333329999999997
2025-06-28 10:00:00+00:00,New York,20.8,-11.87499
2025-06-28 11:00:00+00:00,New York,17.616667,-15.316659999999999
2025-06-28 12:00:00+00:00,New York,18.8,-14.24166
2025-06-28 13:00:00+00:00,New York,20.4,-12.108327000000003
2025-06-28 14:00:00+00:00,New York,22.8,-9.008329
2025-06-28 15:00:00+00:00,New York,27.6,-4.799999999999997
2025-06-28 16:00:00+00:00,New York,36.399998,1.5999979999999994
2025-06-28 17:00:00+00:00,New York,52.0,14.399999999999999
2025-06-28 18:00:00+00:00,New York,61.81818,22.218179999999997
2025-06-28 19:00:00+00:00,New York,64.181816,24.581815999999996
2025-06-28 20:00:00+00:00,New York,65.454544,26.654541000000002
2025-06-28 21:00:00+00:00,New York,65.63636,28.036359999999995
2025-06-28 22:00:00+00:00,New York,64.181816,28.181815999999998
2025-06-28 23:00:00+00:00,New York,61.454544,27.454544
2025-06-29 00:00:00+00:00,New York,60.727272,27.927272000000002
2025-06-29 01:00:00+00:00,New York,54.666668,21.866668000000004
2025-06-29 02:00:00+00:00,New York,44.0,11.600000000000001
2025-06-29 03:00:00+00:00,New York,36.8,4.799999999999997
2025-06-29 04:00:00+00:00,New York,33.2,1.2000000000000028
2025-06-29 05:00:00+00:00,New York,30.8,-0.7999979999999987
2025-06-29 06:00:00+00:00,New York,30.008333,-0.7916670000000003
2025-06-29 07:00:00+00:00,New York,30.891668,2.0916669999999975
2025-06-29 08:00:00+00:00,New York,31.833334,5.433336000000001
2025-06-29 09:00:00+00:00,New York,32.741665,8.741664999999998
2025-06-29 10:00:00+00:00,New York,33.608334,12.808333999999999
2025-06-29 11:00:00+00:00,New York,34.4,16.783333
2025-06-29 12:00:00+00:00,New York,35.091667,16.291667
2025-06-29 13:00:00+00:00,New York,37.2,16.800000000000004
2025-06-29 14:00:00+00:00,New York,50.0,27.2
2025-06-29 15:00:00+00:00,New York,60.545456,32.945456
2025-06-29 16:00:00+00:00,New York,62.181816,25.781818
2025-06-29 17:00:00+00:00,New York,62.909092,10.909092000000001
2025-06-29 18:00:00+00:00,New York,63.272728,1.4545480000000026
2025-06-29 19:00:00+00:00,New York,63.272728,-0.909087999999997
2025-06-29 20:00:00+00:00,New York,63.09091,-2.3636339999999976
2025-06-29 21:00:00+00:00,New York,62.363632,-3.2727279999999936
2025-06-29 22:00:00+00:00,New York,61.63636,-2.5454559999999944
2025-06-29 23:00:00+00:00,New York,60.727272,-0.7272719999999993
2025-06-30 00:00:00+00:00,New York,48.666668,-12.060603999999998
2025-06-30 01:00:00+00:00,New York,38.0,-16.666668
2025-06-30 02:00:00+00:00,New York,30.23333,-13.766670000000001
2025-06-30 03:00:00+00:00,New York,29.116665,-7.683334999999996
2025-06-30 04:00:00+00:00,New York,28.133331,-5.0666690000000045
2025-06-30 05:00:00+00:00,New York,27.35833,-3.441670000000002
2025-06-30 06:00:00+00:00,New York,26.674997,-3.333335999999999
2025-06-30 07:00:00+00:00,New York,26.0,-4.891667999999999
2025-06-30 08:00:00+00:00,New York,25.291664,-6.54167
2025-06-30 09:00:00+00:00,New York,24.658333,-8.083331999999999
2025-06-30 10:00:00+00:00,New York,24.091665,-9.516669
2025-06-30 11:00:00+00:00,New York,23.608337,-10.791663
2025-06-30 12:00:00+00:00,New York,24.0,-11.091667000000001
2025-06-30 13:00:00+00:00,New York,31.599998,-5.6000020000000035
2025-06-30 14:00:00+00:00,New York,43.333336,-6.666663999999997
2025-06-30 15:00:00+00:00,New York,59.333336,-1.2121199999999988
2025-06-30 16:00:00+00:00,New York,63.272728,1.090912000000003
2025-06-30 17:00:00+00:00,New York,66.545456,3.6363640000000004
2025-06-30 18:00:00+00:00,New York,69.09091,5.818181999999993
2025-06-30 19:00:00+00:00,New York,71.27273,8.000001999999995
2025-06-30 20:00:00+00:00,New York,73.090904,9.999993999999994
2025-06-30 21:00:00+00:00,New York,72.90909,10.545458000000004
2025-06-30 22:00:00+00:00,New York,69.818184,8.181823999999999
2025-06-30 23:00:00+00:00,New York,65.09091,4.363637999999995
2025-07-01 00:00:00+00:00,New York,53.333336,4.666668000000001
2025-07-01 01:00:00+00:00,New York,46.666664,8.666663999999997
2025-07-01 02:00:00+00:00,New York,38.4,8.16667
2025-07-01 03:00:00+00:00,New York,34.4,5.2833349999999975
2025-07-01 04:00:00+00:00,New York,33.2,5.0666690000000045
2025-07-01 05:00:00+00:00,New York,33.2,5.841670000000004
2025-07-01 06:00:00+00:00,New York,33.2,6.525003000000002
2025-07-01 07:00:00+00:00,New York,32.8,6.799999999999997
2025-07-01 08:00:00+00:00,New York,32.4,7.108335999999998
2025-07-01 09:00:00+00:00,New York,32.4,7.741667
2025-07-01 10:00:00+00:00,New York,33.2,9.108335000000004
2025-07-01 11:00:00+00:00,New York,34.8,11.191662999999998
2025-07-01 12:00:00+00:00,New York,31.199999,7.199998999999998
2025-07-01 13:00:00+00:00,New York,40.0,8.400002
2025-07-01 14:00:00+00:00,New York,60.181816,16.848479999999995
2025-07-01 15:00:00+00:00,New York,64.90909,5.575754000000003
2025-07-01 16:00:00+00:00,New York,68.0,4.727271999999999
2025-07-01 17:00:00+00:00,New York,70.0,3.4545439999999985
2025-07-01 18:00:00+00:00,New York,70.545456,1.4545460000000077
2025-07-01 19:00:00+00:00,New York,69.09091,-2.181820000000002
2025-07-01 20:00:00+00:00,New York,66.181816,-6.909087999999997
2025-07-01 21:00:00+00:00,New York,62.909092,-9.999998000000005
2025-07-01 22:00:00+00:00,New York,58.0,-11.818184000000002
2025-07-01 23:00:00+00:00,New York,44.0,-21.090909999999994
2025-07-02 00:00:00+00:00,New York,42.666668,-10.666668000000001
2025-07-02 01:00:00+00:00,New York,35.6,-11.066663999999996
2025-07-02 02:00:00+00:00,New York,27.2,-11.2
2025-07-02 03:00:00+00:00,New York,28.108334,-6.291665999999999
2025-07-02 04:00:00+00:00,New York,29.850002,-3.349998000000003
2025-07-02 05:00:00+00:00,New York,31.408333,-1.791667000000004
2025-07-02 06:00:00+00:00,New York,32.74167,-0.4583300000000037
2025-07-02 07:00:00+00:00,New York,33.74167,0.941670000000002
2025-07-02 08:00:00+00:00,New York,34.508335,2.108335000000004
2025-07-02 09:00:00+00:00,New York,34.966667,2.5666670000000025
2025-07-02 10:00:00+00:00,New York,35.13333,1.933329999999998
2025-07-02 11:00:00+00:00,New York,35.141666,0.3416660000000036
2025-07-02 12:00:00+00:00,New York,34.983334,3.783335000000001
2025-07-02 13:00:00+00:00,New York,36.241665,-3.7583350000000024
2025-07-02 14:00:00+00:00,New York,37.358334,-22.823482
2025-07-02 15:00:00+00:00,New York,38.141666,-26.767424000000005
2025-07-02 16:00:00+00:00,New York,38.68333,-29.316670000000002
2025-07-02 17:00:00+00:00,New York,48.0,-22.0
2025-07-02 18:00:00+00:00,New York,59.333336,-11.212119999999999
2025-07-02 19:00:00+00:00,New York,62.909092,-6.181817999999993
2025-07-02 20:00:00+00:00,New York,65.818184,-0.3636319999999955
2025-07-02 21:00:00+00:00,New York,66.36363,3.4545379999999994
2025-07-02 22:00:00+00:00,New York,63.272728,5.272728000000001
2025-07-02 23:00:00+00:00,New York,53.333336,9.333336000000003
2025-07-03 00:00:00+00:00,New York,48.0,5.333331999999999
2025-07-03 01:00:00+00:00,New York,40.0,4.399999999999999
2025-07-03 02:00:00+00:00,New York,38.758327,11.558327000000002
2025-07-03 03:00:00+00:00,New York,38.98333,10.874996000000003
2025-07-03 04:00:00+00:00,New York,39.074993,9.224991
2025-07-03 05:00:00+00:00,New York,39.11666,7.708327000000004
2025-07-03 06:00:00+00:00,New York,39.20833,6.466659999999997
2025-07-03 07:00:00+00:00,New York,39.41666,5.674990000000001
2025-07-03 08:00:00+00:00,New York,39.78333,5.274994999999997
2025-07-03 09:00:00+00:00,New York,40.58332,5.6166529999999995
2025-07-03 10:00:00+00:00,New York,41.399994,6.266663999999999
2025-07-03 11:00:00+00:00,New York,41.799995,6.658329000000002
2025-07-03 12:00:00+00:00,New York,42.066666,7.083331999999999
2025-07-03 13:00:00+00:00,New York,39.541668,3.300003000000004
2025-07-03 14:00:00+00:00,New York,42.666668,5.308334000000002
2025-07-03 15:00:00+00:00,New York,51.333332,13.191665999999998
2025-07-03 16:00:00+00:00,New York,56.666664,17.983334
2025-07-03 17:00:00+00:00,New York,60.181816,12.181815999999998
2025-07-03 18:00:00+00:00,New York,61.090908,1.7575719999999961
2025-07-03 19:00:00+00:00,New York,62.363632,-0.5454599999999985
2025-07-03 20:00:00+00:00,New York,63.454548,-2.3636359999999996
2025-07-03 21:00:00+00:00,New York,63.454548,-2.909081999999998
2025-07-03 22:00:00+00:00,New York,61.81818,-1.4545480000000026
2025-07-03 23:00:00+00:00,New York,56.666664,3.3333279999999945
2025-07-04 00:00:00+00:00,New York,41.333332,-6.666668000000001
2025-07-04 01:00:00+00:00,New York,36.0,-4.0
2025-07-04 02:00:00+00:00,New York,33.525005,-5.233322000000001
2025-07-04 03:00:00+00:00,New York,32.94167,-6.04166
2025-07-04 04:00:00+00:00,New York,32.350002,-6.724990999999996
2025-07-04 05:00:00+00:00,New York,31.850004,-7.266656000000005
2025-07-04 06:00:00+00:00,New York,31.475,-7.733329999999995
2025-07-04 07:00:00+00:00,New York,31.208334,-8.208326
2025-07-04 08:00:00+00:00,New York,31.0,-8.78333
2025-07-04 09:00:00+00:00,New York,30.808332,-9.774988
2025-07-04 10:00:00+00:00,New York,30.758331,-10.641663000000001
2025-07-04 11:00:00+00:00,New York,30.866665,-10.933330000000002
2025-07-04 12:00:00+00:00,New York,30.941666,-11.124999999999996
2025-07-04 13:00:00+00:00,New York,32.05833,-7.483338000000003
2025-07-04 14:00:00+00:00,New York,34.4,-8.266668000000003
2025-07-04 15:00:00+00:00,New York,37.6,-13.733331999999997
2025-07-04 16:00:00+00:00,New York,40.666664,-16.0
2025-07-04 17:00:00+00:00,New York,44.666668,-15.515147999999996
2025-07-04 18:00:00+00:00,New York,47.333336,-13.757571999999996
2025-07-04 19:00:00+00:00,New York,48.0,-14.363632000000003
2025-07-04 20:00:00+00:00,New York,47.333336,-16.121212
2025-07-04 21:00:00+00:00,New York,44.666668,-18.78788
2025-07-04 22:00:00+00:00,New York,40.666664,-21.151516
2025-07-04 23:00:00+00:00,New York,37.2,-19.466663999999994
2025-07-05 00:00:00+00:00,New York,36.124996,-5.208335999999996
2025-07-05 01:00:00+00:00,New York,35.141666,-0.8583339999999993
2025-07-05 02:00:00+00:00,New York,34.308334,0.7833290000000019
2025-07-05 03:00:00+00:00,New York,33.800003,0.8583329999999947
2025-07-05 04:00:00+00:00,New York,33.641666,1.2916639999999973
2025-07-05 05:00:00+00:00,New York,33.708332,1.8583280000000002
2025-07-05 06:00:00+00:00,New York,33.808334,2.3333340000000007
2025-07-05 07:00:00+00:00,New York,33.783337,2.5750030000000024
2025-07-05 08:00:00+00:00,New York,33.658333,2.658332999999999
2025-07-05 09:00:00+00:00,New York,33.533333,2.725000999999999
2025-07-05 10:00:00+00:00,New York,33.55833,2.7999989999999997
2025-07-05 11:00:00+00:00,New York,33.88333,3.0166649999999997
2025-07-05 12:00:00+00:00,New York,34.499996,3.5583300000000015
2025-07-05 13:00:00+00:00,New York,35.199993,3.141663000000001
2025-07-05 14:00:00+00:00,New York,36.024998,1.624997999999998
2025-07-05 15:00:00+00:00,New York,37.6,0.0
2025-07-05 16:00:00+00:00,New York,50.0,9.333336000000003
2025-07-05 17:00:00+00:00,New York,61.81818,17.151511999999997
2025-07-05 18:00:00+00:00,New York,65.454544,18.121207999999996
2025-07-05 19:00:00+00:00,New York,68.36364,20.363640000000004
2025-07-05 20:00:00+00:00,New York,70.36363,23.030293999999998
2025-07-05 21:00:00+00:00,New York,71.27273,26.606061999999994
2025-07-05 22:00:00+00:00,New York,70.36363,29.696966000000003
2025-07-05 23:00:00+00:00,New York,68.18182,30.98182
2025-07-06 00:00:00+00:00,New York,64.36364,28.238644
2025-07-06 01:00:00+00:00,New York,62.0,26.858334
2025-07-06 02:00:00+00:00,New York,55.333332,21.024997999999997
2025-07-06 03:00:00+00:00,New York,56.533333,22.733330000000002
2025-07-06 04:00:00+00:00,New York,57.566658,23.924991999999996
2025-07-06 05:00:00+00:00,New York,58.016663,24.308331000000003
2025-07-06 06:00:00+00:00,New York,58.25,24.441665999999998
2025-07-06 07:00:00+00:00,New York,58.566673,24.783336
2025-07-06 08:00:00+00:00,New York,59.01667,25.358337
2025-07-06 09:00:00+00:00,New York,59.600006,26.066673
2025-07-06 10:00:00+00:00,New York,60.036667,26.478337000000003
2025-07-06 11:00:00+00:00,New York,60.100002,26.216672000000003
2025-07-06 12:00:00+00:00,New York,60.11667,25.616673999999996
2025-07-06 13:00:00+00:00,New York,58.966675,23.766682000000003
2025-07-06 14:00:00+00:00,New York,58.0,21.975002000000003
2025-07-06 15:00:00+00:00,New York,63.818184,26.218184
2025-07-06 16:00:00+00:00,New York,66.72727,16.727270000000004
2025-07-06 17:00:00+00:00,New York,68.90909,7.090910000000008
2025-07-06 18:00:00+00:00,New York,70.0,4.5454560000000015
2025-07-06 19:00:00+00:00,New York,70.36363,1.9999899999999968
2025-07-06 20:00:00+00:00,New York,69.63637,-0.7272600000000011
2025-07-06 21:00:00+00:00,New York,67.818184,-3.4545459999999935
2025-07-06 22:00:00+00:00,New York,64.0,-6.363630000000001
2025-07-06 23:00:00+00:00,New York,56.666664,-11.515156000000005
2025-07-07 00:00:00+00:00,New York,52.0,-12.363640000000004
2025-07-07 01:00:00+00:00,New York,41.333332,-20.666668
2025-07-07 02:00:00+00:00,New York,38.750004,-16.583328
2025-07-07 03:00:00+00:00,New York,37.76667,-18.766663
2025-07-07 04:00:00+00:00,New York,36.758335,-20.808322999999994
2025-07-07 05:00:00+00:00,New York,35.70834,-22.308323
2025-07-07 06:00:00+00:00,New York,34.575,-23.674999999999997
2025-07-07 07:00:00+00:00,New York,33.325,-25.241673
2025-07-07 08:00:00+00:00,New York,31.99167,-27.025
2025-07-07 09:00:00+00:00,New York,30.59167,-29.008336
2025-07-07 10:00:00+00:00,New York,29.175003,-30.861664
2025-07-07 11:00:00+00:00,New York,27.783333,-32.316669000000005
2025-07-07 12:00:00+00:00,New York,26.433332,-33.683338
2025-07-07 13:00:00+00:00,New York,25.483332,-33.483343000000005
2025-07-07 14:00:00+00:00,New York,24.616663,-33.383337
2025-07-07 15:00:00+00:00,New York,26.0,-37.818184
2025-07-07 16:00:00+00:00,New York,31.599998,-35.127272000000005
2025-07-07 17:00:00+00:00,New York,37.6,-31.309090000000005
2025-07-07 18:00:00+00:00,New York,42.0,-28.0
2025-07-07 19:00:00+00:00,New York,41.333332,-29.030298000000002
2025-07-07 20:00:00+00:00,New York,38.0,-31.63637
2025-07-07 21:00:00+00:00,New York,35.2,-32.618184
2025-07-07 22:00:00+00:00,New York,33.600002,-30.399997999999997
2025-07-07 23:00:00+00:00,New York,31.599998,-25.066665999999998
2025-07-08 00:00:00+00:00,New York,30.0,-22.0
2025-07-08 01:00:00+00:00,New York,26.399998,-14.933333999999999
2025-07-08 02:00:00+00:00,New York,21.199999,-17.550005
2025-07-08 03:00:00+00:00,New York,20.36,-17.40667
2025-07-08 04:00:00+00:00,New York,21.400002,-15.358333000000002
2025-07-08 05:00:00+00:00,New York,21.800001,-13.908338999999998
2025-07-08 06:00:00+00:00,New York,21.6,-12.975000000000001
2025-07-08 07:00:00+00:00,New York,21.275003,-12.049997000000001
2025-07-08 08:00:00+00:00,New York,21.89167,-10.099999999999998
2025-07-08 09:00:00+00:00,New York,22.541672,-8.049998000000002
2025-07-08 10:00:00+00:00,New York,23.308334,-5.866669000000002
2025-07-08 11:00:00+00:00,New York,24.183334,-3.5999990000000004
2025-07-08 12:00:00+00:00,New York,30.8,4.366668000000001
2025-07-08 13:00:00+00:00,New York,42.666668,17.183336
2025-07-08 14:00:00+00:00,New York,62.181816,37.565152999999995
2025-07-08 15:00:00+00:00,New York,67.454544,41.454544
2025-07-08 16:00:00+00:00,New York,69.454544,37.854546
2025-07-08 17:00:00+00:00,New York,69.818184,32.218184
2025-07-08 18:00:00+00:00,New York,69.818184,27.818184000000002
2025-07-08 19:00:00+00:00,New York,69.818184,28.484852000000004
2025-07-08 20:00:00+00:00,New York,69.27273,31.272729999999996
2025-07-08 21:00:00+00:00,New York,67.818184,32.618184
2025-07-08 22:00:00+00:00,New York,64.90909,31.309088000000003
2025-07-08 23:00:00+00:00,New York,60.90909,29.309092
2025-07-09 00:00:00+00:00,New York,42.666668,12.666668000000001
2025-07-09 01:00:00+00:00,New York,37.2,10.800002000000003
2025-07-09 02:00:00+00:00,New York,30.8,9.600001000000002
2025-07-09 03:00:00+00:00,New York,27.48333,7.123329999999999
2025-07-09 04:00:00+00:00,New York,28.149996,6.749994000000001
2025-07-09 05:00:00+00:00,New York,28.741667,6.941665999999998
2025-07-09 06:00:00+00:00,New York,29.275,7.674999999999997
2025-07-09 07:00:00+00:00,New York,29.791664,8.516661
2025-07-09 08:00:00+00:00,New York,30.316668,8.424997999999999
2025-07-09 09:00:00+00:00,New York,30.808334,8.266662
2025-07-09 10:00:00+00:00,New York,31.175003,7.866669000000002
2025-07-09 11:00:00+00:00,New York,31.458336,7.275002000000001
2025-07-09 12:00:00+00:00,New York,32.8,1.9999999999999964
2025-07-09 13:00:00+00:00,New York,39.2,-3.4666679999999985
2025-07-09 14:00:00+00:00,New York,53.333336,-8.848479999999995
2025-07-09 15:00:00+00:00,New York,61.81818,-5.636364
2025-07-09 16:00:00+00:00,New York,64.36364,-5.090903999999995
2025-07-09 17:00:00+00:00,New York,66.545456,-3.2727280000000007
2025-07-09 18:00:00+00:00,New York,67.818184,-2.0
2025-07-09 19:00:00+00:00,New York,68.0,-1.8181840000000022
2025-07-09 20:00:00+00:00,New York,67.27273,-2.0
2025-07-09 21:00:00+00:00,New York,65.818184,-2.0
2025-07-09 22:00:00+00:00,New York,63.636364,-1.2727260000000058
2025-07-09 23:00:00+00:00,New York,60.90909,0.0
2025-07-10 00:00:00+00:00,New York,60.90909,18.242421999999998
2025-07-10 01:00:00+00:00,New York,52.0,14.799999999999997
2025-07-10 02:00:00+00:00,New York,38.0,7.199999999999999
2025-07-10 03:00:00+00:00,New York,36.274998,8.791667999999998
2025-07-10 04:00:00+00:00,New York,36.291664,8.141667999999996
2025-07-10 05:00:00+00:00,New York,36.341667,7.600000000000001
2025-07-10 06:00:00+00:00,New York,36.341663,7.066662999999998
2025-07-10 07:00:00+00:00,New York,36.25833,6.466666
2025-07-10 08:00:00+00:00,New York,36.024998,5.708329999999997
2025-07-10 09:00:00+00:00,New York,35.574997,4.766663000000005
2025-07-10 10:00:00+00:00,New York,34.866665,3.6916619999999973
2025-07-10 11:00:00+00:00,New York,34.083332,2.6249959999999994
2025-07-10 12:00:00+00:00,New York,33.399998,0.5999979999999994
2025-07-10 13:00:00+00:00,New York,34.208332,-4.991668000000004
2025-07-10 14:00:00+00:00,New York,36.0,-17.333336000000003
2025-07-10 15:00:00+00:00,New York,48.0,-13.818179999999998
2025-07-10 16:00:00+00:00,New York,61.454544,-2.9090960000000052
2025-07-10 17:00:00+00:00,New York,66.36363,-0.18182600000000093
2025-07-10 18:00:00+00:00,New York,70.0,2.1818159999999978
2025-07-10 19:00:00+00:00,New York,71.63636,3.6363599999999963
2025-07-10 20:00:00+00:00,New York,72.181816,4.909086000000002
2025-07-10 21:00:00+00:00,New York,71.09091,5.272725999999992
2025-07-10 22:00:00+00:00,New York,68.36364,4.727276000000003
2025-07-10 23:00:00+00:00,New York,64.0,3.090910000000001
2025-07-11 00:00:00+00:00,New York,50.666664,-10.242426000000002
2025-07-11 01:00:00+00:00,New York,51.25,-0.75
2025-07-11 02:00:00+00:00,New York,53.516685,15.516685000000003
2025-07-11 03:00:00+00:00,New York,55.466667,19.191669000000005
2025-07-11 04:00:00+00:00,New York,56.916664,20.625
2025-07-11 05:00:00+00:00,New York,58.15,21.808332999999998
2025-07-11 06:00:00+00:00,New York,59.566658,23.224995
2025-07-11 07:00:00+00:00,New York,60.226665,23.968334999999996
2025-07-11 08:00:00+00:00,New York,60.593334,24.568336000000002
2025-07-11 09:00:00+00:00,New York,61.04667,25.471672999999996
2025-07-11 10:00:00+00:00,New York,61.59,26.723335000000006
2025-07-11 11:00:00+00:00,New York,62.15,28.066668
2025-07-11 12:00:00+00:00,New York,62.61333,29.213332
2025-07-11 13:00:00+00:00,New York,62.513332,28.305
2025-07-11 14:00:00+00:00,New York,62.343334,26.343334
2025-07-11 15:00:00+00:00,New York,62.086662,14.086661999999997
2025-07-11 16:00:00+00:00,New York,62.00333,0.5487859999999998
2025-07-11 17:00:00+00:00,New York,66.0,-0.36363000000000056
2025-07-11 18:00:00+00:00,New York,69.27273,-0.7272700000000043
2025-07-11 19:00:00+00:00,New York,70.545456,-1.0909039999999948
2025-07-11 20:00:00+00:00,New York,70.72727,-1.4545459999999935
2025-07-11 21:00:00+00:00,New York,69.09091,-2.0
2025-07-11 22:00:00+00:00,New York,65.27273,-3.090910000000008
2025-07-11 23:00:00+00:00,New York,61.986664,-2.0133360000000025
2025-07-12 00:00:00+00:00,New York,61.59,10.923336000000006
2025-07-12 01:00:00+00:00,New York,60.983334,9.733334
2025-07-12 02:00:00+00:00,New York,60.283333,6.766647999999996
2025-07-12 03:00:00+00:00,New York,58.000008,2.533341
2025-07-12 04:00:00+00:00,New York,55.000008,-1.9166559999999961
2025-07-12 05:00:00+00:00,New York,52.13334,-6.016660000000002
2025-07-12 06:00:00+00:00,New York,49.283348,-10.28331
2025-07-12 07:00:00+00:00,New York,46.700005,-13.52666
2025-07-12 08:00:00+00:00,New York,44.533333,-16.060001
2025-07-12 09:00:00+00:00,New York,42.76667,-18.28
2025-07-12 10:00:00+00:00,New York,41.13333,-20.456670000000003
2025-07-12 11:00:00+00:00,New York,39.916664,-22.233336
2025-07-12 12:00:00+00:00,New York,39.541664,-23.071666
2025-07-12 13:00:00+00:00,New York,38.56666,-23.946672
2025-07-12 14:00:00+00:00,New York,37.65833,-24.685004
2025-07-12 15:00:00+00:00,New York,37.6,-24.486661999999995
2025-07-12 16:00:00+00:00,New York,42.0,-20.00333
2025-07-12 17:00:00+00:00,New York,46.0,-20.0
2025-07-12 18:00:00+00:00,New York,47.333336,-21.939393999999993
2025-07-12 19:00:00+00:00,New York,46.0,-24.545456
2025-07-12 20:00:00+00:00,New York,41.333332,-29.393938000000006
2025-07-12 21:00:00+00:00,New York,37.2,-31.89090999999999
2025-07-12 22:00:00+00:00,New York,31.599998,-33.672731999999996
2025-07-12 23:00:00+00:00,New York,29.225004,-32.76166
2025-07-13 00:00:00+00:00,New York,28.650002,-32.939998
2025-07-13 01:00:00+00:00,New York,28.083336,-32.899998
2025-07-13 02:00:00+00:00,New York,27.541672,-32.741661
2025-07-13 03:00:00+00:00,New York,27.141668,-30.858340000000002
2025-07-13 04:00:00+00:00,New York,26.833334,-28.166674
2025-07-13 05:00:00+00:00,New York,26.558334,-25.575006
2025-07-13 06:00:00+00:00,New York,26.233334,-23.050013999999997
2025-07-13 07:00:00+00:00,New York,25.76667,-20.933334999999996
2025-07-13 08:00:00+00:00,New York,25.074999,-19.458334
2025-07-13 09:00:00+00:00,New York,24.216667,-18.550002999999997
2025-07-13 10:00:00+00:00,New York,23.333336,-17.799994
2025-07-13 11:00:00+00:00,New York,22.275002,-17.641661999999997
2025-07-13 12:00:00+00:00,New York,21.141666,-18.399997999999997
2025-07-13 13:00:00+00:00,New York,20.783333,-17.783327
2025-07-13 14:00:00+00:00,New York,20.266666,-17.391664
2025-07-13 15:00:00+00:00,New York,20.0,-17.6
2025-07-13 16:00:00+00:00,New York,23.199999,-18.800001
2025-07-13 17:00:00+00:00,New York,27.2,-18.8
2025-07-13 18:00:00+00:00,New York,30.4,-16.933336000000004
2025-07-13 19:00:00+00:00,New York,33.600002,-12.399997999999997
2025-07-13 20:00:00+00:00,New York,36.0,-5.333331999999999
2025-07-13 21:00:00+00:00,New York,36.399998,-0.8000020000000063
2025-07-13 22:00:00+00:00,New York,33.2,1.6000020000000035
2025-07-13 23:00:00+00:00,New York,28.0,-1.2250039999999984
2025-07-14 00:00:00+00:00,New York,23.199999,-5.450003000000002
2025-07-14 01:00:00+00:00,New York,22.4,-5.683336000000001
2025-07-14 02:00:00+00:00,New York,21.6,-5.941671999999997
2025-07-14 03:00:00+00:00,New York,20.8,-6.3416679999999985
2025-07-14 04:00:00+00:00,New York,20.4,-6.433334000000002
2025-07-14 05:00:00+00:00,New York,20.4,-6.158334
2025-07-14 06:00:00+00:00,New York,20.0,-6.233333999999999
2025-07-14 07:00:00+00:00,New York,18.4,-7.366670000000003
2025-07-14 08:00:00+00:00,New York,17.433334,-7.641665
2025-07-14 09:00:00+00:00,New York,17.525002,-6.691665
2025-07-14 10:00:00+00:00,New York,17.641668,-5.691668
2025-07-14 11:00:00+00:00,New York,17.766668,-4.508334000000001
2025-07-14 12:00:00+00:00,New York,19.6,-1.5416659999999993
2025-07-14 13:00:00+00:00,New York,23.199999,2.4166659999999993
2025-07-14 14:00:00+00:00,New York,28.0,7.733333999999999
2025-07-14 15:00:00+00:00,New York,32.8,12.799999999999997
2025-07-14 16:00:00+00:00,New York,38.0,14.800001000000002
2025-07-14 17:00:00+00:00,New York,44.666668,17.466668000000002
2025-07-14 18:00:00+00:00,New York,50.0,19.6
2025-07-14 19:00:00+00:00,New York,50.0,16.399997999999997
2025-07-14 20:00:00+00:00,New York,46.666664,10.666663999999997
2025-07-14 21:00:00+00:00,New York,42.0,5.6000020000000035
2025-07-14 22:00:00+00:00,New York,37.6,4.399999999999999
2025-07-14 23:00:00+00:00,New York,32.8,4.799999999999997
2025-07-15 00:00:00+00:00,New York,22.349998,-0.8500009999999989
2025-07-15 01:00:00+00:00,New York,24.84,2.4400000000000013
2025-07-15 02:00:00+00:00,New York,28.32,6.719999999999999
2025-07-15 03:00:00+00:00,New York,30.52,9.719999999999999
2025-07-15 04:00:00+00:00,New York,30.720001,10.320001000000001
2025-07-15 05:00:00+00:00,New York,29.64,9.240000000000002
2025-07-15 06:00:00+00:00,New York,28.558334,8.558333999999999
2025-07-15 07:00:00+00:00,New York,29.050003,10.650003000000002
2025-07-15 08:00:00+00:00,New York,29.300001,11.866667000000003
2025-07-15 09:00:00+00:00,New York,29.449999,11.924996999999998
2025-07-15 10:00:00+00:00,New York,29.449999,11.808330999999999
2025-07-15 11:00:00+00:00,New York,29.308334,11.541666
2025-07-15 12:00:00+00:00,New York,29.149994,9.549993999999998
2025-07-15 13:00:00+00:00,New York,30.8,7.6000010000000024
2025-07-15 14:00:00+00:00,New York,37.2,9.200000000000003
2025-07-15 15:00:00+00:00,New York,46.666664,13.866664
2025-07-15 16:00:00+00:00,New York,58.666668,20.666668
2025-07-15 17:00:00+00:00,New York,63.09091,18.424242
2025-07-15 18:00:00+00:00,New York,66.36363,16.36363
2025-07-15 19:00:00+00:00,New York,69.818184,19.818184000000002
2025-07-15 20:00:00+00:00,New York,72.72727,26.060606000000007
2025-07-15 21:00:00+00:00,New York,73.63637,31.63637
2025-07-15 22:00:00+00:00,New York,70.72727,33.12727
2025-07-15 23:00:00+00:00,New York,65.818184,33.018184000000005
2025-07-16 00:00:00+00:00,New York,60.363636,38.013638
2025-07-16 01:00:00+00:00,New York,48.666668,23.826668
2025-07-16 02:00:00+00:00,New York,34.8,6.479999999999997
2025-07-16 03:00:00+00:00,New York,32.524998,2.004997999999997
2025-07-16 04:00:00+00:00,New York,32.575,1.854999000000003
2025-07-16 05:00:00+00:00,New York,32.791664,3.1516639999999967
2025-07-16 06:00:00+00:00,New York,33.216663,4.658328999999998
2025-07-16 07:00:00+00:00,New York,34.25,5.199997
2025-07-16 08:00:00+00:00,New York,35.55,6.249998999999995
2025-07-16 09:00:00+00:00,New York,37.05,7.600000999999999
2025-07-16 10:00:00+00:00,New York,38.833332,9.383333
2025-07-16 11:00:00+00:00,New York,41.866676,12.558342
2025-07-16 12:00:00+00:00,New York,46.01667,16.866676
2025-07-16 13:00:00+00:00,New York,48.700012,17.900012
2025-07-16 14:00:00+00:00,New York,62.181816,24.981815999999995
2025-07-16 15:00:00+00:00,New York,68.36364,21.696976000000006
2025-07-16 16:00:00+00:00,New York,71.81818,13.151511999999997
2025-07-16 17:00:00+00:00,New York,73.63637,10.545459999999999
2025-07-16 18:00:00+00:00,New York,74.0,7.636369999999999
2025-07-16 19:00:00+00:00,New York,72.36363,2.5454459999999983
2025-07-16 20:00:00+00:00,New York,69.09091,-3.6363600000000105
2025-07-16 21:00:00+00:00,New York,66.0,-7.636369999999999
2025-07-16 22:00:00+00:00,New York,63.636364,-7.090906000000004
2025-07-16 23:00:00+00:00,New York,61.272728,-4.5454560000000015
2025-07-17 00:00:00+00:00,New York,57.11667,-3.2469660000000005
2025-07-17 01:00:00+00:00,New York,57.19999,8.533321999999998
2025-07-17 02:00:00+00:00,New York,57.033325,22.233325
2025-07-17 03:00:00+00:00,New York,56.916656,24.391658000000007
2025-07-17 04:00:00+00:00,New York,56.383324,23.808324
2025-07-17 05:00:00+00:00,New York,55.316658,22.524994
2025-07-17 06:00:00+00:00,New York,53.73333,20.516667000000005
2025-07-17 07:00:00+00:00,New York,51.700005,17.450004999999997
2025-07-17 08:00:00+00:00,New York,49.38333,13.833330000000004
2025-07-17 09:00:00+00:00,New York,46.683327,9.633327000000001
2025-07-17 10:00:00+00:00,New York,43.533333,4.700001
2025-07-17 11:00:00+00:00,New York,39.966667,-1.9000089999999972
2025-07-17 12:00:00+00:00,New York,38.208332,-7.808337999999999
2025-07-17 13:00:00+00:00,New York,38.4,-10.300012000000002
2025-07-17 14:00:00+00:00,New York,54.666668,-7.515147999999996
2025-07-17 15:00:00+00:00,New York,62.727276,-5.636364
2025-07-17 16:00:00+00:00,New York,66.181816,-5.636364
2025-07-17 17:00:00+00:00,New York,69.09091,-4.545460000000006
2025-07-17 18:00:00+00:00,New York,70.72727,-3.2727299999999957
2025-07-17 19:00:00+00:00,New York,70.181816,-2.181814000000003
2025-07-17 20:00:00+00:00,New York,68.18182,-0.909089999999992
2025-07-17 21:00:00+00:00,New York,66.181816,0.18181599999999776
2025-07-17 22:00:00+00:00,New York,64.36364,0.7272760000000034
2025-07-17 23:00:00+00:00,New York,62.545452,1.2727239999999966
2025-07-18 00:00:00+00:00,New York,62.181816,5.065145999999999
2025-07-18 01:00:00+00:00,New York,57.333336,0.13334600000000307
2025-07-18 02:00:00+00:00,New York,43.333336,-13.699988999999995
2025-07-18 03:00:00+00:00,New York,35.6,-21.316656000000002
2025-07-18 04:00:00+00:00,New York,34.158337,-22.224987
2025-07-18 05:00:00+00:00,New York,33.7,-21.616657999999994
2025-07-18 06:00:00+00:00,New York,33.600002,-20.133328
2025-07-18 07:00:00+00:00,New York,32.8,-18.900005
2025-07-18 08:00:00+00:00,New York,32.4,-16.983330000000002
2025-07-18 09:00:00+00:00,New York,31.599998,-15.083328999999999
2025-07-18 10:00:00+00:00,New York,30.491673,-13.04166
2025-07-18 11:00:00+00:00,New York,30.225006,-9.741661
2025-07-18 12:00:00+00:00,New York,30.4,-7.808332
2025-07-18 13:00:00+00:00,New York,32.0,-6.399999999999999
2025-07-18 14:00:00+00:00,New York,34.4,-20.266668000000003
2025-07-18 15:00:00+00:00,New York,36.8,-25.927276000000006
2025-07-18 16:00:00+00:00,New York,38.800003,-27.381813
2025-07-18 17:00:00+00:00,New York,41.333332,-27.757577999999995
2025-07-18 18:00:00+00:00,New York,45.333332,-25.393938000000006
2025-07-18 19:00:00+00:00,New York,50.666664,-19.515152
2025-07-18 20:00:00+00:00,New York,56.666664,-11.515156000000005
2025-07-18 21:00:00+00:00,New York,59.333336,-6.848479999999995
2025-07-18 22:00:00+00:00,New York,57.333336,-7.030304000000001
2025-07-18 23:00:00+00:00,New York,52.0,-10.545451999999997
2025-07-19 00:00:00+00:00,New York,44.0,-18.181815999999998
2025-07-19 01:00:00+00:00,New York,35.6,-21.733336
2025-07-19 02:00:00+00:00,New York,26.800001,-16.533335
2025-07-19 03:00:00+00:00,New York,20.0,-15.600000000000001
2025-07-19 04:00:00+00:00,New York,19.05,-15.108337000000002
2025-07-19 05:00:00+00:00,New York,18.4,-15.300000000000004
2025-07-19 06:00:00+00:00,New York,19.199999,-14.400003000000005
2025-07-19 07:00:00+00:00,New York,20.0,-12.799999999999997
2025-07-19 08:00:00+00:00,New York,21.6,-10.799999999999997
2025-07-19 09:00:00+00:00,New York,23.199999,-8.399999000000001
2025-07-19 10:00:00+00:00,New York,23.600002,-6.891670999999999
2025-07-19 11:00:00+00:00,New York,24.400002,-5.825004
2025-07-19 12:00:00+00:00,New York,27.6,-2.799999999999997
2025-07-19 13:00:00+00:00,New York,36.399998,4.3999979999999965
2025-07-19 14:00:00+00:00,New York,54.0,19.6
2025-07-19 15:00:00+00:00,New York,62.363632,25.563632000000005
2025-07-19 16:00:00+00:00,New York,63.818184,25.018181000000006
2025-07-19 17:00:00+00:00,New York,63.818184,22.484852000000004
2025-07-19 18:00:00+00:00,New York,63.09091,17.757578000000002
2025-07-19 19:00:00+00:00,New York,61.81818,11.151516
2025-07-19 20:00:00+00:00,New York,59.333336,2.6666720000000055
2025-07-19 21:00:00+00:00,New York,52.666664,-6.6666720000000055
2025-07-19 22:00:00+00:00,New York,48.666668,-8.666668000000001
2025-07-19 23:00:00+00:00,New York,45.333332,-6.666668000000001
2025-07-20 00:00:00+00:00,New York,39.6,-4.399999999999999
2025-07-20 01:00:00+00:00,New York,38.4,2.799999999999997
2025-07-20 02:00:00+00:00,New York,37.2,10.399999000000001
2025-07-20 03:00:00+00:00,New York,36.0,16.0
2025-07-20 04:00:00+00:00,New York,36.0,16.95
2025-07-20 05:00:00+00:00,New York,36.399998,17.999997999999998
2025-07-20 06:00:00+00:00,New York,36.399998,17.199999
2025-07-20 07:00:00+00:00,New York,36.0,16.0
2025-07-20 08:00:00+00:00,New York,35.2,13.600000000000001
2025-07-20 09:00:00+00:00,New York,34.8,11.600000999999999
2025-07-20 10:00:00+00:00,New York,34.4,10.799997999999999
2025-07-20 11:00:00+00:00,New York,34.0,9.599998
2025-07-20 12:00:00+00:00,New York,29.6,2.0
2025-07-20 13:00:00+00:00,New York,32.8,-3.5999979999999994
2025-07-20 14:00:00+00:00,New York,37.6,-16.4
2025-07-20 15:00:00+00:00,New York,46.666664,-15.696968000000005
2025-07-20 16:00:00+00:00,New York,60.545456,-3.2727280000000007
2025-07-20 17:00:00+00:00,New York,65.454544,1.6363599999999963
2025-07-20 18:00:00+00:00,New York,68.90909,5.818180000000005
2025-07-20 19:00:00+00:00,New York,70.0,8.181820000000002
2025-07-20 20:00:00+00:00,New York,69.63637,10.303033999999997
2025-07-20 21:00:00+00:00,New York,68.36364,15.696976000000006
2025-07-20 22:00:00+00:00,New York,66.0,17.333332
2025-07-20 23:00:00+00:00,New York,62.545452,17.21212
2025-07-21 00:00:00+00:00,New York,60.727272,21.127271999999998
2025-07-21 01:00:00+00:00,New York,53.333336,14.933336000000004
2025-07-21 02:00:00+00:00,New York,40.0,2.799999999999997
2025-07-21 03:00:00+00:00,New York,34.0,-2.0
2025-07-21 04:00:00+00:00,New York,31.599998,-4.400002000000001
2025-07-21 05:00:00+00:00,New York,31.199999,-5.199998999999998
2025-07-21 06:00:00+00:00,New York,30.8,-5.599997999999996
2025-07-21 07:00:00+00:00,New York,30.0,-6.0
2025-07-21 08:00:00+00:00,New York,29.6,-5.600000000000001
2025-07-21 09:00:00+00:00,New York,29.6,-5.199999999999996
2025-07-21 10:00:00+00:00,New York,29.6,-4.799999999999997
2025-07-21 11:00:00+00:00,New York,30.0,-4.0
2025-07-21 12:00:00+00:00,New York,32.4,2.799999999999997
2025-07-21 13:00:00+00:00,New York,36.8,4.0
2025-07-21 14:00:00+00:00,New York,44.666668,7.066668
2025-07-21 15:00:00+00:00,New York,52.0,5.333336000000003
2025-07-21 16:00:00+00:00,New York,54.0,-6.5454560000000015
2025-07-21 17:00:00+00:00,New York,54.0,-11.454543999999999
2025-07-21 18:00:00+00:00,New York,52.0,-16.909090000000006
2025-07-21 19:00:00+00:00,New York,49.333336,-20.666663999999997
2025-07-21 20:00:00+00:00,New York,45.333332,-24.303038
2025-07-21 21:00:00+00:00,New York,40.666664,-27.696976000000006
2025-07-21 22:00:00+00:00,New York,37.6,-28.4
2025-07-21 23:00:00+00:00,New York,34.8,-27.745452
2025-07-22 00:00:00+00:00,New York,32.4,-28.327272
2025-07-22 01:00:00+00:00,New York,29.2,-24.133336000000003
2025-07-22 02:00:00+00:00,New York,24.400002,-15.599998
2025-07-22 03:00:00+00:00,New York,22.783333,-11.216667000000001
2025-07-22 04:00:00+00:00,New York,22.291664,-9.308333999999999
2025-07-22 05:00:00+00:00,New York,22.183332,-9.016666999999998
2025-07-22 06:00:00+00:00,New York,22.283329,-8.516671000000002
2025-07-22 07:00:00+00:00,New York,22.433334,-7.5666660000000014
2025-07-22 08:00:00+00:00,New York,22.624998,-6.975002
2025-07-22 09:00:00+00:00,New York,22.883331,-6.716669000000003
2025-07-22 10:00:00+00:00,New York,23.216665,-6.383335000000002
2025-07-22 11:00:00+00:00,New York,23.624996,-6.375004000000001
2025-07-22 12:00:00+00:00,New York,24.091665,-8.308335
2025-07-22 13:00:00+00:00,New York,29.6,-7.199999999999996
2025-07-22 14:00:00+00:00,New York,37.6,-7.066668
2025-07-22 15:00:00+00:00,New York,46.666664,-5.333336000000003
2025-07-22 16:00:00+00:00,New York,54.0,0.0
2025-07-22 17:00:00+00:00,New York,58.666668,4.666668000000001
2025-07-22 18:00:00+00:00,New York,60.363636,8.363636
2025-07-22 19:00:00+00:00,New York,60.363636,11.030299999999997
2025-07-22 20:00:00+00:00,New York,58.666668,13.333336000000003
2025-07-22 21:00:00+00:00,New York,54.0,13.333336000000003
2025-07-22 22:00:00+00:00,New York,46.666664,9.066663999999996
2025-07-22 23:00:00+00:00,New York,38.4,3.6000000000000014
2025-07-23 00:00:00+00:00,New York,51.333332,18.933332
2025-07-23 01:00:00+00:00,New York,40.666664,11.466663999999998
2025-07-23 02:00:00+00:00,New York,31.599998,7.199995999999999
2025-07-23 03:00:00+00:00,New York,27.508337,4.725004000000002
2025-07-23 04:00:00+00:00,New York,27.683336,5.391672
2025-07-23 05:00:00+00:00,New York,27.85,5.666668000000001
2025-07-23 06:00:00+00:00,New York,28.091667,5.808338000000003
2025-07-23 07:00:00+00:00,New York,28.416668,5.983334000000003
2025-07-23 08:00:00+00:00,New York,28.833334,6.208335999999999
2025-07-23 09:00:00+00:00,New York,29.324999,6.441668
2025-07-23 10:00:00+00:00,New York,29.9,6.683335
2025-07-23 11:00:00+00:00,New York,30.608332,6.983336000000001
2025-07-23 12:00:00+00:00,New York,31.45833,7.366665000000001
2025-07-23 13:00:00+00:00,New York,32.283333,2.6833329999999975
2025-07-23 14:00:00+00:00,New York,34.4,-3.200000000000003
2025-07-23 15:00:00+00:00,New York,43.333336,-3.3333279999999945
2025-07-23 16:00:00+00:00,New York,53.333336,-0.6666639999999973
2025-07-23 17:00:00+00:00,New York,60.545456,1.8787880000000001
2025-07-23 18:00:00+00:00,New York,62.363632,1.999996000000003
2025-07-23 19:00:00+00:00,New York,63.636364,3.2727280000000007
2025-07-23 20:00:00+00:00,New York,64.36364,5.696972000000002
2025-07-23 21:00:00+00:00,New York,64.181816,10.181815999999998
2025-07-23 22:00:00+00:00,New York,62.363632,15.696968000000005
2025-07-23 23:00:00+00:00,New York,58.666668,20.266668000000003
2025-07-24 00:00:00+00:00,New York,44.666668,-6.666663999999997
2025-07-24 01:00:00+00:00,New York,39.2,-1.4666639999999944
2025-07-24 02:00:00+00:00,New York,34.4,2.800001999999999
2025-07-24 03:00:00+00:00,New York,30.4,2.8916629999999977
2025-07-24 04:00:00+00:00,New York,28.4,0.716663999999998
2025-07-24 05:00:00+00:00,New York,27.6,-0.25
2025-07-24 06:00:00+00:00,New York,26.800001,-1.2916659999999993
2025-07-24 07:00:00+00:00,New York,25.599998,-2.816670000000002
2025-07-24 08:00:00+00:00,New York,24.0,-4.833334000000001
2025-07-24 09:00:00+00:00,New York,23.199999,-6.125
2025-07-24 10:00:00+00:00,New York,22.4,-7.5
2025-07-24 11:00:00+00:00,New York,21.6,-9.008332
2025-07-24 12:00:00+00:00,New York,23.199999,-8.258331000000002
2025-07-24 13:00:00+00:00,New York,28.800001,-3.483331999999997
2025-07-24 14:00:00+00:00,New York,36.8,2.3999999999999986
2025-07-24 15:00:00+00:00,New York,46.666664,3.3333279999999945
2025-07-24 16:00:00+00:00,New York,56.666664,3.3333279999999945
2025-07-24 17:00:00+00:00,New York,61.63636,1.0909040000000019
2025-07-24 18:00:00+00:00,New York,63.454548,1.090916
2025-07-24 19:00:00+00:00,New York,64.72727,1.090906000000004
2025-07-24 20:00:00+00:00,New York,65.63636,1.2727199999999925
2025-07-24 21:00:00+00:00,New York,65.27273,1.090913999999998
2025-07-24 22:00:00+00:00,New York,63.454548,1.090916
2025-07-24 23:00:00+00:00,New York,60.545456,1.8787880000000001
2025-07-25 00:00:00+00:00,New York,61.090908,16.424239999999998
2025-07-25 01:00:00+00:00,New York,56.0,16.799999999999997
2025-07-25 02:00:00+00:00,New York,44.666668,10.266668000000003
2025-07-25 03:00:00+00:00,New York,37.2,6.800000000000004
2025-07-25 04:00:00+00:00,New York,34.0,5.600000000000001
2025-07-25 05:00:00+00:00,New York,32.4,4.799999999999997
2025-07-25 06:00:00+00:00,New York,30.8,3.999998999999999
2025-07-25 07:00:00+00:00,New York,29.6,4.000002000000002
2025-07-25 08:00:00+00:00,New York,28.800001,4.800001000000002
2025-07-25 09:00:00+00:00,New York,28.4,5.200001
2025-07-25 10:00:00+00:00,New York,26.800001,4.400001000000003
2025-07-25 11:00:00+00:00,New York,26.0,4.399999999999999
2025-07-25 12:00:00+00:00,New York,30.8,7.6000010000000024
2025-07-25 13:00:00+00:00,New York,44.0,15.199998999999998
2025-07-25 14:00:00+00:00,New York,62.909092,26.109092000000004
2025-07-25 15:00:00+00:00,New York,68.36364,21.696976000000006
2025-07-25 16:00:00+00:00,New York,70.36363,13.696966000000003
2025-07-25 17:00:00+00:00,New York,70.72727,9.090910000000001
2025-07-25 18:00:00+00:00,New York,70.181816,6.727267999999995
2025-07-25 19:00:00+00:00,New York,69.27273,4.545459999999991
2025-07-25 20:00:00+00:00,New York,67.454544,1.8181840000000022
2025-07-25 21:00:00+00:00,New York,65.09091,-0.18182000000000187
2025-07-25 22:00:00+00:00,New York,61.63636,-1.8181879999999992
2025-07-25 23:00:00+00:00,New York,50.0,-10.545456000000001
2025-07-26 00:00:00+00:00,New York,35.6,-25.490907999999997
2025-07-26 01:00:00+00:00,New York,30.8,-25.2
2025-07-26 02:00:00+00:00,New York,24.691666,-19.975002
2025-07-26 03:00:00+00:00,New York,25.074999,-12.125001000000005
2025-07-26 04:00:00+00:00,New York,25.533333,-8.466667000000001
2025-07-26 05:00:00+00:00,New York,26.0,-6.399999999999999
2025-07-26 06:00:00+00:00,New York,26.324999,-4.4750010000000024
2025-07-26 07:00:00+00:00,New York,26.458336,-3.1416640000000022
2025-07-26 08:00:00+00:00,New York,26.441668,-2.358333000000002
2025-07-26 09:00:00+00:00,New York,26.34167,-2.058329999999998
2025-07-26 10:00:00+00:00,New York,26.225004,-0.5749970000000033
2025-07-26 11:00:00+00:00,New York,26.133337,0.13333700000000093
2025-07-26 12:00:00+00:00,New York,28.4,-2.400000000000002
2025-07-26 13:00:00+00:00,New York,32.8,-11.200000000000003
2025-07-26 14:00:00+00:00,New York,39.6,-23.309092
2025-07-26 15:00:00+00:00,New York,49.333336,-19.030304
2025-07-26 16:00:00+00:00,New York,58.0,-12.36363
2025-07-26 17:00:00+00:00,New York,61.81818,-8.909090000000006
2025-07-26 18:00:00+00:00,New York,63.454548,-6.727267999999995
2025-07-26 19:00:00+00:00,New York,64.72727,-4.545459999999991
2025-07-26 20:00:00+00:00,New York,65.63636,-1.8181840000000022
2025-07-26 21:00:00+00:00,New York,64.90909,-0.18181999999998766
2025-07-26 22:00:00+00:00,New York,61.454544,-0.18181600000000486
2025-07-26 23:00:00+00:00,New York,47.333336,-2.6666639999999973
2025-07-27 00:00:00+00:00,New York,38.533337,2.9333370000000016
2025-07-27 01:00:00+00:00,New York,41.800003,11.000002999999996
2025-07-27 02:00:00+00:00,New York,46.183327,21.491660999999997
2025-07-27 03:00:00+00:00,New York,50.36667,25.291671
2025-07-27 04:00:00+00:00,New York,54.399994,28.866661
2025-07-27 05:00:00+00:00,New York,58.433342,32.433342
2025-07-27 06:00:00+00:00,New York,60.523335,34.198336000000005
2025-07-27 07:00:00+00:00,New York,61.399998,34.941661999999994
2025-07-27 08:00:00+00:00,New York,62.286663,35.844995
2025-07-27 09:00:00+00:00,New York,63.166664,36.824994
2025-07-27 10:00:00+00:00,New York,63.996666,37.771662
2025-07-27 11:00:00+00:00,New York,64.75667,38.623333
2025-07-27 12:00:00+00:00,New York,65.42333,37.02333000000001
2025-07-27 13:00:00+00:00,New York,66.25334,33.45334
2025-07-27 14:00:00+00:00,New York,66.833336,27.233336
2025-07-27 15:00:00+00:00,New York,67.10334,17.770004
2025-07-27 16:00:00+00:00,New York,67.15667,9.156670000000005
2025-07-27 17:00:00+00:00,New York,67.12667,5.308490000000006
2025-07-27 18:00:00+00:00,New York,67.05,3.5954519999999945
2025-07-27 19:00:00+00:00,New York,66.89,2.1627299999999963
2025-07-27 20:00:00+00:00,New York,66.76,1.1236400000000089
2025-07-27 21:00:00+00:00,New York,66.48334,1.5742499999999922
2025-07-27 22:00:00+00:00,New York,66.12,4.665456000000006
2025-07-27 23:00:00+00:00,New York,65.63,18.296663999999993
2025-07-28 00:00:00+00:00,New York,65.17667,26.643333
2025-07-28 01:00:00+00:00,New York,64.57333,22.773327000000002
2025-07-28 02:00:00+00:00,New York,64.05334,17.870013000000007
2025-07-28 03:00:00+00:00,New York,63.60334,13.236670000000004
2025-07-28 04:00:00+00:00,New York,63.183334,8.783340000000003
2025-07-28 05:00:00+00:00,New York,62.770004,4.336661999999997
2025-07-28 06:00:00+00:00,New York,62.34667,1.8233350000000002
2025-07-28 07:00:00+00:00,New York,61.836666,0.4366680000000045
2025-07-28 08:00:00+00:00,New York,61.230003,-1.0566599999999937
2025-07-28 09:00:00+00:00,New York,60.54333,-2.623334
2025-07-28 10:00:00+00:00,New York,59.200005,-4.796661
2025-07-28 11:00:00+00:00,New York,55.833336,-8.923333999999997
2025-07-28 12:00:00+00:00,New York,52.833336,-12.589994000000004
2025-07-28 13:00:00+00:00,New York,50.716667,-15.536672999999993
2025-07-28 14:00:00+00:00,New York,49.11667,-17.716666000000004
2025-07-28 15:00:00+00:00,New York,60.545456,-6.557884000000001
2025-07-28 16:00:00+00:00,New York,63.09091,-4.0657600000000045
2025-07-28 17:00:00+00:00,New York,64.72727,-2.3994
2025-07-28 18:00:00+00:00,New York,65.454544,-1.5954559999999987
2025-07-28 19:00:00+00:00,New York,64.90909,-1.9809099999999944
2025-07-28 20:00:00+00:00,New York,63.636364,-3.1236360000000047
2025-07-28 21:00:00+00:00,New York,61.63636,-4.846979999999995
2025-07-28 22:00:00+00:00,New York,58.0,-8.120000000000005
2025-07-28 23:00:00+00:00,New York,48.0,-17.629999999999995
2025-07-29 00:00:00+00:00,New York,46.183327,-18.993343000000003
2025-07-29 01:00:00+00:00,New York,45.816658,-18.756672000000002
2025-07-29 02:00:00+00:00,New York,46.149994,-17.903346000000006
2025-07-29 03:00:00+00:00,New York,50.0,-13.603340000000003
2025-07-29 04:00:00+00:00,New York,53.73333,-9.450004
2025-07-29 05:00:00+00:00,New York,53.600002,-9.170001999999997
2025-07-29 06:00:00+00:00,New York,53.350006,-8.996664000000003
2025-07-29 07:00:00+00:00,New York,57.01667,-4.819996000000003
2025-07-29 08:00:00+00:00,New York,60.300003,-0.9300000000000068
2025-07-29 09:00:00+00:00,New York,61.283333,0.7400030000000015
2025-07-29 10:00:00+00:00,New York,62.276665,3.076660000000004
2025-07-29 11:00:00+00:00,New York,63.219994,7.386657999999997
2025-07-29 12:00:00+00:00,New York,64.09333,11.259993999999992
2025-07-29 13:00:00+00:00,New York,64.76666,14.049993
2025-07-29 14:00:00+00:00,New York,65.28,16.163330000000002
2025-07-29 15:00:00+00:00,New York,66.545456,6.0
2025-07-29 16:00:00+00:00,New York,68.72727,5.636360000000003
2025-07-29 17:00:00+00:00,New York,69.09091,4.3636399999999895
2025-07-29 18:00:00+00:00,New York,69.09091,3.6363659999999953
2025-07-29 19:00:00+00:00,New York,68.90909,4.0
2025-07-29 20:00:00+00:00,New York,68.36364,4.727276000000003
2025-07-29 21:00:00+00:00,New York,66.90909,5.272730000000003
2025-07-29 22:00:00+00:00,New York,64.619995,6.619995000000003
2025-07-29 23:00:00+00:00,New York,64.503334,16.503333999999995
2025-07-30 00:00:00+00:00,New York,64.369995,18.186668000000004
2025-07-30 01:00:00+00:00,New York,64.08667,18.270012
2025-07-30 02:00:00+00:00,New York,63.770004,17.62001
2025-07-30 03:00:00+00:00,New York,63.413334,13.413333999999999
2025-07-30 04:00:00+00:00,New York,63.033337,9.300007
2025-07-30 05:00:00+00:00,New York,62.56333,8.963327999999997
2025-07-30 06:00:00+00:00,New York,61.976665,8.626658999999997
2025-07-30 07:00:00+00:00,New York,61.27333,4.256660000000004
2025-07-30 08:00:00+00:00,New York,60.48333,0.18332700000000557
2025-07-30 09:00:00+00:00,New York,58.33332,-2.9500129999999984
2025-07-30 10:00:00+00:00,New York,54.383324,-7.8933409999999995
2025-07-30 11:00:00+00:00,New York,50.799995,-12.419998999999997
2025-07-30 12:00:00+00:00,New York,47.683327,-16.410002999999996
2025-07-30 13:00:00+00:00,New York,43.51667,-21.249990000000004
2025-07-30 14:00:00+00:00,New York,46.0,-19.28
2025-07-30 15:00:00+00:00,New York,60.90909,-5.636366000000002
2025-07-30 16:00:00+00:00,New York,66.0,-2.7272700000000043
2025-07-30 17:00:00+00:00,New York,71.27273,2.181820000000002
2025-07-30 18:00:00+00:00,New York,74.90909,5.818180000000012
2025-07-30 19:00:00+00:00,New York,75.818184,6.909093999999996
2025-07-30 20:00:00+00:00,New York,74.90909,6.545450000000002
2025-07-30 21:00:00+00:00,New York,73.090904,6.181813999999989
2025-07-30 22:00:00+00:00,New York,71.09091,6.470914999999991
2025-07-30 23:00:00+00:00,New York,68.0,3.4966660000000047
2025-07-31 00:00:00+00:00,New York,65.63636,1.2663649999999933
2025-07-31 01:00:00+00:00,New York,60.181816,-3.9048540000000003
2025-07-31 02:00:00+00:00,New York,39.149998,-24.620006000000004
2025-07-31 03:00:00+00:00,New York,39.808334,-23.604999999999997
2025-07-31 04:00:00+00:00,New York,41.01667,-22.016667000000005
2025-07-31 05:00:00+00:00,New York,42.13333,-20.43
2025-07-31 06:00:00+00:00,New York,43.11667,-18.859994999999998
2025-07-31 07:00:00+00:00,New York,44.216667,-17.056663
2025-07-31 08:00:00+00:00,New York,45.44999,-15.033340000000003
2025-07-31 09:00:00+00:00,New York,46.65,-11.683320000000002
2025-07-31 10:00:00+00:00,New York,47.700005,-6.6833190000000045
2025-07-31 11:00:00+00:00,New York,48.65,-2.149995000000004
2025-07-31 12:00:00+00:00,New York,49.450005,1.7666779999999989
2025-07-31 13:00:00+00:00,New York,52.06668,8.55001
2025-07-31 14:00:00+00:00,New York,54.350006,8.350006
2025-07-31 15:00:00+00:00,New York,60.545456,-0.36363399999999757
2025-07-31 16:00:00+00:00,New York,63.272728,-2.7272719999999993
2025-07-31 17:00:00+00:00,New York,65.27273,-6.0
2025-07-31 18:00:00+00:00,New York,66.181816,-8.727274000000008
2025-07-31 19:00:00+00:00,New York,65.27273,-10.545454000000007
2025-07-31 20:00:00+00:00,New York,63.272728,-11.636362000000005
2025-07-31 21:00:00+00:00,New York,62.706673,-10.384230999999993
2025-07-31 22:00:00+00:00,New York,62.846664,-8.244245999999997
2025-07-31 23:00:00+00:00,New York,62.89,-5.109999999999999
2025-08-01 00:00:00+00:00,New York,62.939995,-2.696364999999993
2025-08-01 01:00:00+00:00,New York,62.449997,2.2681810000000056
2025-08-01 02:00:00+00:00,New York,61.79,22.640002000000003
2025-08-01 03:00:00+00:00,New York,61.003334,21.195
2025-08-01 04:00:00+00:00,New York,60.239998,19.223328000000002
2025-08-01 05:00:00+00:00,New York,58.11666,15.983330000000002
2025-08-01 06:00:00+00:00,New York,55.549988,12.433318
2025-08-01 07:00:00+00:00,New York,53.283325,9.066657999999997
2025-08-01 08:00:00+00:00,New York,51.166664,5.716673999999998
2025-08-01 09:00:00+00:00,New York,49.216652,2.566652000000005
2025-08-01 10:00:00+00:00,New York,47.41665,-0.28335500000000025
2025-08-01 11:00:00+00:00,New York,45.633324,-3.016675999999997
2025-08-01 12:00:00+00:00,New York,43.783318,-5.666686999999996
2025-08-01 13:00:00+00:00,New York,41.283318,-10.783361999999997
2025-08-01 14:00:00+00:00,New York,39.683327,-14.666679000000002
2025-08-01 15:00:00+00:00,New York,38.58333,-21.962126000000005
2025-08-01 16:00:00+00:00,New York,37.524994,-25.747734
2025-08-01 17:00:00+00:00,New York,42.666668,-22.606061999999994
2025-08-01 18:00:00+00:00,New York,48.666668,-17.515147999999996
2025-08-01 19:00:00+00:00,New York,50.666664,-14.606065999999998
2025-08-01 20:00:00+00:00,New York,50.0,-13.272728
2025-08-01 21:00:00+00:00,New York,46.666664,-16.040009000000005
2025-08-01 22:00:00+00:00,New York,40.0,-22.846663999999997
2025-08-01 23:00:00+00:00,New York,34.8,-28.090000000000003
2025-08-02 00:00:00+00:00,New York,30.0,-32.939995
2025-08-02 01:00:00+00:00,New York,29.816666,-32.633331
2025-08-02 02:00:00+00:00,New York,32.491665,-29.298335
2025-08-02 03:00:00+00:00,New York,35.408333,-25.595001000000003
2025-08-02 04:00:00+00:00,New York,38.208332,-22.031666
2025-08-02 05:00:00+00:00,New York,41.683334,-16.433326
2025-08-02 06:00:00+00:00,New York,46.61667,-8.933318
2025-08-02 07:00:00+00:00,New York,51.166664,-2.1166610000000006
2025-08-02 08:00:00+00:00,New York,55.316673,4.150009000000004
2025-08-02 09:00:00+00:00,New York,58.683327,9.466674999999995
2025-08-02 10:00:00+00:00,New York,60.206665,12.790015000000004
2025-08-02 11:00:00+00:00,New York,60.47,14.836675999999997
2025-08-02 12:00:00+00:00,New York,60.583336,16.800018
2025-08-02 13:00:00+00:00,New York,60.633335,19.350017
2025-08-02 14:00:00+00:00,New York,60.51667,20.833343
2025-08-02 15:00:00+00:00,New York,60.376667,21.793337
2025-08-02 16:00:00+00:00,New York,60.263336,22.738342000000003
2025-08-02 17:00:00+00:00,New York,60.130005,17.463336999999996
2025-08-02 18:00:00+00:00,New York,59.816673,11.150005
2025-08-02 19:00:00+00:00,New York,58.899994,8.233330000000002
2025-08-02 20:00:00+00:00,New York,58.0,8.0
2025-08-02 21:00:00+00:00,New York,56.683327,10.016663000000001
2025-08-02 22:00:00+00:00,New York,55.48333,15.483330000000002
2025-08-02 23:00:00+00:00,New York,54.33332,19.533320000000003
2025-08-03 00:00:00+00:00,New York,53.249992,23.249992
2025-08-03 01:00:00+00:00,New York,51.316658,21.499991999999995
2025-08-03 02:00:00+00:00,New York,49.533325,17.04166
2025-08-03 03:00:00+00:00,New York,47.48333,12.074997000000003
2025-08-03 04:00:00+00:00,New York,45.183327,6.974995
2025-08-03 05:00:00+00:00,New York,42.88333,1.1999959999999987
2025-08-03 06:00:00+00:00,New York,40.833336,-5.783333999999996
2025-08-03 07:00:00+00:00,New York,39.475002,-11.691661999999994
2025-08-03 08:00:00+00:00,New York,38.608337,-16.708336000000003
2025-08-03 09:00:00+00:00,New York,37.95,-20.733326999999996
2025-08-03 10:00:00+00:00,New York,37.591667,-22.614998
2025-08-03 11:00:00+00:00,New York,37.55,-22.92
2025-08-03 12:00:00+00:00,New York,37.733334,-22.850002000000003
2025-08-03 13:00:00+00:00,New York,37.65833,-22.975005000000003
2025-08-03 14:00:00+00:00,New York,37.93333,-22.58334
2025-08-03 15:00:00+00:00,New York,45.333332,-15.043334999999999
2025-08-03 16:00:00+00:00,New York,54.666668,-5.596668000000001
2025-08-03 17:00:00+00:00,New York,60.90909,0.779085000000002
2025-08-03 18:00:00+00:00,New York,63.09091,3.2742369999999994
2025-08-03 19:00:00+00:00,New York,65.63636,6.736365999999997
2025-08-03 20:00:00+00:00,New York,68.0,10.0
2025-08-03 21:00:00+00:00,New York,68.72727,12.043943000000006
2025-08-03 22:00:00+00:00,New York,66.90909,11.425760000000004
2025-08-03 23:00:00+00:00,New York,63.636364,9.303044
2025-08-04 00:00:00+00:00,New York,58.0,4.750008000000001
2025-08-04 01:00:00+00:00,New York,47.183327,-4.133330999999998
2025-08-04 02:00:00+00:00,New York,46.25,-3.283324999999998
2025-08-04 03:00:00+00:00,New York,45.299995,-2.1833349999999996
2025-08-04 04:00:00+00:00,New York,44.533333,-0.6499939999999995
2025-08-04 05:00:00+00:00,New York,44.01667,1.133339999999997
2025-08-04 06:00:00+00:00,New York,43.833336,3.0
2025-08-04 07:00:00+00:00,New York,44.216675,4.741672999999999
2025-08-04 08:00:00+00:00,New York,45.183334,6.574997000000003
2025-08-04 09:00:00+00:00,New York,46.666664,8.716663999999994
2025-08-04 10:00:00+00:00,New York,48.500008,10.908341
2025-08-04 11:00:00+00:00,New York,50.5,12.950000000000003
2025-08-04 12:00:00+00:00,New York,52.9,15.166666
2025-08-04 13:00:00+00:00,New York,57.76667,20.10834
2025-08-04 14:00:00+00:00,New York,60.49667,22.563340000000004
2025-08-04 15:00:00+00:00,New York,62.363632,17.030300000000004
2025-08-04 16:00:00+00:00,New York,65.454544,10.787875999999997
2025-08-04 17:00:00+00:00,New York,67.090904,6.181813999999996
2025-08-04 18:00:00+00:00,New York,68.0,4.909089999999999
2025-08-04 19:00:00+00:00,New York,68.72727,3.090910000000008
2025-08-04 20:00:00+00:00,New York,68.72727,0.7272700000000043
2025-08-04 21:00:00+00:00,New York,69.25333,0.5260600000000011
2025-08-04 22:00:00+00:00,New York,70.50333,3.594239999999999
2025-08-04 23:00:00+00:00,New York,71.81334,8.176975999999996
2025-08-05 00:00:00+00:00,New York,73.236664,15.236664000000005
2025-08-05 01:00:00+00:00,New York,73.78667,26.603343000000002
2025-08-05 02:00:00+00:00,New York,74.34333,28.093329999999995
2025-08-05 03:00:00+00:00,New York,74.80333,29.503335
2025-08-05 04:00:00+00:00,New York,75.17333,30.639997000000008
2025-08-05 05:00:00+00:00,New York,75.526665,31.509994999999996
2025-08-05 06:00:00+00:00,New York,75.89,32.056664
2025-08-05 07:00:00+00:00,New York,76.24333,32.026655
2025-08-05 08:00:00+00:00,New York,76.630005,31.446670999999995
2025-08-05 09:00:00+00:00,New York,77.07666,30.409996000000007
2025-08-05 10:00:00+00:00,New York,77.58333,29.083322000000003
2025-08-05 11:00:00+00:00,New York,78.15,27.650000000000006
2025-08-05 12:00:00+00:00,New York,78.700005,25.800005000000006
2025-08-05 13:00:00+00:00,New York,78.35667,20.589999999999996
2025-08-05 14:00:00+00:00,New York,78.08667,17.589999999999996
2025-08-05 15:00:00+00:00,New York,77.793335,15.429702999999996
2025-08-05 16:00:00+00:00,New York,77.28,11.825456000000003
2025-08-05 17:00:00+00:00,New York,76.65,9.559096000000011
2025-08-05 18:00:00+00:00,New York,76.14,8.14
2025-08-05 19:00:00+00:00,New York,75.700005,6.972735
2025-08-05 20:00:00+00:00,New York,75.27667,6.5493999999999915
2025-08-05 21:00:00+00:00,New York,74.83666,5.5833299999999895
2025-08-05 22:00:00+00:00,New York,74.363335,3.860005000000001
2025-08-05 23:00:00+00:00,New York,73.70334,1.8900000000000006
2025-08-06 00:00:00+00:00,New York,72.71,-0.5266640000000109
2025-08-06 01:00:00+00:00,New York,72.99,-0.796670000000006
2025-08-06 02:00:00+00:00,New York,73.02333,-1.3199999999999932
2025-08-06 03:00:00+00:00,New York,73.013336,-1.7899940000000072
2025-08-06 04:00:00+00:00,New York,72.95,-2.2233300000000042
2025-08-06 05:00:00+00:00,New York,72.763336,-2.763328999999999
2025-08-06 06:00:00+00:00,New York,72.44666,-3.4433400000000063
2025-08-06 07:00:00+00:00,New York,72.03333,-4.209999999999994
2025-08-06 08:00:00+00:00,New York,71.52334,-5.1066649999999925
2025-08-06 09:00:00+00:00,New York,70.95334,-6.123320000000007
2025-08-06 10:00:00+00:00,New York,70.37,-7.213329999999999
2025-08-06 11:00:00+00:00,New York,69.763336,-8.38666400000001
2025-08-06 12:00:00+00:00,New York,69.11667,-9.583335000000005
2025-08-06 13:00:00+00:00,New York,68.41333,-9.943339999999992
2025-08-06 14:00:00+00:00,New York,67.73334,-10.35333
2025-08-06 15:00:00+00:00,New York,67.253334,-10.540001000000004
2025-08-06 16:00:00+00:00,New York,67.03667,-10.24333
2025-08-06 17:00:00+00:00,New York,67.04667,-9.60333
2025-08-06 18:00:00+00:00,New York,67.05,-9.090000000000003
2025-08-06 19:00:00+00:00,New York,67.04,-8.660004999999998
2025-08-06 20:00:00+00:00,New York,66.99333,-8.283339999999995
2025-08-06 21:00:00+00:00,New York,66.85,-7.9866600000000005
2025-08-06 22:00:00+00:00,New York,66.54,-7.823335
2025-08-06 23:00:00+00:00,New York,66.12666,-7.576679999999996
2025-08-07 00:00:00+00:00,New York,65.753334,-6.9566659999999985
2025-08-07 01:00:00+00:00,New York,64.74,-8.25
2025-08-07 02:00:00+00:00,New York,63.856667,-9.166663
2025-08-07 03:00:00+00:00,New York,63.083336,-9.929999999999993
2025-08-07 04:00:00+00:00,New York,62.426666,-10.523334000000006
2025-08-07 05:00:00+00:00,New York,61.866665,-10.896670999999998
2025-08-07 06:00:00+00:00,New York,61.416668,-11.029991999999993
2025-08-07 07:00:00+00:00,New York,61.07,-10.963330000000006
2025-08-07 08:00:00+00:00,New York,60.753334,-10.770006000000002
2025-08-07 09:00:00+00:00,New York,60.43667,-10.516669999999998
2025-08-07 10:00:00+00:00,New York,60.15333,-10.216670000000008
2025-08-07 11:00:00+00:00,New York,59.666656,-10.096679999999992
2025-08-07 12:00:00+00:00,New York,58.966652,-10.150017999999996
2025-08-07 13:00:00+00:00,New York,59.916656,-8.496673999999999
2025-08-07 14:00:00+00:00,New York,60.139996,-7.593344000000002
2025-08-07 15:00:00+00:00,New York,60.15333,-7.100003999999998
2025-08-07 16:00:00+00:00,New York,59.783325,-7.253345000000003
2025-08-07 17:00:00+00:00,New York,57.33332,-9.713350000000005
2025-08-07 18:00:00+00:00,New York,56.0,-11.049999999999997
2025-08-07 19:00:00+00:00,New York,53.333336,-13.706664000000004
2025-08-07 20:00:00+00:00,New York,46.666664,-20.326666000000003
2025-08-07 21:00:00+00:00,New York,39.6,-27.249999999999993
2025-08-07 22:00:00+00:00,New York,37.2,-29.340000000000003
2025-08-07 23:00:00+00:00,New York,35.43334,-30.69332
2025-08-08 00:00:00+00:00,New York,34.09167,-31.661663999999995
2025-08-08 01:00:00+00:00,New York,33.550003,-31.189996999999998
2025-08-08 02:00:00+00:00,New York,33.14167,-30.714997000000004
2025-08-08 03:00:00+00:00,New York,32.75834,-30.324996000000006
2025-08-08 04:00:00+00:00,New York,32.34167,-30.084995999999997
2025-08-08 05:00:00+00:00,New York,31.89167,-29.974994999999996
2025-08-08 06:00:00+00:00,New York,31.325,-30.091668000000002
2025-08-08 07:00:00+00:00,New York,30.599998,-30.470002
2025-08-08 08:00:00+00:00,New York,29.808334,-30.945000000000004
2025-08-08 09:00:00+00:00,New York,28.958336,-31.478334
2025-08-08 10:00:00+00:00,New York,27.991669,-32.161660999999995
2025-08-08 11:00:00+00:00,New York,26.941666,-32.724990000000005
2025-08-08 12:00:00+00:00,New York,25.808336,-33.158316
2025-08-08 13:00:00+00:00,New York,25.483337,-34.433319000000004
2025-08-08 14:00:00+00:00,New York,24.883331,-35.256665
2025-08-08 15:00:00+00:00,New York,30.8,-29.353329999999996
2025-08-08 16:00:00+00:00,New York,35.6,-24.183324999999996
2025-08-08 17:00:00+00:00,New York,40.0,-17.33332
2025-08-08 18:00:00+00:00,New York,44.666668,-11.333331999999999
2025-08-08 19:00:00+00:00,New York,46.666664,-6.6666720000000055
2025-08-08 20:00:00+00:00,New York,46.666664,0.0
2025-08-08 21:00:00+00:00,New York,44.0,4.399999999999999
2025-08-08 22:00:00+00:00,New York,38.4,1.1999999999999957
2025-08-08 23:00:00+00:00,New York,32.8,-2.633340000000004
2025-08-09 00:00:00+00:00,New York,26.800001,-7.291668999999999
2025-08-09 01:00:00+00:00,New York,24.400002,-9.150000999999996
2025-08-09 02:00:00+00:00,New York,20.4,-12.74167
2025-08-09 03:00:00+00:00,New York,18.775,-13.983339999999998
2025-08-09 04:00:00+00:00,New York,19.9,-12.441670000000002
2025-08-09 05:00:00+00:00,New York,23.64,-8.25167
2025-08-09 06:00:00+00:00,New York,26.6,-4.724999999999998
2025-08-09 07:00:00+00:00,New York,28.56,-2.0399980000000006
2025-08-09 08:00:00+00:00,New York,29.84,0.031666000000001304
2025-08-09 09:00:00+00:00,New York,29.84,0.8816640000000007
2025-08-09 10:00:00+00:00,New York,28.12,0.1283309999999993
2025-08-09 11:00:00+00:00,New York,25.2,-1.7416660000000022
2025-08-09 12:00:00+00:00,New York,22.375,-3.4333360000000006
2025-08-09 13:00:00+00:00,New York,22.70833,-2.7750069999999987
2025-08-09 14:00:00+00:00,New York,24.8,-0.0833309999999976
2025-08-09 15:00:00+00:00,New York,32.8,1.9999999999999964
2025-08-09 16:00:00+00:00,New York,39.2,3.6000000000000014
2025-08-09 17:00:00+00:00,New York,47.333336,7.333336000000003
2025-08-09 18:00:00+00:00,New York,54.666668,10.0
2025-08-09 19:00:00+00:00,New York,60.181816,13.515152
2025-08-09 20:00:00+00:00,New York,61.272728,14.606064000000003
2025-08-09 21:00:00+00:00,New York,60.90909,16.90909
2025-08-09 22:00:00+00:00,New York,54.0,15.600000000000001
2025-08-09 23:00:00+00:00,New York,39.6,6.800000000000004
2025-08-10 00:00:00+00:00,New York,29.2,2.3999989999999976
2025-08-10 01:00:00+00:00,New York,24.8,0.3999980000000001
2025-08-10 02:00:00+00:00,New York,24.991669,4.591669000000003
2025-08-10 03:00:00+00:00,New York,25.266668,6.491668000000001
2025-08-10 04:00:00+00:00,New York,25.475002,5.575002000000001
2025-08-10 05:00:00+00:00,New York,25.616669,1.9766690000000011
2025-08-10 06:00:00+00:00,New York,25.574999,-1.0250010000000032
2025-08-10 07:00:00+00:00,New York,25.25,-3.3099999999999987
2025-08-10 08:00:00+00:00,New York,24.658335,-5.181664999999999
2025-08-10 09:00:00+00:00,New York,23.925001,-5.914998999999998
2025-08-10 10:00:00+00:00,New York,23.759998,-4.3600020000000015
2025-08-10 11:00:00+00:00,New York,24.039997,-1.1600029999999997
2025-08-10 12:00:00+00:00,New York,27.6,5.225000000000001
2025-08-10 13:00:00+00:00,New York,38.4,15.691669999999998
2025-08-10 14:00:00+00:00,New York,60.727272,35.927272
2025-08-10 15:00:00+00:00,New York,66.545456,33.745456000000004
2025-08-10 16:00:00+00:00,New York,70.181816,30.981815999999995
2025-08-10 17:00:00+00:00,New York,72.90909,25.575754000000003
2025-08-10 18:00:00+00:00,New York,75.09091,20.424241999999992
2025-08-10 19:00:00+00:00,New York,77.454544,17.272728
2025-08-10 20:00:00+00:00,New York,79.27273,18.000001999999995
2025-08-10 21:00:00+00:00,New York,79.09091,18.181819999999995
2025-08-10 22:00:00+00:00,New York,75.27273,21.272729999999996
2025-08-10 23:00:00+00:00,New York,69.454544,29.854543999999997
2025-08-11 00:00:00+00:00,New York,63.454548,34.254548
2025-08-11 01:00:00+00:00,New York,60.363636,35.563636
2025-08-11 02:00:00+00:00,New York,44.666668,19.674999
2025-08-11 03:00:00+00:00,New York,34.8,9.533331999999998
2025-08-11 04:00:00+00:00,New York,35.508335,10.033333000000002
2025-08-11 05:00:00+00:00,New York,36.275005,10.658335999999998
2025-08-11 06:00:00+00:00,New York,36.96667,11.391671000000002
2025-08-11 07:00:00+00:00,New York,37.600002,12.350002000000003
2025-08-11 08:00:00+00:00,New York,38.158337,13.500002000000002
2025-08-11 09:00:00+00:00,New York,38.600002,14.675001000000002
2025-08-11 10:00:00+00:00,New York,38.899998,15.139999999999997
2025-08-11 11:00:00+00:00,New York,39.083332,15.043334999999999
2025-08-11 12:00:00+00:00,New York,39.158333,11.558332999999998
2025-08-11 13:00:00+00:00,New York,39.016663,0.6166630000000026
2025-08-11 14:00:00+00:00,New York,55.333332,-5.393940000000001
2025-08-11 15:00:00+00:00,New York,63.818184,-2.7272719999999993
2025-08-11 16:00:00+00:00,New York,67.090904,-3.090912000000003
2025-08-11 17:00:00+00:00,New York,69.454544,-3.4545460000000077
2025-08-11 18:00:00+00:00,New York,71.09091,-4.0
2025-08-11 19:00:00+00:00,New York,72.181816,-5.272728000000001
2025-08-11 20:00:00+00:00,New York,72.545456,-6.727273999999994
2025-08-11 21:00:00+00:00,New York,71.63636,-7.454549999999998
2025-08-11 22:00:00+00:00,New York,68.545456,-6.727273999999994
2025-08-11 23:00:00+00:00,New York,64.0,-5.4545439999999985
2025-08-12 00:00:00+00:00,New York,46.0,-17.454548000000003
2025-08-12 01:00:00+00:00,New York,38.4,-21.963636
2025-08-12 02:00:00+00:00,New York,35.44167,-9.224998
2025-08-12 03:00:00+00:00,New York,34.983334,0.1833340000000021
2025-08-12 04:00:00+00:00,New York,34.425,-1.0833350000000053
2025-08-12 05:00:00+00:00,New York,33.8,-2.475005000000003
2025-08-12 06:00:00+00:00,New York,33.149998,-3.816672000000004
2025-08-12 07:00:00+00:00,New York,32.49166,-5.108342
2025-08-12 08:00:00+00:00,New York,31.84166,-6.316677000000002
2025-08-12 09:00:00+00:00,New York,31.249996,-7.350006000000004
2025-08-12 10:00:00+00:00,New York,30.724998,-8.174999999999997
2025-08-12 11:00:00+00:00,New York,30.249998,-8.833333999999997
2025-08-12 12:00:00+00:00,New York,29.808332,-9.350000999999999
2025-08-12 13:00:00+00:00,New York,29.458336,-9.558327000000002
2025-08-12 14:00:00+00:00,New York,38.4,-16.933332
2025-08-12 15:00:00+00:00,New York,56.666664,-7.151520000000005
2025-08-12 16:00:00+00:00,New York,64.181816,-2.909087999999997
2025-08-12 17:00:00+00:00,New York,69.27273,-0.1818140000000028
2025-08-12 18:00:00+00:00,New York,73.090904,1.999994000000001
2025-08-12 19:00:00+00:00,New York,75.27273,3.090913999999998
2025-08-12 20:00:00+00:00,New York,76.181816,3.6363599999999963
2025-08-12 21:00:00+00:00,New York,75.09091,3.4545499999999976
2025-08-12 22:00:00+00:00,New York,71.09091,2.5454539999999923
2025-08-12 23:00:00+00:00,New York,65.27273,1.2727299999999957
2025-08-13 00:00:00+00:00,New York,42.0,-4.0
2025-08-13 01:00:00+00:00,New York,35.6,-2.799999999999997
2025-08-13 02:00:00+00:00,New York,29.383333,-6.058337000000002
2025-08-13 03:00:00+00:00,New York,29.400002,-5.583331999999999
2025-08-13 04:00:00+00:00,New York,29.408337,-5.016662999999998
2025-08-13 05:00:00+00:00,New York,29.341667,-4.458332999999996
2025-08-13 06:00:00+00:00,New York,29.191668,-3.9583299999999966
2025-08-13 07:00:00+00:00,New York,28.974998,-3.5166620000000037
2025-08-13 08:00:00+00:00,New York,28.699999,-3.1416610000000027
2025-08-13 09:00:00+00:00,New York,28.316668,-2.9333279999999995
2025-08-13 10:00:00+00:00,New York,27.891665,-2.8333329999999997
2025-08-13 11:00:00+00:00,New York,27.433334,-2.816664000000003
2025-08-13 12:00:00+00:00,New York,26.941666,-2.8666659999999986
2025-08-13 13:00:00+00:00,New York,26.616667,-2.8416689999999996
2025-08-13 14:00:00+00:00,New York,33.2,-5.199999999999996
2025-08-13 15:00:00+00:00,New York,47.333336,-9.333327999999995
2025-08-13 16:00:00+00:00,New York,60.90909,-3.2727259999999987
2025-08-13 17:00:00+00:00,New York,64.90909,-4.3636399999999895
2025-08-13 18:00:00+00:00,New York,67.090904,-6.0
2025-08-13 19:00:00+00:00,New York,66.181816,-9.090913999999998
2025-08-13 20:00:00+00:00,New York,63.454548,-12.727267999999995
2025-08-13 21:00:00+00:00,New York,60.727272,-14.363637999999995
2025-08-13 22:00:00+00:00,New York,56.666664,-14.424245999999997
2025-08-13 23:00:00+00:00,New York,50.666664,-14.606065999999998
2025-08-14 00:00:00+00:00,New York,38.4,-3.6000000000000014
2025-08-14 01:00:00+00:00,New York,36.399998,0.7999979999999951
2025-08-14 02:00:00+00:00,New York,33.2,3.8166670000000025
2025-08-14 03:00:00+00:00,New York,29.6,0.1999980000000008
2025-08-14 04:00:00+00:00,New York,29.524998,0.11666100000000057
2025-08-14 05:00:00+00:00,New York,30.766668,1.4250009999999982
2025-08-14 06:00:00+00:00,New York,32.283333,3.091664999999999
2025-08-14 07:00:00+00:00,New York,33.941666,4.9666679999999985
2025-08-14 08:00:00+00:00,New York,35.608334,6.908335000000001
2025-08-14 09:00:00+00:00,New York,37.208336,8.891668000000003
2025-08-14 10:00:00+00:00,New York,38.49167,10.600005
2025-08-14 11:00:00+00:00,New York,39.625,12.191666000000001
2025-08-14 12:00:00+00:00,New York,41.16667,14.225004000000002
2025-08-14 13:00:00+00:00,New York,40.416664,13.799996999999998
2025-08-14 14:00:00+00:00,New York,52.0,18.799999999999997
2025-08-14 15:00:00+00:00,New York,62.545452,15.212115999999995
2025-08-14 16:00:00+00:00,New York,65.63636,4.727269999999997
2025-08-14 17:00:00+00:00,New York,67.63637,2.7272799999999933
2025-08-14 18:00:00+00:00,New York,68.90909,1.8181860000000114
2025-08-14 19:00:00+00:00,New York,69.27273,3.090913999999998
2025-08-14 20:00:00+00:00,New York,68.545456,5.090907999999999
2025-08-14 21:00:00+00:00,New York,66.72727,5.999998000000005
2025-08-14 22:00:00+00:00,New York,63.272728,6.6060640000000035
2025-08-14 23:00:00+00:00,New York,54.666668,4.000004000000004
2025-08-15 00:00:00+00:00,New York,34.575,-3.8249999999999957
2025-08-15 01:00:00+00:00,New York,34.033333,-2.3666649999999976
2025-08-15 02:00:00+00:00,New York,33.85,0.6499999999999986
2025-08-15 03:00:00+00:00,New York,33.533337,3.9333370000000016
2025-08-15 04:00:00+00:00,New York,33.075,3.5500020000000028
2025-08-15 05:00:00+00:00,New York,32.45,1.6833320000000036
2025-08-15 06:00:00+00:00,New York,31.500006,-0.7833269999999999
2025-08-15 07:00:00+00:00,New York,30.341667,-3.599998999999997
2025-08-15 08:00:00+00:00,New York,29.125,-6.483333999999999
2025-08-15 09:00:00+00:00,New York,28.0,-9.208336000000003
2025-08-15 10:00:00+00:00,New York,27.191668,-11.300002
2025-08-15 11:00:00+00:00,New York,26.533335,-13.091664999999999
2025-08-15 12:00:00+00:00,New York,26.025002,-15.141668000000003
2025-08-15 13:00:00+00:00,New York,26.800001,-13.616662999999996
2025-08-15 14:00:00+00:00,New York,34.0,-18.0
2025-08-15 15:00:00+00:00,New York,42.0,-20.545451999999997
2025-08-15 16:00:00+00:00,New York,54.0,-11.636359999999996
2025-08-15 17:00:00+00:00,New York,61.81818,-5.818190000000001
2025-08-15 18:00:00+00:00,New York,64.181816,-4.727274000000008
2025-08-15 19:00:00+00:00,New York,65.27273,-4.0
2025-08-15 20:00:00+00:00,New York,65.63636,-2.9090960000000052
2025-08-15 21:00:00+00:00,New York,64.72727,-2.0
2025-08-15 22:00:00+00:00,New York,62.363632,-0.9090959999999981
2025-08-15 23:00:00+00:00,New York,56.0,1.3333319999999986
2025-08-16 00:00:00+00:00,New York,46.0,11.424999999999997
2025-08-16 01:00:00+00:00,New York,40.666664,6.633330999999998
2025-08-16 02:00:00+00:00,New York,35.6,1.75
2025-08-16 03:00:00+00:00,New York,32.0,-1.533337000000003
2025-08-16 04:00:00+00:00,New York,30.4,-2.6750000000000043
2025-08-16 05:00:00+00:00,New York,30.0,-2.450000000000003
2025-08-16 06:00:00+00:00,New York,29.2,-2.3000059999999998
2025-08-16 07:00:00+00:00,New York,27.6,-2.7416669999999996
2025-08-16 08:00:00+00:00,New York,25.599998,-3.5250020000000006
2025-08-16 09:00:00+00:00,New York,24.8,-3.1999999999999993
2025-08-16 10:00:00+00:00,New York,25.2,-1.9916680000000007
2025-08-16 11:00:00+00:00,New York,26.399998,-0.13333700000000093
2025-08-16 12:00:00+00:00,New York,28.0,1.9749979999999994
2025-08-16 13:00:00+00:00,New York,30.0,3.1999989999999983
2025-08-16 14:00:00+00:00,New York,32.8,-1.2000000000000028
2025-08-16 15:00:00+00:00,New York,36.399998,-5.6000020000000035
2025-08-16 16:00:00+00:00,New York,42.0,-12.0
2025-08-16 17:00:00+00:00,New York,51.333332,-10.484848
2025-08-16 18:00:00+00:00,New York,59.333336,-4.848479999999995
2025-08-16 19:00:00+00:00,New York,61.81818,-3.4545499999999976
2025-08-16 20:00:00+00:00,New York,63.454548,-2.1818119999999936
2025-08-16 21:00:00+00:00,New York,63.636364,-1.090906000000004
2025-08-16 22:00:00+00:00,New York,61.81818,-0.5454520000000045
2025-08-16 23:00:00+00:00,New York,54.666668,-1.3333319999999986
2025-08-17 00:00:00+00:00,New York,32.8,-13.200000000000003
2025-08-17 01:00:00+00:00,New York,32.44167,-8.224993999999995
2025-08-17 02:00:00+00:00,New York,32.983334,-2.616666000000002
2025-08-17 03:00:00+00:00,New York,33.375004,1.375003999999997
2025-08-17 04:00:00+00:00,New York,33.633335,3.233335000000004
2025-08-17 05:00:00+00:00,New York,33.791668,3.7916680000000014
2025-08-17 06:00:00+00:00,New York,33.93334,4.733340000000002
2025-08-17 07:00:00+00:00,New York,34.075,6.475000000000001
2025-08-17 08:00:00+00:00,New York,34.21667,8.616672000000001
2025-08-17 09:00:00+00:00,New York,34.325005,9.525004999999997
2025-08-17 10:00:00+00:00,New York,34.391674,9.191674000000003
2025-08-17 11:00:00+00:00,New York,34.41667,8.016672000000003
2025-08-17 12:00:00+00:00,New York,34.400005,6.400005
2025-08-17 13:00:00+00:00,New York,34.05834,4.058340000000001
2025-08-17 14:00:00+00:00,New York,34.4,1.6000000000000014
2025-08-17 15:00:00+00:00,New York,43.333336,6.933338000000006
2025-08-17 16:00:00+00:00,New York,56.666664,14.666663999999997
2025-08-17 17:00:00+00:00,New York,62.909092,11.575760000000002
2025-08-17 18:00:00+00:00,New York,65.454544,6.121207999999996
2025-08-17 19:00:00+00:00,New York,66.0,4.181820000000002
2025-08-17 20:00:00+00:00,New York,65.454544,1.9999959999999959
2025-08-17 21:00:00+00:00,New York,64.0,0.3636359999999996
2025-08-17 22:00:00+00:00,New York,61.63636,-0.18181999999999476
2025-08-17 23:00:00+00:00,New York,54.0,-0.6666680000000014
2025-08-18 00:00:00+00:00,New York,30.791666,-2.008333999999998
2025-08-18 01:00:00+00:00,New York,31.183334,-1.2583360000000035
2025-08-18 02:00:00+00:00,New York,31.900002,-1.0833319999999986
2025-08-18 03:00:00+00:00,New York,32.975,-0.4000039999999956
2025-08-18 04:00:00+00:00,New York,34.499996,0.8666610000000006
2025-08-18 05:00:00+00:00,New York,36.350002,2.558334000000002
2025-08-18 06:00:00+00:00,New York,37.425,3.491659999999996
2025-08-18 07:00:00+00:00,New York,37.666668,3.5916679999999985
2025-08-18 08:00:00+00:00,New York,37.233334,3.0166639999999987
2025-08-18 09:00:00+00:00,New York,36.5,2.1749950000000027
2025-08-18 10:00:00+00:00,New York,35.774998,1.3833239999999947
2025-08-18 11:00:00+00:00,New York,35.15833,0.741659999999996
2025-08-18 12:00:00+00:00,New York,34.616665,0.2166599999999974
2025-08-18 13:00:00+00:00,New York,34.50833,0.44998999999999967
2025-08-18 14:00:00+00:00,New York,34.266666,-0.13333399999999784
2025-08-18 15:00:00+00:00,New York,33.899998,-9.433338000000006
2025-08-18 16:00:00+00:00,New York,33.441666,-23.224998
2025-08-18 17:00:00+00:00,New York,35.6,-27.309092
2025-08-18 18:00:00+00:00,New York,42.666668,-22.787875999999997
2025-08-18 19:00:00+00:00,New York,48.0,-18.0
2025-08-18 20:00:00+00:00,New York,51.333332,-14.121212
2025-08-18 21:00:00+00:00,New York,51.333332,-12.666668000000001
2025-08-18 22:00:00+00:00,New York,48.0,-13.636360000000003
2025-08-18 23:00:00+00:00,New York,42.0,-12.0
2025-08-19 00:00:00+00:00,New York,42.0,11.208334
2025-08-19 01:00:00+00:00,New York,37.6,6.416666000000003
2025-08-19 02:00:00+00:00,New York,32.4,0.49999799999999794
2025-08-19 03:00:00+00:00,New York,28.800001,-4.174999
2025-08-19 04:00:00+00:00,New York,27.6,-6.899996000000002
2025-08-19 05:00:00+00:00,New York,28.0,-8.350002000000003
2025-08-19 06:00:00+00:00,New York,28.0,-9.424999999999997
2025-08-19 07:00:00+00:00,New York,26.800001,-10.866667
2025-08-19 08:00:00+00:00,New York,25.2,-12.033334
2025-08-19 09:00:00+00:00,New York,24.0,-12.5
2025-08-19 10:00:00+00:00,New York,23.600002,-12.174995999999997
2025-08-19 11:00:00+00:00,New York,23.199999,-11.958331000000001
2025-08-19 12:00:00+00:00,New York,25.599998,-9.016666999999998
2025-08-19 13:00:00+00:00,New York,27.6,-6.908329999999999
2025-08-19 14:00:00+00:00,New York,30.8,-3.466666
2025-08-19 15:00:00+00:00,New York,33.600002,-0.29999599999999305
2025-08-19 16:00:00+00:00,New York,36.399998,2.9583319999999986
2025-08-19 17:00:00+00:00,New York,39.2,3.6000000000000014
2025-08-19 18:00:00+00:00,New York,42.0,-0.6666680000000014
2025-08-19 19:00:00+00:00,New York,42.666668,-5.333331999999999
2025-08-19 20:00:00+00:00,New York,41.333332,-10.0
2025-08-19 21:00:00+00:00,New York,39.2,-12.133331999999996
2025-08-19 22:00:00+00:00,New York,36.399998,-11.600002000000003
2025-08-19 23:00:00+00:00,New York,32.8,-9.200000000000003
2025-08-20 00:00:00+00:00,New York,28.4,-13.600000000000001
2025-08-20 01:00:00+00:00,New York,27.6,-10.0
2025-08-20 02:00:00+00:00,New York,26.800001,-5.599998999999997
2025-08-20 03:00:00+00:00,New York,25.599998,-3.2000030000000024
2025-08-20 04:00:00+00:00,New York,24.0,-3.6000000000000014
2025-08-20 05:00:00+00:00,New York,22.4,-5.600000000000001
2025-08-20 06:00:00+00:00,New York,21.199999,-6.800001000000002
2025-08-20 07:00:00+00:00,New York,20.4,-6.400001000000003
2025-08-20 08:00:00+00:00,New York,19.6,-5.599999999999998
2025-08-20 09:00:00+00:00,New York,19.199999,-4.800001000000002
2025-08-20 10:00:00+00:00,New York,19.199999,-4.400003000000002
2025-08-20 11:00:00+00:00,New York,19.199999,-4.0
2025-08-20 12:00:00+00:00,New York,21.6,-3.999997999999998
2025-08-20 13:00:00+00:00,New York,23.600002,-3.9999980000000015
2025-08-20 14:00:00+00:00,New York,26.0,-4.800000000000001
2025-08-20 15:00:00+00:00,New York,28.0,-5.6000020000000035
2025-08-20 16:00:00+00:00,New York,28.4,-7.999997999999998
2025-08-20 17:00:00+00:00,New York,28.4,-10.800000000000004
2025-08-20 18:00:00+00:00,New York,28.0,-14.0
2025-08-20 19:00:00+00:00,New York,27.6,-15.066668
2025-08-20 20:00:00+00:00,New York,27.2,-14.133332
2025-08-20 21:00:00+00:00,New York,26.0,-13.200000000000003
2025-08-20 22:00:00+00:00,New York,24.0,-12.399997999999997
2025-08-20 23:00:00+00:00,New York,22.0,-10.799999999999997
2025-08-21 00:00:00+00:00,New York,26.800001,-1.5999989999999968
2025-08-21 01:00:00+00:00,New York,25.599998,-2.000002000000002
2025-08-21 02:00:00+00:00,New York,24.0,-2.8000010000000017
2025-08-21 03:00:00+00:00,New York,22.8,-2.7999979999999987
2025-08-21 04:00:00+00:00,New York,22.0,-2.0
2025-08-21 05:00:00+00:00,New York,21.6,-0.7999999999999972
2025-08-21 06:00:00+00:00,New York,21.6,0.40000100000000316
2025-08-21 07:00:00+00:00,New York,21.6,1.2000000000000028
2025-08-21 08:00:00+00:00,New York,22.0,2.3999999999999986
2025-08-21 09:00:00+00:00,New York,22.0,2.8000010000000017
2025-08-21 10:00:00+00:00,New York,21.199999,2.0
2025-08-21 11:00:00+00:00,New York,20.4,1.2000010000000003
2025-08-21 12:00:00+00:00,New York,20.0,-1.6000000000000014
2025-08-21 13:00:00+00:00,New York,22.4,-1.2000020000000013
2025-08-21 14:00:00+00:00,New York,26.0,0.0
2025-08-21 15:00:00+00:00,New York,29.2,1.1999999999999993
2025-08-21 16:00:00+00:00,New York,32.0,3.6000000000000014
2025-08-21 17:00:00+00:00,New York,34.4,6.0
2025-08-21 18:00:00+00:00,New York,36.8,8.799999999999997
2025-08-21 19:00:00+00:00,New York,39.6,12.0
2025-08-21 20:00:00+00:00,New York,43.333336,16.133336000000003
2025-08-21 21:00:00+00:00,New York,44.666668,18.666668
2025-08-21 22:00:00+00:00,New York,41.333332,17.333332
2025-08-21 23:00:00+00:00,New York,36.8,14.799999999999997
2025-08-22 00:00:00+00:00,New York,35.6,8.799999
2025-08-22 01:00:00+00:00,New York,34.4,8.800002
2025-08-22 02:00:00+00:00,New York,32.8,8.799999999999997
2025-08-22 03:00:00+00:00,New York,31.199999,8.399998999999998
2025-08-22 04:00:00+00:00,New York,30.4,8.399999999999999
2025-08-22 05:00:00+00:00,New York,29.6,8.0
2025-08-22 06:00:00+00:00,New York,29.2,7.599999999999998
2025-08-22 07:00:00+00:00,New York,29.2,7.599999999999998
2025-08-22 08:00:00+00:00,New York,29.2,7.199999999999999
2025-08-22 09:00:00+00:00,New York,28.800001,6.800001000000002
2025-08-22 10:00:00+00:00,New York,27.2,6.000001000000001
2025-08-22 11:00:00+00:00,New York,25.2,4.800000000000001
2025-08-22 12:00:00+00:00,New York,25.2,5.199999999999999
2025-08-22 13:00:00+00:00,New York,29.6,7.200000000000003
2025-08-22 14:00:00+00:00,New York,36.0,10.0
2025-08-22 15:00:00+00:00,New York,42.666668,13.466668000000002
2025-08-22 16:00:00+00:00,New York,49.333336,17.333336000000003
2025-08-22 17:00:00+00:00,New York,54.666668,20.266668000000003
2025-08-22 18:00:00+00:00,New York,58.0,21.200000000000003
2025-08-22 19:00:00+00:00,New York,60.181816,20.581815999999996
2025-08-22 20:00:00+00:00,New York,60.545456,17.21212
2025-08-22 21:00:00+00:00,New York,59.333336,14.666668000000001
2025-08-22 22:00:00+00:00,New York,50.666664,9.333331999999999
2025-08-22 23:00:00+00:00,New York,38.4,1.6000000000000014
2025-08-23 00:00:00+00:00,New York,29.2,-6.400000000000002
2025-08-23 01:00:00+00:00,New York,25.2,-9.2
2025-08-23 02:00:00+00:00,New York,28.32,-4.479999999999997
2025-08-23 03:00:00+00:00,New York,29.720001,-1.4799979999999984
2025-08-23 04:00:00+00:00,New York,26.48,-3.919999999999998
2025-08-23 05:00:00+00:00,New York,21.6,-8.0
2025-08-23 06:00:00+00:00,New York,24.400002,-4.799997999999999
2025-08-23 07:00:00+00:00,New York,24.8,-4.399999999999999
2025-08-23 08:00:00+00:00,New York,24.400002,-4.799997999999999
2025-08-23 09:00:00+00:00,New York,23.600002,-5.199999000000002
2025-08-23 10:00:00+00:00,New York,22.808334,-4.391666000000001
2025-08-23 11:00:00+00:00,New York,23.641666,-1.5583339999999986
2025-08-23 12:00:00+00:00,New York,24.441666,-0.7583339999999978
2025-08-23 13:00:00+00:00,New York,29.2,-0.40000000000000213
2025-08-23 14:00:00+00:00,New York,36.8,0.7999999999999972
2025-08-23 15:00:00+00:00,New York,46.0,3.3333319999999986
2025-08-23 16:00:00+00:00,New York,54.666668,5.333331999999999
2025-08-23 17:00:00+00:00,New York,60.545456,5.878788
2025-08-23 18:00:00+00:00,New York,61.454544,3.4545439999999985
2025-08-23 19:00:00+00:00,New York,60.727272,0.5454560000000015
2025-08-23 20:00:00+00:00,New York,56.0,-4.5454560000000015
2025-08-23 21:00:00+00:00,New York,48.666668,-10.666668000000001
2025-08-23 22:00:00+00:00,New York,42.0,-8.666663999999997
2025-08-23 23:00:00+00:00,New York,37.2,-1.1999999999999957
2025-08-24 00:00:00+00:00,New York,32.0,2.8000000000000007
2025-08-24 01:00:00+00:00,New York,30.8,5.600000000000001
2025-08-24 02:00:00+00:00,New York,29.2,0.879999999999999
2025-08-24 03:00:00+00:00,New York,27.6,-2.1200009999999985
2025-08-24 04:00:00+00:00,New York,26.0,-0.4800000000000004
2025-08-24 05:00:00+00:00,New York,24.8,3.1999999999999993
2025-08-24 06:00:00+00:00,New York,23.199999,-1.2000030000000024
2025-08-24 07:00:00+00:00,New York,21.6,-3.1999999999999993
2025-08-24 08:00:00+00:00,New York,20.4,-4.000002000000002
2025-08-24 09:00:00+00:00,New York,19.199999,-4.400003000000002
2025-08-24 10:00:00+00:00,New York,17.2,-5.608333999999999
2025-08-24 11:00:00+00:00,New York,15.599999,-8.041667
2025-08-24 12:00:00+00:00,New York,16.8,-7.641666000000001
2025-08-24 13:00:00+00:00,New York,21.6,-7.599999999999998
2025-08-24 14:00:00+00:00,New York,28.0,-8.799999999999997
2025-08-24 15:00:00+00:00,New York,33.2,-12.799999999999997
2025-08-24 16:00:00+00:00,New York,36.399998,-18.266670000000005
2025-08-24 17:00:00+00:00,New York,38.800003,-21.745453000000005
2025-08-24 18:00:00+00:00,New York,39.6,-21.854543999999997
2025-08-24 19:00:00+00:00,New York,39.2,-21.527271999999996
2025-08-24 20:00:00+00:00,New York,37.2,-18.799999999999997
2025-08-24 21:00:00+00:00,New York,35.2,-13.466667999999999
2025-08-24 22:00:00+00:00,New York,32.8,-9.200000000000003
2025-08-24 23:00:00+00:00,New York,29.6,-7.600000000000001
2025-08-25 00:00:00+00:00,New York,26.399998,-5.600002
2025-08-25 01:00:00+00:00,New York,26.0,-4.800000000000001
2025-08-25 02:00:00+00:00,New York,25.2,-4.0
2025-08-25 03:00:00+00:00,New York,24.0,-3.6000000000000014
2025-08-25 04:00:00+00:00,New York,22.8,-3.1999999999999993
2025-08-25 05:00:00+00:00,New York,21.199999,-3.6000010000000024
2025-08-25 06:00:00+00:00,New York,19.6,-3.599998999999997
2025-08-25 07:00:00+00:00,New York,17.941666,-3.658334
2025-08-25 08:00:00+00:00,New York,18.458334,-1.941665999999998
2025-08-25 09:00:00+00:00,New York,18.983332,-0.2166669999999975
2025-08-25 10:00:00+00:00,New York,19.574999,2.374998999999999
2025-08-25 11:00:00+00:00,New York,20.283333,4.6833339999999986
2025-08-25 12:00:00+00:00,New York,21.083334,4.283334
2025-08-25 13:00:00+00:00,New York,21.550003,-0.04999700000000118
2025-08-25 14:00:00+00:00,New York,32.8,4.799999999999997
2025-08-25 15:00:00+00:00,New York,44.0,10.799999999999997
2025-08-25 16:00:00+00:00,New York,53.333336,16.933338000000006
2025-08-25 17:00:00+00:00,New York,58.666668,19.866665000000005
2025-08-25 18:00:00+00:00,New York,60.545456,20.945456
2025-08-25 19:00:00+00:00,New York,60.545456,21.345456
2025-08-25 20:00:00+00:00,New York,60.0,22.799999999999997
2025-08-25 21:00:00+00:00,New York,56.666664,21.466663999999994
2025-08-25 22:00:00+00:00,New York,52.666664,19.866664
2025-08-25 23:00:00+00:00,New York,48.0,18.4
2025-08-26 00:00:00+00:00,New York,38.0,11.600002
2025-08-26 01:00:00+00:00,New York,34.4,8.399999999999999
2025-08-26 02:00:00+00:00,New York,29.6,4.400000000000002
2025-08-26 03:00:00+00:00,New York,25.599998,1.5999979999999994
2025-08-26 04:00:00+00:00,New York,23.858334,1.0583339999999986
2025-08-26 05:00:00+00:00,New York,24.158333,2.9583340000000007
2025-08-26 06:00:00+00:00,New York,24.508333,4.908332999999999
2025-08-26 07:00:00+00:00,New York,24.825003,6.883336999999997
2025-08-26 08:00:00+00:00,New York,25.041666,6.583331999999999
2025-08-26 09:00:00+00:00,New York,25.058334,6.075001999999998
2025-08-26 10:00:00+00:00,New York,24.824999,5.25
2025-08-26 11:00:00+00:00,New York,24.308334,4.025001
2025-08-26 12:00:00+00:00,New York,23.599998,2.5166639999999987
2025-08-26 13:00:00+00:00,New York,22.8,1.2499970000000005
2025-08-26 14:00:00+00:00,New York,28.0,-4.799999999999997
2025-08-26 15:00:00+00:00,New York,32.8,-11.200000000000003
2025-08-26 16:00:00+00:00,New York,36.399998,-16.933338000000006
2025-08-26 17:00:00+00:00,New York,39.2,-19.466668
2025-08-26 18:00:00+00:00,New York,42.0,-18.545456
2025-08-26 19:00:00+00:00,New York,44.666668,-15.878788
2025-08-26 20:00:00+00:00,New York,46.0,-14.0
2025-08-26 21:00:00+00:00,New York,46.0,-10.666663999999997
2025-08-26 22:00:00+00:00,New York,43.333336,-9.333327999999995
2025-08-26 23:00:00+00:00,New York,39.6,-8.399999999999999
2025-08-27 00:00:00+00:00,New York,32.8,-5.200000000000003
2025-08-27 01:00:00+00:00,New York,30.0,-4.399999999999999
2025-08-27 02:00:00+00:00,New York,26.0,-3.6000000000000014
2025-08-27 03:00:00+00:00,New York,22.8,-2.7999979999999987
2025-08-27 04:00:00+00:00,New York,20.4,-3.4583340000000007
2025-08-27 05:00:00+00:00,New York,20.166666,-3.9916669999999996
2025-08-27 06:00:00+00:00,New York,20.841667,-3.6666659999999993
2025-08-27 07:00:00+00:00,New York,21.458336,-3.3666669999999996
2025-08-27 08:00:00+00:00,New York,22.0,-3.0416659999999993
2025-08-27 09:00:00+00:00,New York,22.525002,-2.533331999999998
2025-08-27 10:00:00+00:00,New York,23.016666,-1.8083329999999975
2025-08-27 11:00:00+00:00,New York,23.433334,-0.875
2025-08-27 12:00:00+00:00,New York,23.708334,0.10833600000000132
2025-08-27 13:00:00+00:00,New York,23.65,0.8499999999999979
2025-08-27 14:00:00+00:00,New York,24.400002,-3.5999979999999994
2025-08-27 15:00:00+00:00,New York,26.800001,-5.999998999999995
2025-08-27 16:00:00+00:00,New York,29.2,-7.199997999999997
2025-08-27 17:00:00+00:00,New York,31.599998,-7.6000020000000035
2025-08-27 18:00:00+00:00,New York,33.2,-8.799999999999997
2025-08-27 19:00:00+00:00,New York,34.4,-10.266668000000003
2025-08-27 20:00:00+00:00,New York,34.8,-11.200000000000003
2025-08-27 21:00:00+00:00,New York,34.8,-11.200000000000003
2025-08-27 22:00:00+00:00,New York,34.0,-9.333336000000003
2025-08-27 23:00:00+00:00,New York,32.4,-7.200000000000003
2025-08-28 00:00:00+00:00,New York,27.6,-5.199999999999996
2025-08-28 01:00:00+00:00,New York,24.066666,-5.9333339999999986
2025-08-28 02:00:00+00:00,New York,24.258337,-1.741662999999999
2025-08-28 03:00:00+00:00,New York,24.558336,1.758336
2025-08-28 04:00:00+00:00,New York,24.975004,4.575004
2025-08-28 05:00:00+00:00,New York,25.475004,5.308337999999999
2025-08-28 06:00:00+00:00,New York,26.199999,5.358331999999997
2025-08-28 07:00:00+00:00,New York,27.32,5.861664000000001
2025-08-28 08:00:00+00:00,New York,28.16,6.16
2025-08-28 09:00:00+00:00,New York,29.275,6.749997999999998
2025-08-28 10:00:00+00:00,New York,31.0,7.983333999999999
2025-08-28 11:00:00+00:00,New York,33.075,9.641666000000004
2025-08-28 12:00:00+00:00,New York,35.658333,11.949998999999998
2025-08-28 13:00:00+00:00,New York,38.333332,14.683332
2025-08-28 14:00:00+00:00,New York,41.049995,16.649993000000002
2025-08-28 15:00:00+00:00,New York,44.583336,17.783335
2025-08-28 16:00:00+00:00,New York,47.533333,18.333333
2025-08-28 17:00:00+00:00,New York,52.666664,21.066665999999998
2025-08-28 18:00:00+00:00,New York,58.666668,25.466668
2025-08-28 19:00:00+00:00,New York,60.363636,25.963636
2025-08-28 20:00:00+00:00,New York,60.181816,25.381816
2025-08-28 21:00:00+00:00,New York,58.0,23.200000000000003
2025-08-28 22:00:00+00:00,New York,58.950005,24.950004999999997
2025-08-28 23:00:00+00:00,New York,60.260002,27.860002
2025-08-29 00:00:00+00:00,New York,60.756664,33.156664
2025-08-29 01:00:00+00:00,New York,60.890003,36.823336999999995
2025-08-29 02:00:00+00:00,New York,60.989998,36.731661
2025-08-29 03:00:00+00:00,New York,60.956665,36.398329000000004
2025-08-29 04:00:00+00:00,New York,60.716663,35.741659
2025-08-29 05:00:00+00:00,New York,60.27333,34.798326
2025-08-29 06:00:00+00:00,New York,58.58332,32.383321
2025-08-29 07:00:00+00:00,New York,55.566658,28.246657999999996
2025-08-29 08:00:00+00:00,New York,52.350006,24.190006
2025-08-29 09:00:00+00:00,New York,48.816673,19.541673000000003
2025-08-29 10:00:00+00:00,New York,44.88334,13.883339999999997
2025-08-29 11:00:00+00:00,New York,40.616676,7.541675999999995
2025-08-29 12:00:00+00:00,New York,37.891666,2.233333000000002
2025-08-29 13:00:00+00:00,New York,36.041664,-2.2916680000000014
2025-08-29 14:00:00+00:00,New York,36.399998,-4.649997000000006
2025-08-29 15:00:00+00:00,New York,45.333332,0.7499959999999959
2025-08-29 16:00:00+00:00,New York,53.333336,5.800003000000004
2025-08-29 17:00:00+00:00,New York,60.0,7.333336000000003
2025-08-29 18:00:00+00:00,New York,60.90909,2.2424219999999977
2025-08-29 19:00:00+00:00,New York,60.90909,0.5454539999999994
2025-08-29 20:00:00+00:00,New York,60.363636,0.18182000000000187
2025-08-29 21:00:00+00:00,New York,56.0,-2.0
2025-08-29 22:00:00+00:00,New York,47.333336,-11.616668999999995
2025-08-29 23:00:00+00:00,New York,37.6,-22.660002
2025-08-30 00:00:00+00:00,New York,30.8,-29.956664
2025-08-30 01:00:00+00:00,New York,28.391668,-32.498335
2025-08-30 02:00:00+00:00,New York,27.841667,-33.148331
2025-08-30 03:00:00+00:00,New York,27.3,-33.656665000000004
2025-08-30 04:00:00+00:00,New York,26.866667,-33.849996
2025-08-30 05:00:00+00:00,New York,26.508333,-33.764997
2025-08-30 06:00:00+00:00,New York,26.01667,-32.566649999999996
2025-08-30 07:00:00+00:00,New York,25.366669,-30.199988999999995
2025-08-30 08:00:00+00:00,New York,24.658339,-27.691667
2025-08-30 09:00:00+00:00,New York,23.958338,-24.858335
2025-08-30 10:00:00+00:00,New York,23.291668,-21.591671999999996
2025-08-30 11:00:00+00:00,New York,22.633339,-17.983337
2025-08-30 12:00:00+00:00,New York,21.95,-15.941666000000001
2025-08-30 13:00:00+00:00,New York,23.600002,-12.441661999999997
2025-08-30 14:00:00+00:00,New York,28.0,-8.399997999999997
2025-08-30 15:00:00+00:00,New York,32.0,-13.333331999999999
2025-08-30 16:00:00+00:00,New York,35.2,-18.133336
2025-08-30 17:00:00+00:00,New York,38.0,-22.0
2025-08-30 18:00:00+00:00,New York,39.6,-21.309089999999998
2025-08-30 19:00:00+00:00,New York,40.666664,-20.242426000000002
2025-08-30 20:00:00+00:00,New York,40.0,-20.363636
2025-08-30 21:00:00+00:00,New York,38.800003,-17.199997000000003
2025-08-30 22:00:00+00:00,New York,35.6,-11.733336000000001
2025-08-30 23:00:00+00:00,New York,31.199999,-6.400001000000003
2025-08-31 00:00:00+00:00,New York,26.0,-4.800000000000001
2025-08-31 01:00:00+00:00,New York,24.0,-4.391667999999999
2025-08-31 02:00:00+00:00,New York,20.8,-7.041667
2025-08-31 03:00:00+00:00,New York,18.8,-8.5
2025-08-31 04:00:00+00:00,New York,18.4,-8.466667000000001
2025-08-31 05:00:00+00:00,New York,18.8,-7.708333
2025-08-31 06:00:00+00:00,New York,18.8,-7.216670000000001
2025-08-31 07:00:00+00:00,New York,18.0,-7.366669000000002
2025-08-31 08:00:00+00:00,New York,16.8,-7.858339000000001
2025-08-31 09:00:00+00:00,New York,16.824999,-7.133339000000003
2025-08-31 10:00:00+00:00,New York,17.258333,-6.033335000000001
2025-08-31 11:00:00+00:00,New York,17.633331,-5.000008000000001
2025-08-31 12:00:00+00:00,New York,17.966665,-3.9833350000000003
2025-08-31 13:00:00+00:00,New York,20.8,-2.800001999999999
2025-08-31 14:00:00+00:00,New York,27.2,-0.8000000000000007
2025-08-31 15:00:00+00:00,New York,32.8,0.7999999999999972
2025-08-31 16:00:00+00:00,New York,37.6,2.3999999999999986
2025-08-31 17:00:00+00:00,New York,42.666668,4.666668000000001
2025-08-31 18:00:00+00:00,New York,47.333336,7.733336000000001
2025-08-31 19:00:00+00:00,New York,48.666668,8.000004000000004
2025-08-31 20:00:00+00:00,New York,46.666664,6.666663999999997
2025-08-31 21:00:00+00:00,New York,44.0,5.199997000000003
2025-08-31 22:00:00+00:00,New York,40.0,4.399999999999999
2025-08-31 23:00:00+00:00,New York,36.399998,5.199998999999998
2025-09-01 00:00:00+00:00,New York,21.800001,-4.199998999999998
2025-09-01 01:00:00+00:00,New York,24.48,0.4800000000000004
2025-09-01 02:00:00+00:00,New York,28.239998,7.439997999999999
2025-09-01 03:00:00+00:00,New York,31.32,12.52
2025-09-01 04:00:00+00:00,New York,33.16,14.759999999999998
2025-09-01 05:00:00+00:00,New York,34.32,15.52
2025-09-01 06:00:00+00:00,New York,34.84,16.040000000000003
2025-09-01 07:00:00+00:00,New York,34.920002,16.920001999999997
2025-09-01 08:00:00+00:00,New York,34.36,17.56
2025-09-01 09:00:00+00:00,New York,32.72,15.895001
2025-09-01 10:00:00+00:00,New York,29.48,12.221667
2025-09-01 11:00:00+00:00,New York,25.424997,7.791666000000003
2025-09-01 12:00:00+00:00,New York,25.941666,7.9750010000000024
2025-09-01 13:00:00+00:00,New York,26.30833,5.508330000000001
2025-09-01 14:00:00+00:00,New York,37.6,10.400000000000002
2025-09-01 15:00:00+00:00,New York,51.333332,18.533332
2025-09-01 16:00:00+00:00,New York,57.333336,19.733336
2025-09-01 17:00:00+00:00,New York,58.666668,16.0
2025-09-01 18:00:00+00:00,New York,58.666668,11.333331999999999
2025-09-01 19:00:00+00:00,New York,58.666668,10.0
2025-09-01 20:00:00+00:00,New York,58.0,11.333336000000003
2025-09-01 21:00:00+00:00,New York,55.333332,11.333331999999999
2025-09-01 22:00:00+00:00,New York,50.0,10.0
2025-09-01 23:00:00+00:00,New York,43.333336,6.933338000000006
2025-09-02 00:00:00+00:00,New York,36.0,14.199998999999998
2025-09-02 01:00:00+00:00,New York,32.8,8.319999999999997
2025-09-02 02:00:00+00:00,New York,28.800001,0.5600030000000018
2025-09-02 03:00:00+00:00,New York,26.374992,-4.945008000000001
2025-09-02 04:00:00+00:00,New York,26.133331,-7.026668999999998
2025-09-02 05:00:00+00:00,New York,25.966665,-8.353335000000001
2025-09-02 06:00:00+00:00,New York,25.66666,-9.173340000000003
2025-09-02 07:00:00+00:00,New York,24.966667,-9.953334999999996
2025-09-02 08:00:00+00:00,New York,23.925001,-10.434998999999998
2025-09-02 09:00:00+00:00,New York,22.791668,-9.928331999999997
2025-09-02 10:00:00+00:00,New York,22.008333,-7.471667
2025-09-02 11:00:00+00:00,New York,21.450003,-3.9749940000000024
2025-09-02 12:00:00+00:00,New York,21.083334,-4.858332000000001
2025-09-02 13:00:00+00:00,New York,22.4,-3.908330000000003
2025-09-02 14:00:00+00:00,New York,30.8,-6.800000000000001
2025-09-02 15:00:00+00:00,New York,38.4,-12.933332
2025-09-02 16:00:00+00:00,New York,46.0,-11.333336000000003
2025-09-02 17:00:00+00:00,New York,52.0,-6.666668000000001
2025-09-02 18:00:00+00:00,New York,56.666664,-2.000004000000004
2025-09-02 19:00:00+00:00,New York,59.333336,0.6666680000000014
2025-09-02 20:00:00+00:00,New York,59.333336,1.3333360000000027
2025-09-02 21:00:00+00:00,New York,56.666664,1.3333319999999986
2025-09-02 22:00:00+00:00,New York,50.0,0.0
2025-09-02 23:00:00+00:00,New York,40.0,-3.3333360000000027
2025-09-03 00:00:00+00:00,New York,33.2,-2.799999999999997
2025-09-03 01:00:00+00:00,New York,31.199999,-1.600000999999999
2025-09-03 02:00:00+00:00,New York,28.0,-0.8000010000000017
2025-09-03 03:00:00+00:00,New York,24.8,-1.5749919999999982
2025-09-03 04:00:00+00:00,New York,21.199999,-4.933332
2025-09-03 05:00:00+00:00,New York,22.92,-3.0466649999999973
2025-09-03 06:00:00+00:00,New York,26.119999,0.4533389999999997
2025-09-03 07:00:00+00:00,New York,29.160002,4.193334999999998
2025-09-03 08:00:00+00:00,New York,31.920002,7.9950009999999985
2025-09-03 09:00:00+00:00,New York,33.16,10.368331999999995
2025-09-03 10:00:00+00:00,New York,32.04,10.031666999999999
2025-09-03 11:00:00+00:00,New York,29.400002,7.949999000000002
2025-09-03 12:00:00+00:00,New York,25.508331,4.424996999999998
2025-09-03 13:00:00+00:00,New York,26.441668,4.041668000000001
2025-09-03 14:00:00+00:00,New York,27.116665,-3.6833349999999996
2025-09-03 15:00:00+00:00,New York,28.4,-10.0
2025-09-03 16:00:00+00:00,New York,32.0,-14.0
2025-09-03 17:00:00+00:00,New York,34.0,-18.0
2025-09-03 18:00:00+00:00,New York,35.6,-21.066663999999996
2025-09-03 19:00:00+00:00,New York,37.6,-21.733336
2025-09-03 20:00:00+00:00,New York,38.800003,-20.533333000000006
2025-09-03 21:00:00+00:00,New York,38.4,-18.266664
2025-09-03 22:00:00+00:00,New York,34.4,-15.600000000000001
2025-09-03 23:00:00+00:00,New York,28.68334,-11.316659999999999
2025-09-04 00:00:00+00:00,New York,28.716675,-4.483325000000004
2025-09-04 01:00:00+00:00,New York,28.70834,-2.4916589999999985
2025-09-04 02:00:00+00:00,New York,28.725006,0.7250060000000005
2025-09-04 03:00:00+00:00,New York,28.683336,3.883336
2025-09-04 04:00:00+00:00,New York,28.53334,7.333341000000001
2025-09-04 05:00:00+00:00,New York,28.191666,5.271666
2025-09-04 06:00:00+00:00,New York,27.591667,1.471668000000001
2025-09-04 07:00:00+00:00,New York,26.591667,-2.5683349999999976
2025-09-04 08:00:00+00:00,New York,25.25,-6.670002
2025-09-04 09:00:00+00:00,New York,23.691666,-9.468333999999995
2025-09-04 10:00:00+00:00,New York,22.1,-9.939999999999998
2025-09-04 11:00:00+00:00,New York,20.56667,-8.833332000000002
2025-09-04 12:00:00+00:00,New York,18.916666,-6.591664999999999
2025-09-04 13:00:00+00:00,New York,24.400002,-2.0416659999999993
2025-09-04 14:00:00+00:00,New York,32.8,5.683334999999996
2025-09-04 15:00:00+00:00,New York,40.0,11.600000000000001
2025-09-04 16:00:00+00:00,New York,48.0,16.0
2025-09-04 17:00:00+00:00,New York,54.0,20.0
2025-09-04 18:00:00+00:00,New York,57.333336,21.733336
2025-09-04 19:00:00+00:00,New York,56.666664,19.066663999999996
2025-09-04 20:00:00+00:00,New York,52.666664,13.866661
2025-09-04 21:00:00+00:00,New York,47.333336,8.933336000000004
2025-09-04 22:00:00+00:00,New York,40.666664,6.266663999999999
2025-09-04 23:00:00+00:00,New York,35.6,6.91666
2025-09-05 00:00:00+00:00,New York,29.6,0.8833250000000028
2025-09-05 01:00:00+00:00,New York,30.8,2.091660000000001
2025-09-05 02:00:00+00:00,New York,32.8,4.074993999999997
2025-09-05 03:00:00+00:00,New York,34.0,5.316663999999999
2025-09-05 04:00:00+00:00,New York,34.4,5.8666599999999995
2025-09-05 05:00:00+00:00,New York,34.0,5.8083339999999986
2025-09-05 06:00:00+00:00,New York,33.600002,6.008335000000002
2025-09-05 07:00:00+00:00,New York,33.2,6.608333000000002
2025-09-05 08:00:00+00:00,New York,33.2,7.950000000000003
2025-09-05 09:00:00+00:00,New York,32.8,9.108333999999996
2025-09-05 10:00:00+00:00,New York,32.0,9.899999999999999
2025-09-05 11:00:00+00:00,New York,31.599998,11.033328000000001
2025-09-05 12:00:00+00:00,New York,25.2,6.283334
2025-09-05 13:00:00+00:00,New York,31.599998,7.199995999999999
2025-09-05 14:00:00+00:00,New York,40.666664,7.866664
2025-09-05 15:00:00+00:00,New York,54.0,14.0
2025-09-05 16:00:00+00:00,New York,61.090908,13.090907999999999
2025-09-05 17:00:00+00:00,New York,63.454548,9.454548000000003
2025-09-05 18:00:00+00:00,New York,65.09091,7.757573999999991
2025-09-05 19:00:00+00:00,New York,66.181816,9.515152
2025-09-05 20:00:00+00:00,New York,66.545456,13.878792000000004
2025-09-05 21:00:00+00:00,New York,66.0,18.666663999999997
2025-09-05 22:00:00+00:00,New York,64.181816,23.515152
2025-09-05 23:00:00+00:00,New York,61.63636,26.036360000000002
2025-09-06 00:00:00+00:00,New York,53.333336,23.733336
2025-09-06 01:00:00+00:00,New York,51.333332,20.533331999999998
2025-09-06 02:00:00+00:00,New York,48.0,15.200000000000003
2025-09-06 03:00:00+00:00,New York,45.333332,11.333331999999999
2025-09-06 04:00:00+00:00,New York,44.0,9.600000000000001
2025-09-06 05:00:00+00:00,New York,43.333336,9.333336000000003
2025-09-06 06:00:00+00:00,New York,41.333332,7.733329999999995
2025-09-06 07:00:00+00:00,New York,38.800003,5.600002999999994
2025-09-06 08:00:00+00:00,New York,36.399998,3.1999979999999937
2025-09-06 09:00:00+00:00,New York,33.600002,0.8000020000000063
2025-09-06 10:00:00+00:00,New York,29.2,-2.8000000000000007
2025-09-06 11:00:00+00:00,New York,24.0,-7.599997999999999
2025-09-06 12:00:00+00:00,New York,23.600002,-1.5999979999999994
2025-09-06 13:00:00+00:00,New York,29.6,-1.999997999999998
2025-09-06 14:00:00+00:00,New York,38.0,-2.6666639999999973
2025-09-06 15:00:00+00:00,New York,50.666664,-3.3333360000000027
2025-09-06 16:00:00+00:00,New York,61.272728,0.18182000000000187
2025-09-06 17:00:00+00:00,New York,64.90909,1.4545420000000036
2025-09-06 18:00:00+00:00,New York,66.545456,1.4545460000000077
2025-09-06 19:00:00+00:00,New York,64.72727,-1.4545459999999935
2025-09-06 20:00:00+00:00,New York,60.727272,-5.818184000000002
2025-09-06 21:00:00+00:00,New York,47.333336,-18.666663999999997
2025-09-06 22:00:00+00:00,New York,35.6,-28.581815999999996
2025-09-06 23:00:00+00:00,New York,31.966665,-29.669695000000004
2025-09-07 00:00:00+00:00,New York,34.141666,-19.191670000000002
2025-09-07 01:00:00+00:00,New York,36.733334,-14.599998
2025-09-07 02:00:00+00:00,New York,39.73333,-8.266669999999998
2025-09-07 03:00:00+00:00,New York,45.58332,0.24998800000000188
2025-09-07 04:00:00+00:00,New York,51.316658,7.316657999999997
2025-09-07 05:00:00+00:00,New York,56.733337,13.400000999999996
2025-09-07 06:00:00+00:00,New York,60.226665,18.893333
2025-09-07 07:00:00+00:00,New York,60.96,22.159997000000004
2025-09-07 08:00:00+00:00,New York,61.59,25.190002000000007
2025-09-07 09:00:00+00:00,New York,62.07333,28.473327999999995
2025-09-07 10:00:00+00:00,New York,62.47333,33.27333
2025-09-07 11:00:00+00:00,New York,62.88333,38.88333
2025-09-07 12:00:00+00:00,New York,63.31333,39.713328000000004
2025-09-07 13:00:00+00:00,New York,63.32333,33.72333
2025-09-07 14:00:00+00:00,New York,63.419994,25.419994000000003
2025-09-07 15:00:00+00:00,New York,63.52333,12.856666000000004
2025-09-07 16:00:00+00:00,New York,63.53,2.2572720000000004
2025-09-07 17:00:00+00:00,New York,63.39333,-1.5157600000000073
2025-09-07 18:00:00+00:00,New York,63.16,-3.385456000000005
2025-09-07 19:00:00+00:00,New York,62.89333,-1.8339400000000055
2025-09-07 20:00:00+00:00,New York,62.619995,1.8927230000000037
2025-09-07 21:00:00+00:00,New York,62.253334,14.919998
2025-09-07 22:00:00+00:00,New York,61.76333,26.163330000000002
2025-09-07 23:00:00+00:00,New York,61.18,29.213335
2025-09-08 00:00:00+00:00,New York,60.63333,26.491664
2025-09-08 01:00:00+00:00,New York,60.32,23.586666
2025-09-08 02:00:00+00:00,New York,59.76667,20.033339999999995
2025-09-08 03:00:00+00:00,New York,57.94999,12.36667
2025-09-08 04:00:00+00:00,New York,54.833336,3.516678000000006
2025-09-08 05:00:00+00:00,New York,50.533325,-6.200012000000001
2025-09-08 06:00:00+00:00,New York,46.683327,-13.543337999999999
2025-09-08 07:00:00+00:00,New York,43.399994,-17.560006
2025-09-08 08:00:00+00:00,New York,40.566666,-21.023334000000006
2025-09-08 09:00:00+00:00,New York,39.21667,-22.856659999999998
2025-09-08 10:00:00+00:00,New York,38.34167,-24.131659999999997
2025-09-08 11:00:00+00:00,New York,37.408333,-25.474997000000002
2025-09-08 12:00:00+00:00,New York,36.391666,-26.921664
2025-09-08 13:00:00+00:00,New York,34.816666,-28.506664
2025-09-08 14:00:00+00:00,New York,33.125,-30.294994000000003
2025-09-08 15:00:00+00:00,New York,32.0,-31.52333
2025-09-08 16:00:00+00:00,New York,35.6,-27.93
2025-09-08 17:00:00+00:00,New York,38.0,-25.39333
2025-09-08 18:00:00+00:00,New York,39.6,-23.559999999999995
2025-09-08 19:00:00+00:00,New York,41.333332,-21.559998
2025-09-08 20:00:00+00:00,New York,42.0,-20.619995000000003
2025-09-08 21:00:00+00:00,New York,38.4,-23.853334000000004
2025-09-08 22:00:00+00:00,New York,30.0,-31.763330000000003
2025-09-08 23:00:00+00:00,New York,23.249998,-37.930002
2025-09-09 00:00:00+00:00,New York,47.73333,-12.899999999999999
2025-09-09 01:00:00+00:00,New York,47.200005,-13.119995000000003
2025-09-09 02:00:00+00:00,New York,46.333332,-13.433338
2025-09-09 03:00:00+00:00,New York,44.933334,-13.016655999999998
2025-09-09 04:00:00+00:00,New York,43.0,-11.833336000000003
2025-09-09 05:00:00+00:00,New York,40.6,-9.933324999999996
2025-09-09 06:00:00+00:00,New York,38.44,-8.243327
2025-09-09 07:00:00+00:00,New York,35.92,-7.479993999999998
2025-09-09 08:00:00+00:00,New York,32.96,-7.606665999999997
2025-09-09 09:00:00+00:00,New York,29.8,-9.41667
2025-09-09 10:00:00+00:00,New York,29.716665,-8.625005000000002
2025-09-09 11:00:00+00:00,New York,29.999998,-7.4083349999999975
2025-09-09 12:00:00+00:00,New York,30.216665,-6.175001000000002
2025-09-09 13:00:00+00:00,New York,30.366665,-4.450000999999997
2025-09-09 14:00:00+00:00,New York,31.199999,-1.9250010000000017
2025-09-09 15:00:00+00:00,New York,38.0,6.0
2025-09-09 16:00:00+00:00,New York,42.0,6.399999999999999
2025-09-09 17:00:00+00:00,New York,44.0,6.0
2025-09-09 18:00:00+00:00,New York,44.666668,5.066668
2025-09-09 19:00:00+00:00,New York,44.666668,3.3333360000000027
2025-09-09 20:00:00+00:00,New York,42.666668,0.6666680000000014
2025-09-09 21:00:00+00:00,New York,38.800003,0.4000029999999981
2025-09-09 22:00:00+00:00,New York,33.2,3.200000000000003
2025-09-09 23:00:00+00:00,New York,31.48333,8.233331999999997
2025-09-10 00:00:00+00:00,New York,31.48333,-16.250000000000004
2025-09-10 01:00:00+00:00,New York,30.083334,-17.116670999999997
2025-09-10 02:00:00+00:00,New York,28.283333,-18.049999
2025-09-10 03:00:00+00:00,New York,26.291666,-18.641668000000003
2025-09-10 04:00:00+00:00,New York,24.291666,-18.708334
2025-09-10 05:00:00+00:00,New York,22.425001,-18.174999
2025-09-10 06:00:00+00:00,New York,21.199999,-17.240001
2025-09-10 07:00:00+00:00,New York,21.199999,-14.720001000000003
2025-09-10 08:00:00+00:00,New York,20.4,-12.560000000000002
2025-09-10 09:00:00+00:00,New York,19.6,-10.2
2025-09-10 10:00:00+00:00,New York,18.0,-11.716664999999999
2025-09-10 11:00:00+00:00,New York,16.824999,-13.174999000000003
2025-09-10 12:00:00+00:00,New York,16.483332,-13.733332999999998
2025-09-10 13:00:00+00:00,New York,16.741667,-13.624998000000001
2025-09-10 14:00:00+00:00,New York,17.058332,-14.141666999999998
2025-09-10 15:00:00+00:00,New York,17.533335,-20.466665
2025-09-10 16:00:00+00:00,New York,20.8,-21.2
2025-09-10 17:00:00+00:00,New York,27.2,-16.8
2025-09-10 18:00:00+00:00,New York,32.4,-12.266668000000003
2025-09-10 19:00:00+00:00,New York,36.8,-7.866668000000004
2025-09-10 20:00:00+00:00,New York,40.666664,-2.000004000000004
2025-09-10 21:00:00+00:00,New York,40.666664,1.8666610000000006
2025-09-10 22:00:00+00:00,New York,34.8,1.5999999999999943
2025-09-10 23:00:00+00:00,New York,26.0,-5.483329999999999
2025-09-11 00:00:00+00:00,New York,32.32,0.8366700000000016
2025-09-11 01:00:00+00:00,New York,34.08,3.9966659999999976
2025-09-11 02:00:00+00:00,New York,36.36,8.076667
2025-09-11 03:00:00+00:00,New York,36.6,10.308334000000002
2025-09-11 04:00:00+00:00,New York,33.079998,8.788332000000004
2025-09-11 05:00:00+00:00,New York,29.633333,7.208331999999999
2025-09-11 06:00:00+00:00,New York,30.558334,9.358335
2025-09-11 07:00:00+00:00,New York,31.308334,10.108335
2025-09-11 08:00:00+00:00,New York,31.958336,11.558336
2025-09-11 09:00:00+00:00,New York,32.541668,12.941668
2025-09-11 10:00:00+00:00,New York,33.091667,15.091667000000001
2025-09-11 11:00:00+00:00,New York,33.649998,16.824999
2025-09-11 12:00:00+00:00,New York,34.274998,17.791665999999996
2025-09-11 13:00:00+00:00,New York,34.458332,17.716665
2025-09-11 14:00:00+00:00,New York,35.6,18.541668
2025-09-11 15:00:00+00:00,New York,46.666664,29.133328999999996
2025-09-11 16:00:00+00:00,New York,54.0,33.2
2025-09-11 17:00:00+00:00,New York,58.0,30.8
2025-09-11 18:00:00+00:00,New York,60.181816,27.781816
2025-09-11 19:00:00+00:00,New York,60.90909,24.109090000000002
2025-09-11 20:00:00+00:00,New York,61.090908,20.424244
2025-09-11 21:00:00+00:00,New York,60.0,19.333336000000003
2025-09-11 22:00:00+00:00,New York,48.666668,13.866668000000004
2025-09-11 23:00:00+00:00,New York,35.6,9.600000000000001
2025-09-12 00:00:00+00:00,New York,30.4,-1.9200000000000017
2025-09-12 01:00:00+00:00,New York,34.879997,0.7999970000000047
2025-09-12 02:00:00+00:00,New York,41.666664,5.306663999999998
2025-09-12 03:00:00+00:00,New York,48.933334,12.333334
2025-09-12 04:00:00+00:00,New York,50.666664,17.586665999999994
2025-09-12 05:00:00+00:00,New York,49.4,19.766666999999998
2025-09-12 06:00:00+00:00,New York,47.0,16.441666
2025-09-12 07:00:00+00:00,New York,44.4,13.091666
2025-09-12 08:00:00+00:00,New York,40.666664,8.708327999999998
2025-09-12 09:00:00+00:00,New York,36.84,4.298332000000002
2025-09-12 10:00:00+00:00,New York,36.0,2.908332999999999
2025-09-12 11:00:00+00:00,New York,36.05,2.4000020000000006
2025-09-12 12:00:00+00:00,New York,35.81667,1.5416720000000055
2025-09-12 13:00:00+00:00,New York,35.533337,1.0750050000000044
2025-09-12 14:00:00+00:00,New York,35.4,-0.20000000000000284
2025-09-12 15:00:00+00:00,New York,36.0,-10.666663999999997
2025-09-12 16:00:00+00:00,New York,40.666664,-13.333336000000003
2025-09-12 17:00:00+00:00,New York,47.333336,-10.666663999999997
2025-09-12 18:00:00+00:00,New York,51.333332,-8.848484
2025-09-12 19:00:00+00:00,New York,54.0,-6.909089999999999
2025-09-12 20:00:00+00:00,New York,54.666668,-6.4242399999999975
2025-09-12 21:00:00+00:00,New York,50.666664,-9.333336000000003
2025-09-12 22:00:00+00:00,New York,38.800003,-9.866665000000005
2025-09-12 23:00:00+00:00,New York,37.85,2.25
2025-09-13 00:00:00+00:00,New York,38.258335,7.858335000000004
2025-09-13 01:00:00+00:00,New York,38.258335,3.3783379999999994
2025-09-13 02:00:00+00:00,New York,37.441666,-4.224997999999999
2025-09-13 03:00:00+00:00,New York,35.958332,-12.975002000000003
2025-09-13 04:00:00+00:00,New York,33.874996,-16.791667999999994
2025-09-13 05:00:00+00:00,New York,31.333336,-18.066664
2025-09-13 06:00:00+00:00,New York,28.508337,-18.491663
2025-09-13 07:00:00+00:00,New York,25.683336,-18.716663999999998
2025-09-13 08:00:00+00:00,New York,23.216667,-17.449996999999996
2025-09-13 09:00:00+00:00,New York,21.658335,-15.181665000000002
2025-09-13 10:00:00+00:00,New York,21.05,-14.95
2025-09-13 11:00:00+00:00,New York,22.84,-13.209999999999997
2025-09-13 12:00:00+00:00,New York,23.56,-12.256670000000003
2025-09-13 13:00:00+00:00,New York,22.841665,-12.691672000000004
2025-09-13 14:00:00+00:00,New York,24.400002,-10.999997999999998
2025-09-13 15:00:00+00:00,New York,33.600002,-2.3999979999999965
2025-09-13 16:00:00+00:00,New York,42.0,1.3333360000000027
2025-09-13 17:00:00+00:00,New York,54.0,6.666663999999997
2025-09-13 18:00:00+00:00,New York,60.545456,9.212124000000003
2025-09-13 19:00:00+00:00,New York,61.63636,7.636360000000003
2025-09-13 20:00:00+00:00,New York,61.63636,6.969692000000002
2025-09-13 21:00:00+00:00,New York,60.545456,9.878792000000004
2025-09-13 22:00:00+00:00,New York,51.333332,12.533329000000002
2025-09-13 23:00:00+00:00,New York,37.6,-0.25
2025-09-14 00:00:00+00:00,New York,29.691666,-8.566669000000001
2025-09-14 01:00:00+00:00,New York,29.050003,-9.208332000000002
2025-09-14 02:00:00+00:00,New York,28.466667,-8.974998999999997
2025-09-14 03:00:00+00:00,New York,27.975002,-7.983329999999999
2025-09-14 04:00:00+00:00,New York,27.733335,-6.141661000000003
2025-09-14 05:00:00+00:00,New York,27.89167,-3.441665999999998
2025-09-14 06:00:00+00:00,New York,28.100004,-0.4083330000000025
2025-09-14 07:00:00+00:00,New York,28.300003,2.6166669999999996
2025-09-14 08:00:00+00:00,New York,28.408335,5.191668
2025-09-14 09:00:00+00:00,New York,28.375,6.716664999999999
2025-09-14 10:00:00+00:00,New York,28.191671,7.141670999999999
2025-09-14 11:00:00+00:00,New York,27.866669,5.026669000000002
2025-09-14 12:00:00+00:00,New York,27.408337,3.848337000000001
2025-09-14 13:00:00+00:00,New York,27.508339,4.666674
2025-09-14 14:00:00+00:00,New York,28.4,3.999997999999998
2025-09-14 15:00:00+00:00,New York,38.800003,5.200000999999993
2025-09-14 16:00:00+00:00,New York,49.333336,7.333336000000003
2025-09-14 17:00:00+00:00,New York,57.333336,3.3333360000000027
2025-09-14 18:00:00+00:00,New York,60.727272,0.18181599999999776
2025-09-14 19:00:00+00:00,New York,61.81818,0.18181999999999476
2025-09-14 20:00:00+00:00,New York,62.0,0.36363999999999663
2025-09-14 21:00:00+00:00,New York,60.545456,0.0
2025-09-14 22:00:00+00:00,New York,46.0,-5.333331999999999
2025-09-14 23:00:00+00:00,New York,30.0,-7.600000000000001
2025-09-15 00:00:00+00:00,New York,29.88,0.18833399999999756
2025-09-15 01:00:00+00:00,New York,34.239998,5.189995
2025-09-15 02:00:00+00:00,New York,40.333332,11.866664999999998
2025-09-15 03:00:00+00:00,New York,46.933334,18.958332000000002
2025-09-15 04:00:00+00:00,New York,47.200005,19.466669999999997
2025-09-15 05:00:00+00:00,New York,44.13333,16.24166
2025-09-15 06:00:00+00:00,New York,40.8,12.699995999999999
2025-09-15 07:00:00+00:00,New York,42.86666,14.566657000000003
2025-09-15 08:00:00+00:00,New York,46.35,17.941665
2025-09-15 09:00:00+00:00,New York,49.0,20.625
2025-09-15 10:00:00+00:00,New York,50.933327,22.741656
2025-09-15 11:00:00+00:00,New York,52.266663,24.399994
2025-09-15 12:00:00+00:00,New York,53.1,25.691663000000002
2025-09-15 13:00:00+00:00,New York,53.166656,25.658317000000004
2025-09-15 14:00:00+00:00,New York,53.266663,24.866663000000003
2025-09-15 15:00:00+00:00,New York,53.11667,14.316667000000002
2025-09-15 16:00:00+00:00,New York,52.700005,3.3666689999999946
2025-09-15 17:00:00+00:00,New York,58.0,0.6666639999999973
2025-09-15 18:00:00+00:00,New York,60.90909,0.1818179999999998
2025-09-15 19:00:00+00:00,New York,61.63636,-0.18181999999999476
2025-09-15 20:00:00+00:00,New York,61.81818,-0.18182000000000187
2025-09-15 21:00:00+00:00,New York,60.90909,0.36363399999999757
2025-09-15 22:00:00+00:00,New York,55.333332,9.333331999999999
2025-09-15 23:00:00+00:00,New York,46.11667,16.11667
2025-09-16 00:00:00+00:00,New York,45.066673,15.186673000000003
2025-09-16 01:00:00+00:00,New York,42.88334,8.643341999999997
2025-09-16 02:00:00+00:00,New York,39.7,-0.6333319999999958
2025-09-16 03:00:00+00:00,New York,37.675007,-9.258327000000001
2025-09-16 04:00:00+00:00,New York,35.325005,-11.875
2025-09-16 05:00:00+00:00,New York,32.750004,-11.383326000000004
2025-09-16 06:00:00+00:00,New York,30.191666,-10.608333999999996
2025-09-16 07:00:00+00:00,New York,27.875,-14.991660000000003
2025-09-16 08:00:00+00:00,New York,25.958332,-20.391668000000003
2025-09-16 09:00:00+00:00,New York,24.383333,-24.616667
2025-09-16 10:00:00+00:00,New York,23.075005,-27.858321999999998
2025-09-16 11:00:00+00:00,New York,21.933336,-30.333327
2025-09-16 12:00:00+00:00,New York,21.6,-31.5
2025-09-16 13:00:00+00:00,New York,24.8,-28.366656000000003
2025-09-16 14:00:00+00:00,New York,29.2,-24.066663000000002
2025-09-16 15:00:00+00:00,New York,33.2,-19.916669999999996
2025-09-16 16:00:00+00:00,New York,36.399998,-16.300007
2025-09-16 17:00:00+00:00,New York,39.6,-18.4
2025-09-16 18:00:00+00:00,New York,42.666668,-18.242421999999998
2025-09-16 19:00:00+00:00,New York,44.0,-17.636360000000003
2025-09-16 20:00:00+00:00,New York,43.333336,-18.484843999999995
2025-09-16 21:00:00+00:00,New York,40.666664,-20.242426000000002
2025-09-16 22:00:00+00:00,New York,37.2,-18.133331999999996
2025-09-16 23:00:00+00:00,New York,32.8,-13.316670000000002
2025-09-17 00:00:00+00:00,New York,31.199999,-13.866674000000003
2025-09-17 01:00:00+00:00,New York,29.6,-13.283339999999995
2025-09-17 02:00:00+00:00,New York,27.2,-12.500000000000004
2025-09-17 03:00:00+00:00,New York,25.599998,-12.075009000000001
2025-09-17 04:00:00+00:00,New York,24.8,-10.525004999999997
2025-09-17 05:00:00+00:00,New York,24.400002,-8.350001999999996
2025-09-17 06:00:00+00:00,New York,24.0,-6.1916660000000014
2025-09-17 07:00:00+00:00,New York,23.600002,-4.274998
2025-09-17 08:00:00+00:00,New York,23.600002,-2.3583299999999987
2025-09-17 09:00:00+00:00,New York,23.199999,-1.183334000000002
2025-09-17 10:00:00+00:00,New York,22.0,-1.0750050000000009
2025-09-17 11:00:00+00:00,New York,20.4,-1.533336000000002
2025-09-17 12:00:00+00:00,New York,15.599999,-6.000001000000001
2025-09-17 13:00:00+00:00,New York,18.4,-6.400000000000002
2025-09-17 14:00:00+00:00,New York,22.4,-6.800000000000001
2025-09-17 15:00:00+00:00,New York,26.0,-7.200000000000003
2025-09-17 16:00:00+00:00,New York,28.800001,-7.599996999999995
2025-09-17 17:00:00+00:00,New York,31.599998,-8.000002000000002
2025-09-17 18:00:00+00:00,New York,32.8,-9.866668000000004
2025-09-17 19:00:00+00:00,New York,32.4,-11.600000000000001
2025-09-17 20:00:00+00:00,New York,30.4,-12.933336000000004
2025-09-17 21:00:00+00:00,New York,28.4,-12.266663999999999
2025-09-17 22:00:00+00:00,New York,26.0,-11.200000000000003
2025-09-17 23:00:00+00:00,New York,23.600002,-9.199997999999997
2025-09-18 00:00:00+00:00,New York,21.199999,-10.0
2025-09-18 01:00:00+00:00,New York,21.199999,-8.400001000000003
2025-09-18 02:00:00+00:00,New York,20.8,-6.399999999999999
2025-09-18 03:00:00+00:00,New York,20.4,-5.199998000000001
2025-09-18 04:00:00+00:00,New York,19.6,-5.199999999999999
2025-09-18 05:00:00+00:00,New York,18.8,-5.600002
2025-09-18 06:00:00+00:00,New York,18.0,-6.0
2025-09-18 07:00:00+00:00,New York,17.6,-6.0000019999999985
2025-09-18 08:00:00+00:00,New York,17.2,-6.400002000000001
2025-09-18 09:00:00+00:00,New York,16.4,-6.799999
2025-09-18 10:00:00+00:00,New York,15.400002,-6.599997999999999
2025-09-18 11:00:00+00:00,New York,18.25,-2.1499999999999986
2025-09-18 12:00:00+00:00,New York,18.95,3.350000999999999
2025-09-18 13:00:00+00:00,New York,16.908335,-1.4916649999999976
2025-09-18 14:00:00+00:00,New York,24.0,1.6000000000000014
2025-09-18 15:00:00+00:00,New York,31.199999,5.199998999999998
2025-09-18 16:00:00+00:00,New York,37.6,8.799999
2025-09-18 17:00:00+00:00,New York,46.0,14.400002
2025-09-18 18:00:00+00:00,New York,53.333336,20.533336000000006
2025-09-18 19:00:00+00:00,New York,58.666668,26.266668000000003
2025-09-18 20:00:00+00:00,New York,60.181816,29.781816
2025-09-18 21:00:00+00:00,New York,56.666664,28.266664
2025-09-18 22:00:00+00:00,New York,41.333332,15.333331999999999
2025-09-18 23:00:00+00:00,New York,27.6,3.9999980000000015
2025-09-19 00:00:00+00:00,New York,30.8,9.600001000000002
2025-09-19 01:00:00+00:00,New York,31.8,10.600001000000002
2025-09-19 02:00:00+00:00,New York,32.96,12.16
2025-09-19 03:00:00+00:00,New York,32.239998,11.839998000000001
2025-09-19 04:00:00+00:00,New York,27.92,8.32
2025-09-19 05:00:00+00:00,New York,22.150002,3.350002
2025-09-19 06:00:00+00:00,New York,22.291664,4.291664000000001
2025-09-19 07:00:00+00:00,New York,22.233335,4.633334999999999
2025-09-19 08:00:00+00:00,New York,22.4,5.199999999999999
2025-09-19 09:00:00+00:00,New York,22.8,6.400000000000002
2025-09-19 10:00:00+00:00,New York,22.4,6.999997999999998
2025-09-19 11:00:00+00:00,New York,21.849998,3.5999979999999994
2025-09-19 12:00:00+00:00,New York,26.800001,7.8500010000000024
2025-09-19 13:00:00+00:00,New York,30.0,13.091664999999999
2025-09-19 14:00:00+00:00,New York,34.4,10.399999999999999
2025-09-19 15:00:00+00:00,New York,38.0,6.800001000000002
2025-09-19 16:00:00+00:00,New York,41.333332,3.733331999999997
2025-09-19 17:00:00+00:00,New York,44.666668,-1.3333319999999986
2025-09-19 18:00:00+00:00,New York,46.0,-7.333336000000003
2025-09-19 19:00:00+00:00,New York,46.0,-12.666668000000001
2025-09-19 20:00:00+00:00,New York,44.0,-16.181815999999998
2025-09-19 21:00:00+00:00,New York,39.2,-17.466663999999994
2025-09-19 22:00:00+00:00,New York,32.4,-8.933332
2025-09-19 23:00:00+00:00,New York,23.600002,-3.9999980000000015
2025-09-20 00:00:00+00:00,New York,22.6,-8.2
2025-09-20 01:00:00+00:00,New York,20.083334,-11.716666
2025-09-20 02:00:00+00:00,New York,19.199999,-13.760001000000003
2025-09-20 03:00:00+00:00,New York,18.133331,-14.106667000000002
2025-09-20 04:00:00+00:00,New York,19.199999,-8.720001000000003
2025-09-20 05:00:00+00:00,New York,20.0,-2.1500020000000006
2025-09-20 06:00:00+00:00,New York,20.0,-2.291664000000001
2025-09-20 07:00:00+00:00,New York,19.6,-2.633334999999999
2025-09-20 08:00:00+00:00,New York,18.8,-3.599999999999998
2025-09-20 09:00:00+00:00,New York,18.4,-4.400000000000002
2025-09-20 10:00:00+00:00,New York,17.6,-4.799999999999997
2025-09-20 11:00:00+00:00,New York,17.2,-4.649998
2025-09-20 12:00:00+00:00,New York,18.4,-8.400001000000003
2025-09-20 13:00:00+00:00,New York,20.8,-9.2
2025-09-20 14:00:00+00:00,New York,24.400002,-9.999997999999998
2025-09-20 15:00:00+00:00,New York,27.6,-10.399999999999999
2025-09-20 16:00:00+00:00,New York,30.8,-10.533331999999998
2025-09-20 17:00:00+00:00,New York,34.0,-10.666668000000001
2025-09-20 18:00:00+00:00,New York,36.399998,-9.600002000000003
2025-09-20 19:00:00+00:00,New York,38.4,-7.600000000000001
2025-09-20 20:00:00+00:00,New York,39.6,-4.399999999999999
2025-09-20 21:00:00+00:00,New York,38.800003,-0.39999700000000615
2025-09-20 22:00:00+00:00,New York,34.8,2.3999999999999986
2025-09-20 23:00:00+00:00,New York,28.800001,5.199999000000002
2025-09-21 00:00:00+00:00,New York,22.4,-0.20000000000000284
2025-09-21 01:00:00+00:00,New York,21.199999,1.1166649999999976
2025-09-21 02:00:00+00:00,New York,20.0,0.8000010000000017
2025-09-21 03:00:00+00:00,New York,18.4,0.26666900000000027
2025-09-21 04:00:00+00:00,New York,17.2,-1.999998999999999
2025-09-21 05:00:00+00:00,New York,16.0,-4.0
2025-09-21 06:00:00+00:00,New York,14.8,-5.199999999999999
2025-09-21 07:00:00+00:00,New York,14.2,-5.400000000000002
2025-09-21 08:00:00+00:00,New York,14.0,-4.800000000000001
2025-09-21 09:00:00+00:00,New York,13.55,-4.849999999999998
2025-09-21 10:00:00+00:00,New York,14.9,-2.700000000000001
2025-09-21 11:00:00+00:00,New York,16.75,-0.4499999999999993
2025-09-21 12:00:00+00:00,New York,16.15,-2.25
2025-09-21 13:00:00+00:00,New York,14.8,-6.0
2025-09-21 14:00:00+00:00,New York,21.6,-2.800001999999999
2025-09-21 15:00:00+00:00,New York,27.6,0.0
2025-09-21 16:00:00+00:00,New York,30.8,0.0
2025-09-21 17:00:00+00:00,New York,33.2,-0.7999999999999972
2025-09-21 18:00:00+00:00,New York,34.4,-1.999997999999998
2025-09-21 19:00:00+00:00,New York,34.8,-3.6000000000000014
2025-09-21 20:00:00+00:00,New York,34.4,-5.200000000000003
2025-09-21 21:00:00+00:00,New York,33.2,-5.600002999999994
2025-09-21 22:00:00+00:00,New York,30.8,-3.9999999999999964
2025-09-21 23:00:00+00:00,New York,27.6,-1.2000010000000003
2025-09-22 00:00:00+00:00,New York,20.4,-2.0
2025-09-22 01:00:00+00:00,New York,18.8,-2.3999989999999976
2025-09-22 02:00:00+00:00,New York,16.0,-4.0
2025-09-22 03:00:00+00:00,New York,17.6,-0.7999999999999972
2025-09-22 04:00:00+00:00,New York,19.75,2.5500000000000007
2025-09-22 05:00:00+00:00,New York,21.72,5.719999999999999
2025-09-22 06:00:00+00:00,New York,23.199999,8.399998999999998
2025-09-22 07:00:00+00:00,New York,23.960001,9.760000999999999
2025-09-22 08:00:00+00:00,New York,24.279999,10.279999
2025-09-22 09:00:00+00:00,New York,24.36,10.809999999999999
2025-09-22 10:00:00+00:00,New York,24.48,9.58
2025-09-22 11:00:00+00:00,New York,24.36,7.609999999999999
2025-09-22 12:00:00+00:00,New York,24.2,8.05
2025-09-22 13:00:00+00:00,New York,22.16,7.359999999999999
2025-09-22 14:00:00+00:00,New York,20.308334,-1.2916660000000029
2025-09-22 15:00:00+00:00,New York,20.875,-6.725000000000001
2025-09-22 16:00:00+00:00,New York,23.600002,-7.199998000000001
2025-09-22 17:00:00+00:00,New York,27.6,-5.600000000000001
2025-09-22 18:00:00+00:00,New York,31.199999,-3.2000010000000003
2025-09-22 19:00:00+00:00,New York,34.4,-0.3999999999999986
2025-09-22 20:00:00+00:00,New York,36.8,2.3999999999999986
2025-09-22 21:00:00+00:00,New York,36.8,3.5999999999999943
2025-09-22 22:00:00+00:00,New York,33.2,2.400000000000002
2025-09-22 23:00:00+00:00,New York,28.0,0.3999999999999986
2025-09-23 00:00:00+00:00,New York,26.766663,6.366663000000003
2025-09-23 01:00:00+00:00,New York,27.58333,8.78333
2025-09-23 02:00:00+00:00,New York,28.283333,12.283332999999999
2025-09-23 03:00:00+00:00,New York,28.791666,11.191665999999998
2025-09-23 04:00:00+00:00,New York,29.083332,9.333331999999999
2025-09-23 05:00:00+00:00,New York,29.074997,7.354997000000001
2025-09-23 06:00:00+00:00,New York,28.808334,5.608335
2025-09-23 07:00:00+00:00,New York,28.341671,4.381670000000003
2025-09-23 08:00:00+00:00,New York,27.816668,3.536669
2025-09-23 09:00:00+00:00,New York,27.291664,2.9316640000000014
2025-09-23 10:00:00+00:00,New York,26.708334,2.2283340000000003
2025-09-23 11:00:00+00:00,New York,26.033335,1.6733350000000016
2025-09-23 12:00:00+00:00,New York,25.283333,1.0833329999999997
2025-09-23 13:00:00+00:00,New York,24.616669,2.4566690000000015
2025-09-23 14:00:00+00:00,New York,24.175,3.866666000000002
2025-09-23 15:00:00+00:00,New York,27.6,6.725000000000001
2025-09-23 16:00:00+00:00,New York,34.4,10.799997999999999
2025-09-23 17:00:00+00:00,New York,42.666668,15.066668
2025-09-23 18:00:00+00:00,New York,52.666664,21.466665
2025-09-23 19:00:00+00:00,New York,60.181816,25.781816
2025-09-23 20:00:00+00:00,New York,61.63636,24.836360000000006
2025-09-23 21:00:00+00:00,New York,61.454544,24.654544
2025-09-23 22:00:00+00:00,New York,54.0,20.799999999999997
2025-09-23 23:00:00+00:00,New York,38.0,10.0
2025-09-24 00:00:00+00:00,New York,26.919998,0.15333499999999844
2025-09-24 01:00:00+00:00,New York,25.2,-2.383330000000001
2025-09-24 02:00:00+00:00,New York,25.9,-2.3833330000000004
2025-09-24 03:00:00+00:00,New York,26.516665,-2.2750009999999996
2025-09-24 04:00:00+00:00,New York,26.93333,-2.150001999999997
2025-09-24 05:00:00+00:00,New York,27.591667,-1.4833299999999987
2025-09-24 06:00:00+00:00,New York,28.658333,-0.1500009999999996
2025-09-24 07:00:00+00:00,New York,29.91667,1.5749989999999983
2025-09-24 08:00:00+00:00,New York,31.175003,3.3583350000000003
2025-09-24 09:00:00+00:00,New York,32.483334,5.1916699999999985
2025-09-24 10:00:00+00:00,New York,33.883335,7.175001000000002
2025-09-24 11:00:00+00:00,New York,35.375004,9.341668999999996
2025-09-24 12:00:00+00:00,New York,37.133335,11.850002000000003
2025-09-24 13:00:00+00:00,New York,38.933334,14.316665
2025-09-24 14:00:00+00:00,New York,41.216675,17.041675
2025-09-24 15:00:00+00:00,New York,43.983337,16.383336999999997
2025-09-24 16:00:00+00:00,New York,46.233337,11.833337
2025-09-24 17:00:00+00:00,New York,48.15,5.483331999999997
2025-09-24 18:00:00+00:00,New York,49.583336,-3.0833279999999945
2025-09-24 19:00:00+00:00,New York,50.716667,-9.465148999999997
2025-09-24 20:00:00+00:00,New York,51.61666,-10.0197
2025-09-24 21:00:00+00:00,New York,52.36666,-9.087883999999995
2025-09-24 22:00:00+00:00,New York,53.13334,-0.8666600000000031
2025-09-24 23:00:00+00:00,New York,54.049995,16.049995000000003
2025-09-25 00:00:00+00:00,New York,54.899994,27.979996
2025-09-25 01:00:00+00:00,New York,53.38333,28.18333
2025-09-25 02:00:00+00:00,New York,51.916656,26.016656000000005
2025-09-25 03:00:00+00:00,New York,50.483337,23.966672
2025-09-25 04:00:00+00:00,New York,49.333336,22.400006
2025-09-25 05:00:00+00:00,New York,47.65,20.058332999999998
2025-09-25 06:00:00+00:00,New York,45.049995,16.391662000000004
2025-09-25 07:00:00+00:00,New York,41.999992,12.083321999999999
2025-09-25 08:00:00+00:00,New York,39.275,8.099996999999998
2025-09-25 09:00:00+00:00,New York,37.5,5.016666000000001
2025-09-25 10:00:00+00:00,New York,35.658337,1.7750020000000006
2025-09-25 11:00:00+00:00,New York,33.783337,-1.591666999999994
2025-09-25 12:00:00+00:00,New York,31.758337,-5.3749980000000015
2025-09-25 13:00:00+00:00,New York,29.641668,-9.291666000000003
2025-09-25 14:00:00+00:00,New York,27.75,-13.466675000000002
2025-09-25 15:00:00+00:00,New York,26.275002,-17.708334999999998
2025-09-25 16:00:00+00:00,New York,25.033333,-21.200004
2025-09-25 17:00:00+00:00,New York,23.933334,-24.216666
2025-09-25 18:00:00+00:00,New York,22.991669,-26.591667
2025-09-25 19:00:00+00:00,New York,22.4,-28.316667000000002
2025-09-25 20:00:00+00:00,New York,27.2,-24.416660000000004
2025-09-25 21:00:00+00:00,New York,30.4,-21.966660000000005
2025-09-25 22:00:00+00:00,New York,29.6,-23.533339999999995
2025-09-25 23:00:00+00:00,New York,26.800001,-27.249994
2025-09-26 00:00:00+00:00,New York,29.6,-25.299993999999998
2025-09-26 01:00:00+00:00,New York,28.0,-25.38333
2025-09-26 02:00:00+00:00,New York,26.0,-25.916656000000003
2025-09-26 03:00:00+00:00,New York,23.600002,-26.883335
2025-09-26 04:00:00+00:00,New York,20.8,-28.533336000000002
2025-09-26 05:00:00+00:00,New York,17.6,-30.049999999999997
2025-09-26 06:00:00+00:00,New York,17.716665,-27.333330000000004
2025-09-26 07:00:00+00:00,New York,18.433332,-23.56666
2025-09-26 08:00:00+00:00,New York,19.341667,-19.933332999999998
2025-09-26 09:00:00+00:00,New York,20.133333,-17.366667
2025-09-26 10:00:00+00:00,New York,20.825,-14.833337000000004
2025-09-26 11:00:00+00:00,New York,21.416666,-12.366671000000004
2025-09-26 12:00:00+00:00,New York,21.925001,-9.833336
2025-09-26 13:00:00+00:00,New York,22.066666,-7.575001999999998
2025-09-26 14:00:00+00:00,New York,26.800001,-0.9499989999999983
2025-09-26 15:00:00+00:00,New York,34.0,7.724997999999999
2025-09-26 16:00:00+00:00,New York,39.2,14.166667000000004
2025-09-26 17:00:00+00:00,New York,46.0,22.066666
2025-09-26 18:00:00+00:00,New York,50.666664,27.674994999999996
2025-09-26 19:00:00+00:00,New York,54.0,31.6
2025-09-26 20:00:00+00:00,New York,54.0,26.8
2025-09-26 21:00:00+00:00,New York,48.0,17.6
2025-09-26 22:00:00+00:00,New York,34.0,4.399999999999999
2025-09-26 23:00:00+00:00,New York,31.160002,4.360000999999997
2025-09-27 00:00:00+00:00,New York,33.76,4.159999999999997
2025-09-27 01:00:00+00:00,New York,34.32,6.32
2025-09-27 02:00:00+00:00,New York,34.920002,8.920001999999997
2025-09-27 03:00:00+00:00,New York,34.2,10.599998000000003
2025-09-27 04:00:00+00:00,New York,30.960003,10.160003
2025-09-27 05:00:00+00:00,New York,26.399998,8.799997999999999
2025-09-27 06:00:00+00:00,New York,24.949999,7.233333999999999
2025-09-27 07:00:00+00:00,New York,25.191666,6.758334000000001
2025-09-27 08:00:00+00:00,New York,25.4,6.0583329999999975
2025-09-27 09:00:00+00:00,New York,25.658333,5.524999999999999
2025-09-27 10:00:00+00:00,New York,25.925003,5.100003000000001
2025-09-27 11:00:00+00:00,New York,26.216667,4.800001000000002
2025-09-27 12:00:00+00:00,New York,26.566666,4.641665
2025-09-27 13:00:00+00:00,New York,26.924995,4.858328999999998
2025-09-27 14:00:00+00:00,New York,27.316666,0.5166649999999997
2025-09-27 15:00:00+00:00,New York,28.0,-6.0
2025-09-27 16:00:00+00:00,New York,31.599998,-7.6000020000000035
2025-09-27 17:00:00+00:00,New York,34.4,-11.600000000000001
2025-09-27 18:00:00+00:00,New York,34.8,-15.866664
2025-09-27 19:00:00+00:00,New York,32.8,-21.200000000000003
2025-09-27 20:00:00+00:00,New York,29.89167,-24.10833
2025-09-27 21:00:00+00:00,New York,30.525002,-17.474998
2025-09-27 22:00:00+00:00,New York,32.2,-1.7999999999999972
2025-09-27 23:00:00+00:00,New York,39.760002,8.600000000000001
2025-09-28 00:00:00+00:00,New York,41.13333,7.373330000000003
2025-09-28 01:00:00+00:00,New York,41.200005,6.880004999999997
2025-09-28 02:00:00+00:00,New York,41.200005,6.280003000000001
2025-09-28 03:00:00+00:00,New York,40.666664,6.466663999999994
2025-09-28 04:00:00+00:00,New York,39.44,8.479996999999997
2025-09-28 05:00:00+00:00,New York,38.16,11.760001999999997
2025-09-28 06:00:00+00:00,New York,37.04,12.090001
2025-09-28 07:00:00+00:00,New York,38.15833,12.966663999999998
2025-09-28 08:00:00+00:00,New York,39.766666,14.366666000000002
2025-09-28 09:00:00+00:00,New York,42.916664,17.258331
2025-09-28 10:00:00+00:00,New York,46.016663,20.09166
2025-09-28 11:00:00+00:00,New York,49.183327,22.966659999999997
2025-09-28 12:00:00+00:00,New York,52.85,26.283334
2025-09-28 13:00:00+00:00,New York,59.833336,32.90834100000001
2025-09-28 14:00:00+00:00,New York,60.53667,33.220004
2025-09-28 15:00:00+00:00,New York,60.7,32.7
2025-09-28 16:00:00+00:00,New York,60.873333,29.273335000000003
2025-09-28 17:00:00+00:00,New York,61.043335,26.643335
2025-09-28 18:00:00+00:00,New York,61.196667,26.396667
2025-09-28 19:00:00+00:00,New York,61.323334,28.523334000000006
2025-09-28 20:00:00+00:00,New York,61.393333,31.501662999999997
2025-09-28 21:00:00+00:00,New York,61.350002,30.825000000000003
2025-09-28 22:00:00+00:00,New York,61.219997,29.019996999999996
2025-09-28 23:00:00+00:00,New York,61.033333,21.273331
2025-09-29 00:00:00+00:00,New York,60.843334,19.710003999999998
2025-09-29 01:00:00+00:00,New York,60.56,19.359995000000005
2025-09-29 02:00:00+00:00,New York,60.313335,19.113330000000005
2025-09-29 03:00:00+00:00,New York,60.11,19.443336000000002
2025-09-29 04:00:00+00:00,New York,59.250008,19.810008000000003
2025-09-29 05:00:00+00:00,New York,57.350006,19.190006000000004
2025-09-29 06:00:00+00:00,New York,54.63333,17.59333
2025-09-29 07:00:00+00:00,New York,51.61667,13.45834
2025-09-29 08:00:00+00:00,New York,47.88333,8.116664
2025-09-29 09:00:00+00:00,New York,43.933334,1.0166700000000048
2025-09-29 10:00:00+00:00,New York,40.283325,-5.733338000000003
2025-09-29 11:00:00+00:00,New York,38.266666,-10.916660999999998
2025-09-29 12:00:00+00:00,New York,36.016666,-16.833334
2025-09-29 13:00:00+00:00,New York,32.25,-27.583336000000003
2025-09-29 14:00:00+00:00,New York,30.474998,-30.061672
2025-09-29 15:00:00+00:00,New York,29.733332,-30.966668000000002
2025-09-29 16:00:00+00:00,New York,28.958336,-31.914997000000003
2025-09-29 17:00:00+00:00,New York,29.6,-31.443334999999998
2025-09-29 18:00:00+00:00,New York,31.199999,-29.996668
2025-09-29 19:00:00+00:00,New York,32.4,-28.923334000000004
2025-09-29 20:00:00+00:00,New York,32.8,-28.593333
2025-09-29 21:00:00+00:00,New York,30.0,-31.350002000000003
2025-09-29 22:00:00+00:00,New York,25.758339,-35.461658
2025-09-29 23:00:00+00:00,New York,34.52,-26.513332999999996
2025-09-30 00:00:00+00:00,New York,43.466663,-17.376671
2025-09-30 01:00:00+00:00,New York,42.799995,-17.760005
2025-09-30 02:00:00+00:00,New York,41.86667,-18.446665000000003
2025-09-30 03:00:00+00:00,New York,40.466667,-19.643333
2025-09-30 04:00:00+00:00,New York,39.08,-20.170008000000003
2025-09-30 05:00:00+00:00,New York,38.583332,-18.766674000000002
2025-09-30 06:00:00+00:00,New York,43.19999,-11.433340000000001
2025-09-30 07:00:00+00:00,New York,49.11666,-2.500009999999996
2025-09-30 08:00:00+00:00,New York,54.466652,6.583322000000003
2025-09-30 09:00:00+00:00,New York,58.69999,14.766655999999998
2025-09-30 10:00:00+00:00,New York,60.386665,20.103340000000003
2025-09-30 11:00:00+00:00,New York,60.84667,22.580004000000002
2025-09-30 12:00:00+00:00,New York,61.14,25.123334
2025-09-30 13:00:00+00:00,New York,61.329998,29.079998000000003
2025-09-30 14:00:00+00:00,New York,61.52333,31.048332000000002
2025-09-30 15:00:00+00:00,New York,61.74667,32.013338000000005
2025-09-30 16:00:00+00:00,New York,61.973335,33.014999
2025-09-30 17:00:00+00:00,New York,62.176666,32.576665999999996
2025-09-30 18:00:00+00:00,New York,62.33667,31.136671
2025-09-30 19:00:00+00:00,New York,62.45333,30.053330000000003
2025-09-30 20:00:00+00:00,New York,62.533337,29.733337000000006
2025-09-30 21:00:00+00:00,New York,62.583336,32.583336
2025-09-30 22:00:00+00:00,New York,62.61667,36.858331
2025-09-30 23:00:00+00:00,New York,62.47667,27.956669999999995
2025-10-01 00:00:00+00:00,New York,61.933334,18.466671000000005
2025-10-01 01:00:00+00:00,New York,61.376667,18.576671999999995
2025-10-01 02:00:00+00:00,New York,60.663334,18.796664
2025-10-01 03:00:00+00:00,New York,58.049995,17.583328
2025-10-01 04:00:00+00:00,New York,50.85,11.770000000000003
2025-10-01 05:00:00+00:00,New York,42.683342,4.100010000000005
2025-10-01 06:00:00+00:00,New York,37.275,-5.924990000000001
2025-10-01 07:00:00+00:00,New York,33.325,-15.79166
2025-10-01 08:00:00+00:00,New York,29.724998,-24.741654000000004
2025-10-01 09:00:00+00:00,New York,26.758331,-31.941659
2025-10-01 10:00:00+00:00,New York,24.375,-36.011665
2025-10-01 11:00:00+00:00,New York,22.533337,-38.313333
2025-10-01 12:00:00+00:00,New York,21.15,-39.99
2025-10-01 13:00:00+00:00,New York,20.183334,-41.146664
2025-10-01 14:00:00+00:00,New York,21.6,-39.92333
2025-10-01 15:00:00+00:00,New York,23.600002,-38.146668000000005
2025-10-01 16:00:00+00:00,New York,26.0,-35.973335
2025-10-01 17:00:00+00:00,New York,28.800001,-33.376664999999996
2025-10-01 18:00:00+00:00,New York,30.8,-31.536669999999997
2025-10-01 19:00:00+00:00,New York,32.4,-30.053330000000003
2025-10-01 20:00:00+00:00,New York,33.600002,-28.933335
2025-10-01 21:00:00+00:00,New York,33.2,-29.383336
2025-10-01 22:00:00+00:00,New York,29.6,-33.01667
2025-10-01 23:00:00+00:00,New York,24.400002,-38.076668
2025-10-02 00:00:00+00:00,New York,18.5,-43.433334
2025-10-02 01:00:00+00:00,New York,18.2,-43.176666999999995
2025-10-02 02:00:00+00:00,New York,17.7,-42.963334
2025-10-02 03:00:00+00:00,New York,16.85,-41.199995
2025-10-02 04:00:00+00:00,New York,15.4,-35.45
2025-10-02 05:00:00+00:00,New York,14.8,-27.883342000000003
2025-10-02 06:00:00+00:00,New York,14.8,-22.474999999999998
2025-10-02 07:00:00+00:00,New York,14.8,-18.525000000000002
2025-10-02 08:00:00+00:00,New York,14.400001,-15.324997
2025-10-02 09:00:00+00:00,New York,14.0,-12.758330999999998
2025-10-02 10:00:00+00:00,New York,12.4,-11.975
2025-10-02 11:00:00+00:00,New York,12.4,-10.133337
2025-10-02 12:00:00+00:00,New York,12.1,-9.049999999999999
2025-10-02 13:00:00+00:00,New York,14.400001,-5.783332999999999
2025-10-02 14:00:00+00:00,New York,18.8,-2.8000000000000007
2025-10-02 15:00:00+00:00,New York,22.4,-1.2000020000000013
2025-10-02 16:00:00+00:00,New York,25.2,-0.8000000000000007
2025-10-02 17:00:00+00:00,New York,27.6,-1.2000010000000003
2025-10-02 18:00:00+00:00,New York,28.800001,-1.999998999999999
2025-10-02 19:00:00+00:00,New York,29.6,-2.799999999999997
2025-10-02 20:00:00+00:00,New York,29.6,-4.000002000000002
2025-10-02 21:00:00+00:00,New York,27.6,-5.600000000000001
2025-10-02 22:00:00+00:00,New York,21.6,-8.0
2025-10-02 23:00:00+00:00,New York,22.519999,-1.880003000000002
2025-10-03 00:00:00+00:00,New York,29.920002,11.420002
2025-10-03 01:00:00+00:00,New York,29.24,11.04
2025-10-03 02:00:00+00:00,New York,28.28,10.580000000000002
2025-10-03 03:00:00+00:00,New York,27.119999,10.269998999999999
2025-10-03 04:00:00+00:00,New York,25.64,10.24
2025-10-03 05:00:00+00:00,New York,23.960001,9.160000999999998
2025-10-03 06:00:00+00:00,New York,22.64,7.84
2025-10-03 07:00:00+00:00,New York,21.84,7.039999999999999
2025-10-03 08:00:00+00:00,New York,21.32,6.919999000000001
2025-10-03 09:00:00+00:00,New York,21.119999,7.119999
2025-10-03 10:00:00+00:00,New York,21.64,9.24
2025-10-03 11:00:00+00:00,New York,22.480001,10.080001000000001
2025-10-03 12:00:00+00:00,New York,20.720001,8.620001
2025-10-03 13:00:00+00:00,New York,18.708332,4.308330999999999
2025-10-03 14:00:00+00:00,New York,19.449999,0.6499989999999976
2025-10-03 15:00:00+00:00,New York,25.2,2.8000000000000007
2025-10-03 16:00:00+00:00,New York,30.4,5.199999999999999
2025-10-03 17:00:00+00:00,New York,34.8,7.199999999999996
2025-10-03 18:00:00+00:00,New York,38.0,9.199998999999998
2025-10-03 19:00:00+00:00,New York,41.333332,11.733331999999997
2025-10-03 20:00:00+00:00,New York,44.0,14.399999999999999
2025-10-03 21:00:00+00:00,New York,41.333332,13.733331999999997
2025-10-03 22:00:00+00:00,New York,34.0,12.399999999999999
2025-10-03 23:00:00+00:00,New York,24.0,1.4800010000000015
2025-10-04 00:00:00+00:00,New York,27.24,-2.6800020000000018
2025-10-04 01:00:00+00:00,New York,26.160002,-3.079998
2025-10-04 02:00:00+00:00,New York,24.560001,-3.7199990000000014
2025-10-04 03:00:00+00:00,New York,24.04167,-3.078329
2025-10-04 04:00:00+00:00,New York,24.0,-1.6400000000000006
2025-10-04 05:00:00+00:00,New York,23.916666,-0.04333499999999901
2025-10-04 06:00:00+00:00,New York,23.774996,1.134996000000001
2025-10-04 07:00:00+00:00,New York,23.591667,1.7516670000000012
2025-10-04 08:00:00+00:00,New York,23.383333,2.063333
2025-10-04 09:00:00+00:00,New York,23.175001,2.0550020000000018
2025-10-04 10:00:00+00:00,New York,22.999996,1.3599959999999989
2025-10-04 11:00:00+00:00,New York,22.866667,0.3866659999999982
2025-10-04 12:00:00+00:00,New York,22.766668,2.0466669999999993
2025-10-04 13:00:00+00:00,New York,22.508333,3.8000010000000017
2025-10-04 14:00:00+00:00,New York,26.0,6.550001000000002
2025-10-04 15:00:00+00:00,New York,34.4,9.2
2025-10-04 16:00:00+00:00,New York,43.333336,12.933336000000004
2025-10-04 17:00:00+00:00,New York,56.0,21.200000000000003
2025-10-04 18:00:00+00:00,New York,61.272728,23.272728
2025-10-04 19:00:00+00:00,New York,62.727276,21.393944000000005
2025-10-04 20:00:00+00:00,New York,63.09091,19.09091
2025-10-04 21:00:00+00:00,New York,61.272728,19.939396000000002
2025-10-04 22:00:00+00:00,New York,42.666668,8.666668000000001
2025-10-04 23:00:00+00:00,New York,33.72,9.719999999999999
2025-10-05 00:00:00+00:00,New York,49.799995,22.559995000000004
2025-10-05 01:00:00+00:00,New York,47.933334,21.773332000000003
2025-10-05 02:00:00+00:00,New York,45.200005,20.640003999999998
2025-10-05 03:00:00+00:00,New York,42.066666,18.024995999999998
2025-10-05 04:00:00+00:00,New York,39.0,15.0
2025-10-05 05:00:00+00:00,New York,36.440002,12.523336
2025-10-05 06:00:00+00:00,New York,34.2,10.425004000000001
2025-10-05 07:00:00+00:00,New York,32.36,8.768332999999998
2025-10-05 08:00:00+00:00,New York,31.583336,8.200002999999999
2025-10-05 09:00:00+00:00,New York,32.283333,9.108331999999997
2025-10-05 10:00:00+00:00,New York,32.89167,9.891673999999998
2025-10-05 11:00:00+00:00,New York,33.466667,10.600000000000001
2025-10-05 12:00:00+00:00,New York,34.1,11.333332000000002
2025-10-05 13:00:00+00:00,New York,34.949997,12.441664000000003
2025-10-05 14:00:00+00:00,New York,35.75833,9.75833
2025-10-05 15:00:00+00:00,New York,36.441666,2.0416659999999993
2025-10-05 16:00:00+00:00,New York,40.0,-3.3333360000000027
2025-10-05 17:00:00+00:00,New York,48.666668,-7.333331999999999
2025-10-05 18:00:00+00:00,New York,54.666668,-6.606059999999999
2025-10-05 19:00:00+00:00,New York,58.666668,-4.060608000000002
2025-10-05 20:00:00+00:00,New York,60.0,-3.090910000000001
2025-10-05 21:00:00+00:00,New York,56.666664,-4.6060640000000035
2025-10-05 22:00:00+00:00,New York,44.666668,2.0
2025-10-05 23:00:00+00:00,New York,39.34167,5.621670000000002
2025-10-06 00:00:00+00:00,New York,39.46667,-10.333325000000002
2025-10-06 01:00:00+00:00,New York,39.275005,-8.658329000000002
2025-10-06 02:00:00+00:00,New York,38.975002,-6.225002999999994
2025-10-06 03:00:00+00:00,New York,38.43334,-3.6333259999999967
2025-10-06 04:00:00+00:00,New York,37.725006,-1.2749939999999995
2025-10-06 05:00:00+00:00,New York,36.950005,0.5100029999999975
2025-10-06 06:00:00+00:00,New York,36.208336,2.008336
2025-10-06 07:00:00+00:00,New York,35.558334,3.1983340000000027
2025-10-06 08:00:00+00:00,New York,35.058334,3.474998000000003
2025-10-06 09:00:00+00:00,New York,34.725002,2.4416690000000045
2025-10-06 10:00:00+00:00,New York,34.483334,1.5916640000000015
2025-10-06 11:00:00+00:00,New York,34.316666,0.8499989999999968
2025-10-06 12:00:00+00:00,New York,34.249996,0.14999600000000157
2025-10-06 13:00:00+00:00,New York,33.866665,-1.0833320000000057
2025-10-06 14:00:00+00:00,New York,33.23333,-2.5249999999999986
2025-10-06 15:00:00+00:00,New York,32.758327,-3.6833389999999966
2025-10-06 16:00:00+00:00,New York,38.4,-1.6000000000000014
2025-10-06 17:00:00+00:00,New York,48.0,-0.6666680000000014
2025-10-06 18:00:00+00:00,New York,55.333332,0.6666639999999973
2025-10-06 19:00:00+00:00,New York,58.666668,0.0
2025-10-06 20:00:00+00:00,New York,59.333336,-0.6666639999999973
2025-10-06 21:00:00+00:00,New York,55.333332,-1.3333319999999986
2025-10-06 22:00:00+00:00,New York,44.666668,0.0
2025-10-06 23:00:00+00:00,New York,34.4,-4.941670000000002
2025-10-07 00:00:00+00:00,New York,29.65,-9.816670000000002
2025-10-07 01:00:00+00:00,New York,28.683334,-10.591671000000002
2025-10-07 02:00:00+00:00,New York,27.75,-11.225002000000003
2025-10-07 03:00:00+00:00,New York,27.6,-10.83334
2025-10-07 04:00:00+00:00,New York,28.0,-9.725006
2025-10-07 05:00:00+00:00,New York,28.4,-8.550004999999999
2025-10-07 06:00:00+00:00,New York,28.4,-7.808336000000004
2025-10-07 07:00:00+00:00,New York,28.0,-7.558334000000002
2025-10-07 08:00:00+00:00,New York,27.6,-7.458334000000001
2025-10-07 09:00:00+00:00,New York,26.399998,-8.325004000000003
2025-10-07 10:00:00+00:00,New York,23.366665,-11.116668999999998
2025-10-07 11:00:00+00:00,New York,22.858335,-11.458330999999998
2025-10-07 12:00:00+00:00,New York,22.1,-12.149996000000002
2025-10-07 13:00:00+00:00,New York,21.458336,-12.408328999999998
2025-10-07 14:00:00+00:00,New York,24.0,-9.233330000000002
2025-10-07 15:00:00+00:00,New York,27.6,-5.158327
2025-10-07 16:00:00+00:00,New York,32.0,-6.399999999999999
2025-10-07 17:00:00+00:00,New York,37.2,-10.799999999999997
2025-10-07 18:00:00+00:00,New York,39.6,-15.733331999999997
2025-10-07 19:00:00+00:00,New York,38.0,-20.666668
2025-10-07 20:00:00+00:00,New York,34.0,-25.333336000000003
2025-10-07 21:00:00+00:00,New York,30.4,-24.933332
2025-10-07 22:00:00+00:00,New York,28.0,-16.666668
2025-10-07 23:00:00+00:00,New York,25.599998,-8.800002
2025-10-08 00:00:00+00:00,New York,23.199999,-6.450001
2025-10-08 01:00:00+00:00,New York,23.199999,-5.483335
2025-10-08 02:00:00+00:00,New York,23.199999,-4.550001000000002
2025-10-08 03:00:00+00:00,New York,23.600002,-3.9999980000000015
2025-10-08 04:00:00+00:00,New York,24.400002,-3.5999979999999994
2025-10-08 05:00:00+00:00,New York,25.599998,-2.800001999999999
2025-10-08 06:00:00+00:00,New York,26.0,-2.3999999999999986
2025-10-08 07:00:00+00:00,New York,26.0,-2.0
2025-10-08 08:00:00+00:00,New York,25.2,-2.400000000000002
2025-10-08 09:00:00+00:00,New York,24.0,-2.399998
2025-10-08 10:00:00+00:00,New York,22.0,-1.3666650000000011
2025-10-08 11:00:00+00:00,New York,19.6,-3.258334999999999
2025-10-08 12:00:00+00:00,New York,16.2,-5.900000000000002
2025-10-08 13:00:00+00:00,New York,16.0,-5.458335999999999
2025-10-08 14:00:00+00:00,New York,19.6,-4.399999999999999
2025-10-08 15:00:00+00:00,New York,22.8,-4.800000000000001
2025-10-08 16:00:00+00:00,New York,25.2,-6.800000000000001
2025-10-08 17:00:00+00:00,New York,27.6,-9.600000000000001
2025-10-08 18:00:00+00:00,New York,29.2,-10.400000000000002
2025-10-08 19:00:00+00:00,New York,30.8,-7.199999999999999
2025-10-08 20:00:00+00:00,New York,31.599998,-2.4000020000000006
2025-10-08 21:00:00+00:00,New York,30.8,0.40000000000000213
2025-10-08 22:00:00+00:00,New York,26.800001,-1.1999989999999983
2025-10-08 23:00:00+00:00,New York,21.6,-3.999997999999998
2025-10-09 00:00:00+00:00,New York,17.05,-6.1499989999999976
2025-10-09 01:00:00+00:00,New York,17.2,-5.999998999999999
2025-10-09 02:00:00+00:00,New York,19.6,-3.599998999999997
2025-10-09 03:00:00+00:00,New York,21.6,-2.0000019999999985
2025-10-09 04:00:00+00:00,New York,22.0,-2.4000020000000006
2025-10-09 05:00:00+00:00,New York,22.0,-3.5999979999999994
2025-10-09 06:00:00+00:00,New York,21.6,-4.399999999999999
2025-10-09 07:00:00+00:00,New York,20.8,-5.199999999999999
2025-10-09 08:00:00+00:00,New York,20.0,-5.199999999999999
2025-10-09 09:00:00+00:00,New York,18.8,-5.199999999999999
2025-10-09 10:00:00+00:00,New York,17.2,-4.800000000000001
2025-10-09 11:00:00+00:00,New York,16.0,-3.6000000000000014
2025-10-09 12:00:00+00:00,New York,16.0,-0.1999999999999993
2025-10-09 13:00:00+00:00,New York,18.4,2.3999999999999986
2025-10-09 14:00:00+00:00,New York,21.6,2.0
2025-10-09 15:00:00+00:00,New York,24.400002,1.600002
2025-10-09 16:00:00+00:00,New York,26.800001,1.6000010000000024
2025-10-09 17:00:00+00:00,New York,29.2,1.5999999999999979
2025-10-09 18:00:00+00:00,New York,30.8,1.6000000000000014
2025-10-09 19:00:00+00:00,New York,32.0,1.1999999999999993
2025-10-09 20:00:00+00:00,New York,32.4,0.8000019999999992
2025-10-09 21:00:00+00:00,New York,30.8,0.0
2025-10-09 22:00:00+00:00,New York,25.599998,-1.2000030000000024
2025-10-09 23:00:00+00:00,New York,18.4,-3.200000000000003
2025-10-10 00:00:00+00:00,New York,24.560001,7.510000999999999
2025-10-10 01:00:00+00:00,New York,23.68,6.48
2025-10-10 02:00:00+00:00,New York,22.36,2.759999999999998
2025-10-10 03:00:00+00:00,New York,21.039999,-0.5600009999999997
2025-10-10 04:00:00+00:00,New York,19.6,-2.3999999999999986
2025-10-10 05:00:00+00:00,New York,17.85,-4.149999999999999
2025-10-10 06:00:00+00:00,New York,16.4,-5.200000000000003
2025-10-10 07:00:00+00:00,New York,15.25,-5.550000000000001
2025-10-10 08:00:00+00:00,New York,14.383334,-5.616666
2025-10-10 09:00:00+00:00,New York,14.425,-4.375
2025-10-10 10:00:00+00:00,New York,15.65,-1.549999999999999
2025-10-10 11:00:00+00:00,New York,17.8,1.8000000000000007
2025-10-10 12:00:00+00:00,New York,17.75,1.75
2025-10-10 13:00:00+00:00,New York,15.85,-2.549999999999999
2025-10-10 14:00:00+00:00,New York,16.0,-5.600000000000001
2025-10-10 15:00:00+00:00,New York,20.0,-4.400002000000001
2025-10-10 16:00:00+00:00,New York,24.0,-2.8000010000000017
2025-10-10 17:00:00+00:00,New York,28.0,-1.1999999999999993
2025-10-10 18:00:00+00:00,New York,30.8,0.0
2025-10-10 19:00:00+00:00,New York,32.4,0.3999999999999986
2025-10-10 20:00:00+00:00,New York,32.8,0.3999999999999986
2025-10-10 21:00:00+00:00,New York,31.599998,0.7999979999999987
2025-10-10 22:00:00+00:00,New York,28.0,2.4000020000000006
2025-10-10 23:00:00+00:00,New York,23.199999,4.799999
2025-10-11 00:00:00+00:00,New York,21.0,-3.5600009999999997
2025-10-11 01:00:00+00:00,New York,19.4,-4.280000000000001
2025-10-11 02:00:00+00:00,New York,16.975,-5.384999999999998
2025-10-11 03:00:00+00:00,New York,17.2,-3.8399990000000024
2025-10-11 04:00:00+00:00,New York,16.8,-2.8000000000000007
2025-10-11 05:00:00+00:00,New York,19.15,1.2999999999999972
2025-10-11 06:00:00+00:00,New York,21.239998,4.839998000000001
2025-10-11 07:00:00+00:00,New York,23.0,7.75
2025-10-11 08:00:00+00:00,New York,24.72,10.336666
2025-10-11 09:00:00+00:00,New York,25.960003,11.535003
2025-10-11 10:00:00+00:00,New York,26.52,10.87
2025-10-11 11:00:00+00:00,New York,26.560001,8.760000999999999
2025-10-11 12:00:00+00:00,New York,25.16,7.41
2025-10-11 13:00:00+00:00,New York,24.8,8.950000000000001
2025-10-11 14:00:00+00:00,New York,24.119999,8.119999
2025-10-11 15:00:00+00:00,New York,22.79167,2.79167
2025-10-11 16:00:00+00:00,New York,23.55,-0.4499999999999993
2025-10-11 17:00:00+00:00,New York,24.14167,-3.8583299999999987
2025-10-11 18:00:00+00:00,New York,27.2,-3.6000000000000014
2025-10-11 19:00:00+00:00,New York,28.800001,-3.599998999999997
2025-10-11 20:00:00+00:00,New York,28.800001,-3.9999989999999954
2025-10-11 21:00:00+00:00,New York,27.6,-3.999997999999998
2025-10-11 22:00:00+00:00,New York,25.766663,-2.233336999999999
2025-10-11 23:00:00+00:00,New York,26.116661,2.9166620000000023
2025-10-12 00:00:00+00:00,New York,26.441666,5.4416660000000014
2025-10-12 01:00:00+00:00,New York,26.449997,7.049997000000001
2025-10-12 02:00:00+00:00,New York,26.433332,9.458331999999999
2025-10-12 03:00:00+00:00,New York,26.416664,9.216664000000002
2025-10-12 04:00:00+00:00,New York,26.366669,9.566669000000001
2025-10-12 05:00:00+00:00,New York,26.208328,7.058328000000003
2025-10-12 06:00:00+00:00,New York,26.800001,5.560003000000002
2025-10-12 07:00:00+00:00,New York,26.800001,3.8000010000000017
2025-10-12 08:00:00+00:00,New York,26.399998,1.6799980000000012
2025-10-12 09:00:00+00:00,New York,26.0,0.039996999999999616
2025-10-12 10:00:00+00:00,New York,25.2,-1.3200000000000003
2025-10-12 11:00:00+00:00,New York,24.0,-2.5600009999999997
2025-10-12 12:00:00+00:00,New York,21.6,-3.5599999999999987
2025-10-12 13:00:00+00:00,New York,20.8,-4.0
2025-10-12 14:00:00+00:00,New York,20.0,-4.119999
2025-10-12 15:00:00+00:00,New York,19.6,-3.1916699999999985
2025-10-12 16:00:00+00:00,New York,20.4,-3.150000000000002
2025-10-12 17:00:00+00:00,New York,21.6,-2.54167
2025-10-12 18:00:00+00:00,New York,22.4,-4.800000000000001
2025-10-12 19:00:00+00:00,New York,22.8,-6.000001000000001
2025-10-12 20:00:00+00:00,New York,23.199999,-5.6000020000000035
2025-10-12 21:00:00+00:00,New York,23.199999,-4.400001000000003
2025-10-12 22:00:00+00:00,New York,23.199999,-2.566664000000003
2025-10-12 23:00:00+00:00,New York,23.600002,-2.5166590000000006
2025-10-13 00:00:00+00:00,New York,25.2,-1.2416660000000022
2025-10-13 01:00:00+00:00,New York,26.0,-0.44999699999999976
2025-10-13 02:00:00+00:00,New York,27.2,0.7666679999999992
2025-10-13 03:00:00+00:00,New York,28.4,1.9833359999999978
2025-10-13 04:00:00+00:00,New York,29.6,3.2333309999999997
2025-10-13 05:00:00+00:00,New York,30.4,4.191671999999997
2025-10-13 06:00:00+00:00,New York,31.199999,4.3999979999999965
2025-10-13 07:00:00+00:00,New York,31.599998,4.799996999999998
2025-10-13 08:00:00+00:00,New York,32.0,5.600002
2025-10-13 09:00:00+00:00,New York,31.599998,5.599997999999999
2025-10-13 10:00:00+00:00,New York,30.8,5.600000000000001
2025-10-13 11:00:00+00:00,New York,29.6,5.600000000000001
2025-10-13 12:00:00+00:00,New York,25.2,3.599999999999998
2025-10-13 13:00:00+00:00,New York,24.400002,3.600002
2025-10-13 14:00:00+00:00,New York,23.600002,3.600002
2025-10-13 15:00:00+00:00,New York,23.199999,3.599998999999997
2025-10-13 16:00:00+00:00,New York,23.199999,2.7999989999999997
2025-10-13 17:00:00+00:00,New York,23.600002,2.0000019999999985
2025-10-13 18:00:00+00:00,New York,23.600002,1.2000020000000013
2025-10-13 19:00:00+00:00,New York,23.199999,0.39999899999999755
2025-10-13 20:00:00+00:00,New York,23.199999,0.0
2025-10-13 21:00:00+00:00,New York,22.8,-0.39999899999999755
2025-10-13 22:00:00+00:00,New York,22.8,-0.39999899999999755
2025-10-13 23:00:00+00:00,New York,23.199999,-0.40000300000000166
2025-10-14 00:00:00+00:00,New York,19.6,-5.599999999999998
2025-10-14 01:00:00+00:00,New York,20.0,-6.0
2025-10-14 02:00:00+00:00,New York,20.4,-6.800000000000001
2025-10-14 03:00:00+00:00,New York,20.8,-7.599999999999998
2025-10-14 04:00:00+00:00,New York,21.6,-8.0
2025-10-14 05:00:00+00:00,New York,22.4,-8.0
2025-10-14 06:00:00+00:00,New York,23.199999,-8.0
2025-10-14 07:00:00+00:00,New York,24.0,-7.599997999999999
2025-10-14 08:00:00+00:00,New York,24.400002,-7.599997999999999
2025-10-14 09:00:00+00:00,New York,24.400002,-7.199995999999999
2025-10-14 10:00:00+00:00,New York,23.600002,-7.199998000000001
2025-10-14 11:00:00+00:00,New York,22.4,-7.200000000000003
2025-10-14 12:00:00+00:00,New York,20.8,-4.399999999999999
2025-10-14 13:00:00+00:00,New York,20.8,-3.600002
2025-10-14 14:00:00+00:00,New York,20.8,-2.800001999999999
2025-10-14 15:00:00+00:00,New York,20.8,-2.3999989999999976
2025-10-14 16:00:00+00:00,New York,21.199999,-2.0
2025-10-14 17:00:00+00:00,New York,22.0,-1.600002
2025-10-14 18:00:00+00:00,New York,22.4,-1.2000020000000013
2025-10-14 19:00:00+00:00,New York,21.6,-1.5999989999999968
2025-10-14 20:00:00+00:00,New York,20.4,-2.7999989999999997
2025-10-14 21:00:00+00:00,New York,19.199999,-3.6000010000000024
2025-10-14 22:00:00+00:00,New York,18.0,-4.800000000000001
2025-10-14 23:00:00+00:00,New York,16.4,-6.799999
2025-10-15 00:00:00+00:00,New York,14.0,-5.600000000000001
2025-10-15 01:00:00+00:00,New York,14.0,-6.0
2025-10-15 02:00:00+00:00,New York,14.400001,-5.999998999999999
2025-10-15 03:00:00+00:00,New York,14.8,-6.0
2025-10-15 04:00:00+00:00,New York,15.599999,-6.000001000000001
2025-10-15 05:00:00+00:00,New York,16.8,-5.599999999999998
2025-10-15 06:00:00+00:00,New York,18.0,-5.199998999999998
2025-10-15 07:00:00+00:00,New York,18.8,-5.199999999999999
2025-10-15 08:00:00+00:00,New York,19.199999,-5.200003000000002
2025-10-15 09:00:00+00:00,New York,19.199999,-5.200003000000002
2025-10-15 10:00:00+00:00,New York,17.6,-6.0000019999999985
2025-10-15 11:00:00+00:00,New York,15.599999,-6.800000999999998
2025-10-15 12:00:00+00:00,New York,15.2,-5.600000000000001
2025-10-15 13:00:00+00:00,New York,17.2,-3.6000000000000014
2025-10-15 14:00:00+00:00,New York,20.4,-0.40000000000000213
2025-10-15 15:00:00+00:00,New York,23.199999,2.3999989999999976
2025-10-15 16:00:00+00:00,New York,25.2,4.000001000000001
2025-10-15 17:00:00+00:00,New York,26.800001,4.800001000000002
2025-10-15 18:00:00+00:00,New York,28.0,5.600000000000001
2025-10-15 19:00:00+00:00,New York,28.4,6.799999999999997
2025-10-15 20:00:00+00:00,New York,28.0,7.600000000000001
2025-10-15 21:00:00+00:00,New York,26.399998,7.199999000000002
2025-10-15 22:00:00+00:00,New York,22.8,4.800000000000001
2025-10-15 23:00:00+00:00,New York,18.566668,2.1666680000000014
2025-10-16 00:00:00+00:00,New York,18.775002,4.775002000000001
2025-10-16 01:00:00+00:00,New York,18.650002,4.650002000000001
2025-10-16 02:00:00+00:00,New York,18.433334,4.033332999999999
2025-10-16 03:00:00+00:00,New York,18.141668,3.3416679999999985
2025-10-16 04:00:00+00:00,New York,18.4,2.800000999999998
2025-10-16 05:00:00+00:00,New York,19.6,2.8000000000000007
2025-10-16 06:00:00+00:00,New York,20.4,2.3999999999999986
2025-10-16 07:00:00+00:00,New York,20.8,2.0
2025-10-16 08:00:00+00:00,New York,21.199999,2.0
2025-10-16 09:00:00+00:00,New York,20.8,1.6000010000000024
2025-10-16 10:00:00+00:00,New York,19.199999,1.5999989999999968
2025-10-16 11:00:00+00:00,New York,16.8,1.2000010000000003
2025-10-16 12:00:00+00:00,New York,17.2,2.0
2025-10-16 13:00:00+00:00,New York,18.4,1.1999999999999993
2025-10-16 14:00:00+00:00,New York,20.8,0.40000000000000213
2025-10-16 15:00:00+00:00,New York,22.8,-0.39999899999999755
2025-10-16 16:00:00+00:00,New York,25.2,0.0
2025-10-16 17:00:00+00:00,New York,28.0,1.1999989999999983
2025-10-16 18:00:00+00:00,New York,30.0,2.0
2025-10-16 19:00:00+00:00,New York,31.199999,2.7999989999999997
2025-10-16 20:00:00+00:00,New York,31.199999,3.1999989999999983
2025-10-16 21:00:00+00:00,New York,30.8,4.400002000000001
2025-10-16 22:00:00+00:00,New York,28.800001,6.000001000000001
2025-10-16 23:00:00+00:00,New York,25.599998,7.033329999999999
2025-10-17 00:00:00+00:00,New York,23.600002,4.824999999999999
2025-10-17 01:00:00+00:00,New York,23.600002,4.949999999999999
2025-10-17 02:00:00+00:00,New York,24.0,5.5666660000000014
2025-10-17 03:00:00+00:00,New York,24.0,5.858332000000001
2025-10-17 04:00:00+00:00,New York,24.0,5.600000000000001
2025-10-17 05:00:00+00:00,New York,23.600002,4.0000019999999985
2025-10-17 06:00:00+00:00,New York,23.199999,2.7999989999999997
2025-10-17 07:00:00+00:00,New York,22.8,2.0
2025-10-17 08:00:00+00:00,New York,22.0,0.8000010000000017
2025-10-17 09:00:00+00:00,New York,21.199999,0.39999899999999755
2025-10-17 10:00:00+00:00,New York,19.199999,0.0
2025-10-17 11:00:00+00:00,New York,17.2,0.3999999999999986
2025-10-17 12:00:00+00:00,New York,16.4,-0.8000000000000007
2025-10-17 13:00:00+00:00,New York,17.2,-1.1999999999999993
2025-10-17 14:00:00+00:00,New York,18.8,-2.0
2025-10-17 15:00:00+00:00,New York,20.4,-2.400000000000002
2025-10-17 16:00:00+00:00,New York,22.4,-2.8000000000000007
2025-10-17 17:00:00+00:00,New York,25.2,-2.8000000000000007
2025-10-17 18:00:00+00:00,New York,26.800001,-3.1999989999999983
2025-10-17 19:00:00+00:00,New York,28.4,-2.7999989999999997
2025-10-17 20:00:00+00:00,New York,29.2,-1.999998999999999
2025-10-17 21:00:00+00:00,New York,27.2,-3.6000000000000014
2025-10-17 22:00:00+00:00,New York,19.6,-9.200001
2025-10-17 23:00:00+00:00,New York,24.68,-0.9199979999999996
2025-10-18 00:00:00+00:00,New York,31.479998,7.8799959999999984
2025-10-18 01:00:00+00:00,New York,30.64,7.039998000000001
2025-10-18 02:00:00+00:00,New York,29.32,5.32
2025-10-18 03:00:00+00:00,New York,27.439999,3.4399990000000003
2025-10-18 04:00:00+00:00,New York,24.519999,0.5199989999999985
2025-10-18 05:00:00+00:00,New York,21.0,-2.600002
2025-10-18 06:00:00+00:00,New York,17.6,-5.599998999999997
2025-10-18 07:00:00+00:00,New York,14.9,-7.9
2025-10-18 08:00:00+00:00,New York,13.791667,-8.208333
2025-10-18 09:00:00+00:00,New York,14.233334,-6.966664999999999
2025-10-18 10:00:00+00:00,New York,15.0,-4.199998999999998
2025-10-18 11:00:00+00:00,New York,19.05,1.8500000000000014
2025-10-18 12:00:00+00:00,New York,21.0,4.600000000000001
2025-10-18 13:00:00+00:00,New York,18.7,1.5
2025-10-18 14:00:00+00:00,New York,17.366667,-1.433333000000001
2025-10-18 15:00:00+00:00,New York,18.0,-2.3999999999999986
2025-10-18 16:00:00+00:00,New York,20.8,-1.5999999999999979
2025-10-18 17:00:00+00:00,New York,22.4,-2.8000000000000007
2025-10-18 18:00:00+00:00,New York,23.199999,-3.6000020000000035
2025-10-18 19:00:00+00:00,New York,23.199999,-5.200001
2025-10-18 20:00:00+00:00,New York,22.8,-6.399999999999999
2025-10-18 21:00:00+00:00,New York,22.0,-5.199999999999999
2025-10-18 22:00:00+00:00,New York,24.84,5.239999999999998
2025-10-18 23:00:00+00:00,New York,31.64,6.960000000000001
2025-10-19 00:00:00+00:00,New York,34.239998,2.7600000000000016
2025-10-19 01:00:00+00:00,New York,33.520004,2.8800039999999996
2025-10-19 02:00:00+00:00,New York,32.52,3.200000000000003
2025-10-19 03:00:00+00:00,New York,31.399998,3.959999
2025-10-19 04:00:00+00:00,New York,30.439999,5.920000000000002
2025-10-19 05:00:00+00:00,New York,29.36,8.36
2025-10-19 06:00:00+00:00,New York,27.880001,10.280000999999999
2025-10-19 07:00:00+00:00,New York,25.491667,10.591667
2025-10-19 08:00:00+00:00,New York,26.0,12.208333
2025-10-19 09:00:00+00:00,New York,26.408333,12.174999
2025-10-19 10:00:00+00:00,New York,26.708334,11.708334
2025-10-19 11:00:00+00:00,New York,26.883331,7.833330999999998
2025-10-19 12:00:00+00:00,New York,26.891666,5.891666000000001
2025-10-19 13:00:00+00:00,New York,26.691668,7.991668000000001
2025-10-19 14:00:00+00:00,New York,26.550003,9.183336
2025-10-19 15:00:00+00:00,New York,30.0,12.0
2025-10-19 16:00:00+00:00,New York,34.4,13.599999999999998
2025-10-19 17:00:00+00:00,New York,38.4,16.0
2025-10-19 18:00:00+00:00,New York,42.0,18.800001
2025-10-19 19:00:00+00:00,New York,44.0,20.800001
2025-10-19 20:00:00+00:00,New York,44.0,21.2
2025-10-19 21:00:00+00:00,New York,44.0,22.0
2025-10-19 22:00:00+00:00,New York,44.0,19.16
2025-10-19 23:00:00+00:00,New York,44.0,12.36
2025-10-20 00:00:00+00:00,New York,40.0,5.760002
2025-10-20 01:00:00+00:00,New York,39.2,5.679996000000003
2025-10-20 02:00:00+00:00,New York,38.4,5.8799999999999955
2025-10-20 03:00:00+00:00,New York,37.6,6.200002000000001
2025-10-20 04:00:00+00:00,New York,37.2,6.760001000000003
2025-10-20 05:00:00+00:00,New York,37.2,7.840000000000003
2025-10-20 06:00:00+00:00,New York,36.8,8.919998999999997
2025-10-20 07:00:00+00:00,New York,36.0,10.508333
2025-10-20 08:00:00+00:00,New York,34.8,8.799999999999997
2025-10-20 09:00:00+00:00,New York,32.4,5.991667
2025-10-20 10:00:00+00:00,New York,28.0,1.2916659999999993
2025-10-20 11:00:00+00:00,New York,22.4,-4.483331
2025-10-20 12:00:00+00:00,New York,22.8,-4.091666
2025-10-20 13:00:00+00:00,New York,22.4,-4.291668000000001
2025-10-20 14:00:00+00:00,New York,21.6,-4.950002999999999
2025-10-20 15:00:00+00:00,New York,22.0,-8.0
2025-10-20 16:00:00+00:00,New York,24.0,-10.399999999999999
2025-10-20 17:00:00+00:00,New York,26.800001,-11.599998999999997
2025-10-20 18:00:00+00:00,New York,28.800001,-13.199998999999998
2025-10-20 19:00:00+00:00,New York,29.6,-14.399999999999999
2025-10-20 20:00:00+00:00,New York,29.6,-14.399999999999999
2025-10-20 21:00:00+00:00,New York,28.800001,-15.199998999999998
2025-10-20 22:00:00+00:00,New York,26.399998,-17.600002
2025-10-20 23:00:00+00:00,New York,22.8,-21.2
2025-10-21 00:00:00+00:00,New York,22.0,-18.0
2025-10-21 01:00:00+00:00,New York,20.8,-18.400000000000002
2025-10-21 02:00:00+00:00,New York,18.8,-19.599999999999998
2025-10-21 03:00:00+00:00,New York,17.2,-20.400000000000002
2025-10-21 04:00:00+00:00,New York,16.4,-20.800000000000004
2025-10-21 05:00:00+00:00,New York,16.4,-20.800000000000004
2025-10-21 06:00:00+00:00,New York,16.0,-20.799999999999997
2025-10-21 07:00:00+00:00,New York,15.599999,-20.400001
2025-10-21 08:00:00+00:00,New York,15.2,-19.599999999999998
2025-10-21 09:00:00+00:00,New York,14.400001,-17.999999
2025-10-21 10:00:00+00:00,New York,12.283334,-15.716666
2025-10-21 11:00:00+00:00,New York,13.6,-8.799999999999999
2025-10-21 12:00:00+00:00,New York,14.049999,-8.750001000000001
2025-10-21 13:00:00+00:00,New York,13.25,-9.149999999999999
2025-10-21 14:00:00+00:00,New York,13.475,-8.125000000000002
2025-10-21 15:00:00+00:00,New York,16.4,-5.600000000000001
2025-10-21 16:00:00+00:00,New York,20.4,-3.6000000000000014
2025-10-21 17:00:00+00:00,New York,25.2,-1.6000010000000024
2025-10-21 18:00:00+00:00,New York,28.800001,0.0
2025-10-21 19:00:00+00:00,New York,31.199999,1.5999989999999968
2025-10-21 20:00:00+00:00,New York,32.0,2.3999999999999986
2025-10-21 21:00:00+00:00,New York,32.0,3.1999989999999983
2025-10-21 22:00:00+00:00,New York,29.2,2.800001999999999
2025-10-21 23:00:00+00:00,New York,25.2,2.3999999999999986
2025-10-22 00:00:00+00:00,New York,23.72,1.7199999999999989
2025-10-22 01:00:00+00:00,New York,21.64,0.8399999999999999
2025-10-22 02:00:00+00:00,New York,24.8,6.0
2025-10-22 03:00:00+00:00,New York,27.2,10.0
2025-10-22 04:00:00+00:00,New York,26.399998,9.999998000000001
2025-10-22 05:00:00+00:00,New York,24.400002,8.000002000000002
2025-10-22 06:00:00+00:00,New York,23.199999,7.199998999999998
2025-10-22 07:00:00+00:00,New York,24.400002,8.800003
2025-10-22 08:00:00+00:00,New York,26.399998,11.199998
2025-10-22 09:00:00+00:00,New York,27.2,12.799999
2025-10-22 10:00:00+00:00,New York,24.400002,12.116668
2025-10-22 11:00:00+00:00,New York,20.4,6.799999999999999
2025-10-22 12:00:00+00:00,New York,23.600002,9.550003
2025-10-22 13:00:00+00:00,New York,24.8,11.55
2025-10-22 14:00:00+00:00,New York,26.800001,13.325001000000002
2025-10-22 15:00:00+00:00,New York,28.0,11.600000000000001
2025-10-22 16:00:00+00:00,New York,28.4,8.0
2025-10-22 17:00:00+00:00,New York,28.4,3.1999999999999993
2025-10-22 18:00:00+00:00,New York,28.4,-0.40000100000000316
2025-10-22 19:00:00+00:00,New York,28.800001,-2.3999979999999965
2025-10-22 20:00:00+00:00,New York,28.800001,-3.1999989999999983
2025-10-22 21:00:00+00:00,New York,27.2,-4.800000000000001
2025-10-22 22:00:00+00:00,New York,24.091667,-5.108332999999998
2025-10-22 23:00:00+00:00,New York,23.858335,-1.341664999999999
2025-10-23 00:00:00+00:00,New York,23.616667,-0.10333299999999923
2025-10-23 01:00:00+00:00,New York,24.058332,2.4183319999999995
2025-10-23 02:00:00+00:00,New York,24.766665,-0.033335000000001
2025-10-23 03:00:00+00:00,New York,25.616667,-1.5833329999999997
2025-10-23 04:00:00+00:00,New York,26.525,0.1250019999999985
2025-10-23 05:00:00+00:00,New York,27.3,2.899998
2025-10-23 06:00:00+00:00,New York,27.599998,4.399999000000001
2025-10-23 07:00:00+00:00,New York,27.466667,3.0666650000000004
2025-10-23 08:00:00+00:00,New York,27.075,0.6750019999999992
2025-10-23 09:00:00+00:00,New York,26.599998,-0.6000019999999999
2025-10-23 10:00:00+00:00,New York,26.141666,1.741664
2025-10-23 11:00:00+00:00,New York,25.59167,5.191670000000002
2025-10-23 12:00:00+00:00,New York,24.875,1.274998
2025-10-23 13:00:00+00:00,New York,23.341667,-1.4583329999999997
2025-10-23 14:00:00+00:00,New York,21.883337,-4.916664000000001
2025-10-23 15:00:00+00:00,New York,20.683336,-7.316663999999999
2025-10-23 16:00:00+00:00,New York,20.441668,-7.958331999999999
2025-10-23 17:00:00+00:00,New York,22.4,-6.0
2025-10-23 18:00:00+00:00,New York,23.600002,-4.799997999999999
2025-10-23 19:00:00+00:00,New York,23.600002,-5.199999000000002
2025-10-23 20:00:00+00:00,New York,22.4,-6.400001000000003
2025-10-23 21:00:00+00:00,New York,20.483334,-6.716666
2025-10-23 22:00:00+00:00,New York,20.491667,-3.6000000000000014
2025-10-23 23:00:00+00:00,New York,20.491667,-3.3666680000000007
2025-10-24 00:00:00+00:00,New York,20.491667,-3.125
2025-10-24 01:00:00+00:00,New York,20.39167,-3.6666619999999988
2025-10-24 02:00:00+00:00,New York,19.95,-4.816665
2025-10-24 03:00:00+00:00,New York,19.199999,-6.416668000000001
2025-10-24 04:00:00+00:00,New York,18.249998,-8.275001999999997
2025-10-24 05:00:00+00:00,New York,17.275,-10.025000000000002
2025-10-24 06:00:00+00:00,New York,16.474998,-11.125
2025-10-24 07:00:00+00:00,New York,15.941666,-11.525001000000001
2025-10-24 08:00:00+00:00,New York,15.649998,-11.425002
2025-10-24 09:00:00+00:00,New York,15.524998,-11.075
2025-10-24 10:00:00+00:00,New York,15.508332,-10.633334000000001
2025-10-24 11:00:00+00:00,New York,15.583332,-10.008338
2025-10-24 12:00:00+00:00,New York,15.733334,-9.141666
2025-10-24 13:00:00+00:00,New York,15.941667,-7.4
2025-10-24 14:00:00+00:00,New York,16.033335,-5.850002
2025-10-24 15:00:00+00:00,New York,18.0,-2.6833360000000006
2025-10-24 16:00:00+00:00,New York,20.8,0.35833200000000076
2025-10-24 17:00:00+00:00,New York,23.199999,0.7999989999999997
2025-10-24 18:00:00+00:00,New York,24.400002,0.8000000000000007
2025-10-24 19:00:00+00:00,New York,25.2,1.5999979999999994
2025-10-24 20:00:00+00:00,New York,24.8,2.400000000000002
2025-10-24 21:00:00+00:00,New York,22.8,2.3166660000000014
2025-10-24 22:00:00+00:00,New York,17.2,-3.2916670000000003
2025-10-24 23:00:00+00:00,New York,18.45,-2.0416670000000003
2025-10-25 00:00:00+00:00,New York,22.279999,1.7883320000000005
2025-10-25 01:00:00+00:00,New York,21.6,1.2083300000000001
2025-10-25 02:00:00+00:00,New York,20.599998,0.6499980000000001
2025-10-25 03:00:00+00:00,New York,19.1,-0.09999899999999684
2025-10-25 04:00:00+00:00,New York,16.8,-1.4499980000000008
2025-10-25 05:00:00+00:00,New York,16.958332,-0.31666799999999995
2025-10-25 06:00:00+00:00,New York,17.275,0.8000019999999992
2025-10-25 07:00:00+00:00,New York,17.525,1.583333999999999
2025-10-25 08:00:00+00:00,New York,17.674997,2.024999000000001
2025-10-25 09:00:00+00:00,New York,17.699999,2.175000999999998
2025-10-25 10:00:00+00:00,New York,17.599998,2.091666
2025-10-25 11:00:00+00:00,New York,17.383333,1.800001
2025-10-25 12:00:00+00:00,New York,17.074999,1.341664999999999
2025-10-25 13:00:00+00:00,New York,16.75,0.8083329999999993
2025-10-25 14:00:00+00:00,New York,16.574999,0.5416639999999973
2025-10-25 15:00:00+00:00,New York,18.8,0.8000000000000007
2025-10-25 16:00:00+00:00,New York,22.4,1.5999999999999979
2025-10-25 17:00:00+00:00,New York,25.599998,2.399999000000001
2025-10-25 18:00:00+00:00,New York,27.6,3.199998000000001
2025-10-25 19:00:00+00:00,New York,28.800001,3.6000010000000024
2025-10-25 20:00:00+00:00,New York,28.800001,4.000001000000001
2025-10-25 21:00:00+00:00,New York,26.0,3.1999999999999993
2025-10-25 22:00:00+00:00,New York,18.8,1.6000000000000014
2025-10-25 23:00:00+00:00,New York,23.48,5.030000000000001
2025-10-26 00:00:00+00:00,New York,28.759998,6.479998999999999
2025-10-26 01:00:00+00:00,New York,28.64,7.039999999999999
2025-10-26 02:00:00+00:00,New York,28.4,7.800001999999999
2025-10-26 03:00:00+00:00,New York,28.039999,8.939999
2025-10-26 04:00:00+00:00,New York,27.480001,10.680001
2025-10-26 05:00:00+00:00,New York,26.760002,9.801670000000001
2025-10-26 06:00:00+00:00,New York,25.880001,8.605001000000001
2025-10-26 07:00:00+00:00,New York,24.64,7.115000000000002
2025-10-26 08:00:00+00:00,New York,24.516668,6.841670999999998
2025-10-26 09:00:00+00:00,New York,25.733334,8.033335000000001
2025-10-26 10:00:00+00:00,New York,26.841667,9.241669000000002
2025-10-26 11:00:00+00:00,New York,27.875,10.491667
2025-10-26 12:00:00+00:00,New York,28.908333,11.833334
2025-10-26 13:00:00+00:00,New York,29.675003,12.925003
2025-10-26 14:00:00+00:00,New York,30.433332,13.858333000000002
2025-10-26 15:00:00+00:00,New York,31.033333,12.233332999999998
2025-10-26 16:00:00+00:00,New York,31.45,9.05
2025-10-26 17:00:00+00:00,New York,31.849998,6.25
2025-10-26 18:00:00+00:00,New York,32.208332,4.608331999999997
2025-10-26 19:00:00+00:00,New York,33.2,4.399999000000001
2025-10-26 20:00:00+00:00,New York,34.4,5.599998999999997
2025-10-26 21:00:00+00:00,New York,32.85833,6.858330000000002
2025-10-26 22:00:00+00:00,New York,32.94166,14.141659999999998
2025-10-26 23:00:00+00:00,New York,32.924995,9.444995000000002
2025-10-27 00:00:00+00:00,New York,34.32,5.560002000000001
2025-10-27 01:00:00+00:00,New York,33.76,5.119999999999997
2025-10-27 02:00:00+00:00,New York,32.84,4.440000000000005
2025-10-27 03:00:00+00:00,New York,32.466667,4.426667999999999
2025-10-27 04:00:00+00:00,New York,32.091667,4.611666
2025-10-27 05:00:00+00:00,New York,31.324999,4.564996999999998
2025-10-27 06:00:00+00:00,New York,30.191666,4.311665000000001
2025-10-27 07:00:00+00:00,New York,28.849998,4.209997999999999
2025-10-27 08:00:00+00:00,New York,27.4,2.8833319999999993
2025-10-27 09:00:00+00:00,New York,26.0,0.26666600000000074
2025-10-27 10:00:00+00:00,New York,24.724998,-2.1166690000000017
2025-10-27 11:00:00+00:00,New York,23.566666,-4.3083339999999986
2025-10-27 12:00:00+00:00,New York,22.458334,-6.449998999999998
2025-10-27 13:00:00+00:00,New York,21.875,-7.800003
2025-10-27 14:00:00+00:00,New York,21.3,-9.133332
2025-10-27 15:00:00+00:00,New York,20.941666,-10.091666999999998
2025-10-27 16:00:00+00:00,New York,22.4,-9.05
2025-10-27 17:00:00+00:00,New York,24.8,-7.049997999999999
2025-10-27 18:00:00+00:00,New York,26.800001,-5.408330999999997
2025-10-27 19:00:00+00:00,New York,28.4,-4.800000000000004
2025-10-27 20:00:00+00:00,New York,28.800001,-5.599998999999997
2025-10-27 21:00:00+00:00,New York,27.6,-5.258330000000001
2025-10-27 22:00:00+00:00,New York,22.4,-10.54166
2025-10-27 23:00:00+00:00,New York,19.408335,-13.516660000000002
2025-10-28 00:00:00+00:00,New York,28.32,-6.0
2025-10-28 01:00:00+00:00,New York,27.719997,-6.040002999999999
2025-10-28 02:00:00+00:00,New York,26.68,-6.160000000000004
2025-10-28 03:00:00+00:00,New York,24.84,-7.626667000000001
2025-10-28 04:00:00+00:00,New York,21.36,-10.731667000000002
2025-10-28 05:00:00+00:00,New York,16.35,-14.974998999999997
2025-10-28 06:00:00+00:00,New York,13.558332,-16.633334
2025-10-28 07:00:00+00:00,New York,13.25,-15.599998
2025-10-28 08:00:00+00:00,New York,13.200001,-14.199998999999998
2025-10-28 09:00:00+00:00,New York,13.325001,-12.674999
2025-10-28 10:00:00+00:00,New York,13.600001,-11.124996999999999
2025-10-28 11:00:00+00:00,New York,13.925,-9.641666
2025-10-28 12:00:00+00:00,New York,14.225001,-8.233333
2025-10-28 13:00:00+00:00,New York,14.383335,-7.491664999999999
2025-10-28 14:00:00+00:00,New York,14.458334,-6.841666
2025-10-28 15:00:00+00:00,New York,15.599999,-5.341667000000001
2025-10-28 16:00:00+00:00,New York,17.6,-4.799999999999997
2025-10-28 17:00:00+00:00,New York,19.6,-5.199999999999999
2025-10-28 18:00:00+00:00,New York,20.8,-6.000001000000001
2025-10-28 19:00:00+00:00,New York,21.6,-6.799999999999997
2025-10-28 20:00:00+00:00,New York,21.6,-7.200001
2025-10-28 21:00:00+00:00,New York,20.8,-6.800000000000001
2025-10-28 22:00:00+00:00,New York,18.4,-4.0
2025-10-28 23:00:00+00:00,New York,14.8,-4.608335
2025-10-29 00:00:00+00:00,New York,15.2,-13.120000000000001
2025-10-29 01:00:00+00:00,New York,15.599999,-12.119997999999999
2025-10-29 02:00:00+00:00,New York,16.0,-10.68
2025-10-29 03:00:00+00:00,New York,16.4,-8.440000000000001
2025-10-29 04:00:00+00:00,New York,16.8,-4.559999999999999
2025-10-29 05:00:00+00:00,New York,17.2,0.8499999999999979
2025-10-29 06:00:00+00:00,New York,17.2,3.6416679999999992
2025-10-29 07:00:00+00:00,New York,16.8,3.5500000000000007
2025-10-29 08:00:00+00:00,New York,16.0,2.7999989999999997
2025-10-29 09:00:00+00:00,New York,14.8,1.4749990000000004
2025-10-29 10:00:00+00:00,New York,12.799999,-0.800002000000001
2025-10-29 11:00:00+00:00,New York,10.8,-3.125
2025-10-29 12:00:00+00:00,New York,11.599999,-2.6250020000000003
2025-10-29 13:00:00+00:00,New York,12.799999,-1.583336000000001
2025-10-29 14:00:00+00:00,New York,14.0,-0.4583340000000007
2025-10-29 15:00:00+00:00,New York,15.599999,0.0
2025-10-29 16:00:00+00:00,New York,17.2,-0.40000000000000213
2025-10-29 17:00:00+00:00,New York,19.199999,-0.40000100000000316
2025-10-29 18:00:00+00:00,New York,20.4,-0.40000000000000213
2025-10-29 19:00:00+00:00,New York,20.8,-0.8000000000000007
2025-10-29 20:00:00+00:00,New York,20.4,-1.2000000000000028
2025-10-29 21:00:00+00:00,New York,18.8,-2.0
2025-10-29 22:00:00+00:00,New York,14.8,-3.599999999999998
2025-10-29 23:00:00+00:00,New York,18.75,3.9499999999999993
2025-10-30 00:00:00+00:00,New York,19.7,4.5
2025-10-30 01:00:00+00:00,New York,19.0,3.4000009999999996
2025-10-30 02:00:00+00:00,New York,18.0,2.0
2025-10-30 03:00:00+00:00,New York,16.55,0.15000000000000213
2025-10-30 04:00:00+00:00,New York,14.5,-2.3000000000000007
2025-10-30 05:00:00+00:00,New York,13.6,-3.5999999999999996
2025-10-30 06:00:00+00:00,New York,15.599999,-1.600000999999999
2025-10-30 07:00:00+00:00,New York,17.6,0.8000000000000007
2025-10-30 08:00:00+00:00,New York,19.199999,3.1999989999999983
2025-10-30 09:00:00+00:00,New York,20.8,6.0
2025-10-30 10:00:00+00:00,New York,21.199999,8.399999999999999
2025-10-30 11:00:00+00:00,New York,21.6,10.8
2025-10-30 12:00:00+00:00,New York,21.6,10.000001000000001
2025-10-30 13:00:00+00:00,New York,22.4,9.600000999999999
2025-10-30 14:00:00+00:00,New York,23.600002,9.600002
2025-10-30 15:00:00+00:00,New York,24.8,9.200001
2025-10-30 16:00:00+00:00,New York,26.0,8.8
2025-10-30 17:00:00+00:00,New York,26.800001,7.6000020000000035
2025-10-30 18:00:00+00:00,New York,27.6,7.200000000000003
2025-10-30 19:00:00+00:00,New York,28.0,7.199999999999999
2025-10-30 20:00:00+00:00,New York,28.0,7.600000000000001
2025-10-30 21:00:00+00:00,New York,27.2,8.399999999999999
2025-10-30 22:00:00+00:00,New York,25.2,10.399999999999999
2025-10-30 23:00:00+00:00,New York,22.4,3.6499999999999986
2025-10-31 00:00:00+00:00,New York,16.3,-3.3999999999999986
2025-10-31 01:00:00+00:00,New York,16.4,-2.6000000000000014
2025-10-31 02:00:00+00:00,New York,16.4,-1.6000000000000014
2025-10-31 03:00:00+00:00,New York,15.699999,-0.8500010000000007
2025-10-31 04:00:00+00:00,New York,16.0,1.5
2025-10-31 05:00:00+00:00,New York,18.4,4.799999999999999
2025-10-31 06:00:00+00:00,New York,19.6,4.000001000000001
2025-10-31 07:00:00+00:00,New York,19.199999,1.5999989999999968
2025-10-31 08:00:00+00:00,New York,17.6,-1.5999989999999968
2025-10-31 09:00:00+00:00,New York,15.599999,-5.200001
2025-10-31 10:00:00+00:00,New York,13.200001,-7.999997999999998
2025-10-31 11:00:00+00:00,New York,11.3,-10.3
2025-10-31 12:00:00+00:00,New York,11.683332,-9.916668000000001
2025-10-31 13:00:00+00:00,New York,12.0,-10.399999999999999
2025-10-31 14:00:00+00:00,New York,15.2,-8.400002
2025-10-31 15:00:00+00:00,New York,18.8,-6.0
2025-10-31 16:00:00+00:00,New York,23.199999,-2.8000010000000017
2025-10-31 17:00:00+00:00,New York,28.4,1.5999989999999968
2025-10-31 18:00:00+00:00,New York,31.599998,3.999997999999998
2025-10-31 19:00:00+00:00,New York,32.0,4.0
2025-10-31 20:00:00+00:00,New York,30.8,2.8000000000000007
2025-10-31 21:00:00+00:00,New York,29.6,2.400000000000002
2025-10-31 22:00:00+00:00,New York,29.2,4.0
2025-10-31 23:00:00+00:00,New York,29.6,7.200000000000003
2025-11-01 00:00:00+00:00,New York,29.6,13.3
2025-11-01 01:00:00+00:00,New York,30.0,13.600000000000001
2025-11-01 02:00:00+00:00,New York,30.4,14.0
2025-11-01 03:00:00+00:00,New York,30.8,15.100001
2025-11-01 04:00:00+00:00,New York,31.199999,15.199998999999998
2025-11-01 05:00:00+00:00,New York,31.599998,13.199998
2025-11-01 06:00:00+00:00,New York,31.599998,11.999997999999998
2025-11-01 07:00:00+00:00,New York,32.0,12.800001000000002
2025-11-01 08:00:00+00:00,New York,32.0,14.399999999999999
2025-11-01 09:00:00+00:00,New York,31.199999,15.599999999999998
2025-11-01 10:00:00+00:00,New York,28.800001,15.600000000000001
2025-11-01 11:00:00+00:00,New York,25.599998,14.299997999999999
2025-11-01 12:00:00+00:00,New York,25.2,13.516668
2025-11-01 13:00:00+00:00,New York,26.0,14.0
2025-11-01 14:00:00+00:00,New York,27.2,12.0
2025-11-01 15:00:00+00:00,New York,28.4,9.599999999999998
2025-11-01 16:00:00+00:00,New York,29.6,6.400001000000003
2025-11-01 17:00:00+00:00,New York,31.199999,2.7999989999999997
2025-11-01 18:00:00+00:00,New York,31.599998,0.0
2025-11-01 19:00:00+00:00,New York,31.199999,-0.8000010000000017
2025-11-01 20:00:00+00:00,New York,30.0,-0.8000000000000007
2025-11-01 21:00:00+00:00,New York,26.800001,-2.7999989999999997
2025-11-01 22:00:00+00:00,New York,19.199999,-10.000001000000001
2025-11-01 23:00:00+00:00,New York,22.96,-6.640000000000001
2025-11-02 00:00:00+00:00,New York,21.400002,-8.199998
2025-11-02 01:00:00+00:00,New York,22.96,-7.039999999999999
2025-11-02 02:00:00+00:00,New York,25.0,-5.399999999999999
2025-11-02 03:00:00+00:00,New York,25.720001,-5.079999000000001
2025-11-02 04:00:00+00:00,New York,23.960001,-7.239998
2025-11-02 05:00:00+00:00,New York,20.92,-10.679997999999998
2025-11-02 06:00:00+00:00,New York,18.0,-13.599998
2025-11-02 07:00:00+00:00,New York,17.566668,-14.433332
2025-11-02 08:00:00+00:00,New York,18.766668,-13.233332
2025-11-02 09:00:00+00:00,New York,19.850002,-11.349996999999998
2025-11-02 10:00:00+00:00,New York,20.858335,-7.9416660000000014
2025-11-02 11:00:00+00:00,New York,21.866669,-3.7333289999999977
2025-11-02 12:00:00+00:00,New York,23.06667,-2.133330000000001
2025-11-02 13:00:00+00:00,New York,23.891668,-2.1083320000000008
2025-11-02 14:00:00+00:00,New York,25.016668,-2.183332
2025-11-02 15:00:00+00:00,New York,25.599998,-2.800001999999999
2025-11-02 16:00:00+00:00,New York,26.108332,-3.4916680000000007
2025-11-02 17:00:00+00:00,New York,26.608332,-4.5916669999999975
2025-11-02 18:00:00+00:00,New York,27.075,-4.524998
2025-11-02 19:00:00+00:00,New York,27.525002,-3.6749969999999976
2025-11-02 20:00:00+00:00,New York,27.974998,-2.0250020000000006
2025-11-02 21:00:00+00:00,New York,28.441666,1.6416649999999997
2025-11-02 22:00:00+00:00,New York,28.991663,9.791664
2025-11-02 23:00:00+00:00,New York,30.024996,7.064996000000001
2025-11-03 00:00:00+00:00,New York,31.191664,9.791661999999999
2025-11-03 01:00:00+00:00,New York,31.541664,8.581664
2025-11-03 02:00:00+00:00,New York,31.599998,6.599997999999999
2025-11-03 03:00:00+00:00,New York,31.64,5.919999000000001
2025-11-03 04:00:00+00:00,New York,30.84,6.8799990000000015
2025-11-03 05:00:00+00:00,New York,29.575,8.654999999999998
2025-11-03 06:00:00+00:00,New York,29.075003,11.075002999999999
2025-11-03 07:00:00+00:00,New York,28.708336,11.141668
2025-11-03 08:00:00+00:00,New York,28.391668,9.625
2025-11-03 09:00:00+00:00,New York,28.133333,8.283331
2025-11-03 10:00:00+00:00,New York,27.974998,7.116662999999999
2025-11-03 11:00:00+00:00,New York,27.92,6.053331
2025-11-03 12:00:00+00:00,New York,27.816666,4.749996000000003
2025-11-03 13:00:00+00:00,New York,29.266666,5.3749980000000015
2025-11-03 14:00:00+00:00,New York,30.141668,5.125
2025-11-03 15:00:00+00:00,New York,31.458336,5.858338
2025-11-03 16:00:00+00:00,New York,32.53333,6.424997999999999
2025-11-03 17:00:00+00:00,New York,33.083332,6.474999999999998
2025-11-03 18:00:00+00:00,New York,33.291664,6.216663999999998
2025-11-03 19:00:00+00:00,New York,33.391666,5.866664
2025-11-03 20:00:00+00:00,New York,33.45,5.4750020000000035
2025-11-03 21:00:00+00:00,New York,33.466667,5.025001
2025-11-03 22:00:00+00:00,New York,33.399998,4.4083349999999975
2025-11-03 23:00:00+00:00,New York,32.899998,2.875001999999995
2025-11-04 00:00:00+00:00,New York,32.091663,0.8999989999999976
2025-11-04 01:00:00+00:00,New York,31.141666,-0.3999980000000001
2025-11-04 02:00:00+00:00,New York,30.616669,-0.9833289999999977
2025-11-04 03:00:00+00:00,New York,29.66667,-1.9733300000000007
2025-11-04 04:00:00+00:00,New York,28.508331,-2.3316690000000015
2025-11-04 05:00:00+00:00,New York,27.491663,-2.083337
2025-11-04 06:00:00+00:00,New York,26.566666,-2.5083369999999974
2025-11-04 07:00:00+00:00,New York,25.633333,-3.075002999999999
2025-11-04 08:00:00+00:00,New York,26.800001,-1.5916669999999975
2025-11-04 09:00:00+00:00,New York,27.2,-0.9333330000000011
2025-11-04 10:00:00+00:00,New York,26.0,-1.9749979999999994
2025-11-04 11:00:00+00:00,New York,24.0,-3.9200000000000017
2025-11-04 12:00:00+00:00,New York,22.4,-5.416666000000003
2025-11-04 13:00:00+00:00,New York,23.600002,-5.666664000000001
2025-11-04 14:00:00+00:00,New York,25.599998,-4.54167
2025-11-04 15:00:00+00:00,New York,27.2,-4.258336
2025-11-04 16:00:00+00:00,New York,28.800001,-3.7333289999999977
2025-11-04 17:00:00+00:00,New York,30.0,-3.0833319999999986
2025-11-04 18:00:00+00:00,New York,30.8,-2.4916639999999965
2025-11-04 19:00:00+00:00,New York,31.599998,-1.7916680000000014
2025-11-04 20:00:00+00:00,New York,31.599998,-1.8500020000000035
2025-11-04 21:00:00+00:00,New York,29.6,-3.8666669999999996
2025-11-04 22:00:00+00:00,New York,23.199999,-10.199998999999998
2025-11-04 23:00:00+00:00,New York,20.480001,-12.419996999999995
2025-11-05 00:00:00+00:00,New York,26.28,-5.811662999999996
2025-11-05 01:00:00+00:00,New York,26.0,-5.141666000000001
2025-11-05 02:00:00+00:00,New York,25.480001,-5.136668
2025-11-05 03:00:00+00:00,New York,24.279999,-5.386671
2025-11-05 04:00:00+00:00,New York,21.760002,-6.748328999999998
2025-11-05 05:00:00+00:00,New York,18.2,-9.291663
2025-11-05 06:00:00+00:00,New York,15.05,-11.516666
2025-11-05 07:00:00+00:00,New York,14.8,-10.833333
2025-11-05 08:00:00+00:00,New York,14.8,-12.000001000000001
2025-11-05 09:00:00+00:00,New York,13.6,-13.6
2025-11-05 10:00:00+00:00,New York,16.3,-9.7
2025-11-05 11:00:00+00:00,New York,21.119999,-2.880001
2025-11-05 12:00:00+00:00,New York,23.880001,1.4800010000000015
2025-11-05 13:00:00+00:00,New York,22.719997,-0.8800050000000006
2025-11-05 14:00:00+00:00,New York,21.08,-4.519998000000001
2025-11-05 15:00:00+00:00,New York,18.9,-8.3
2025-11-05 16:00:00+00:00,New York,15.699999,-13.100002000000002
2025-11-05 17:00:00+00:00,New York,18.8,-11.2
2025-11-05 18:00:00+00:00,New York,23.199999,-7.6000010000000024
2025-11-05 19:00:00+00:00,New York,25.599998,-6.0
2025-11-05 20:00:00+00:00,New York,26.800001,-4.799996999999998
2025-11-05 21:00:00+00:00,New York,27.6,-2.0
2025-11-05 22:00:00+00:00,New York,27.2,4.000001000000001
2025-11-05 23:00:00+00:00,New York,26.399998,5.919996999999999
2025-11-06 00:00:00+00:00,New York,27.6,1.3200000000000003
2025-11-06 01:00:00+00:00,New York,28.800001,2.8000010000000017
2025-11-06 02:00:00+00:00,New York,30.0,4.5199989999999985
2025-11-06 03:00:00+00:00,New York,30.0,5.720001
2025-11-06 04:00:00+00:00,New York,26.800001,5.039999000000002
2025-11-06 05:00:00+00:00,New York,22.4,4.199999999999999
2025-11-06 06:00:00+00:00,New York,19.6,4.550000000000001
2025-11-06 07:00:00+00:00,New York,20.8,6.0
2025-11-06 08:00:00+00:00,New York,23.600002,8.800002
2025-11-06 09:00:00+00:00,New York,25.599998,11.999998
2025-11-06 10:00:00+00:00,New York,25.2,8.899999999999999
2025-11-06 11:00:00+00:00,New York,24.400002,3.2800030000000007
2025-11-06 12:00:00+00:00,New York,24.400002,0.5200010000000006
2025-11-06 13:00:00+00:00,New York,24.8,2.0800030000000014
2025-11-06 14:00:00+00:00,New York,25.2,4.120000000000001
2025-11-06 15:00:00+00:00,New York,25.599998,6.699998000000001
2025-11-06 16:00:00+00:00,New York,26.399998,10.699999
2025-11-06 17:00:00+00:00,New York,27.2,8.399999999999999
2025-11-06 18:00:00+00:00,New York,28.0,4.800001000000002
2025-11-06 19:00:00+00:00,New York,28.800001,3.2000030000000024
2025-11-06 20:00:00+00:00,New York,29.2,2.3999989999999976
2025-11-06 21:00:00+00:00,New York,28.0,0.3999999999999986
2025-11-06 22:00:00+00:00,New York,23.199999,-4.000001000000001
2025-11-06 23:00:00+00:00,New York,16.4,-9.999998000000001
2025-11-07 00:00:00+00:00,New York,17.6,-10.0
2025-11-07 01:00:00+00:00,New York,16.8,-12.000001000000001
2025-11-07 02:00:00+00:00,New York,15.599999,-14.400001
2025-11-07 03:00:00+00:00,New York,15.550001,-14.449999
2025-11-07 04:00:00+00:00,New York,19.35,-7.450001
2025-11-07 05:00:00+00:00,New York,23.32,0.9200000000000017
2025-11-07 06:00:00+00:00,New York,26.119999,6.5199989999999985
2025-11-07 07:00:00+00:00,New York,26.919998,6.119997999999999
2025-11-07 08:00:00+00:00,New York,26.64,3.0399980000000006
2025-11-07 09:00:00+00:00,New York,26.36,0.7600020000000001
2025-11-07 10:00:00+00:00,New York,26.84,1.6400000000000006
2025-11-07 11:00:00+00:00,New York,27.280003,2.880001
2025-11-07 12:00:00+00:00,New York,25.16,0.7599979999999995
2025-11-07 13:00:00+00:00,New York,23.839998,-0.9600019999999994
2025-11-07 14:00:00+00:00,New York,23.666666,-1.533334
2025-11-07 15:00:00+00:00,New York,25.058329,-0.5416689999999988
2025-11-07 16:00:00+00:00,New York,25.949997,-0.4500010000000003
2025-11-07 17:00:00+00:00,New York,26.458336,-0.7416640000000001
2025-11-07 18:00:00+00:00,New York,32.0,4.0
2025-11-07 19:00:00+00:00,New York,34.0,5.199998999999998
2025-11-07 20:00:00+00:00,New York,33.600002,4.400002000000004
2025-11-07 21:00:00+00:00,New York,32.8,4.799999999999997
2025-11-07 22:00:00+00:00,New York,32.0,8.800001000000002
2025-11-07 23:00:00+00:00,New York,30.8,14.400000000000002
2025-11-08 00:00:00+00:00,New York,29.2,11.599999999999998
2025-11-08 01:00:00+00:00,New York,29.6,12.8
2025-11-08 02:00:00+00:00,New York,30.0,14.400001
2025-11-08 03:00:00+00:00,New York,30.0,14.449999
2025-11-08 04:00:00+00:00,New York,29.6,10.25
2025-11-08 05:00:00+00:00,New York,29.2,5.879999999999999
2025-11-08 06:00:00+00:00,New York,28.4,2.2800009999999986
2025-11-08 07:00:00+00:00,New York,28.0,1.0800020000000004
2025-11-08 08:00:00+00:00,New York,27.2,0.5599999999999987
2025-11-08 09:00:00+00:00,New York,25.2,-1.1600000000000001
2025-11-08 10:00:00+00:00,New York,20.4,-6.440000000000001
2025-11-08 11:00:00+00:00,New York,19.85,-7.430002999999999
2025-11-08 12:00:00+00:00,New York,23.28,-1.879999999999999
2025-11-08 13:00:00+00:00,New York,20.12,-3.7199980000000004
2025-11-08 14:00:00+00:00,New York,20.0,-3.6666659999999993
2025-11-08 15:00:00+00:00,New York,24.400002,-0.6583269999999999
2025-11-08 16:00:00+00:00,New York,26.800001,0.850004000000002
2025-11-08 17:00:00+00:00,New York,28.0,1.5416640000000008
2025-11-08 18:00:00+00:00,New York,28.0,-4.0
2025-11-08 19:00:00+00:00,New York,27.2,-6.800000000000001
2025-11-08 20:00:00+00:00,New York,25.2,-8.400002000000004
2025-11-08 21:00:00+00:00,New York,21.6,-11.199999999999996
2025-11-08 22:00:00+00:00,New York,18.35,-13.649999999999999
2025-11-08 23:00:00+00:00,New York,25.28,-5.52
2025-11-09 00:00:00+00:00,New York,30.32,1.120000000000001
2025-11-09 01:00:00+00:00,New York,29.76,0.16000000000000014
2025-11-09 02:00:00+00:00,New York,28.960001,-1.0399990000000017
2025-11-09 03:00:00+00:00,New York,28.52,-1.4800000000000004
2025-11-09 04:00:00+00:00,New York,29.10833,-0.4916700000000027
2025-11-09 05:00:00+00:00,New York,31.0,1.8000000000000007
2025-11-09 06:00:00+00:00,New York,32.516666,4.116666000000002
2025-11-09 07:00:00+00:00,New York,33.825,5.825000000000003
2025-11-09 08:00:00+00:00,New York,35.108334,7.908334
2025-11-09 09:00:00+00:00,New York,36.408333,11.208333
2025-11-09 10:00:00+00:00,New York,37.691666,17.291666
2025-11-09 11:00:00+00:00,New York,38.95,19.1
2025-11-09 12:00:00+00:00,New York,40.5,17.22
2025-11-09 13:00:00+00:00,New York,40.433334,20.313334
2025-11-09 14:00:00+00:00,New York,40.200005,20.200004999999997
2025-11-09 15:00:00+00:00,New York,40.066673,15.666671000000001
2025-11-09 16:00:00+00:00,New York,40.35,13.549999
2025-11-09 17:00:00+00:00,New York,40.76667,12.766669999999998
2025-11-09 18:00:00+00:00,New York,41.183334,13.183334000000002
2025-11-09 19:00:00+00:00,New York,41.683334,14.483334000000003
2025-11-09 20:00:00+00:00,New York,42.666664,17.466663999999998
2025-11-09 21:00:00+00:00,New York,43.350006,21.750006
2025-11-09 22:00:00+00:00,New York,43.91667,25.566670000000002
2025-11-09 23:00:00+00:00,New York,43.200005,17.920004999999996
2025-11-10 00:00:00+00:00,New York,40.90001,10.580010000000001
2025-11-10 01:00:00+00:00,New York,39.575,9.815000000000001
2025-11-10 02:00:00+00:00,New York,38.36667,9.406669
2025-11-10 03:00:00+00:00,New York,37.56,9.040000000000003
2025-11-10 04:00:00+00:00,New York,37.120003,8.011672999999998
2025-11-10 05:00:00+00:00,New York,37.008335,6.008335000000002
2025-11-10 06:00:00+00:00,New York,37.541668,5.025002000000001
2025-11-10 07:00:00+00:00,New York,37.100002,3.2750020000000006
2025-11-10 08:00:00+00:00,New York,36.125004,1.0166699999999977
2025-11-10 09:00:00+00:00,New York,35.15,-1.2583330000000004
2025-11-10 10:00:00+00:00,New York,34.383335,-3.3083309999999955
2025-11-10 11:00:00+00:00,New York,33.533333,-5.416667000000004
2025-11-10 12:00:00+00:00,New York,32.475002,-8.024997999999997
2025-11-10 13:00:00+00:00,New York,33.383335,-7.049999
2025-11-10 14:00:00+00:00,New York,34.399998,-5.800007000000001
2025-11-10 15:00:00+00:00,New York,35.283333,-4.783340000000003
2025-11-10 16:00:00+00:00,New York,35.891666,-4.458334000000001
2025-11-10 17:00:00+00:00,New York,36.208332,-4.558337999999999
2025-11-10 18:00:00+00:00,New York,36.333332,-4.8500020000000035
2025-11-10 19:00:00+00:00,New York,36.141666,-5.541668000000001
2025-11-10 20:00:00+00:00,New York,35.608334,-7.058329999999998
2025-11-10 21:00:00+00:00,New York,35.133335,-8.216670999999998
2025-11-10 22:00:00+00:00,New York,34.491665,-9.425005000000006
2025-11-10 23:00:00+00:00,New York,33.716663,-9.483342
2025-11-11 00:00:00+00:00,New York,32.824993,-8.075017000000003
2025-11-11 01:00:00+00:00,New York,31.683329,-7.891671000000002
2025-11-11 02:00:00+00:00,New York,30.21666,-8.150009999999998
2025-11-11 03:00:00+00:00,New York,28.441662,-9.118338000000001
2025-11-11 04:00:00+00:00,New York,26.216663,-10.903339999999996
2025-11-11 05:00:00+00:00,New York,23.5,-13.508335000000002
2025-11-11 06:00:00+00:00,New York,24.0,-13.541668000000001
2025-11-11 07:00:00+00:00,New York,24.400002,-12.700000000000003
2025-11-11 08:00:00+00:00,New York,24.400002,-11.725001999999996
2025-11-11 09:00:00+00:00,New York,24.0,-11.149999999999999
2025-11-11 10:00:00+00:00,New York,22.8,-11.583335000000002
2025-11-11 11:00:00+00:00,New York,21.6,-11.933332999999998
2025-11-11 12:00:00+00:00,New York,24.0,-8.475002000000003
2025-11-11 13:00:00+00:00,New York,25.599998,-7.783337000000003
2025-11-11 14:00:00+00:00,New York,27.6,-6.799997999999995
2025-11-11 15:00:00+00:00,New York,28.800001,-6.483331999999997
2025-11-11 16:00:00+00:00,New York,28.0,-7.891666000000001
2025-11-11 17:00:00+00:00,New York,26.0,-10.208331999999999
2025-11-11 18:00:00+00:00,New York,24.8,-11.533331999999998
2025-11-11 19:00:00+00:00,New York,24.8,-11.341666
2025-11-11 20:00:00+00:00,New York,24.8,-10.808333999999999
2025-11-11 21:00:00+00:00,New York,24.8,-10.333335000000002
2025-11-11 22:00:00+00:00,New York,24.0,-10.491664999999998
2025-11-11 23:00:00+00:00,New York,22.8,-10.916662999999996
2025-11-12 00:00:00+00:00,New York,22.4,-10.424993
2025-11-12 01:00:00+00:00,New York,22.0,-9.683329
2025-11-12 02:00:00+00:00,New York,21.6,-8.61666
2025-11-12 03:00:00+00:00,New York,21.199999,-7.241663000000003
2025-11-12 04:00:00+00:00,New York,20.8,-5.416663
2025-11-12 05:00:00+00:00,New York,20.0,-3.5
2025-11-12 06:00:00+00:00,New York,19.6,-4.399999999999999
2025-11-12 07:00:00+00:00,New York,19.199999,-5.200003000000002
2025-11-12 08:00:00+00:00,New York,18.8,-5.600002
2025-11-12 09:00:00+00:00,New York,18.0,-6.0
2025-11-12 10:00:00+00:00,New York,16.0,-6.800000000000001
2025-11-12 11:00:00+00:00,New York,13.5,-8.100000000000001
2025-11-12 12:00:00+00:00,New York,16.85,-7.149999999999999
2025-11-12 13:00:00+00:00,New York,16.9,-8.699998
2025-11-12 14:00:00+00:00,New York,16.8,-10.8
2025-11-12 15:00:00+00:00,New York,15.9,-12.900001000000001
2025-11-12 16:00:00+00:00,New York,15.2,-12.8
2025-11-12 17:00:00+00:00,New York,18.8,-7.199999999999999
2025-11-12 18:00:00+00:00,New York,21.199999,-3.6000010000000024
2025-11-12 19:00:00+00:00,New York,20.4,-4.400000000000002
2025-11-12 20:00:00+00:00,New York,17.6,-7.199999999999999
2025-11-12 21:00:00+00:00,New York,14.8,-10.0
2025-11-12 22:00:00+00:00,New York,16.55,-7.449999999999999
2025-11-12 23:00:00+00:00,New York,20.039999,-2.760000999999999
2025-11-13 00:00:00+00:00,New York,22.4,0.0
2025-11-13 01:00:00+00:00,New York,20.76,-1.2399999999999984
2025-11-13 02:00:00+00:00,New York,18.741665,-2.8583350000000003
2025-11-13 03:00:00+00:00,New York,19.999998,-1.2000009999999968
2025-11-13 04:00:00+00:00,New York,21.074999,0.27499899999999755
2025-11-13 05:00:00+00:00,New York,21.916666,1.9166659999999993
2025-11-13 06:00:00+00:00,New York,22.525002,2.925001999999999
2025-11-13 07:00:00+00:00,New York,22.908335,3.7083360000000027
2025-11-13 08:00:00+00:00,New York,23.099998,4.299997999999999
2025-11-13 09:00:00+00:00,New York,23.091667,5.091667000000001
2025-11-13 10:00:00+00:00,New York,22.816668,6.816668
2025-11-13 11:00:00+00:00,New York,22.283335,8.783335000000001
2025-11-13 12:00:00+00:00,New York,21.575003,4.725002999999997
2025-11-13 13:00:00+00:00,New York,21.35,4.450000000000003
2025-11-13 14:00:00+00:00,New York,20.983334,4.1833339999999986
2025-11-13 15:00:00+00:00,New York,22.4,6.499999999999998
2025-11-13 16:00:00+00:00,New York,25.599998,10.399998
2025-11-13 17:00:00+00:00,New York,28.800001,10.000001000000001
2025-11-13 18:00:00+00:00,New York,30.4,9.200001
2025-11-13 19:00:00+00:00,New York,29.2,8.8
2025-11-13 20:00:00+00:00,New York,26.399998,8.799997999999999
2025-11-13 21:00:00+00:00,New York,23.600002,8.800002
2025-11-13 22:00:00+00:00,New York,21.6,5.050000000000001
2025-11-13 23:00:00+00:00,New York,19.6,-0.43999900000000025
2025-11-14 00:00:00+00:00,New York,18.0,-4.399999999999999
2025-11-14 01:00:00+00:00,New York,18.0,-2.7600000000000016
2025-11-14 02:00:00+00:00,New York,18.0,-0.7416650000000011
2025-11-14 03:00:00+00:00,New York,18.8,-1.1999980000000008
2025-11-14 04:00:00+00:00,New York,20.4,-0.6749989999999997
2025-11-14 05:00:00+00:00,New York,22.8,0.8833340000000014
2025-11-14 06:00:00+00:00,New York,24.400002,1.875
2025-11-14 07:00:00+00:00,New York,24.8,1.8916649999999997
2025-11-14 08:00:00+00:00,New York,24.8,1.7000020000000013
2025-11-14 09:00:00+00:00,New York,24.0,0.908332999999999
2025-11-14 10:00:00+00:00,New York,21.199999,-1.6166690000000017
2025-11-14 11:00:00+00:00,New York,17.6,-4.683335
2025-11-14 12:00:00+00:00,New York,15.599999,-5.975003999999998
2025-11-14 13:00:00+00:00,New York,18.0,-3.3500000000000014
2025-11-14 14:00:00+00:00,New York,20.8,-0.18333399999999855
2025-11-14 15:00:00+00:00,New York,23.600002,1.2000020000000013
2025-11-14 16:00:00+00:00,New York,25.2,-0.3999980000000001
2025-11-14 17:00:00+00:00,New York,26.399998,-2.4000030000000017
2025-11-14 18:00:00+00:00,New York,27.2,-3.1999999999999993
2025-11-14 19:00:00+00:00,New York,27.6,-1.5999999999999979
2025-11-14 20:00:00+00:00,New York,27.2,0.8000019999999992
2025-11-14 21:00:00+00:00,New York,25.2,1.5999979999999994
2025-11-14 22:00:00+00:00,New York,19.6,-2.0
2025-11-14 23:00:00+00:00,New York,22.4,2.799999999999997
2025-11-15 00:00:00+00:00,New York,26.68,8.68
2025-11-15 01:00:00+00:00,New York,25.4,7.399999999999999
2025-11-15 02:00:00+00:00,New York,23.600002,5.600002
2025-11-15 03:00:00+00:00,New York,21.6,2.8000000000000007
2025-11-15 04:00:00+00:00,New York,19.15,-1.25
2025-11-15 05:00:00+00:00,New York,16.1,-6.699999999999999
2025-11-15 06:00:00+00:00,New York,13.95,-10.450002000000001
2025-11-15 07:00:00+00:00,New York,14.325,-10.475000000000001
2025-11-15 08:00:00+00:00,New York,15.008333,-9.791667
2025-11-15 09:00:00+00:00,New York,15.766666,-8.233334
2025-11-15 10:00:00+00:00,New York,17.95,-3.249998999999999
2025-11-15 11:00:00+00:00,New York,22.24,4.639999999999997
2025-11-15 12:00:00+00:00,New York,23.12,7.520001000000001
2025-11-15 13:00:00+00:00,New York,19.75,1.75
2025-11-15 14:00:00+00:00,New York,19.4,-1.4000000000000021
2025-11-15 15:00:00+00:00,New York,20.8,-2.800001999999999
2025-11-15 16:00:00+00:00,New York,23.199999,-2.000001000000001
2025-11-15 17:00:00+00:00,New York,23.600002,-2.799996
2025-11-15 18:00:00+00:00,New York,22.8,-4.399999999999999
2025-11-15 19:00:00+00:00,New York,20.741669,-6.858331
2025-11-15 20:00:00+00:00,New York,21.216667,-5.983332999999998
2025-11-15 21:00:00+00:00,New York,24.279999,-0.9200009999999992
2025-11-15 22:00:00+00:00,New York,26.160002,6.560001999999997
2025-11-15 23:00:00+00:00,New York,27.0,4.600000000000001
2025-11-16 00:00:00+00:00,New York,30.4,3.719999999999999
2025-11-16 01:00:00+00:00,New York,27.36,1.9600000000000009
2025-11-16 02:00:00+00:00,New York,23.12,-0.48000199999999893
2025-11-16 03:00:00+00:00,New York,22.224998,0.6249979999999979
2025-11-16 04:00:00+00:00,New York,22.175003,3.0250030000000017
2025-11-16 05:00:00+00:00,New York,22.291664,6.191663999999999
2025-11-16 06:00:00+00:00,New York,22.541666,8.591666
2025-11-16 07:00:00+00:00,New York,22.800003,8.475003000000001
2025-11-16 08:00:00+00:00,New York,22.89167,7.883337000000001
2025-11-16 09:00:00+00:00,New York,22.8,7.033334
2025-11-16 10:00:00+00:00,New York,22.433334,4.483333999999999
2025-11-16 11:00:00+00:00,New York,21.875,-0.36499999999999844
2025-11-16 12:00:00+00:00,New York,21.01667,-2.1033299999999997
2025-11-16 13:00:00+00:00,New York,20.691666,0.9416660000000014
2025-11-16 14:00:00+00:00,New York,22.4,3.0
2025-11-16 15:00:00+00:00,New York,25.2,4.399999999999999
2025-11-16 16:00:00+00:00,New York,27.6,4.400001000000003
2025-11-16 17:00:00+00:00,New York,30.0,6.399998
2025-11-16 18:00:00+00:00,New York,31.199999,8.399998999999998
2025-11-16 19:00:00+00:00,New York,30.8,10.058330999999999
2025-11-16 20:00:00+00:00,New York,29.2,7.983332999999998
2025-11-16 21:00:00+00:00,New York,27.6,3.3200010000000013
2025-11-16 22:00:00+00:00,New York,26.0,-0.16000199999999865
2025-11-16 23:00:00+00:00,New York,24.400002,-2.5999979999999994
2025-11-17 00:00:00+00:00,New York,23.199999,-7.200001
2025-11-17 01:00:00+00:00,New York,23.199999,-4.160001000000001
2025-11-17 02:00:00+00:00,New York,23.199999,0.07999899999999727
2025-11-17 03:00:00+00:00,New York,23.199999,0.9750009999999989
2025-11-17 04:00:00+00:00,New York,23.600002,1.4249989999999997
2025-11-17 05:00:00+00:00,New York,24.0,1.7083359999999992
2025-11-17 06:00:00+00:00,New York,24.400002,1.8583360000000013
2025-11-17 07:00:00+00:00,New York,24.8,1.9999970000000005
2025-11-17 08:00:00+00:00,New York,24.8,1.9083299999999994
2025-11-17 09:00:00+00:00,New York,24.400002,1.600002
2025-11-17 10:00:00+00:00,New York,23.199999,0.7666649999999997
2025-11-17 11:00:00+00:00,New York,21.6,-0.2749999999999986
2025-11-17 12:00:00+00:00,New York,21.199999,0.18332899999999697
2025-11-17 13:00:00+00:00,New York,22.4,1.7083339999999971
2025-11-17 14:00:00+00:00,New York,24.400002,2.000002000000002
2025-11-17 15:00:00+00:00,New York,25.599998,0.3999980000000001
2025-11-17 16:00:00+00:00,New York,26.0,-1.6000000000000014
2025-11-17 17:00:00+00:00,New York,26.0,-4.0
2025-11-17 18:00:00+00:00,New York,25.599998,-5.600000999999999
2025-11-17 19:00:00+00:00,New York,25.2,-5.600000000000001
2025-11-17 20:00:00+00:00,New York,24.8,-4.399999999999999
2025-11-17 21:00:00+00:00,New York,24.0,-3.6000000000000014
2025-11-17 22:00:00+00:00,New York,22.4,-3.6000000000000014
2025-11-17 23:00:00+00:00,New York,20.0,-4.400002000000001
2025-11-18 00:00:00+00:00,New York,18.4,-4.799999
2025-11-18 01:00:00+00:00,New York,18.8,-4.3999989999999976
2025-11-18 02:00:00+00:00,New York,19.199999,-4.0
2025-11-18 03:00:00+00:00,New York,19.6,-3.599998999999997
2025-11-18 04:00:00+00:00,New York,20.4,-3.2000020000000013
2025-11-18 05:00:00+00:00,New York,21.199999,-2.8000010000000017
2025-11-18 06:00:00+00:00,New York,21.6,-2.800001999999999
2025-11-18 07:00:00+00:00,New York,21.6,-3.1999999999999993
2025-11-18 08:00:00+00:00,New York,20.8,-4.0
2025-11-18 09:00:00+00:00,New York,19.6,-4.800001999999999
2025-11-18 10:00:00+00:00,New York,16.4,-6.799999
2025-11-18 11:00:00+00:00,New York,12.799999,-8.800001000000002
2025-11-18 12:00:00+00:00,New York,13.85,-7.349998999999999
2025-11-18 13:00:00+00:00,New York,14.400001,-7.999998999999999
2025-11-18 14:00:00+00:00,New York,17.6,-6.800001999999999
2025-11-18 15:00:00+00:00,New York,20.4,-5.199998000000001
2025-11-18 16:00:00+00:00,New York,22.4,-3.6000000000000014
2025-11-18 17:00:00+00:00,New York,23.600002,-2.399998
2025-11-18 18:00:00+00:00,New York,24.0,-1.5999979999999994
2025-11-18 19:00:00+00:00,New York,23.199999,-2.000001000000001
2025-11-18 20:00:00+00:00,New York,21.6,-3.1999999999999993
2025-11-18 21:00:00+00:00,New York,18.8,-5.199999999999999
2025-11-18 22:00:00+00:00,New York,15.25,-7.149999999999999
2025-11-18 23:00:00+00:00,New York,21.560001,1.5600009999999997
2025-11-19 00:00:00+00:00,New York,24.88,6.48
2025-11-19 01:00:00+00:00,New York,25.16,6.359999999999999
2025-11-19 02:00:00+00:00,New York,25.52,6.320001000000001
2025-11-19 03:00:00+00:00,New York,25.64,6.039999999999999
2025-11-19 04:00:00+00:00,New York,25.439999,5.039999000000002
2025-11-19 05:00:00+00:00,New York,25.0,3.8000010000000017
2025-11-19 06:00:00+00:00,New York,24.44,2.84
2025-11-19 07:00:00+00:00,New York,23.439999,1.8399989999999988
2025-11-19 08:00:00+00:00,New York,22.32,1.5199999999999996
2025-11-19 09:00:00+00:00,New York,21.960001,2.360000999999997
2025-11-19 10:00:00+00:00,New York,23.199999,6.799999
2025-11-19 11:00:00+00:00,New York,25.16,12.360001
2025-11-19 12:00:00+00:00,New York,24.24,10.389999999999999
2025-11-19 13:00:00+00:00,New York,23.52,9.119999
2025-11-19 14:00:00+00:00,New York,22.550001,4.950001
2025-11-19 15:00:00+00:00,New York,24.524998,4.1249980000000015
2025-11-19 16:00:00+00:00,New York,26.175,3.775000000000002
2025-11-19 17:00:00+00:00,New York,27.583334,3.9833320000000008
2025-11-19 18:00:00+00:00,New York,28.741663,4.741662999999999
2025-11-19 19:00:00+00:00,New York,29.758331,6.558332
2025-11-19 20:00:00+00:00,New York,30.699999,9.099998999999997
2025-11-19 21:00:00+00:00,New York,31.599998,12.799997999999999
2025-11-19 22:00:00+00:00,New York,32.55833,17.308329999999998
2025-11-19 23:00:00+00:00,New York,34.258335,12.698334000000003
2025-11-20 00:00:00+00:00,New York,36.166668,11.286668000000002
2025-11-20 01:00:00+00:00,New York,38.69167,13.531670000000002
2025-11-20 02:00:00+00:00,New York,42.416664,16.896663999999998
2025-11-20 03:00:00+00:00,New York,46.216675,20.576675
2025-11-20 04:00:00+00:00,New York,49.26667,23.826670999999997
2025-11-20 05:00:00+00:00,New York,51.916664,26.916663999999997
2025-11-20 06:00:00+00:00,New York,53.783333,29.343332999999998
2025-11-20 07:00:00+00:00,New York,54.88333,31.443331
2025-11-20 08:00:00+00:00,New York,55.466667,33.146667
2025-11-20 09:00:00+00:00,New York,55.600006,33.640005
2025-11-20 10:00:00+00:00,New York,55.833336,32.633337000000004
2025-11-20 11:00:00+00:00,New York,56.166664,31.006663999999997
2025-11-20 12:00:00+00:00,New York,56.799995,32.559995
2025-11-20 13:00:00+00:00,New York,55.11666,31.596660000000004
2025-11-20 14:00:00+00:00,New York,53.433327,30.883325999999997
2025-11-20 15:00:00+00:00,New York,51.5,26.975002
2025-11-20 16:00:00+00:00,New York,49.816658,23.641657999999996
2025-11-20 17:00:00+00:00,New York,48.38334,20.800005999999996
2025-11-20 18:00:00+00:00,New York,47.35,18.608337000000002
2025-11-20 19:00:00+00:00,New York,46.86667,17.108339
2025-11-20 20:00:00+00:00,New York,46.783325,16.083326
2025-11-20 21:00:00+00:00,New York,47.066658,15.466659999999997
2025-11-20 22:00:00+00:00,New York,48.033325,15.474995
2025-11-20 23:00:00+00:00,New York,49.700005,15.441669999999995
2025-11-21 00:00:00+00:00,New York,51.25,15.083331999999999
2025-11-21 01:00:00+00:00,New York,50.700005,12.008334999999995
2025-11-21 02:00:00+00:00,New York,49.65,7.233336000000001
2025-11-21 03:00:00+00:00,New York,49.433342,3.216667000000001
2025-11-21 04:00:00+00:00,New York,49.55001,0.2833400000000026
2025-11-21 05:00:00+00:00,New York,50.733337,-1.1833269999999985
2025-11-21 06:00:00+00:00,New York,52.966667,-0.8166659999999979
2025-11-21 07:00:00+00:00,New York,55.716667,0.8333370000000002
2025-11-21 08:00:00+00:00,New York,58.166664,2.699996999999996
2025-11-21 09:00:00+00:00,New York,60.01667,4.416663999999997
2025-11-21 10:00:00+00:00,New York,60.323334,4.489998
2025-11-21 11:00:00+00:00,New York,60.586666,4.420002000000004
2025-11-21 12:00:00+00:00,New York,60.820004,4.020008999999995
2025-11-21 13:00:00+00:00,New York,61.103333,5.986672999999996
2025-11-21 14:00:00+00:00,New York,61.426666,7.993338999999999
2025-11-21 15:00:00+00:00,New York,61.826668,10.326667999999998
2025-11-21 16:00:00+00:00,New York,62.25,12.433342000000003
2025-11-21 17:00:00+00:00,New York,62.646667,14.263327000000004
2025-11-21 18:00:00+00:00,New York,62.956665,15.606665
2025-11-21 19:00:00+00:00,New York,63.13667,16.270000000000003
2025-11-21 20:00:00+00:00,New York,63.243336,16.460011
2025-11-21 21:00:00+00:00,New York,63.29667,16.230012000000002
2025-11-21 22:00:00+00:00,New York,63.27,15.236675000000005
2025-11-21 23:00:00+00:00,New York,62.91667,13.216665000000006
2025-11-22 00:00:00+00:00,New York,62.460003,11.210003
2025-11-22 01:00:00+00:00,New York,62.023335,11.323330000000006
2025-11-22 02:00:00+00:00,New York,61.666664,12.016663999999999
2025-11-22 03:00:00+00:00,New York,61.39,11.956657999999997
2025-11-22 04:00:00+00:00,New York,61.15667,11.606659999999998
2025-11-22 05:00:00+00:00,New York,60.903336,10.169999000000004
2025-11-22 06:00:00+00:00,New York,60.67667,7.710003
2025-11-22 07:00:00+00:00,New York,60.550003,4.833335999999996
2025-11-22 08:00:00+00:00,New York,60.643333,2.476669000000001
2025-11-22 09:00:00+00:00,New York,61.006664,0.9899940000000029
2025-11-22 10:00:00+00:00,New York,61.516666,1.193331999999998
2025-11-22 11:00:00+00:00,New York,61.976665,1.389998999999996
2025-11-22 12:00:00+00:00,New York,62.28333,1.4633260000000021
2025-11-22 13:00:00+00:00,New York,61.866665,0.7633319999999983
2025-11-22 14:00:00+00:00,New York,61.346664,-0.08000200000000035
2025-11-22 15:00:00+00:00,New York,60.806664,-1.0200040000000001
2025-11-22 16:00:00+00:00,New York,60.36333,-1.8866700000000023
2025-11-22 17:00:00+00:00,New York,59.94998,-2.6966870000000043
2025-11-22 18:00:00+00:00,New York,58.249992,-4.706673000000002
2025-11-22 19:00:00+00:00,New York,56.283325,-6.8533450000000045
2025-11-22 20:00:00+00:00,New York,54.200005,-9.043331000000002
2025-11-22 21:00:00+00:00,New York,52.0,-11.296669999999999
2025-11-22 22:00:00+00:00,New York,49.38334,-13.886660000000006
2025-11-22 23:00:00+00:00,New York,45.983337,-16.933333000000005
2025-11-23 00:00:00+00:00,New York,42.13334,-20.326663000000003
2025-11-23 01:00:00+00:00,New York,39.48334,-22.539995000000005
2025-11-23 02:00:00+00:00,New York,37.84167,-23.824993999999997
2025-11-23 03:00:00+00:00,New York,36.133335,-25.256664999999998
2025-11-23 04:00:00+00:00,New York,34.458336,-26.698333999999996
2025-11-23 05:00:00+00:00,New York,32.750004,-28.153332000000006
2025-11-23 06:00:00+00:00,New York,30.983337,-29.693333000000003
2025-11-23 07:00:00+00:00,New York,29.183334,-31.366668999999998
2025-11-23 08:00:00+00:00,New York,27.383331,-33.260002
2025-11-23 09:00:00+00:00,New York,26.039999,-34.966665
2025-11-23 10:00:00+00:00,New York,26.36,-35.156666
2025-11-23 11:00:00+00:00,New York,26.36,-35.616665
2025-11-23 12:00:00+00:00,New York,25.68,-36.60333
2025-11-23 13:00:00+00:00,New York,25.880001,-35.986664
2025-11-23 14:00:00+00:00,New York,26.119999,-35.226665
2025-11-23 15:00:00+00:00,New York,26.233334,-34.57333
2025-11-23 16:00:00+00:00,New York,26.775002,-33.588328
2025-11-23 17:00:00+00:00,New York,26.966667,-32.983312999999995
2025-11-23 18:00:00+00:00,New York,27.333334,-30.916657999999998
2025-11-23 19:00:00+00:00,New York,28.074999,-28.208326
2025-11-23 20:00:00+00:00,New York,28.883339,-25.316665999999998
2025-11-23 21:00:00+00:00,New York,29.750002,-22.249998
2025-11-23 22:00:00+00:00,New York,30.600004,-18.783336
2025-11-23 23:00:00+00:00,New York,31.5,-14.483336999999999
2025-11-24 00:00:00+00:00,New York,32.483334,-9.650005999999998
2025-11-24 01:00:00+00:00,New York,33.416668,-6.066671999999997
2025-11-24 02:00:00+00:00,New York,34.341667,-3.5000029999999995
2025-11-24 03:00:00+00:00,New York,35.108334,-1.0250010000000032
2025-11-24 04:00:00+00:00,New York,35.649998,1.1916619999999938
2025-11-24 05:00:00+00:00,New York,35.93333,3.183326000000001
2025-11-24 06:00:00+00:00,New York,36.00833,5.024993000000002
2025-11-24 07:00:00+00:00,New York,35.899998,6.716663999999998
2025-11-24 08:00:00+00:00,New York,35.591663,8.208331999999999
2025-11-24 09:00:00+00:00,New York,35.06666,9.026660999999997
2025-11-24 10:00:00+00:00,New York,34.374996,8.014996000000004
2025-11-24 11:00:00+00:00,New York,33.55833,7.198329999999999
2025-11-24 12:00:00+00:00,New York,32.458332,6.778331999999999
2025-11-24 13:00:00+00:00,New York,30.399994,4.5199929999999995
2025-11-24 14:00:00+00:00,New York,27.425001,1.3050020000000018
2025-11-24 15:00:00+00:00,New York,25.35,-0.8833339999999978
2025-11-24 16:00:00+00:00,New York,23.991665,-2.7833369999999995
2025-11-24 17:00:00+00:00,New York,23.025,-3.9416670000000025
2025-11-24 18:00:00+00:00,New York,22.091665,-5.241669000000002
2025-11-24 19:00:00+00:00,New York,21.133331,-6.941668
2025-11-24 20:00:00+00:00,New York,20.241665,-8.641673999999998
2025-11-24 21:00:00+00:00,New York,19.358334,-10.391668
2025-11-24 22:00:00+00:00,New York,18.566666,-12.033337999999997
2025-11-24 23:00:00+00:00,New York,22.279999,-9.220001
2025-11-25 00:00:00+00:00,New York,25.720001,-6.763332999999999
2025-11-25 01:00:00+00:00,New York,25.2,-8.216668000000002
2025-11-25 02:00:00+00:00,New York,24.48,-9.861667
2025-11-25 03:00:00+00:00,New York,25.725,-9.383333999999998
2025-11-25 04:00:00+00:00,New York,28.916666,-6.733331999999997
2025-11-25 05:00:00+00:00,New York,31.841667,-4.091662999999997
2025-11-25 06:00:00+00:00,New York,34.333336,-1.674993999999998
2025-11-25 07:00:00+00:00,New York,36.25,0.3500020000000035
2025-11-25 08:00:00+00:00,New York,37.44167,1.850007000000005
2025-11-25 09:00:00+00:00,New York,38.15,3.0833399999999997
2025-11-25 10:00:00+00:00,New York,38.591667,4.216670999999998
2025-11-25 11:00:00+00:00,New York,38.891666,5.333336000000003
2025-11-25 12:00:00+00:00,New York,39.158333,6.700001
2025-11-25 13:00:00+00:00,New York,39.95,9.550006000000003
2025-11-25 14:00:00+00:00,New York,41.450005,14.025003999999996
2025-11-25 15:00:00+00:00,New York,43.316673,17.966673
2025-11-25 16:00:00+00:00,New York,45.28334,21.291675
2025-11-25 17:00:00+00:00,New York,46.916664,23.891664
2025-11-25 18:00:00+00:00,New York,48.316673,26.225008000000003
2025-11-25 19:00:00+00:00,New York,49.549995,28.416664000000004
2025-11-25 20:00:00+00:00,New York,50.716675,30.47501
2025-11-25 21:00:00+00:00,New York,52.033348,32.675014
2025-11-25 22:00:00+00:00,New York,53.433342,34.866676
2025-11-25 23:00:00+00:00,New York,53.61667,31.336671
2025-11-26 00:00:00+00:00,New York,51.799995,26.079994000000003
2025-11-26 01:00:00+00:00,New York,47.0,21.8
2025-11-26 02:00:00+00:00,New York,40.51667,16.036669999999997
2025-11-26 03:00:00+00:00,New York,36.58334,10.858339999999998
2025-11-26 04:00:00+00:00,New York,32.608334,3.691668
2025-11-26 05:00:00+00:00,New York,28.875004,-2.9666630000000005
2025-11-26 06:00:00+00:00,New York,29.6,-4.733336000000001
2025-11-26 07:00:00+00:00,New York,27.2,-9.05
2025-11-26 08:00:00+00:00,New York,23.199999,-14.241671000000004
2025-11-26 09:00:00+00:00,New York,21.316666,-16.833333999999997
2025-11-26 10:00:00+00:00,New York,21.224998,-17.366669
2025-11-26 11:00:00+00:00,New York,21.441666,-17.45
2025-11-26 12:00:00+00:00,New York,21.866667,-17.291666
2025-11-26 13:00:00+00:00,New York,21.983334,-17.966666000000004
2025-11-26 14:00:00+00:00,New York,22.258331,-19.191674
2025-11-26 15:00:00+00:00,New York,22.474998,-20.841675000000002
2025-11-26 16:00:00+00:00,New York,22.658333,-22.625007000000004
2025-11-26 17:00:00+00:00,New York,22.925,-23.991663999999997
2025-11-26 18:00:00+00:00,New York,23.191666,-25.125007
2025-11-26 19:00:00+00:00,New York,23.483335,-26.066660000000002
2025-11-26 20:00:00+00:00,New York,23.741669,-26.975006
2025-11-26 21:00:00+00:00,New York,25.92,-26.113347999999995
2025-11-26 22:00:00+00:00,New York,28.36,-25.073342000000004
2025-11-26 23:00:00+00:00,New York,30.2,-23.41667
2025-11-27 00:00:00+00:00,New York,26.683334,-25.116661000000004
2025-11-27 01:00:00+00:00,New York,27.483332,-19.516668
2025-11-27 02:00:00+00:00,New York,28.183334,-12.333336
2025-11-27 03:00:00+00:00,New York,28.866669,-7.716670999999998
2025-11-27 04:00:00+00:00,New York,29.349998,-3.258336
2025-11-27 05:00:00+00:00,New York,29.658333,0.7833289999999984
2025-11-27 06:00:00+00:00,New York,29.849998,0.24999799999999794
2025-11-27 07:00:00+00:00,New York,29.891665,2.6916650000000004
2025-11-27 08:00:00+00:00,New York,29.683332,6.483333000000002
2025-11-27 09:00:00+00:00,New York,29.258331,7.941664999999997
2025-11-27 10:00:00+00:00,New York,28.699999,7.475000999999999
2025-11-27 11:00:00+00:00,New York,28.05,6.608333999999999
2025-11-27 12:00:00+00:00,New York,27.3,5.433333000000001
2025-11-27 13:00:00+00:00,New York,26.491663,4.508329
2025-11-27 14:00:00+00:00,New York,25.499996,3.241665000000001
2025-11-27 15:00:00+00:00,New York,24.400002,1.9250040000000013
2025-11-27 16:00:00+00:00,New York,25.2,2.5416670000000003
2025-11-27 17:00:00+00:00,New York,25.2,2.2749999999999986
2025-11-27 18:00:00+00:00,New York,24.8,1.6083339999999993
2025-11-27 19:00:00+00:00,New York,24.0,0.5166649999999997
2025-11-27 20:00:00+00:00,New York,22.8,-0.941669000000001
2025-11-27 21:00:00+00:00,New York,21.199999,-4.720001000000003
2025-11-27 22:00:00+00:00,New York,18.8,-9.559999999999999
2025-11-27 23:00:00+00:00,New York,16.4,-13.8
2025-11-28 00:00:00+00:00,New York,16.4,-10.283334
2025-11-28 01:00:00+00:00,New York,16.4,-11.083332000000002
2025-11-28 02:00:00+00:00,New York,16.8,-11.383333999999998
2025-11-28 03:00:00+00:00,New York,17.2,-11.666669000000002
2025-11-28 04:00:00+00:00,New York,18.0,-11.349998
2025-11-28 05:00:00+00:00,New York,19.199999,-10.458334
2025-11-28 06:00:00+00:00,New York,20.0,-9.849998
2025-11-28 07:00:00+00:00,New York,20.8,-9.091664999999999
2025-11-28 08:00:00+00:00,New York,21.6,-8.083331999999999
2025-11-28 09:00:00+00:00,New York,22.0,-7.258330999999998
2025-11-28 10:00:00+00:00,New York,21.199999,-7.5
2025-11-28 11:00:00+00:00,New York,20.0,-8.05
2025-11-28 12:00:00+00:00,New York,18.4,-8.900000000000002
2025-11-28 13:00:00+00:00,New York,20.0,-6.491662999999999
2025-11-28 14:00:00+00:00,New York,22.4,-3.099996000000001
2025-11-28 15:00:00+00:00,New York,24.400002,0.0
2025-11-28 16:00:00+00:00,New York,26.399998,1.1999980000000008
2025-11-28 17:00:00+00:00,New York,28.4,3.1999999999999993
2025-11-28 18:00:00+00:00,New York,29.6,4.800000000000001
2025-11-28 19:00:00+00:00,New York,29.6,5.600000000000001
2025-11-28 20:00:00+00:00,New York,28.800001,6.000001000000001
2025-11-28 21:00:00+00:00,New York,27.6,6.400001000000003
2025-11-28 22:00:00+00:00,New York,26.399998,7.599997999999999
2025-11-28 23:00:00+00:00,New York,25.2,8.8
2025-11-29 00:00:00+00:00,New York,24.400002,8.000002000000002
2025-11-29 01:00:00+00:00,New York,24.8,8.400000000000002
2025-11-29 02:00:00+00:00,New York,25.2,8.399999999999999
2025-11-29 03:00:00+00:00,New York,25.599998,8.399998
2025-11-29 04:00:00+00:00,New York,26.399998,8.399998
2025-11-29 05:00:00+00:00,New York,27.2,8.000001000000001
2025-11-29 06:00:00+00:00,New York,27.6,7.600000000000001
2025-11-29 07:00:00+00:00,New York,28.0,7.199999999999999
2025-11-29 08:00:00+00:00,New York,27.6,6.0
2025-11-29 09:00:00+00:00,New York,27.2,5.199999999999999
2025-11-29 10:00:00+00:00,New York,25.599998,4.399999000000001
2025-11-29 11:00:00+00:00,New York,23.199999,3.1999989999999983
2025-11-29 12:00:00+00:00,New York,21.6,3.200000000000003
2025-11-29 13:00:00+00:00,New York,23.199999,3.1999989999999983
2025-11-29 14:00:00+00:00,New York,25.2,2.8000000000000007
2025-11-29 15:00:00+00:00,New York,27.2,2.7999979999999987
2025-11-29 16:00:00+00:00,New York,29.2,2.800001999999999
2025-11-29 17:00:00+00:00,New York,30.8,2.400000000000002
2025-11-29 18:00:00+00:00,New York,31.199999,1.5999989999999968
2025-11-29 19:00:00+00:00,New York,30.4,0.7999999999999972
2025-11-29 20:00:00+00:00,New York,28.800001,0.0
2025-11-29 21:00:00+00:00,New York,24.8,-2.8000000000000007
2025-11-29 22:00:00+00:00,New York,18.3,-8.099998
2025-11-29 23:00:00+00:00,New York,27.16,1.9600000000000009
2025-11-30 00:00:00+00:00,New York,34.08,9.679997999999998
2025-11-30 01:00:00+00:00,New York,34.08,9.279999999999998
2025-11-30 02:00:00+00:00,New York,34.039997,8.839997
2025-11-30 03:00:00+00:00,New York,34.0,8.400002
2025-11-30 04:00:00+00:00,New York,34.08,7.680001999999998
2025-11-30 05:00:00+00:00,New York,34.16,6.959999999999997
2025-11-30 06:00:00+00:00,New York,33.800003,6.200002999999995
2025-11-30 07:00:00+00:00,New York,32.52,4.520000000000003
2025-11-30 08:00:00+00:00,New York,30.8,3.1999999999999993
2025-11-30 09:00:00+00:00,New York,29.560001,2.3600010000000005
2025-11-30 10:00:00+00:00,New York,29.400002,3.8000040000000013
2025-11-30 11:00:00+00:00,New York,30.29167,7.091671000000002
2025-11-30 12:00:00+00:00,New York,31.491669,9.891669
2025-11-30 13:00:00+00:00,New York,32.250004,9.050004999999999
2025-11-30 14:00:00+00:00,New York,32.808334,7.608334000000003
2025-11-30 15:00:00+00:00,New York,33.2,6.0000000000000036
2025-11-30 16:00:00+00:00,New York,33.74167,4.54167
2025-11-30 17:00:00+00:00,New York,34.350002,3.5500020000000028
2025-11-30 18:00:00+00:00,New York,35.091667,3.891668000000003
2025-11-30 19:00:00+00:00,New York,35.86667,5.466670000000001
2025-11-30 20:00:00+00:00,New York,36.625,7.824998999999998
2025-11-30 21:00:00+00:00,New York,37.4,12.599999999999998
2025-11-30 22:00:00+00:00,New York,38.075,19.775000000000002
2025-11-30 23:00:00+00:00,New York,38.34167,11.18167
2025-12-01 00:00:00+00:00,New York,38.24167,4.161670000000001
2025-12-01 01:00:00+00:00,New York,36.775,2.6950000000000003
2025-12-01 02:00:00+00:00,New York,34.983334,0.9433369999999996
2025-12-01 03:00:00+00:00,New York,33.266666,-0.7333339999999993
2025-12-01 04:00:00+00:00,New York,31.883333,-2.196666999999998
2025-12-01 05:00:00+00:00,New York,30.533335,-3.6266649999999956
2025-12-01 06:00:00+00:00,New York,28.991669,-4.808333999999995
2025-12-01 07:00:00+00:00,New York,27.25,-5.270000000000003
2025-12-01 08:00:00+00:00,New York,25.475004,-5.324996000000002
2025-12-01 09:00:00+00:00,New York,23.733334,-5.8266670000000005
2025-12-01 10:00:00+00:00,New York,22.133333,-7.266669
2025-12-01 11:00:00+00:00,New York,20.75,-9.54167
2025-12-01 12:00:00+00:00,New York,19.5,-11.991669000000002
2025-12-01 13:00:00+00:00,New York,20.8,-11.450003999999996
2025-12-01 14:00:00+00:00,New York,24.0,-8.808334000000002
2025-12-01 15:00:00+00:00,New York,26.800001,-6.399999000000001
2025-12-01 16:00:00+00:00,New York,28.0,-5.741669999999999
2025-12-01 17:00:00+00:00,New York,28.800001,-5.550001000000002
2025-12-01 18:00:00+00:00,New York,28.800001,-6.291665999999999
2025-12-01 19:00:00+00:00,New York,28.800001,-7.066668999999997
2025-12-01 20:00:00+00:00,New York,28.4,-8.225000000000001
2025-12-01 21:00:00+00:00,New York,25.599998,-11.800002
2025-12-01 22:00:00+00:00,New York,18.0,-20.075000000000003
2025-12-01 23:00:00+00:00,New York,25.8,-12.54167
2025-12-02 00:00:00+00:00,New York,32.44,-5.801670000000001
2025-12-02 01:00:00+00:00,New York,32.36,-4.414999999999999
2025-12-02 02:00:00+00:00,New York,32.2,-2.7833339999999964
2025-12-02 03:00:00+00:00,New York,31.960001,-1.3066650000000024
2025-12-02 04:00:00+00:00,New York,31.64,-0.2433329999999998
2025-12-02 05:00:00+00:00,New York,31.279999,0.7466639999999991
2025-12-02 06:00:00+00:00,New York,30.679998,1.6883289999999995
2025-12-02 07:00:00+00:00,New York,29.68,2.4299999999999997
2025-12-02 08:00:00+00:00,New York,28.48,3.004996000000002
2025-12-02 09:00:00+00:00,New York,27.6,3.866666000000002
2025-12-02 10:00:00+00:00,New York,27.32,5.186667
2025-12-02 11:00:00+00:00,New York,27.4,6.649999999999999
2025-12-02 12:00:00+00:00,New York,28.199999,8.699998999999998
2025-12-02 13:00:00+00:00,New York,28.199999,7.3999989999999976
2025-12-02 14:00:00+00:00,New York,29.775002,5.775002000000001
2025-12-02 15:00:00+00:00,New York,31.616669,4.816668
2025-12-02 16:00:00+00:00,New York,34.033337,6.033337000000003
2025-12-02 17:00:00+00:00,New York,36.600002,7.800001000000002
2025-12-02 18:00:00+00:00,New York,38.833336,10.033335000000001
2025-12-02 19:00:00+00:00,New York,41.300003,12.500001999999995
2025-12-02 20:00:00+00:00,New York,43.733337,15.333337
2025-12-02 21:00:00+00:00,New York,45.4,19.800002
2025-12-02 22:00:00+00:00,New York,46.9,28.9
2025-12-02 23:00:00+00:00,New York,47.750008,21.950008
2025-12-03 00:00:00+00:00,New York,47.933327,15.493327
2025-12-03 01:00:00+00:00,New York,45.799995,13.439995000000003
2025-12-03 02:00:00+00:00,New York,43.48333,11.28333
2025-12-03 03:00:00+00:00,New York,41.1,9.139999000000003
2025-12-03 04:00:00+00:00,New York,39.25,7.609999999999999
2025-12-03 05:00:00+00:00,New York,37.849995,6.569996
2025-12-03 06:00:00+00:00,New York,36.333332,5.653333999999997
2025-12-03 07:00:00+00:00,New York,34.774998,5.094997999999997
2025-12-03 08:00:00+00:00,New York,33.208332,4.728331999999998
2025-12-03 09:00:00+00:00,New York,31.549997,3.9499969999999998
2025-12-03 10:00:00+00:00,New York,29.824997,2.5049969999999995
2025-12-03 11:00:00+00:00,New York,28.083328,0.683328000000003
2025-12-03 12:00:00+00:00,New York,26.291666,-1.908332999999999
2025-12-03 13:00:00+00:00,New York,24.475,-3.724998999999997
2025-12-03 14:00:00+00:00,New York,22.908333,-6.866669000000002
2025-12-03 15:00:00+00:00,New York,22.8,-8.816669000000001
2025-12-03 16:00:00+00:00,New York,25.2,-8.833337000000004
2025-12-03 17:00:00+00:00,New York,27.2,-9.400002000000004
2025-12-03 18:00:00+00:00,New York,27.6,-11.233336000000001
2025-12-03 19:00:00+00:00,New York,24.8,-16.500002999999996
2025-12-03 20:00:00+00:00,New York,20.0,-23.733337
2025-12-03 21:00:00+00:00,New York,21.6,-23.799999999999997
2025-12-03 22:00:00+00:00,New York,26.199999,-20.700001
2025-12-03 23:00:00+00:00,New York,30.84,-16.910008
2025-12-04 00:00:00+00:00,New York,35.36,-12.573326999999999
2025-12-04 01:00:00+00:00,New York,35.120003,-10.679992000000006
2025-12-04 02:00:00+00:00,New York,34.64,-8.843330000000002
2025-12-04 03:00:00+00:00,New York,33.0,-8.100000000000001
2025-12-04 04:00:00+00:00,New York,29.24,-10.010000000000002
2025-12-04 05:00:00+00:00,New York,24.32,-13.529995
2025-12-04 06:00:00+00:00,New York,21.925001,-14.408330999999997
2025-12-04 07:00:00+00:00,New York,23.425003,-11.349994999999996
2025-12-04 08:00:00+00:00,New York,25.016668,-8.191664
2025-12-04 09:00:00+00:00,New York,26.65,-4.899997000000003
2025-12-04 10:00:00+00:00,New York,28.233334,-1.5916630000000005
2025-12-04 11:00:00+00:00,New York,29.641665,1.558336999999998
2025-12-04 12:00:00+00:00,New York,30.841665,4.549999
2025-12-04 13:00:00+00:00,New York,32.125,7.649999999999999
2025-12-04 14:00:00+00:00,New York,33.30833,10.399996999999999
2025-12-04 15:00:00+00:00,New York,34.38333,11.58333
2025-12-04 16:00:00+00:00,New York,35.2,10.000000000000004
2025-12-04 17:00:00+00:00,New York,35.716663,8.516662999999998
2025-12-04 18:00:00+00:00,New York,35.899998,8.299997999999995
2025-12-04 19:00:00+00:00,New York,35.716663,10.916662999999996
2025-12-04 20:00:00+00:00,New York,35.466663,15.466662999999997
2025-12-04 21:00:00+00:00,New York,35.133327,13.533327
2025-12-04 22:00:00+00:00,New York,34.50833,8.308331000000003
2025-12-04 23:00:00+00:00,New York,33.116665,2.2766649999999977
2025-12-05 00:00:00+00:00,New York,31.666662,-3.6933380000000007
2025-12-05 01:00:00+00:00,New York,29.033333,-6.086669999999998
2025-12-05 02:00:00+00:00,New York,27.2,-7.440000000000001
2025-12-05 03:00:00+00:00,New York,27.6,-5.399999999999999
2025-12-05 04:00:00+00:00,New York,28.0,-1.2399999999999984
2025-12-05 05:00:00+00:00,New York,28.800001,4.4800010000000015
2025-12-05 06:00:00+00:00,New York,29.2,7.2749989999999976
2025-12-05 07:00:00+00:00,New York,29.2,5.774996999999999
2025-12-05 08:00:00+00:00,New York,29.2,4.183332
2025-12-05 09:00:00+00:00,New York,28.0,1.3500000000000014
2025-12-05 10:00:00+00:00,New York,25.599998,-2.633336
2025-12-05 11:00:00+00:00,New York,22.0,-7.641665
2025-12-05 12:00:00+00:00,New York,18.8,-12.041664999999998
2025-12-05 13:00:00+00:00,New York,19.199999,-12.925001000000002
2025-12-05 14:00:00+00:00,New York,20.0,-13.308329999999998
2025-12-05 15:00:00+00:00,New York,20.4,-13.983330000000002
2025-12-05 16:00:00+00:00,New York,20.8,-14.400000000000002
2025-12-05 17:00:00+00:00,New York,20.8,-14.916662999999996
2025-12-05 18:00:00+00:00,New York,20.4,-15.499997999999998
2025-12-05 19:00:00+00:00,New York,20.0,-15.716662999999997
2025-12-05 20:00:00+00:00,New York,19.199999,-16.266664
2025-12-05 21:00:00+00:00,New York,18.4,-16.733327000000003
2025-12-05 22:00:00+00:00,New York,23.4,-11.108330000000002
2025-12-05 23:00:00+00:00,New York,29.44,-3.6766649999999963
2025-12-06 00:00:00+00:00,New York,32.72,1.053338
2025-12-06 01:00:00+00:00,New York,32.760002,3.726669000000001
2025-12-06 02:00:00+00:00,New York,32.8,5.599999999999998
2025-12-06 03:00:00+00:00,New York,32.72,5.119999999999997
2025-12-06 04:00:00+00:00,New York,32.4,4.399999999999999
2025-12-06 05:00:00+00:00,New York,31.920002,3.1200009999999985
2025-12-06 06:00:00+00:00,New York,31.44,2.240000000000002
2025-12-06 07:00:00+00:00,New York,31.0,1.8000000000000007
2025-12-06 08:00:00+00:00,New York,30.560001,1.3600010000000005
2025-12-06 09:00:00+00:00,New York,30.2,2.1999999999999993
2025-12-06 10:00:00+00:00,New York,30.12,4.520002000000002
2025-12-06 11:00:00+00:00,New York,30.12,8.120000000000001
2025-12-06 12:00:00+00:00,New York,30.48,11.68
2025-12-06 13:00:00+00:00,New York,29.68,10.480001000000001
2025-12-06 14:00:00+00:00,New York,29.800003,9.800003
2025-12-06 15:00:00+00:00,New York,31.283337,10.883337000000001
2025-12-06 16:00:00+00:00,New York,32.783337,11.983337000000002
2025-12-06 17:00:00+00:00,New York,34.300003,13.500002999999996
2025-12-06 18:00:00+00:00,New York,35.7,15.300000000000004
2025-12-06 19:00:00+00:00,New York,37.000004,17.000003999999997
2025-12-06 20:00:00+00:00,New York,38.125004,18.925005
2025-12-06 21:00:00+00:00,New York,39.13334,20.73334
2025-12-06 22:00:00+00:00,New York,40.366676,16.966676
2025-12-06 23:00:00+00:00,New York,42.51667,13.076669999999996
2025-12-07 00:00:00+00:00,New York,44.16667,11.446670000000005
2025-12-07 01:00:00+00:00,New York,45.55001,12.790008
2025-12-07 02:00:00+00:00,New York,46.233337,13.433337000000002
2025-12-07 03:00:00+00:00,New York,46.450005,13.730004999999998
2025-12-07 04:00:00+00:00,New York,46.583336,14.183336000000004
2025-12-07 05:00:00+00:00,New York,46.600006,14.680004
2025-12-07 06:00:00+00:00,New York,46.483337,15.043336999999998
2025-12-07 07:00:00+00:00,New York,46.166664,15.166663999999997
2025-12-07 08:00:00+00:00,New York,45.466675,14.906674000000002
2025-12-07 09:00:00+00:00,New York,44.53334,14.333340000000003
2025-12-07 10:00:00+00:00,New York,43.366676,13.246675999999997
2025-12-07 11:00:00+00:00,New York,42.13334,12.013339999999996
2025-12-07 12:00:00+00:00,New York,41.0,10.52
2025-12-07 13:00:00+00:00,New York,41.01667,11.336669999999998
2025-12-07 14:00:00+00:00,New York,41.65,11.849996999999998
2025-12-07 15:00:00+00:00,New York,43.066666,11.783328999999998
2025-12-07 16:00:00+00:00,New York,42.816658,10.033320999999994
2025-12-07 17:00:00+00:00,New York,41.449997,7.149994000000007
2025-12-07 18:00:00+00:00,New York,40.08333,4.383329999999994
2025-12-07 19:00:00+00:00,New York,39.38333,2.383326000000004
2025-12-07 20:00:00+00:00,New York,38.816666,0.6916620000000009
2025-12-07 21:00:00+00:00,New York,38.4,-0.7333399999999983
2025-12-07 22:00:00+00:00,New York,38.19167,-2.175005999999996
2025-12-07 23:00:00+00:00,New York,37.99167,-4.524999999999999
2025-12-08 00:00:00+00:00,New York,37.791668,-6.375002000000002
2025-12-08 01:00:00+00:00,New York,38.291668,-7.258341999999999
2025-12-08 02:00:00+00:00,New York,38.558334,-7.675002999999997
2025-12-08 03:00:00+00:00,New York,38.71667,-7.733334999999997
2025-12-08 04:00:00+00:00,New York,38.916668,-7.666668000000001
2025-12-08 05:00:00+00:00,New York,39.225002,-7.375003999999997
2025-12-08 06:00:00+00:00,New York,39.608334,-6.8750029999999995
2025-12-08 07:00:00+00:00,New York,39.841667,-6.324996999999996
2025-12-08 08:00:00+00:00,New York,39.525,-5.941675000000004
2025-12-08 09:00:00+00:00,New York,38.825005,-5.708335000000005
2025-12-08 10:00:00+00:00,New York,38.041668,-5.325007999999997
2025-12-08 11:00:00+00:00,New York,37.258335,-4.8750049999999945
2025-12-08 12:00:00+00:00,New York,36.341667,-4.658332999999999
2025-12-08 13:00:00+00:00,New York,34.533337,-6.483332999999995
2025-12-08 14:00:00+00:00,New York,32.233334,-9.416666
2025-12-08 15:00:00+00:00,New York,29.741665,-13.325000999999997
2025-12-08 16:00:00+00:00,New York,28.800001,-14.016656999999995
2025-12-08 17:00:00+00:00,New York,28.800001,-12.649996000000002
2025-12-08 18:00:00+00:00,New York,28.4,-11.683329999999998
2025-12-08 19:00:00+00:00,New York,27.6,-11.78333
2025-12-08 20:00:00+00:00,New York,26.399998,-12.416667999999998
2025-12-08 21:00:00+00:00,New York,25.2,-13.2
2025-12-08 22:00:00+00:00,New York,23.600002,-14.591668000000002
2025-12-08 23:00:00+00:00,New York,22.0,-15.99167
2025-12-09 00:00:00+00:00,New York,19.85,-17.941668
2025-12-09 01:00:00+00:00,New York,19.05,-19.241668
2025-12-09 02:00:00+00:00,New York,17.85,-20.708334
2025-12-09 03:00:00+00:00,New York,17.6,-21.11667
2025-12-09 04:00:00+00:00,New York,18.8,-20.116668
2025-12-09 05:00:00+00:00,New York,20.4,-18.825002000000005
2025-12-09 06:00:00+00:00,New York,21.6,-18.008333999999998
2025-12-09 07:00:00+00:00,New York,22.4,-17.441667000000002
2025-12-09 08:00:00+00:00,New York,23.199999,-16.325001
2025-12-09 09:00:00+00:00,New York,22.0,-16.825004999999997
2025-12-09 10:00:00+00:00,New York,17.2,-20.841668000000002
2025-12-09 11:00:00+00:00,New York,21.44,-15.818335000000001
2025-12-09 12:00:00+00:00,New York,25.64,-10.701667
2025-12-09 13:00:00+00:00,New York,23.16,-11.373337000000003
2025-12-09 14:00:00+00:00,New York,19.7,-12.533334
2025-12-09 15:00:00+00:00,New York,18.8,-10.941665
2025-12-09 16:00:00+00:00,New York,20.8,-8.000001000000001
2025-12-09 17:00:00+00:00,New York,22.0,-6.800001000000002
2025-12-09 18:00:00+00:00,New York,22.0,-6.399999999999999
2025-12-09 19:00:00+00:00,New York,20.4,-7.200000000000003
2025-12-09 20:00:00+00:00,New York,19.75,-6.649998
2025-12-09 21:00:00+00:00,New York,21.32,-3.879999999999999
2025-12-09 22:00:00+00:00,New York,22.04,-1.5600020000000008
2025-12-09 23:00:00+00:00,New York,22.24,0.23999999999999844
2025-12-10 00:00:00+00:00,New York,21.039999,1.1899990000000003
2025-12-10 01:00:00+00:00,New York,18.45,-0.6000000000000014
2025-12-10 02:00:00+00:00,New York,18.4,0.5499999999999972
2025-12-10 03:00:00+00:00,New York,20.8,3.1999999999999993
2025-12-10 04:00:00+00:00,New York,22.0,3.1999999999999993
2025-12-10 05:00:00+00:00,New York,22.8,2.400000000000002
2025-12-10 06:00:00+00:00,New York,22.8,1.1999999999999993
2025-12-10 07:00:00+00:00,New York,22.8,0.40000000000000213
2025-12-10 08:00:00+00:00,New York,22.4,-0.7999989999999997
2025-12-10 09:00:00+00:00,New York,20.8,-1.1999999999999993
2025-12-10 10:00:00+00:00,New York,19.383333,2.183333000000001
2025-12-10 11:00:00+00:00,New York,19.75,-1.6900000000000013
2025-12-10 12:00:00+00:00,New York,22.880001,-2.7599990000000005
2025-12-10 13:00:00+00:00,New York,20.558334,-2.6016660000000016
2025-12-10 14:00:00+00:00,New York,20.783333,1.0833329999999997
2025-12-10 15:00:00+00:00,New York,21.100002,2.300001999999999
2025-12-10 16:00:00+00:00,New York,21.408333,0.6083329999999982
2025-12-10 17:00:00+00:00,New York,21.691666,-0.30833399999999855
2025-12-10 18:00:00+00:00,New York,21.925003,-0.07499699999999976
2025-12-10 19:00:00+00:00,New York,22.075003,1.6750030000000002
2025-12-10 20:00:00+00:00,New York,22.200003,2.450002999999999
2025-12-10 21:00:00+00:00,New York,22.325003,1.0050029999999985
2025-12-10 22:00:00+00:00,New York,22.533337,0.49333700000000036
2025-12-10 23:00:00+00:00,New York,22.75,0.5100000000000016
2025-12-11 00:00:00+00:00,New York,23.058336,2.018336999999999
2025-12-11 01:00:00+00:00,New York,23.04167,4.591670000000001
2025-12-11 02:00:00+00:00,New York,23.116669,4.716669000000003
2025-12-11 03:00:00+00:00,New York,23.35,2.5500000000000007
2025-12-11 04:00:00+00:00,New York,23.683334,1.6833339999999986
2025-12-11 05:00:00+00:00,New York,24.050003,1.2500029999999995
2025-12-11 06:00:00+00:00,New York,24.333336,1.5333359999999985
2025-12-11 07:00:00+00:00,New York,24.416672,1.6166719999999977
2025-12-11 08:00:00+00:00,New York,24.241667,1.841667000000001
2025-12-11 09:00:00+00:00,New York,23.791664,2.991664
2025-12-11 10:00:00+00:00,New York,23.041664,3.6583310000000004
2025-12-11 11:00:00+00:00,New York,22.158333,2.408332999999999
2025-12-11 12:00:00+00:00,New York,21.216663,-1.6633379999999995
2025-12-11 13:00:00+00:00,New York,21.199999,0.6416649999999997
2025-12-11 14:00:00+00:00,New York,24.8,4.016667000000002
2025-12-11 15:00:00+00:00,New York,27.6,6.4999980000000015
2025-12-11 16:00:00+00:00,New York,29.2,7.791667
2025-12-11 17:00:00+00:00,New York,29.6,7.908334
2025-12-11 18:00:00+00:00,New York,30.0,8.074997
2025-12-11 19:00:00+00:00,New York,30.0,7.924997000000001
2025-12-11 20:00:00+00:00,New York,29.2,6.9999970000000005
2025-12-11 21:00:00+00:00,New York,28.4,6.074997
2025-12-11 22:00:00+00:00,New York,26.800001,4.266664000000002
2025-12-11 23:00:00+00:00,New York,24.8,2.0500000000000007
2025-12-12 00:00:00+00:00,New York,21.6,-1.4583359999999992
2025-12-12 01:00:00+00:00,New York,22.0,-1.0416699999999999
2025-12-12 02:00:00+00:00,New York,22.8,-0.316669000000001
2025-12-12 03:00:00+00:00,New York,23.600002,0.2500019999999985
2025-12-12 04:00:00+00:00,New York,24.400002,0.7166680000000021
2025-12-12 05:00:00+00:00,New York,25.599998,1.5499949999999991
2025-12-12 06:00:00+00:00,New York,26.399998,2.066662000000001
2025-12-12 07:00:00+00:00,New York,27.2,2.783328000000001
2025-12-12 08:00:00+00:00,New York,27.6,3.358333000000002
2025-12-12 09:00:00+00:00,New York,27.2,3.4083359999999985
2025-12-12 10:00:00+00:00,New York,25.599998,2.5583339999999986
2025-12-12 11:00:00+00:00,New York,23.199999,1.0416659999999993
2025-12-12 12:00:00+00:00,New York,20.4,-0.8166630000000019
2025-12-12 13:00:00+00:00,New York,22.0,0.8000010000000017
2025-12-12 14:00:00+00:00,New York,24.0,-0.8000000000000007
2025-12-12 15:00:00+00:00,New York,26.0,-1.6000000000000014
2025-12-12 16:00:00+00:00,New York,27.2,-2.0
2025-12-12 17:00:00+00:00,New York,28.0,-1.6000000000000014
2025-12-12 18:00:00+00:00,New York,28.0,-2.0
2025-12-12 19:00:00+00:00,New York,27.2,-2.8000000000000007
2025-12-12 20:00:00+00:00,New York,26.0,-3.1999999999999993
2025-12-12 21:00:00+00:00,New York,24.0,-4.399999999999999
2025-12-12 22:00:00+00:00,New York,20.4,-6.400001000000003
2025-12-12 23:00:00+00:00,New York,18.4,-6.400000000000002
2025-12-13 00:00:00+00:00,New York,25.079998,3.4799979999999984
2025-12-13 01:00:00+00:00,New York,25.56,3.5599999999999987
2025-12-13 02:00:00+00:00,New York,26.160002,3.360001999999998
2025-12-13 03:00:00+00:00,New York,26.039999,2.4399970000000017
2025-12-13 04:00:00+00:00,New York,24.32,-0.08000200000000035
2025-12-13 05:00:00+00:00,New York,21.919998,-3.6799999999999997
2025-12-13 06:00:00+00:00,New York,20.480001,-5.919996999999999
2025-12-13 07:00:00+00:00,New York,20.92,-6.279999999999998
2025-12-13 08:00:00+00:00,New York,22.36,-5.240000000000002
2025-12-13 09:00:00+00:00,New York,23.839998,-3.360001999999998
2025-12-13 10:00:00+00:00,New York,25.4,-0.1999980000000008
2025-12-13 11:00:00+00:00,New York,27.04,3.840001000000001
2025-12-13 12:00:00+00:00,New York,29.279999,8.879999000000002
2025-12-13 13:00:00+00:00,New York,27.280003,5.280003000000001
2025-12-13 14:00:00+00:00,New York,24.400002,0.40000200000000063
2025-12-13 15:00:00+00:00,New York,24.558334,-1.4416660000000014
2025-12-13 16:00:00+00:00,New York,25.766668,-1.433332
2025-12-13 17:00:00+00:00,New York,26.974998,-1.0250020000000006
2025-12-13 18:00:00+00:00,New York,28.066664,0.06666399999999939
2025-12-13 19:00:00+00:00,New York,29.041664,1.8416640000000015
2025-12-13 20:00:00+00:00,New York,30.024996,4.024996000000002
2025-12-13 21:00:00+00:00,New York,31.049997,7.049997000000001
2025-12-13 22:00:00+00:00,New York,32.083332,11.683332
2025-12-13 23:00:00+00:00,New York,33.199993,14.799993
2025-12-14 00:00:00+00:00,New York,34.491665,9.411666999999998
2025-12-14 01:00:00+00:00,New York,36.324997,10.764997000000005
2025-12-14 02:00:00+00:00,New York,37.899998,11.739995999999998
2025-12-14 03:00:00+00:00,New York,39.391666,13.351666999999999
2025-12-14 04:00:00+00:00,New York,41.600006,17.280006
2025-12-14 05:00:00+00:00,New York,44.200005,22.280006999999998
2025-12-14 06:00:00+00:00,New York,46.75,26.269999
2025-12-14 07:00:00+00:00,New York,49.216675,28.296675
2025-12-14 08:00:00+00:00,New York,51.466675,29.106675000000003
2025-12-14 09:00:00+00:00,New York,53.51667,29.676671999999996
2025-12-14 10:00:00+00:00,New York,55.500008,30.100008000000003
2025-12-14 11:00:00+00:00,New York,57.533333,30.493333
2025-12-14 12:00:00+00:00,New York,59.433327,30.153328
2025-12-14 13:00:00+00:00,New York,61.109997,33.829994
2025-12-14 14:00:00+00:00,New York,62.163334,37.763332
2025-12-14 15:00:00+00:00,New York,62.66333,38.104996
2025-12-14 16:00:00+00:00,New York,62.67,36.903332000000006
2025-12-14 17:00:00+00:00,New York,62.42,35.445002
2025-12-14 18:00:00+00:00,New York,62.103333,34.036669
2025-12-14 19:00:00+00:00,New York,61.80333,32.761666000000005
2025-12-14 20:00:00+00:00,New York,61.489998,31.465002
2025-12-14 21:00:00+00:00,New York,61.146664,30.096667
2025-12-14 22:00:00+00:00,New York,60.76,28.676668
2025-12-14 23:00:00+00:00,New York,60.283333,27.08334
2025-12-15 00:00:00+00:00,New York,58.450005,23.95834
2025-12-15 01:00:00+00:00,New York,53.233337,16.908339999999995
2025-12-15 02:00:00+00:00,New York,48.36666,10.466662000000007
2025-12-15 03:00:00+00:00,New York,43.516663,4.1249970000000005
2025-12-15 04:00:00+00:00,New York,39.31666,-2.2833460000000017
2025-12-15 05:00:00+00:00,New York,36.925,-7.275005
2025-12-15 06:00:00+00:00,New York,34.541664,-12.208336000000003
2025-12-15 07:00:00+00:00,New York,32.18333,-17.033345000000004
2025-12-15 08:00:00+00:00,New York,29.850002,-21.616673000000002
2025-12-15 09:00:00+00:00,New York,27.483334,-26.033336
2025-12-15 10:00:00+00:00,New York,25.000002,-30.500006000000003
2025-12-15 11:00:00+00:00,New York,23.199999,-34.333334
2025-12-15 12:00:00+00:00,New York,22.8,-36.633326999999994
2025-12-15 13:00:00+00:00,New York,23.600002,-37.509995
2025-12-15 14:00:00+00:00,New York,24.400002,-37.763332
2025-12-15 15:00:00+00:00,New York,25.2,-37.46333
2025-12-15 16:00:00+00:00,New York,26.0,-36.67
2025-12-15 17:00:00+00:00,New York,26.800001,-35.619999
2025-12-15 18:00:00+00:00,New York,26.399998,-35.703334999999996
2025-12-15 19:00:00+00:00,New York,24.8,-37.003330000000005
2025-12-15 20:00:00+00:00,New York,22.0,-39.489998
2025-12-15 21:00:00+00:00,New York,18.4,-42.746664
2025-12-15 22:00:00+00:00,New York,18.7,-42.06
2025-12-15 23:00:00+00:00,New York,23.72,-36.563333
2025-12-16 00:00:00+00:00,New York,28.439999,-30.010005999999997
2025-12-16 01:00:00+00:00,New York,27.92,-25.313336999999997
2025-12-16 02:00:00+00:00,New York,27.119999,-21.246661000000003
2025-12-16 03:00:00+00:00,New York,25.64,-17.876663
2025-12-16 04:00:00+00:00,New York,22.880001,-16.436659
2025-12-16 05:00:00+00:00,New York,19.3,-17.624999999999996
2025-12-16 06:00:00+00:00,New York,16.2,-18.341663999999998
2025-12-16 07:00:00+00:00,New York,15.099998,-17.083332
2025-12-16 08:00:00+00:00,New York,15.958332,-13.89167
2025-12-16 09:00:00+00:00,New York,16.891665,-10.591669
2025-12-16 10:00:00+00:00,New York,20.36,-4.640001999999999
2025-12-16 11:00:00+00:00,New York,25.28,2.080001000000003
2025-12-16 12:00:00+00:00,New York,27.4,4.599999999999998
2025-12-16 13:00:00+00:00,New York,24.920002,1.3200000000000003
2025-12-16 14:00:00+00:00,New York,22.924997,-1.4750049999999995
2025-12-16 15:00:00+00:00,New York,24.474998,-0.7250019999999999
2025-12-16 16:00:00+00:00,New York,25.891665,-0.10833500000000029
2025-12-16 17:00:00+00:00,New York,27.15,0.34999899999999684
2025-12-16 18:00:00+00:00,New York,28.5,2.100002
2025-12-16 19:00:00+00:00,New York,29.941666,5.141666000000001
2025-12-16 20:00:00+00:00,New York,31.466665,9.466664999999999
2025-12-16 21:00:00+00:00,New York,33.149998,14.749997999999998
2025-12-16 22:00:00+00:00,New York,35.083332,16.383332
2025-12-16 23:00:00+00:00,New York,37.06666,13.34666
2025-12-17 00:00:00+00:00,New York,38.95833,10.518330999999996
2025-12-17 01:00:00+00:00,New York,41.1,13.18
2025-12-17 02:00:00+00:00,New York,44.533325,17.413325999999998
2025-12-17 03:00:00+00:00,New York,48.1,22.46
2025-12-17 04:00:00+00:00,New York,51.75,28.869999
2025-12-17 05:00:00+00:00,New York,55.466652,36.166652
2025-12-17 06:00:00+00:00,New York,59.18332,42.983320000000006
2025-12-17 07:00:00+00:00,New York,60.54,45.440002
2025-12-17 08:00:00+00:00,New York,61.156662,45.19833
2025-12-17 09:00:00+00:00,New York,61.65333,44.761664999999994
2025-12-17 10:00:00+00:00,New York,61.993332,41.633332
2025-12-17 11:00:00+00:00,New York,62.166664,36.886663999999996
2025-12-17 12:00:00+00:00,New York,62.166664,34.766664
2025-12-17 13:00:00+00:00,New York,62.10333,37.183328
2025-12-17 14:00:00+00:00,New York,61.819996,38.894999
2025-12-17 15:00:00+00:00,New York,61.423332,36.948334
2025-12-17 16:00:00+00:00,New York,61.1,35.208335000000005
2025-12-17 17:00:00+00:00,New York,60.896664,33.746664
2025-12-17 18:00:00+00:00,New York,60.739994,32.239994
2025-12-17 19:00:00+00:00,New York,60.61,30.668333999999998
2025-12-17 20:00:00+00:00,New York,60.53,29.063335000000002
2025-12-17 21:00:00+00:00,New York,60.370003,27.220005
2025-12-17 22:00:00+00:00,New York,59.950012,24.866680000000002
2025-12-17 23:00:00+00:00,New York,57.650017,20.583357
2025-12-18 00:00:00+00:00,New York,55.366676,16.408346
2025-12-18 01:00:00+00:00,New York,53.51667,12.416669999999996
2025-12-18 02:00:00+00:00,New York,51.516663,6.983338000000003
2025-12-18 03:00:00+00:00,New York,49.466675,1.3666750000000008
2025-12-18 04:00:00+00:00,New York,47.166664,-4.583336000000003
2025-12-18 05:00:00+00:00,New York,44.550003,-10.916649000000007
2025-12-18 06:00:00+00:00,New York,42.066673,-17.116647
2025-12-18 07:00:00+00:00,New York,39.983334,-20.556666
2025-12-18 08:00:00+00:00,New York,39.225,-21.931661999999996
2025-12-18 09:00:00+00:00,New York,38.666668,-22.986661999999995
2025-12-18 10:00:00+00:00,New York,38.499996,-23.493336
2025-12-18 11:00:00+00:00,New York,38.825,-23.341663999999994
2025-12-18 12:00:00+00:00,New York,39.61667,-22.549993999999998
2025-12-18 13:00:00+00:00,New York,41.316673,-20.786656999999998
2025-12-18 14:00:00+00:00,New York,44.549995,-17.270001
2025-12-18 15:00:00+00:00,New York,47.36666,-14.056671999999999
2025-12-18 16:00:00+00:00,New York,49.266663,-11.833337
2025-12-18 17:00:00+00:00,New York,49.700005,-11.196659000000004
2025-12-18 18:00:00+00:00,New York,49.35,-11.389994000000002
2025-12-18 19:00:00+00:00,New York,48.549995,-12.060004999999997
2025-12-18 20:00:00+00:00,New York,47.4,-13.130000000000003
2025-12-18 21:00:00+00:00,New York,46.316673,-14.053329999999995
2025-12-18 22:00:00+00:00,New York,45.799995,-14.150016999999998
2025-12-18 23:00:00+00:00,New York,45.61667,-12.033347
2025-12-19 00:00:00+00:00,New York,45.583336,-9.783339999999995
2025-12-19 01:00:00+00:00,New York,45.066673,-8.449996999999996
2025-12-19 02:00:00+00:00,New York,44.63334,-6.883323000000004
2025-12-19 03:00:00+00:00,New York,44.233337,-5.233338000000003
2025-12-19 04:00:00+00:00,New York,43.966667,-3.199996999999996
2025-12-19 05:00:00+00:00,New York,43.75,-0.8000029999999967
2025-12-19 06:00:00+00:00,New York,42.933334,0.8666610000000006
2025-12-19 07:00:00+00:00,New York,41.26667,1.2833359999999985
2025-12-19 08:00:00+00:00,New York,39.583332,0.3583319999999972
2025-12-19 09:00:00+00:00,New York,38.55833,-0.10833800000000338
2025-12-19 10:00:00+00:00,New York,37.391666,-1.1083300000000023
2025-12-19 11:00:00+00:00,New York,35.975,-2.8500000000000014
2025-12-19 12:00:00+00:00,New York,34.283333,-5.333337
2025-12-19 13:00:00+00:00,New York,32.666664,-8.650009000000004
2025-12-19 14:00:00+00:00,New York,30.416664,-14.133331000000002
2025-12-19 15:00:00+00:00,New York,28.4,-18.966660000000005
2025-12-19 16:00:00+00:00,New York,27.2,-22.066663000000002
2025-12-19 17:00:00+00:00,New York,25.599998,-24.100006999999998
2025-12-19 18:00:00+00:00,New York,24.533339,-24.816661
2025-12-19 19:00:00+00:00,New York,23.625,-24.924995000000003
2025-12-19 20:00:00+00:00,New York,24.0,-23.4
2025-12-19 21:00:00+00:00,New York,23.199999,-23.116674000000003
2025-12-19 22:00:00+00:00,New York,20.8,-24.999995000000002
2025-12-19 23:00:00+00:00,New York,19.35,-26.266669999999998
2025-12-20 00:00:00+00:00,New York,17.958334,-27.625002000000002
2025-12-20 01:00:00+00:00,New York,17.2,-27.866673000000002
2025-12-20 02:00:00+00:00,New York,17.6,-27.033339999999995
2025-12-20 03:00:00+00:00,New York,18.4,-25.833337
2025-12-20 04:00:00+00:00,New York,20.0,-23.966667
2025-12-20 05:00:00+00:00,New York,22.4,-21.35
2025-12-20 06:00:00+00:00,New York,24.0,-18.933334000000002
2025-12-20 07:00:00+00:00,New York,24.8,-16.466669999999997
2025-12-20 08:00:00+00:00,New York,25.2,-14.383332
2025-12-20 09:00:00+00:00,New York,24.0,-14.558329999999998
2025-12-20 10:00:00+00:00,New York,20.4,-16.991666000000002
2025-12-20 11:00:00+00:00,New York,15.599999,-20.375001
2025-12-20 12:00:00+00:00,New York,16.4,-17.883333
2025-12-20 13:00:00+00:00,New York,17.2,-15.466663999999998
2025-12-20 14:00:00+00:00,New York,18.4,-12.016664000000002
2025-12-20 15:00:00+00:00,New York,19.6,-8.799999999999997
2025-12-20 16:00:00+00:00,New York,20.8,-6.399999999999999
2025-12-20 17:00:00+00:00,New York,22.0,-3.5999979999999994
2025-12-20 18:00:00+00:00,New York,21.6,-2.933339
2025-12-20 19:00:00+00:00,New York,18.8,-4.824999999999999
2025-12-20 20:00:00+00:00,New York,17.0,-7.0
2025-12-20 21:00:00+00:00,New York,21.039999,-2.1599999999999966
2025-12-20 22:00:00+00:00,New York,24.519999,3.719998999999998
2025-12-20 23:00:00+00:00,New York,27.92,8.57
2025-12-21 00:00:00+00:00,New York,29.519999,11.561664999999998
2025-12-21 01:00:00+00:00,New York,28.039999,10.839999000000002
2025-12-21 02:00:00+00:00,New York,25.880001,8.280000999999999
2025-12-21 03:00:00+00:00,New York,23.12,4.720000000000002
2025-12-21 04:00:00+00:00,New York,19.1,-0.8999999999999986
2025-12-21 05:00:00+00:00,New York,17.741667,-4.658332999999999
2025-12-21 06:00:00+00:00,New York,18.8,-5.199999999999999
2025-12-21 07:00:00+00:00,New York,19.6,-5.199999999999999
2025-12-21 08:00:00+00:00,New York,19.199999,-6.000001000000001
2025-12-21 09:00:00+00:00,New York,18.833332,-5.166668000000001
2025-12-21 10:00:00+00:00,New York,19.133331,-1.2666690000000003
2025-12-21 11:00:00+00:00,New York,19.416666,3.816666999999999
2025-12-21 12:00:00+00:00,New York,21.160002,4.760002
2025-12-21 13:00:00+00:00,New York,20.039999,2.8399990000000024
2025-12-21 14:00:00+00:00,New York,19.466665,1.0666650000000004
2025-12-21 15:00:00+00:00,New York,19.316664,-0.28333600000000203
2025-12-21 16:00:00+00:00,New York,19.466665,-1.3333350000000017
2025-12-21 17:00:00+00:00,New York,22.8,0.8000000000000007
2025-12-21 18:00:00+00:00,New York,27.2,5.599999999999998
2025-12-21 19:00:00+00:00,New York,27.6,8.8
2025-12-21 20:00:00+00:00,New York,25.599998,8.599998
2025-12-21 21:00:00+00:00,New York,23.600002,2.5600029999999983
2025-12-21 22:00:00+00:00,New York,22.0,-2.5199989999999985
2025-12-21 23:00:00+00:00,New York,20.4,-7.520000000000003
2025-12-22 00:00:00+00:00,New York,18.4,-11.119999
2025-12-22 01:00:00+00:00,New York,18.4,-9.639999000000003
2025-12-22 02:00:00+00:00,New York,18.8,-7.080000999999999
2025-12-22 03:00:00+00:00,New York,19.6,-3.5199999999999996
2025-12-22 04:00:00+00:00,New York,21.199999,2.099998999999997
2025-12-22 05:00:00+00:00,New York,22.8,5.058333000000001
2025-12-22 06:00:00+00:00,New York,24.0,5.199999999999999
2025-12-22 07:00:00+00:00,New York,24.400002,4.800001999999999
2025-12-22 08:00:00+00:00,New York,24.0,4.800001000000002
2025-12-22 09:00:00+00:00,New York,22.8,3.966668000000002
2025-12-22 10:00:00+00:00,New York,19.6,0.4666690000000031
2025-12-22 11:00:00+00:00,New York,16.0,-3.4166659999999993
2025-12-22 12:00:00+00:00,New York,16.05,-5.110001999999998
2025-12-22 13:00:00+00:00,New York,15.2,-4.839999000000002
2025-12-22 14:00:00+00:00,New York,18.0,-1.466664999999999
2025-12-22 15:00:00+00:00,New York,20.0,0.6833360000000006
2025-12-22 16:00:00+00:00,New York,21.6,2.1333350000000024
2025-12-22 17:00:00+00:00,New York,22.8,0.0
2025-12-22 18:00:00+00:00,New York,22.4,-4.800000000000001
2025-12-22 19:00:00+00:00,New York,19.6,-8.0
2025-12-22 20:00:00+00:00,New York,15.8,-9.799997999999999
2025-12-22 21:00:00+00:00,New York,20.24,-3.3600020000000015
2025-12-22 22:00:00+00:00,New York,23.52,1.5199999999999996
2025-12-22 23:00:00+00:00,New York,26.64,6.240000000000002
2025-12-23 00:00:00+00:00,New York,28.12,9.720000000000002
2025-12-23 01:00:00+00:00,New York,27.8,9.400000000000002
2025-12-23 02:00:00+00:00,New York,27.32,8.52
2025-12-23 03:00:00+00:00,New York,26.44,6.84
2025-12-23 04:00:00+00:00,New York,24.8,3.6000010000000024
2025-12-23 05:00:00+00:00,New York,22.76,-0.03999999999999915
2025-12-23 06:00:00+00:00,New York,21.36,-2.6400000000000006
2025-12-23 07:00:00+00:00,New York,20.92,-3.480001999999999
2025-12-23 08:00:00+00:00,New York,21.119999,-2.880001
2025-12-23 09:00:00+00:00,New York,21.72,-1.0800000000000018
2025-12-23 10:00:00+00:00,New York,23.0,3.3999999999999986
2025-12-23 11:00:00+00:00,New York,24.72,8.719999999999999
2025-12-23 12:00:00+00:00,New York,26.32,10.27
2025-12-23 13:00:00+00:00,New York,26.240002,11.040002000000001
2025-12-23 14:00:00+00:00,New York,26.039999,8.039999000000002
2025-12-23 15:00:00+00:00,New York,25.683334,5.6833339999999986
2025-12-23 16:00:00+00:00,New York,26.925001,5.325001
2025-12-23 17:00:00+00:00,New York,27.791668,4.991668000000001
2025-12-23 18:00:00+00:00,New York,28.25,5.850000000000001
2025-12-23 19:00:00+00:00,New York,28.633331,9.033330999999997
2025-12-23 20:00:00+00:00,New York,29.08333,13.28333
2025-12-23 21:00:00+00:00,New York,31.960001,11.720001
2025-12-23 22:00:00+00:00,New York,33.28,9.760000000000002
2025-12-23 23:00:00+00:00,New York,33.2,6.560000000000002
2025-12-24 00:00:00+00:00,New York,32.43333,4.313329999999997
2025-12-24 01:00:00+00:00,New York,33.375,5.574999999999999
2025-12-24 02:00:00+00:00,New York,34.249996,6.929996000000003
2025-12-24 03:00:00+00:00,New York,35.024998,8.584997999999995
2025-12-24 04:00:00+00:00,New York,35.75,10.95
2025-12-24 05:00:00+00:00,New York,36.399998,13.639997999999995
2025-12-24 06:00:00+00:00,New York,36.958332,15.598332
2025-12-24 07:00:00+00:00,New York,37.425,16.504999999999995
2025-12-24 08:00:00+00:00,New York,37.725,16.605001
2025-12-24 09:00:00+00:00,New York,37.783333,16.063333
2025-12-24 10:00:00+00:00,New York,37.708336,14.708336000000003
2025-12-24 11:00:00+00:00,New York,37.491665,12.771664999999999
2025-12-24 12:00:00+00:00,New York,36.891666,10.571666
2025-12-24 13:00:00+00:00,New York,36.0,9.759998
2025-12-24 14:00:00+00:00,New York,34.716667,8.676668
2025-12-24 15:00:00+00:00,New York,33.266666,7.583332000000002
2025-12-24 16:00:00+00:00,New York,31.816666,4.891665
2025-12-24 17:00:00+00:00,New York,30.608332,2.8166639999999994
2025-12-24 18:00:00+00:00,New York,29.76667,1.5166700000000013
2025-12-24 19:00:00+00:00,New York,28.975,0.3416690000000031
2025-12-24 20:00:00+00:00,New York,28.09167,-0.9916599999999995
2025-12-24 21:00:00+00:00,New York,27.025002,-4.934998999999998
2025-12-24 22:00:00+00:00,New York,25.583334,-7.6966660000000005
2025-12-24 23:00:00+00:00,New York,23.708328,-9.491672000000001
2025-12-25 00:00:00+00:00,New York,28.080002,-4.353327999999998
2025-12-25 01:00:00+00:00,New York,28.12,-5.254999999999999
2025-12-25 02:00:00+00:00,New York,28.199999,-6.049997000000005
2025-12-25 03:00:00+00:00,New York,28.16,-6.864997999999996
2025-12-25 04:00:00+00:00,New York,28.0,-7.75
2025-12-25 05:00:00+00:00,New York,27.76,-8.639997999999995
2025-12-25 06:00:00+00:00,New York,27.560001,-9.398330999999999
2025-12-25 07:00:00+00:00,New York,27.4,-10.024999999999999
2025-12-25 08:00:00+00:00,New York,27.280003,-10.444997
2025-12-25 09:00:00+00:00,New York,27.466667,-10.316665999999998
2025-12-25 10:00:00+00:00,New York,28.775002,-8.933334000000002
2025-12-25 11:00:00+00:00,New York,29.691668,-7.799996999999998
2025-12-25 12:00:00+00:00,New York,30.508331,-6.383335000000002
2025-12-25 13:00:00+00:00,New York,31.400002,-4.599997999999999
2025-12-25 14:00:00+00:00,New York,32.291668,-2.4249989999999997
2025-12-25 15:00:00+00:00,New York,33.133335,-0.1333309999999983
2025-12-25 16:00:00+00:00,New York,33.975002,2.158336000000002
2025-12-25 17:00:00+00:00,New York,35.016666,4.408334
2025-12-25 18:00:00+00:00,New York,36.158333,6.391662999999998
2025-12-25 19:00:00+00:00,New York,37.374996,8.399996000000002
2025-12-25 20:00:00+00:00,New York,38.55,10.458329999999997
2025-12-25 21:00:00+00:00,New York,39.291664,12.266661999999997
2025-12-25 22:00:00+00:00,New York,39.54166,13.958326
2025-12-25 23:00:00+00:00,New York,39.474995,15.766666999999998
2025-12-26 00:00:00+00:00,New York,39.174995,11.094993000000002
2025-12-26 01:00:00+00:00,New York,37.949997,9.829997000000002
2025-12-26 02:00:00+00:00,New York,36.483334,8.283335000000001
2025-12-26 03:00:00+00:00,New York,34.891666,6.731666000000001
2025-12-26 04:00:00+00:00,New York,33.18333,5.183329999999998
2025-12-26 05:00:00+00:00,New York,31.033333,3.2733329999999974
2025-12-26 06:00:00+00:00,New York,28.549997,0.9899960000000014
2025-12-26 07:00:00+00:00,New York,26.800001,-0.5999989999999968
2025-12-26 08:00:00+00:00,New York,27.2,-0.08000300000000138
2025-12-26 09:00:00+00:00,New York,26.800001,-0.6666659999999993
2025-12-26 10:00:00+00:00,New York,25.2,-3.5750020000000013
2025-12-26 11:00:00+00:00,New York,23.199999,-6.491669000000002
2025-12-26 12:00:00+00:00,New York,22.8,-7.708330999999998
2025-12-26 13:00:00+00:00,New York,22.0,-9.400002
2025-12-26 14:00:00+00:00,New York,21.199999,-11.091669000000003
2025-12-26 15:00:00+00:00,New York,20.4,-12.733335000000004
2025-12-26 16:00:00+00:00,New York,20.8,-13.175002000000003
2025-12-26 17:00:00+00:00,New York,21.6,-13.416666
2025-12-26 18:00:00+00:00,New York,21.199999,-14.958334
2025-12-26 19:00:00+00:00,New York,18.4,-18.974996000000004
2025-12-26 20:00:00+00:00,New York,20.76,-17.789999999999996
2025-12-26 21:00:00+00:00,New York,23.52,-15.771663999999998
2025-12-26 22:00:00+00:00,New York,24.119999,-15.421661
2025-12-26 23:00:00+00:00,New York,23.600002,-15.874993
2025-12-27 00:00:00+00:00,New York,24.2,-14.974995000000003
2025-12-27 01:00:00+00:00,New York,24.119999,-13.829998000000003
2025-12-27 02:00:00+00:00,New York,23.880001,-12.603333
2025-12-27 03:00:00+00:00,New York,22.76,-12.131666
2025-12-27 04:00:00+00:00,New York,20.039999,-13.143330999999996
2025-12-27 05:00:00+00:00,New York,18.0,-13.033332999999999
2025-12-27 06:00:00+00:00,New York,20.8,-7.7499970000000005
2025-12-27 07:00:00+00:00,New York,22.8,-4.000001000000001
2025-12-27 08:00:00+00:00,New York,23.600002,-3.5999979999999994
2025-12-27 09:00:00+00:00,New York,23.600002,-3.199999000000002
2025-12-27 10:00:00+00:00,New York,21.199999,-4.000001000000001
2025-12-27 11:00:00+00:00,New York,17.6,-5.599998999999997
2025-12-27 12:00:00+00:00,New York,15.65,-7.15
2025-12-27 13:00:00+00:00,New York,16.75,-5.25
2025-12-27 14:00:00+00:00,New York,18.25,-2.9499989999999983
2025-12-27 15:00:00+00:00,New York,18.9,-1.5
2025-12-27 16:00:00+00:00,New York,17.7,-3.1000000000000014
2025-12-27 17:00:00+00:00,New York,17.641668,-3.958332000000002
2025-12-27 18:00:00+00:00,New York,18.183334,-3.0166649999999997
2025-12-27 19:00:00+00:00,New York,18.650002,0.25000200000000206
2025-12-27 20:00:00+00:00,New York,19.000002,-1.759998000000003
2025-12-27 21:00:00+00:00,New York,21.400002,-2.119997999999999
2025-12-27 22:00:00+00:00,New York,25.32,1.2000010000000003
2025-12-27 23:00:00+00:00,New York,29.88,6.279997999999999
2025-12-28 00:00:00+00:00,New York,30.679998,6.479998000000002
2025-12-28 01:00:00+00:00,New York,30.4,6.280000999999999
2025-12-28 02:00:00+00:00,New York,29.960001,6.079999999999998
2025-12-28 03:00:00+00:00,New York,29.48,6.719999999999999
2025-12-28 04:00:00+00:00,New York,29.0,8.960000999999998
2025-12-28 05:00:00+00:00,New York,28.52,10.52
2025-12-28 06:00:00+00:00,New York,29.508333,8.708333
2025-12-28 07:00:00+00:00,New York,31.05,8.25
2025-12-28 08:00:00+00:00,New York,32.55,8.949997999999997
2025-12-28 09:00:00+00:00,New York,33.891666,10.291664
2025-12-28 10:00:00+00:00,New York,35.158337,13.958338000000005
2025-12-28 11:00:00+00:00,New York,36.308334,18.708334
2025-12-28 12:00:00+00:00,New York,37.341667,21.691667000000002
2025-12-28 13:00:00+00:00,New York,38.141666,21.391666
2025-12-28 14:00:00+00:00,New York,38.883335,20.633335000000002
2025-12-28 15:00:00+00:00,New York,39.43334,20.533340000000003
2025-12-28 16:00:00+00:00,New York,40.53334,22.833340000000003
2025-12-28 17:00:00+00:00,New York,42.616676,24.975008
2025-12-28 18:00:00+00:00,New York,45.083336,26.900002000000004
2025-12-28 19:00:00+00:00,New York,47.433342,28.783340000000003
2025-12-28 20:00:00+00:00,New York,49.916656,30.916654000000005
2025-12-28 21:00:00+00:00,New York,52.65,31.249997999999998
2025-12-28 22:00:00+00:00,New York,55.350006,30.030006
2025-12-28 23:00:00+00:00,New York,57.333344,27.453343999999998
2025-12-29 00:00:00+00:00,New York,58.5,27.820002
2025-12-29 01:00:00+00:00,New York,59.100006,28.700006000000002
2025-12-29 02:00:00+00:00,New York,58.916664,28.956663
2025-12-29 03:00:00+00:00,New York,57.4,27.919999999999998
2025-12-29 04:00:00+00:00,New York,54.433342,25.433342000000003
2025-12-29 05:00:00+00:00,New York,50.933327,22.413327
2025-12-29 06:00:00+00:00,New York,47.833336,18.325003000000002
2025-12-29 07:00:00+00:00,New York,45.166664,14.116663999999997
2025-12-29 08:00:00+00:00,New York,42.833336,10.283336000000006
2025-12-29 09:00:00+00:00,New York,40.733337,6.841670999999998
2025-12-29 10:00:00+00:00,New York,39.433334,4.274996999999999
2025-12-29 11:00:00+00:00,New York,38.68333,2.374995999999996
2025-12-29 12:00:00+00:00,New York,38.1,0.7583330000000004
2025-12-29 13:00:00+00:00,New York,37.749996,-0.39166999999999774
2025-12-29 14:00:00+00:00,New York,37.574997,-1.3083379999999991
2025-12-29 15:00:00+00:00,New York,37.533333,-1.9000070000000022
2025-12-29 16:00:00+00:00,New York,37.03333,-3.500010000000003
2025-12-29 17:00:00+00:00,New York,36.216663,-6.400013000000001
2025-12-29 18:00:00+00:00,New York,35.141663,-9.941673000000002
2025-12-29 19:00:00+00:00,New York,34.008327,-13.425015000000002
2025-12-29 20:00:00+00:00,New York,32.55,-17.366656000000006
2025-12-29 21:00:00+00:00,New York,30.599998,-22.050002
2025-12-29 22:00:00+00:00,New York,28.391665,-26.958341
2025-12-29 23:00:00+00:00,New York,26.116667,-31.216676999999997
2025-12-30 00:00:00+00:00,New York,23.974998,-34.525002
2025-12-30 01:00:00+00:00,New York,22.500002,-36.600004
2025-12-30 02:00:00+00:00,New York,21.150002,-37.766662
2025-12-30 03:00:00+00:00,New York,20.175001,-37.224999
2025-12-30 04:00:00+00:00,New York,22.4,-32.033342000000005
2025-12-30 05:00:00+00:00,New York,24.8,-26.133326999999998
2025-12-30 06:00:00+00:00,New York,26.399998,-21.433338000000003
2025-12-30 07:00:00+00:00,New York,27.2,-17.966663999999998
2025-12-30 08:00:00+00:00,New York,27.6,-15.233336000000001
2025-12-30 09:00:00+00:00,New York,27.6,-13.133336999999997
2025-12-30 10:00:00+00:00,New York,26.399998,-13.033336000000002
2025-12-30 11:00:00+00:00,New York,24.400002,-14.283327999999997
2025-12-30 12:00:00+00:00,New York,24.0,-14.100000000000001
2025-12-30 13:00:00+00:00,New York,25.2,-12.549996000000004
2025-12-30 14:00:00+00:00,New York,26.800001,-10.774996000000002
2025-12-30 15:00:00+00:00,New York,28.4,-9.133333
2025-12-30 16:00:00+00:00,New York,29.6,-7.433329999999998
2025-12-30 17:00:00+00:00,New York,30.8,-5.416662999999996
2025-12-30 18:00:00+00:00,New York,31.199999,-3.941664000000003
2025-12-30 19:00:00+00:00,New York,30.4,-3.6083270000000027
2025-12-30 20:00:00+00:00,New York,29.2,-3.349999999999998
2025-12-30 21:00:00+00:00,New York,28.0,-2.5999979999999994
2025-12-30 22:00:00+00:00,New York,27.2,-1.1916650000000004
2025-12-30 23:00:00+00:00,New York,26.0,-0.11666699999999963
2025-12-31 00:00:00+00:00,New York,25.2,1.225002
2025-12-31 01:00:00+00:00,New York,25.2,2.699998000000001
2025-12-31 02:00:00+00:00,New York,25.2,4.049997999999999
2025-12-31 03:00:00+00:00,New York,25.599998,5.424996999999998
2025-12-31 04:00:00+00:00,New York,26.399998,3.9999980000000015
2025-12-31 05:00:00+00:00,New York,27.2,2.3999999999999986
2025-12-31 06:00:00+00:00,New York,28.0,1.600002
2025-12-31 07:00:00+00:00,New York,28.0,0.8000000000000007
2025-12-31 08:00:00+00:00,New York,28.0,0.3999999999999986
2025-12-31 09:00:00+00:00,New York,26.800001,-0.7999989999999997
2025-12-31 10:00:00+00:00,New York,24.400002,-1.9999959999999994
2025-12-31 11:00:00+00:00,New York,20.8,-3.600002
2025-12-31 12:00:00+00:00,New York,19.6,-4.399999999999999
2025-12-31 13:00:00+00:00,New York,20.8,-4.399999999999999
2025-12-31 14:00:00+00:00,New York,22.4,-4.400001000000003
2025-12-31 15:00:00+00:00,New York,23.600002,-4.799997999999999
2025-12-31 16:00:00+00:00,New York,24.8,-4.800000000000001
2025-12-31 17:00:00+00:00,New York,26.0,-4.800000000000001
2025-12-31 18:00:00+00:00,New York,26.399998,-4.800000999999998
2025-12-31 19:00:00+00:00,New York,26.0,-4.399999999999999
2025-12-31 20:00:00+00:00,New York,25.2,-4.0
2025-12-31 21:00:00+00:00,New York,22.8,-5.199999999999999
2025-12-31 22:00:00+00:00,New York,17.6,-9.599999999999998
2025-12-31 23:00:00+00:00,New York,23.0,-3.0
