,PM2.5_Scaled
1,0.47976427500262797
2,0.46949813759897596
3,0.4758446023059608
4,0.49406483199075474
5,0.5123809333497249
6,0.5364890086285383
7,0.530477812409171
8,0.5542551144697793
9,0.542430910081255
10,0.48669363263848453
11,0.4843287846131371
12,0.5651417857924916
13,0.5368075356186042
14,0.5189963793768809
15,0.5086463768085782
16,0.4212137739316294
17,0.36412479609369997
18,0.43073466643862485
19,0.5453651728335004
20,0.3630632620137046
21,0.48603397548004024
22,0.5312587781371161
23,0.5191568978867875
24,0.7029963755498045
25,0.4191994893521754
26,0.48122665146626975
27,0.5012379921258449
28,0.4930584388583473
29,0.4919027565320149
30,0.499785026338727
31,0.4898075138264302
32,0.4770691982707505
33,0.4582303409369859
34,0.4784769064804172
35,0.5242343093793964
36,0.39323280182593295
37,0.7105914743769973
38,0.5787213780683602
39,0.43857137554879616
40,0.38978330758243684
41,0.4905618969913228
42,0.5086463768085782
43,0.5267308566258335
44,0.5409779234489456
45,0.5846673783161427
46,0.5569003409197755
47,0.5253899970851414
48,0.6570361929184256
49,0.4820350054508748
50,0.47847689303188373
51,0.49190275446300913
52,0.502777592163068
53,0.4964306719814772
54,0.4889874179816417
55,0.4945208091112091
56,0.4856500541756141
57,0.5004296356009603
58,0.5086463768085782
59,0.5247914923659197
60,0.4839743821822912
61,0.6223153330125443
62,0.5558876401664617
63,0.4334763315076622
64,0.49006587079948016
65,0.4883998092478656
66,0.5223436307762089
67,0.521560491583657
68,0.5324510580584215
69,0.5679237818331404
70,0.6002553501980641
71,0.5625118997041165
72,0.5917284753716274
73,0.4973067293870477
74,0.48594651262385624
75,0.4834084750954337
76,0.48484169156492574
77,0.4715244783276149
78,0.46090414388659456
79,0.4607086148373984
80,0.4477197994414548
81,0.4400337384660926
82,0.4206524697878535
83,0.4609041628727637
84,0.5865580677968187
85,0.5514028584936362
86,0.45627416873029203
87,0.4770691982707505
88,0.5086463768085782
89,0.4970574033586697
90,0.5086463768085782
91,0.5086463768085782
92,0.5086463768085782
93,0.5086463768085782
94,0.5962563625248767
95,0.5388158572231381
96,0.5954986282669444
97,0.47221017534276494
98,0.48484169555873474
99,0.4820350080658685
100,0.47847689639401825
101,0.47381826947324374
102,0.478476899756152
103,0.48603397548004024
104,0.5086463768085782
105,0.5202353502584866
106,0.5196698046872077
107,0.5388158538610043
108,0.687641083429199
109,0.551255821792801
110,0.49026750687338744
111,0.4801121379059349
112,0.4809461576893024
113,0.48264812887725367
114,0.4854531585740837
115,0.46126306461222844
116,0.4930584388583473
117,0.5165747511583018
118,0.5923269634343041
119,0.5434744899075714
120,0.6851039559444373
121,0.49783400070929
122,0.5041722594852434
123,0.5063756487375987
124,0.499328126673114
125,0.498927220694365
126,0.5061498261138002
127,0.4957322598184456
128,0.4921071264544816
129,0.5114883707031086
130,0.5169639615674202
131,0.5166685995403936
132,0.5839155477764724
133,0.5335779253714518
134,0.505248785760704
135,0.49992191270412395
136,0.5121766915454797
137,0.5103910615131193
138,0.49978502355798293
139,0.4898075075395307
140,0.47931731987216275
141,0.4995164258967159
142,0.5391068310107959
143,0.4960911723110361
144,0.4998710780157647
145,0.45878887366729326
146,0.4851514052927391
147,0.5055299752233845
148,0.5238155310224164
149,0.49966762443215695
150,0.4928402458492443
151,0.44035038909996865
152,0.4480360153342755
153,0.44936897612892834
154,0.4582303315230129
155,0.4889874208343614
156,0.5375284693717148
157,0.5421797219047163
158,0.5163059404090853
159,0.4054484531420488
160,0.4835165642013016
161,0.5086463768085782
162,0.5086463768085782
163,0.5215604878919026
164,0.5086463768085782
165,0.5539850007392776
166,0.546389819841566
167,0.499785026338727
168,0.5644208279695525
169,0.4940648343442491
170,0.500986813208071
171,0.5007180024588546
172,0.5004296356009603
173,0.48203501068086163
174,0.478476899756152
175,0.47381827395608817
176,0.5086463768085782
177,0.4957322657252537
178,0.5086463768085782
179,0.5453651628657631
180,0.27145443283382487
181,0.7870312257143872
182,0.4889874208343614
183,0.4755234544018308
184,0.4964306752846261
185,0.4957322657252537
186,0.5086463768085782
187,0.5086463768085782
188,0.5337761894158547
189,0.5312587781371161
190,0.5654272199887209
191,0.5470325984307559
192,0.5223436307762089
193,0.44803602214982413
194,0.4709029337755903
195,0.5086463768085782
196,0.5086463768085782
197,0.5186896063895668
198,0.5182621032018062
199,0.5086463768085782
200,0.4889874208343614
201,0.4755234544018308
202,0.46981931438689434
203,0.5086463768085782
204,0.46173329241086797
205,0.5943865236279722
206,0.5614282551895423
207,0.4889874208343614
208,0.48711242785173925
209,0.5086463768085782
210,0.5086463768085782
211,0.5086463768085782
212,0.5196698046872077
213,0.5191568978867875
214,0.546389819841566
215,0.5086463768085782
216,0.6059755274922545
217,0.47192758078365593
218,0.48036758037661825
219,0.4848416976507295
220,0.49125814726978156
221,0.47976428424544143
222,0.48711242785173925
223,0.4970574033586697
224,0.4964306752846261
225,0.5208620783325303
226,0.5202353502584866
227,0.5402235553464058
228,0.39648369207099726
229,0.6731812696244451
230,0.569714556443225
231,0.5086463768085782
232,0.5026210729707882
233,0.5024559758192673
234,0.4957322620334993
235,0.5151956904016599
236,0.5330956674631863
237,0.5983159727313966
238,0.624837784521044
239,0.5659442539259033
240,0.5050021760995845
241,0.5246013954311786
242,0.5186896101105064
243,0.531959363810585
244,0.5337762018512411
245,0.5348169019303459
246,0.5133050068513346
247,0.529550695322512
248,0.5075930622973643
249,0.5033048619915039
250,0.5171332169491791
251,0.5086463768085782
252,0.5323469215284907
253,0.5417266968635953
254,0.46986990074426416
255,0.4433280652663515
256,0.43845462043526745
257,0.43471734995462075
258,0.4476619436422207
259,0.44680876501019634
260,0.4820350054508748
261,0.5310345313417206
262,0.5043427129549669
263,0.49522051545134577
264,0.5176850028383185
265,0.4901924085773211
266,0.4885499808630548
267,0.4978855092622503
268,0.4973472470573838
269,0.48419708615397006
270,0.48122665146626975
271,0.5012379921258449
272,0.5086463768085782
273,0.5160547614913115
274,0.5486213043221946
275,0.5578378429743971
276,0.6840918202838577
277,0.57977331275776
278,0.5151485679269557
279,0.45662222774964434
280,0.45923671378451786
281,0.45507032994456303
282,0.48163687981694064
283,0.5122044901614957
284,0.5189963785865281
285,0.6307056808745616
286,0.6831862816589953
287,0.5839533566411672
288,0.5086463768085782
289,0.5086463768085782
290,0.5086463768085782
291,0.5086463768085782
292,0.5086463768085782
293,0.5086463768085782
294,0.5086463768085782
295,0.5086463768085782
296,0.5086463768085782
297,0.5086463768085782
298,0.5086463768085782
299,0.5086463768085782
300,0.4306007506586266
301,0.519407246490806
302,0.5129830849080942
303,0.47933432899727124
304,0.5066817074361254
305,0.5086463768085782
306,0.512558778538583
307,0.5086463768085782
308,0.500752628814861
309,0.45186551258894314
310,0.4397420059759879
311,0.4298055143470563
312,0.6458195973215315
313,0.47828353303084165
314,0.49261585746455744
315,0.5086463768085782
316,0.5069789482271536
317,0.49837481046032844
318,0.4846470031129047
319,0.46352404415694287
320,0.442854623135572
321,0.43828188433202414
322,0.4493689717840159
323,0.4970574003858357
324,0.0
325,0.9038523659042234
326,0.48809262614938004
327,0.48603397548004024
328,0.5086463768085782
329,0.5086463768085782
330,0.4964306752846261
331,0.5086463768085782
332,0.5086463768085782
333,0.5736439567134943
334,0.6240600145510256
335,0.5635365465056484
336,0.6802494410288247
337,0.4891757722718274
338,0.47718212646133
339,0.4690062858880505
340,0.46807161428150756
341,0.4811071369255929
342,0.5086463768085782
343,0.5208620827367291
344,0.5164380291048983
345,0.5086463768085782
346,0.5047841370269587
347,0.49664698059845214
348,0.463307739184824
349,0.5232279208419034
350,0.5038896639293603
351,0.4072125828858828
352,0.4930584388583473
353,0.5004296356009603
354,0.5001194977396327
355,0.499785026338727
356,0.5175077272784293
357,0.5333183714348652
358,0.5868824708399295
359,0.5623448438591785
360,0.5913939974109262
361,0.5056136395466815
362,0.5262606593589972
363,0.5450825824806371
364,0.5462048662813563
365,0.5299952169720947
366,0.5247276281535326
367,0.5220390701108923
368,0.5102659934056735
369,0.5020970617915334
370,0.5019015312464566
371,0.5120439678564523
372,0.49829637424027545
373,0.5547859270732787
374,0.4953086034317939
375,0.4895418570032119
376,0.4727080081832305
377,0.5007180003720122
378,0.5204369933568856
379,0.5322595104398197
380,0.5331398910349635
381,0.5349135999724898
382,0.5370871995273148
383,0.5403291705336299
384,0.5446778840420069
385,0.5226082269533182
386,0.514493464268881
387,0.517539442916182
388,0.5179646275846533
389,0.5175954894672118
390,0.5115523404277291
391,0.5020545964305642
392,0.4892575092851132
393,0.4727359292949905
394,0.46362394712616906
395,0.4709029200825323
396,0.5140582655039239
397,0.5351091589741435
398,0.5168206474992967
399,0.4485647158063691
400,0.4713106240484732
401,0.4723425153573396
402,0.47995263285871437
403,0.4674534577565578
404,0.4719275757997852
405,0.6002553536058393
406,0.6585081191607505
407,0.5539850214863336
408,0.5861297898561215
409,0.49986451725533765
410,0.5016509091214427
411,0.5100629053163032
412,0.5128434428296655
413,0.50585701351542
414,0.49639168441502446
415,0.48277456172750577
416,0.46275328854691966
417,0.4456751103056645
418,0.4418484772465032
419,0.4713953345540746
420,0.5128695940278553
421,0.5505355550943999
422,0.5237703854536607
423,0.5037166783886287
424,0.5036067132794267
425,0.5017470454080554
426,0.5255150701582019
427,0.5432421707768872
428,0.5585038827115734
429,0.5612884227506885
430,0.5527735683414162
431,0.5334691206238972
432,0.5096237491652876
433,0.5086463768085782
434,0.5086463768085782
435,0.5086463768085782
436,0.5086463768085782
437,0.4746834972520516
438,0.4709029193497931
439,0.47082172083738
440,0.45796621764133383
441,0.441435867357526
442,0.4523732353336351
443,0.48711241986412296
444,0.4093778365890328
445,0.5868824822412144
446,0.500225444251258
447,0.47476956969431566
448,0.49139100741141717
449,0.5225544919394456
450,0.5310981495332456
451,0.5602804191110382
452,0.5086463768085782
453,0.5272908089110186
454,0.49241839062615556
455,0.4545958885861002
456,0.6428011863804226
457,0.4837148282457045
458,0.51238093365838
459,0.4933228415541437
460,0.47447792560928337
461,0.4570746354525694
462,0.46395051225692624
463,0.4744058708816419
464,0.4915865385701884
465,0.49494912145653897
466,0.4990306483688336
467,0.5135053923691049
468,0.5037873612480515
469,0.5832597047656879
470,0.5562204399670841
471,0.48768368631527254
472,0.4957322601876213
473,0.49139100741141717
474,0.46529138132366166
475,0.4549479097579779
476,0.4914784624118737
477,0.5614282675763517
478,0.5700858629730259
479,0.5597785533200016
480,0.527828178193766
481,0.5263263290699617
482,0.5062038066455544
483,0.5135053928916198
484,0.5180617199911435
485,0.49923103362601284
486,0.48854997862717675
487,0.48658637681653616
488,0.4936782865073202
489,0.5055299752233845
490,0.5208620832872541
491,0.5339326111773044
492,0.5749691204029311
493,0.5534438567102813
494,0.5243426554502557
495,0.48967561262559367
496,0.5119208623498851
497,0.5118740823856488
498,0.5054186712315075
499,0.48824736872205293
500,0.4995714402478348
501,0.5104907588511753
502,0.5362759394132496
503,0.5332623222857014
504,0.5115430260936559
505,0.4937768311330293
506,0.49107362930197657
507,0.5036067132794267
508,0.5069411947756081
509,0.5051969121455666
510,0.5103776921513465
511,0.5086463768085782
512,0.5086463768085782
513,0.5103645261288213
514,0.5103515588415483
515,0.5218434443347497
516,0.5574543487144741
517,0.5443948047718048
518,0.5204556731288745
519,0.45186551270848574
520,0.46255935360087413
521,0.48058735539146563
522,0.510505939119729
523,0.5194933659533473
524,0.5223436338911281
525,0.5292723538702052
526,0.5785191314306382
527,0.6050275322662578
528,0.5337188416054418
529,0.5086463768085782
530,0.5086463768085782
531,0.5086463768085782
532,0.5086463768085782
533,0.5086463768085782
534,0.5086463768085782
535,0.5086463768085782
536,0.5086463768085782
537,0.5086463768085782
538,0.5086463768085782
539,0.5086463768085782
540,0.5086463768085782
541,0.5086463768085782
542,0.5086463768085782
543,0.5086463768085782
544,0.4708733638494395
545,0.4702032113042274
546,0.4784768876090845
547,0.4913414202713287
548,0.5075195138606364
549,0.5239328709702425
550,0.559484354069552
551,0.5487124361934992
552,0.5100540795365074
553,0.5162357655524002
554,0.5166449309266277
555,0.5102776875593921
556,0.5086463768085782
557,0.5086463768085782
558,0.5086463768085782
559,0.5070150660577643
560,0.48593053817427845
561,0.48012605930473246
562,0.47976427304203023
563,0.48296669571229395
564,0.5257632647384072
565,0.5190687323627102
566,0.5114073344423703
567,0.45754323218414983
568,0.41988655659966273
569,0.4698192952758159
570,0.49190275187675125
571,0.49290320620926525
572,0.4917235093156576
573,0.5086463768085782
574,0.6019227848945521
575,0.5793849420352472
576,0.5536534944345535
577,0.5025941697391793
578,0.49818452859798684
579,0.5221545932449749
580,0.5388158660487428
581,0.5474734601330049
582,0.5372310014223526
583,0.5102776875593921
584,0.5086463768085782
585,0.5086463768085782
586,0.5086463768085782
587,0.49072436817535553
588,0.48256227218262926
589,0.5333183796071151
590,0.47593311404209115
591,0.39377778686743653
592,0.3825492867616278
593,0.48351655300945456
594,0.5215604937987107
595,0.539129445820812
596,0.55238405240659
597,0.5615788497117583
598,0.5696769375360852
599,0.5503843787592607
600,0.5839533566411672
601,0.5086463768085782
602,0.5086463768085782
603,0.5086463768085782
604,0.5086463768085782
605,0.5037166781734975
606,0.490672608649552
607,0.48833233692455497
608,0.4845791270189846
609,0.48464700213149525
610,0.4893412668804657
611,0.4966662642345203
612,0.37337029212648887
613,0.5262606601222929
614,0.5214558702191234
615,0.53702980401905
616,0.5054863875611123
617,0.43828187851840733
618,0.4093029099915596
619,0.45138326619279423
620,0.47598034209572176
621,0.5369251761939425
622,0.5563886076209866
623,0.5789603547051896
624,0.6792590863257045
625,0.5011144943130332
626,0.5186341046977169
627,0.5351220142442197
628,0.5182168427824791
629,0.49468867486822726
630,0.48036757299310584
631,0.4834427044739581
632,0.4865503899677947
633,0.49261585746455744
634,0.5001833819262135
635,0.5086463768085782
636,0.4055391749141122
637,0.5956723273580897
638,0.5568291187134522
639,0.5025806286376249
640,0.5008277575984068
641,0.49042925362978324
642,0.48503324317733665
643,0.4907213867883958
644,0.5044622656944504
645,0.5128304879227059
646,0.5265713668287605
647,0.5322595104398197
648,0.649171715361343
649,0.5186090773715419
650,0.5130336128176252
651,0.5213189816154383
652,0.5252726030890883
653,0.5040195484380224
654,0.4891290209837563
655,0.48065052266003755
656,0.4788885529386027
657,0.4794150299204537
658,0.47794128400826674
659,0.48292697137814644
660,0.4241354322185046
661,0.5329164288906768
662,0.48898741417801417
663,0.5040352873570435
664,0.3027853731732939
665,0.3792939748691464
666,0.48711242785173925
667,0.5301803257654171
668,0.5375284693717148
669,0.5498392855052234
670,0.6726613242074732
671,0.7156690182147434
672,0.6910530848497359
673,0.5086463768085782
674,0.5086463768085782
675,0.4754378737673439
676,0.4823172442414715
677,0.5000218352146096
678,0.4922406238838855
679,0.4960101282649984
680,0.5145664243343534
681,0.5047169637813197
682,0.4868149391973716
683,0.48080374212573046
684,0.48110713372472547
685,0.49275938009787457
686,0.4623080169463013
687,0.49927011247969394
688,0.4548544835385527
689,0.48294420181537917
690,0.5218627487089192
691,0.495430004908237
692,0.4636099910409432
693,0.4647796353065727
694,0.45923671871564975
695,0.44531621047195
696,0.7718584067508172
697,0.4241781685181717
698,0.43020242005984133
699,0.4560887384987413
700,0.49190275446300913
701,0.45677736081166165
702,0.4600450834291996
703,0.46925376316723205
704,0.5086463768085782
705,0.4976229489299487
706,0.5301803257654171
707,0.5283053327827949
708,0.5434744841439125
709,0.5892319072156912
710,0.48484169555873474
711,0.520862081635679
712,0.5258142912052827
713,0.519407244354906
714,0.5138405253800228
715,0.5235486241826569
716,0.5314875803673272
717,0.5447124973697355
718,0.6063456278103501
719,0.661618533537897
720,0.6140723192119134
721,0.4610842753507664
722,0.45441696627326067
723,0.4591298612102221
724,0.4586040725925533
725,0.47660189445867035
726,0.5043013286232157
727,0.5086463768085782
728,0.5064421101351139
729,0.49494912007213027
730,0.4915403855162257
731,0.511170822498609
732,0.6068524833145017
733,0.5606820542915447
734,0.5260346120854182
735,0.5110246677382496
736,0.5416079504823959
737,0.48495525440830695
738,0.5017294421517513
739,0.4978569530140426
740,0.5530902258860172
741,0.5500073431899705
742,0.532535038799839
743,0.50251893533551
744,0.5356886806769686
745,0.40464941218651085
746,0.4069941610914978
747,0.5086463768085782
748,0.5283053399145958
749,0.5133050067712837
750,0.5055513208947102
751,0.48912902168669303
752,0.46368492180394105
753,0.39869365853160754
754,0.40844566668852184
755,0.4488429312115084
756,0.8581500132335361
757,0.5334691198655829
758,0.45093073534025335
759,0.4599101428118707
760,0.46995000792833685
761,0.4905618845772922
762,0.47693466209274504
763,0.4789186025581842
764,0.5014732178881948
765,0.5012379909111382
766,0.5267308682122616
767,0.5221390737660018
768,0.5832597093703514
769,0.5014732175085989
770,0.498713544816205
771,0.49558288096210096
772,0.5059405296542295
773,0.5113522239629268
774,0.4976229448953875
775,0.5029261843071936
776,0.5086463768085782
777,0.5115245754154323
778,0.5170673093658983
779,0.5246013948049717
780,0.4601477467350786
781,0.5545628583407798
782,0.5163059421403916
783,0.5009868114767647
784,0.5086463768085782
785,0.4868525747961625
786,0.49690682541458625
787,0.49942323770926444
788,0.5148367786459952
789,0.5345782441178393
790,0.561768282697031
791,0.5388158646198349
792,0.48484169137474437
793,0.532451062242412
794,0.526730869660566
795,0.5269980910307314
796,0.5329312659937085
797,0.5382755650107968
798,0.5256603141503564
799,0.5051068440714763
800,0.49892722017166863
801,0.5023525004330085
802,0.5124437023514361
803,0.5301803348941219
804,0.6178125835086181
805,0.5265683854418008
806,0.5086463768085782
807,0.49833700599240016
808,0.49242562901903086
809,0.5057025494080643
810,0.5137731734297039
811,0.5185636358741644
812,0.5194717075254216
813,0.5122509364112622
814,0.5086463768085782
815,0.47991199138601937
816,0.5093835244660798
817,0.45767767939246246
818,0.4593801167312844
819,0.4753422809197545
820,0.4848416907594514
821,0.48858431708380945
822,0.49363406690916867
823,0.5034121146083927
824,0.5155987883290066
825,0.5170464352493424
826,0.5086463768085782
827,0.4842912997452136
828,0.4771610113453838
829,0.4841367439728421
830,0.4404887843422414
831,0.4294205321242081
832,0.4638092619657939
833,0.4854531585740837
834,0.5024559758192673
835,0.5267308662811891
836,0.5086463768085782
837,0.5086463768085782
838,0.5199455065597726
839,0.5442603531796473
840,0.5805963873114868
841,0.49084697754635814
842,0.5049118202674314
843,0.4806184766421788
844,0.4716766782421105
845,0.4820350064968723
846,0.48484169555873474
847,0.47486185028427264
848,0.49357842852533773
849,0.45627416873029203
850,0.48809262614938004
851,0.5292001274677763
852,0.5363465902605773
853,0.5692567314673321
854,0.4647796424263874
855,0.5086463768085782
856,0.524234314758809
857,0.5160547614913115
858,0.5227719445059472
859,0.5153912208604358
860,0.521560491583657
861,0.5380299960323836
862,0.6837609375097167
863,0.692708958322581
864,0.5468217506071696
865,0.5170325765761811
866,0.4905618832705513
867,0.4879037873437592
868,0.4986525118902058
869,0.4909400183572158
870,0.49340899385353665
871,0.49089003986941737
872,0.4878217933639024
873,0.46962443898852535
874,0.4893238779739836
875,0.4875155161232874
876,0.4901924066921688
877,0.511037251395209
878,0.45523775126136606
879,0.47631481162992406
880,0.5583661759889512
881,0.5858596881493006
882,0.5645446776343526
883,0.5221615013616302
884,0.5281838367349856
885,0.533916884164854
886,0.533524393201476
887,0.5010237315708207
888,0.4136901399594343
889,0.5264713229155592
890,0.5178071808933994
891,0.5245333735192818
892,0.5234892713743972
893,0.5237985707202057
894,0.5170375208491174
895,0.5109876988204912
896,0.4891990625787808
897,0.43764633389508517
898,0.39031737532404065
899,0.4110913888838896
900,0.5498392930364048
901,0.49305843616863954
902,0.5165747525495299
903,0.41310799624024963
904,0.4314330816165898
905,0.4623760547066449
906,0.4755234544018308
907,0.5086463768085782
908,0.5086463768085782
909,0.5312587781371161
910,0.6038134416108987
911,0.5906396127064177
912,0.7617209473514172
913,0.5037873605513647
914,0.49860314350664986
915,0.49813585165505414
916,0.49190275170433406
917,0.4841970817400901
918,0.49074112710390244
919,0.49422006001043556
920,0.4851173913268912
921,0.4884858928572662
922,0.5025396392944581
923,0.5147531143226982
924,0.5736439805622339
925,0.5342513548172038
926,0.48971978279675166
927,0.49508617528926485
928,0.49422006001043556
929,0.5111156422531188
930,0.5229207360741851
931,0.5367895230987909
932,0.5372840924837683
933,0.5340591515212438
934,0.5386154789963622
935,0.5484315955300182
936,0.46461146132978576
937,0.4747695673811263
938,0.4949491197260281
939,0.5489550086329418
940,0.4933746494882951
941,0.5022364278069972
942,0.48101681420390674
943,0.4329924161168106
944,0.43669636309635856
945,0.5189963785865281
946,0.5570300168425066
947,0.561768282697031
948,0.5086463768085782
949,0.5170935491631673
950,0.5107097294445003
951,0.4633077346204706
952,0.45507032994456303
953,0.5118063658350586
954,0.5324510611964142
955,0.5450825824806371
956,0.5226262296016526
957,0.5342513548172038
958,0.5440501269881272
959,0.555235877875747
960,0.5565222240067481
961,0.5323374992088494
962,0.4971111985354924
963,0.4848416904781747
964,0.4793291543987894
965,0.47964050738263153
966,0.4680716112372383
967,0.4448800310892419
968,0.4468997007531584
969,0.454159300295008
970,0.48254791254044804
971,0.5347448410767083
972,0.5045006545758526
973,0.6314684217733174
974,0.4379078160477442
975,0.40509841242222827
976,0.4685018900384449
977,0.4820350080658685
978,0.5014732190269823
979,0.5086463768085782
980,0.5295167885578048
981,0.576942358738787
982,0.636482450531921
983,0.6306571680510037
984,0.7156690303268591
985,0.5086463768085782
986,0.4828462606365497
987,0.49590368181075073
988,0.503971681300304
989,0.4989964165977489
990,0.5002774365111653
991,0.5086463768085782
992,0.5034720539759581
993,0.505129799122704
994,0.5164830776123008
995,0.5367741041531955
996,0.5426092563651047
997,0.5086463768085782
998,0.5086463768085782
999,0.48357391201171446
1000,0.3925050548938803
1001,0.5074283924476142
1002,0.5273875236808712
1003,0.5228060080223009
1004,0.5209731911245061
1005,0.5278049293292084
1006,0.5564760675939413
1007,0.5388623121731665
1008,0.5086463768085782
1009,0.5086463768085782
1010,0.5086463768085782
1011,0.5086463768085782
1012,0.5086463768085782
1013,0.5086463768085782
1014,0.5086463768085782
1015,0.5003694235104779
1016,0.4889260923416214
1017,0.4942119714916893
1018,0.5030870492633519
1019,0.5062212849476642
1020,0.5102659934637248
1021,0.5212015820330685
1022,0.45457525359506495
1023,0.5115368497625365
1024,0.4988640890060003
1025,0.48550718587582603
1026,0.48410212994579277
1027,0.49464025331303724
1028,0.5163934975203679
1029,0.5269260628463656
1030,0.5098140050005882
1031,0.4853587057933369
1032,0.5007641047291423
1033,0.4876465457616612
1034,0.4822183169106575
1035,0.4842912997452136
1036,0.46634863524609566
1037,0.4480360085187254
1038,0.45677735333654285
1039,0.5193224823148215
1040,0.5253900008093522
1041,0.5181275804723382
1042,0.5023699861969042
1043,0.5086463768085782
1044,0.5720472558949534
1045,0.5580989568523023
1046,0.5508027766254879
1047,0.5638191513309823
1048,0.5208620842781994
1049,0.4010243623059265
1050,0.44236868044569483
1051,0.5008096766089611
1052,0.528968880101053
1053,0.5317210595184697
1054,0.47050374246453086
1055,0.48105903851669507
1056,0.5463898311270526
1057,0.39895291015330314
1058,0.4690615498697571
1059,0.4937441294344994
1060,0.4755234462941012
1061,0.4475781971739313
1062,0.45627416873029203
1063,0.4770691982707505
1064,0.4970574033586697
1065,0.5086463768085782
1066,0.5202353502584866
1067,0.5301803257654171
1068,0.5375284693717148
1069,0.6258603085304423
1070,0.4738182649903981
1071,0.5148367777978891
1072,0.5205404652918783
1073,0.535900522677545
1074,0.5329639663841736
1075,0.5305991188439827
1076,0.5247914952514298
1077,0.5308874865253884
1078,0.5562204399670841
1079,0.5550226116457279
1080,0.6116112921434451
1081,0.5350936140433349
1082,0.5358408117501653
1083,0.5380868056736662
1084,0.5234833620955593
1085,0.518939217042544
1086,0.5030903044995458
1087,0.4961179555795836
1088,0.5046474130514635
1089,0.5136341191857907
1090,0.5173558919589043
1091,0.5179454487467298
1092,0.52191450690386
1093,0.5095038182756418
1094,0.44928336345517866
1095,0.4725160320789685
1096,0.482361262631064
1097,0.4822183169106575
1098,0.505323735348511
1099,0.5247914969827363
1100,0.5364664277237768
1101,0.5370871995273148
1102,0.5181608585000665
1103,0.4734297186603882
1104,0.5179783749926883
1105,0.5033610936779809
1106,0.515233885739882
1107,0.4462309184916725
1108,0.42461136497950364
1109,0.49587826015475905
1110,0.5138405259771038
1111,0.5162203442938716
1112,0.5207313717161219
1113,0.5086463768085782
1114,0.5014732175085989
1115,0.3858243318438389
1116,0.5247914952514298
1117,0.5273293731724709
1118,0.562620547214532
1119,0.5196698087217688
1120,0.5434744937500118
1121,0.5707436145599524
1122,0.5271346867552972
1123,0.4953522162294118
1124,0.37169875644719097
1125,0.4784768907904603
1126,0.4518655199664293
1127,0.4451805528807158
1128,0.5855380620936729
1129,0.40590533170723603
1130,0.45478086620168173
1131,0.480946163356579
1132,0.5363465902605773
1133,0.480946163356579
1134,0.48809262614938004
1135,0.47381827395608817
1136,0.4820350159108464
1137,0.5086463768085782
1138,0.5223436266229855
1139,0.5453651628657631
1140,0.7492023236276673
1141,0.5200404982487118
1142,0.4852528591583185
1143,0.49597377389768044
1144,0.49056188612904694
1145,0.48898741655528155
1146,0.4871124227168437
1147,0.4784768943767377
1148,0.4953522191636388
1149,0.48711242442847585
1150,0.4930584388583473
1151,0.5716176269551587
1152,0.6394035819170503
1153,0.49813585247011727
1154,0.5050313312411122
1155,0.5012379909111382
1156,0.5086463768085782
1157,0.5086463768085782
1158,0.49705739939489063
1159,0.4879037902022551
1160,0.4858051732498291
1161,0.4988215456544708
1162,0.49305843706520897
1163,0.5086463768085782
1164,0.5776429378711269
1165,0.49220745405586636
1166,0.49091685159773457
1167,0.4992310346070615
1168,0.4937441294344994
1169,0.4813922309396113
1170,0.47764777256088825
1171,0.4949491228409474
1172,0.5155987867243513
1173,0.5219405344535175
1174,0.5388158592404186
1175,0.5544979204759081
1176,0.5467442372868343
1177,0.4795871423600624
1178,0.4803675774232138
1179,0.4876139444708343
1180,0.4914784624118737
1181,0.5026210729707882
1182,0.5024559758192673
1183,0.502281575626581
1184,0.5086463768085782
1185,0.5212015789798862
1186,0.5372840876374473
1187,0.5388158605852725
1188,0.6350834652921704
1189,0.5316427046474286
1190,0.5062038066455544
1191,0.4960209953374461
1192,0.4952735073534826
1193,0.500225444251258
1194,0.4998993927939485
1195,0.4995470719150958
1196,0.4991651731448181
1197,0.5053954497652278
1198,0.5213785075156886
1199,0.5681617398699104
1200,0.6440754650396385
1201,0.48088936459631426
1202,0.4718406918416316
1203,0.45823031703997064
1204,0.4549479039294357
1205,0.4696470246360356
1206,0.47706918844747126
1207,0.4848416934667397
1208,0.49125814392259
1209,0.499423238336863
1210,0.5086463768085782
1211,0.5178695152802933
1212,0.5747708396321781
1213,0.5341308867951423
1214,0.52038592820257
1215,0.505768178201724
1216,0.49675228675954364
1217,0.48619460408391074
1218,0.4911232161102448
1219,0.5012379909111382
1220,0.5009868119095913
1221,0.49664698059845214
1222,0.5045006545758526
1223,0.500119496130406
1224,0.5659094874243621
1225,0.4837148302128048
1226,0.49305843616863954
1227,0.49190275342850615
1228,0.5129500406621894
1229,0.5043427129549669
1230,0.4858051732498291
1231,0.4885499808630548
1232,0.48658637951105593
1233,0.48419708615397006
1234,0.4883998092478656
1235,0.4864052707437419
1236,0.5868824708399295
1237,0.5346446247399027
1238,0.4880926214716283
1239,0.5086463768085782
1240,0.5086463768085782
1241,0.5086463768085782
1242,0.5139627517605314
1243,0.5086463768085782
1244,0.5238837571935748
1245,0.5229207345706216
1246,0.5305991188439827
1247,0.5361856166915634
1248,0.5809328540514819
1249,0.49478095100085706
1250,0.49690682541458625
1251,0.5025396392944581
1252,0.5023699861969042
1253,0.49889224921410164
1254,0.4984520673501946
1255,0.4979702713023348
1256,0.5049725474522849
1257,0.501114495150064
1258,0.5086463768085782
1259,0.5198520878233854
1260,0.6050626730406877
1261,0.5498392966038075
1262,0.46745345701334884
1263,0.5013964861389058
1264,0.5135053928916198
1265,0.5134030901885396
1266,0.522343633545026
1267,0.5151956916674049
1268,0.5129094380490395
1269,0.5169385200656588
1270,0.5545394631994138
1271,0.5630147637626556
1272,0.5909233619601422
1273,0.5086463768085782
1274,0.5166686001734436
1275,0.5163934976679608
1276,0.5103324708691317
1277,0.5052615111699934
1278,0.5025980275272267
1279,0.4988020826422636
1280,0.4993088680377974
1281,0.4989062671278108
1282,0.49846737823118137
1283,0.5033795753031347
1284,0.4165038980357943
1285,0.5495720766350383
1286,0.5086463768085782
1287,0.5059566361068552
1288,0.5099952497731676
1289,0.5099872445457118
1290,0.5113044727695744
1291,0.507321237815042
1292,0.5099715158021143
1293,0.516438030000668
1294,0.5697817446254358
1295,0.584110240587466
1296,0.524466644174497
1297,0.5086463768085782
1298,0.5086463768085782
1299,0.5086463768085782
1300,0.5086463768085782
1301,0.5086463768085782
1302,0.5086463768085782
1303,0.5086463768085782
1304,0.5086463768085782
1305,0.5086463768085782
1306,0.5086463768085782
1307,0.5086463768085782
1308,0.5086463768085782
1309,0.5086463768085782
1310,0.5086463768085782
1311,0.5086463768085782
1312,0.46225779272752643
1313,0.46277486471011536
1314,0.47381825765483004
1315,0.4701756033253675
1316,0.4735926611083514
1317,0.488843734504683
1318,0.5154419431095183
1319,0.5069665508757554
1320,0.4187172232368515
1321,0.4957322598184456
1322,0.5059725522622027
1323,0.5217098726550553
1324,0.5161366386379276
1325,0.5011561149792287
1326,0.5008992565395678
1327,0.5086463768085782
1328,0.5189179427676194
1329,0.5278865522135037
1330,0.532681490955838
1331,0.5341032491150476
1332,0.46596703335470613
1333,0.5856240947861996
1334,0.5021906362519546
1335,0.4898786794021957
1336,0.5068603157595084
1337,0.5139627525945495
1338,0.5068881146557024
1339,0.4921741457634351
1340,0.5179454483639439
1341,0.5501427704425327
1342,0.5807342036130938
1343,0.5708717351504006
1344,0.5044231593524714
1345,0.45929354292203134
1346,0.47802183116993563
1347,0.5074283924476142
1348,0.5251281493258473
1349,0.5186402417269506
1350,0.5042591408421282
1351,0.4925832804627271
1352,0.47677170594766716
1353,0.4666303745590863
1354,0.4671233824481819
1355,0.48351655254312736
1356,0.26698014767283673
1357,0.6378332141824314
1358,0.5049725474522849
1359,0.4811071369255929
1360,0.4623760451975782
1361,0.46330774146700027
1362,0.4820350080658685
1363,0.5155987867243513
1364,0.5086463768085782
1365,0.5405210404626155
1366,0.6155788788170403
1367,0.6897972036739639
1368,0.6407087204789783
1369,0.5605391473113513
1370,0.5366436145736353
1371,0.5086463768085782
1372,0.5086463768085782
1373,0.5023837211667169
1374,0.4801892491494789
1375,0.47165982309422705
1376,0.461114165751802
1377,0.47289794884535147
1378,0.48122664480273486
1379,0.4723558873493839
1380,0.5375284796415082
1381,0.5523358488899056
1382,0.5483863317316897
1383,0.5076027927197698
1384,0.4736438574878441
1385,0.5170375208491174
1386,0.5201176501935876
1387,0.5237864787037636
1388,0.5022815741322987
1389,0.5139627527613531
1390,0.4830834282518879
1391,0.48770002780524996
1392,0.6560298294251092
1393,0.4714524181869274
1394,0.406073409138545
1395,0.3700282418997665
1396,0.429374414444201
1397,0.48447757434491123
1398,0.5086463768085782
1399,0.5261695375069115
1400,0.5052487860161716
1401,0.48331509588784405
1402,0.4927847408168326
1403,0.528305337917691
1404,0.4170374077640053
1405,0.47192758078365593
1406,0.5151956904016599
1407,0.5498392898087553
1408,0.529200132145528
1409,0.5274852437200379
1410,0.5086463768085782
1411,0.499423238336863
1412,0.4990306483688336
1413,0.5182621052483227
1414,0.5664708174055599
1415,0.6706540646510949
1416,0.6296823707504013
1417,0.5178278658009794
1418,0.48989442184227594
1419,0.4881960444962772
1420,0.4808427269058793
1421,0.4575568862079842
1422,0.44699602557562107
1423,0.47270800913799516
1424,0.5007180006038836
1425,0.5086463768085782
1426,0.5086463768085782
1427,0.5139627523860449
1428,0.4522405140428342
1429,0.5542913707464543
1430,0.5370871978978295
1431,0.46599108688253926
1432,0.473818260915083
1433,0.4755234435915239
1434,0.4501603392694273
1435,0.42211483025996155
1436,0.4280608544705867
1437,0.5086463768085782
1438,0.5388158538610043
1439,0.5873412185261033
1440,0.7359915035009741
1441,0.44445713059013464
1442,0.4622292839904333
1443,0.4602035710829793
1444,0.4880926214716283
1445,0.4976229462402415
1446,0.4910320965480457
1447,0.48279701699233074
1448,0.48711242442847585
1449,0.4582303315230129
1450,0.478476899756152
1451,0.5191568978867875
1452,0.5283053327827949
1453,0.5267308638673492
1454,0.499785026338727
1455,0.4994232402196582
1456,0.5178695133974981
1457,0.5175077272784293
1458,0.5171732558775236
1459,0.5086463768085782
1460,0.5086463768085782
1461,0.516863118016196
1462,0.5525131111907688
1463,0.6173151807689604
1464,0.6849119182471025
1465,0.4869240613519106
1466,0.46786763795117065
1467,0.4679494747549415
1468,0.4662611843117843
1469,0.48203500470373367
1470,0.4962064172821174
1471,0.5086463768085782
1472,0.5086463768085782
1473,0.5128695936331391
1474,0.516863119510478
1475,0.5204369923311495
1476,0.5504766303824888
1477,0.4154406807732751
1478,0.44204069291092446
1479,0.5020970632154964
1480,0.5086463768085782
1481,0.5086463768085782
1482,0.5019015327567206
1483,0.5086463768085782
1484,0.5153912208604358
1485,0.5086463768085782
1486,0.5668991269252349
1487,0.7296077793480594
1488,0.5707286454050311
1489,0.5283053401183615
1490,0.504575355850366
1491,0.5086463768085782
1492,0.5127173977667904
1493,0.5113202015131718
1494,0.5099715158021143
1495,0.5112735639781791
1496,0.5150837225428606
1497,0.5124225463479815
1498,0.5086463768085782
1499,0.5023172360244514
1500,0.5021348151494182
1501,0.4893474702062522
1502,0.4460345954987346
1503,0.4670734137947525
1504,0.4820350030736074
1505,0.4926913588121846
1506,0.5058741268589851
1507,0.5141572728542235
1508,0.5294367161942127
1509,0.5494251156659856
1510,0.5635771937623162
1511,0.5102659934056735
1512,0.5150111793354294
1513,0.47667659578895377
1514,0.4878342588025528
1515,0.496430669779377
1516,0.4957322595723285
1517,0.4803675744698086
1518,0.47044602544971936
1519,0.4733222442505618
1520,0.47090292429578195
1521,0.4778892832181492
1522,0.4990306483688336
1523,0.5363465959278539
1524,0.5625118966319556
1525,0.5521100228760711
1526,0.5196698087217688
1527,0.5139627523860449
1528,0.5138405259771038
1529,0.5086463768085782
1530,0.5329639690040192
1531,0.4791346354446114
1532,0.4951132580311173
1533,0.502997694200851
1534,0.5251856271626747
1535,0.494949120349012
1536,0.4970573988994181
1537,0.4140448366190518
1538,0.5086463768085782
1539,0.5175077290163942
1540,0.4809461576893024
1541,0.47706919090329164
1542,0.4970574003858357
1543,0.5365751587516105
1544,0.5334994856333194
1545,0.5267308674881094
1546,0.5371806157112214
1547,0.5198520878233854
1548,0.48964901349745066
1549,0.5125757893232789
1550,0.4751130254797384
1551,0.499423238336863
1552,0.5038896639293603
1553,0.5037873612480515
1554,0.5036805612149975
1555,0.49305843706520897
1556,0.486033969817499
1557,0.4767717131545408
1558,0.4633077452706272
1559,0.49125814726978156
1560,0.8005513730220148
1561,0.4029518733795542
1562,0.4229061934004605
1563,0.43378103817869756
1564,0.47381826947324374
1565,0.478476899756152
1566,0.48603397548004024
1567,0.4964306752846261
1568,0.4820350159108464
1569,0.5223436266229855
1570,0.4949491269941709
1571,0.5086463768085782
1572,0.6430117992962842
1573,0.4839743821822912
1574,0.4126501987615664
1575,0.4299515627792053
1576,0.4674534907054603
1577,0.549839262911696
1578,0.5590624032662009
1579,0.5498392754636526
1580,0.5539850007392776
1581,0.5283053327827949
1582,0.5590624220941434
1583,0.5498392880156169
1584,0.502281575626581
1585,0.5272268828176762
1586,0.5312587837996573
1587,0.5388158605852725
1588,0.5267308674881094
1589,0.5213189797194759
1590,0.47313257033893136
1591,0.513403089687796
1592,0.5394034703990072
1593,0.5463898293213744
1594,0.5348712044731122
1595,0.5349135982740103
1596,0.5889562238615715
1597,0.4390973985834526
1598,0.41172102680712225
1599,0.41501106814341143
1600,0.48954186104418834
1601,0.44803602214982413
1602,0.46039241269738085
1603,0.47381827395608817
1604,0.4957322657252537
1605,0.5337761894158547
1606,0.5518125287963143
1607,0.5832596909517005
1608,0.4864052707437419
1609,0.4839743821822912
1610,0.499785026338727
1611,0.5086463768085782
1612,0.5572476701879567
1613,0.5360661021508866
1614,0.5150111779905753
1615,0.5148367777978891
1616,0.5086463768085782
1617,0.5024559758192673
1618,0.5267308662811891
1619,0.5555594829308416
1620,0.5223436321606174
1621,0.5297772355161422
1622,0.4642025343092304
1623,0.4986031449950261
1624,0.5933029365792399
1625,0.5700858657748052
1626,0.5434744937500118
1627,0.5063290688965731
1628,0.48145194335661645
1629,0.43104352398820767
1630,0.5159352517323372
1631,0.5450062646641131
1632,0.5697949003016164
1633,0.5349987988678431
1634,0.5107097294445003
1635,0.5127173976445308
1636,0.49832789222257556
1637,0.49560801677530325
1638,0.49717510400611703
1639,0.5086463768085782
1640,0.5155987881507117
1641,0.5197784579563564
1642,0.510808455913941
1643,0.5064842977032153
1644,0.46570877275730355
1645,0.5471967451063889
1646,0.4700960085107674
1647,0.46213708285151817
1648,0.466158696505134
1649,0.5125086165901976
1650,0.5305281933296289
1651,0.5253900008093522
1652,0.5212015807245616
1653,0.5290673480721938
1654,0.6493659653086091
1655,0.5545284619967282
1656,0.5646115884762848
1657,0.5048005723914347
1658,0.5037451964584755
1659,0.5056538091649637
1660,0.5106458195386714
1661,0.514540682072202
1662,0.5181408643042213
1663,0.5247914974957162
1664,0.5285216504073251
1665,0.5283713940521486
1666,0.5320875308546279
1667,0.5102776875593921
1668,0.49490847954777656
1669,0.5223842740693798
1670,0.503051182678146
1671,0.48550718551645156
1672,0.4692185850288275
1673,0.4415881041820847
1674,0.4570442995475103
1675,0.4784768884310669
1676,0.49098617615300766
1677,0.5104758244209727
1678,0.5392709216773358
1679,0.5313345416942984
1680,0.4906817752191614
1681,0.5117414327224461
1682,0.5071041486459973
1683,0.5279181325019668
1684,0.5128695941594272
1685,0.4085105144265791
1686,0.36878342275584763
1687,0.4269051566267115
1688,0.4905618873359671
1689,0.5086463768085782
1690,0.520862081635679
1691,0.5312587837996573
1692,0.40882067462551064
1693,0.5858596720005665
1694,0.5026210729707882
1695,0.5262606570691106
1696,0.5196698073769148
1697,0.5242343165519474
1698,0.5324510593136186
1699,0.5382503156227173
1700,0.538319845625949
1701,0.5379452047253356
1702,0.5602804191110382
1703,0.6211257733340234
1704,0.6746532435443606
1705,0.5086463768085782
1706,0.4855488441872667
1707,0.4802629485479905
1708,0.4635053145142278
1709,0.4302229060138333
1710,0.441072510768188
1711,0.48690504420084796
1712,0.5197784579563564
1713,0.5253900017404051
1714,0.5185141260506022
1715,0.5162415640899979
1716,0.5399798837669976
1717,0.5332623222857014
1718,0.5071840056880688
1719,0.49347722157591095
1720,0.48726926438231744
1721,0.4831103758710532
1722,0.48633866689823596
1723,0.49995547679160557
1724,0.5019015314142639
1725,0.5040352873570435
1726,0.5155281943310923
1727,0.5322250134882818
1728,0.5460764683170491
1729,0.5137621171766955
1730,0.5152920190626322
1731,0.5151021173652017
1732,0.507049652509168
1733,0.4954493092824066
1734,0.49643066962208404
1735,0.4994979389857538
1736,0.5029740568334419
1737,0.5047841366968366
1738,0.5105857496140362
1739,0.5199455084437459
1740,0.5489189884999017
1741,0.5191569020785398
1742,0.5144399134594667
1743,0.5043152112781991
1744,0.4823991206513122
1745,0.5053479890687714
1746,0.5086463768085782
1747,0.5086463768085782
1748,0.5069789482271536
1749,0.5103138053900027
1750,0.5277508966139444
1751,0.5426004689797822
1752,0.5471967471669045
1753,0.4877759597003506
1754,0.4961605730255457
1755,0.5099264683415079
1756,0.523467135011768
1757,0.5270065694949647
1758,0.5256260487256808
1759,0.5272806876916036
1760,0.5105213714250307
1761,0.49319176879350357
1762,0.49946488781617693
1763,0.4924626908245844
1764,0.515259596818671
1765,0.49056188341347595
1766,0.4784768879886806
1767,0.4962064157596409
1768,0.5086463768085782
1769,0.5086463768085782
1770,0.4954813590419772
1771,0.48980750727757644
1772,0.49688499418640675
1773,0.49440950750622087
1774,0.5378955560103449
1775,0.5564654487456108
1776,0.4144102083727471
1777,0.5086463768085782
1778,0.5468467297089072
1779,0.501850810507638
1780,0.525266775687963
1781,0.5343657822390099
1782,0.5100718424185358
1783,0.4878217933639024
1784,0.47329826864351704
1785,0.4622932036997144
1786,0.4531401910595662
1787,0.47142231542802215
1788,0.5922466730262839
1789,0.5391068310107959
1790,0.5281356546609439
1791,0.5029740568334419
1792,0.4968557602602707
1793,0.49620641614026
1794,0.4954813594682707
1795,0.4922500780954858
1796,0.511062822728596
1797,0.5336496617838142
1798,0.4635466936519407
1799,0.5112583774358059
1800,0.503391825150259
1801,0.494949120349012
1802,0.5000108466345803
1803,0.4903172335682596
1804,0.48163687981694064
1805,0.46529138132366166
1806,0.4549479097579779
1807,0.44547823106046724
1808,0.4689064338990508
1809,0.5171732558775236
1810,0.5324510559664268
1811,0.5434744868336199
1812,0.8389487073690789
1813,0.5458136138193832
1814,0.5481405268900222
1815,0.5319175670246373
1816,0.4232018100075192
1817,0.3964836379427255
1818,0.32252806255881106
1819,0.37689293354584086
1820,0.5352577429362947
1821,0.49125814726978156
1822,0.5260346063473748
1823,0.5324510559664268
1824,0.5899837747857501
1825,0.4488429312115084
1826,0.48711242442847585
1827,0.500986813208071
1828,0.5007180024588546
1829,0.5165747511583018
1830,0.5574988516161241
1831,0.5688872595242348
1832,0.5357912442209385
1833,0.5128695936331391
1834,0.5086463768085782
1835,0.5127920990413037
1836,0.46827355477840465
1837,0.5530902193079259
1838,0.5086463768085782
1839,0.5126453400348292
1840,0.5086463768085782
1841,0.5125757893232789
1842,0.516305941707565
1843,0.5196698082734841
1844,0.519156901147039
1845,0.5153912218672783
1846,0.5509441164801607
1847,0.7078193562864291
1848,0.6025260891006066
1849,0.5418548798498124
1850,0.5086463768085782
1851,0.5086463768085782
1852,0.5086463768085782
1853,0.5086463768085782
1854,0.5086463768085782
1855,0.5086463768085782
1856,0.5086463768085782
1857,0.5086463768085782
1858,0.5057014835354737
1859,0.4835940323166254
1860,0.525652688015404
1861,0.48186429040767076
1862,0.4646698191122096
1863,0.4575290142520022
1864,0.460559568719699
1865,0.46039239545566446
1866,0.47796398162635734
1867,0.48711241963590524
1868,0.4922500780954858
1869,0.5181608579991563
1870,0.5585961088631617
1871,0.5448043136434784
1872,0.43609890943840773
1873,0.4903790146053354
1874,0.5086463768085782
1875,0.5179646269440423
1876,0.5109171048795577
1877,0.5086463768085782
1878,0.513120494131913
1879,0.513033612562042
1880,0.49751429566079997
1881,0.4896089705589009
1882,0.4878560374229436
1883,0.47964050924709367
1884,0.5264926657166902
1885,0.505768178201724
1886,0.4936782865073202
1887,0.4789186025581842
1888,0.4824758545770672
1889,0.5046474135823271
1890,0.5279688739896635
1891,0.5194933650852548
1892,0.5352577494737785
1893,0.5352577499096108
1894,0.5374168776843988
1895,0.5530902236933198
1896,0.5185141260506022
1897,0.5523995009248981
1898,0.5370187546969521
1899,0.5209359314147143
1900,0.5679237918008831
1901,0.40060811390397544
1902,0.48612074735760813
1903,0.44120620143425016
1904,0.3368024218244181
1905,0.3118953536409247
1906,0.4170374516958809
1907,0.48898742939251555
1908,0.880345458615587
1909,0.465062586643506
1910,0.4885499808630548
1911,0.5033300018566249
1912,0.5191569003319759
1913,0.5137237930285495
1914,0.5035689605886068
1915,0.5034522282371335
1916,0.5033300018566249
1917,0.5139627517605314
1918,0.5238837571935748
1919,0.5530902193079259
1920,0.4830414012206901
1921,0.530180331927292
1922,0.5428868827355144
1923,0.5700858657748052
1924,0.5756523105384841
1925,0.553803180440961
1926,0.531959363810585
1927,0.510118274843328
1928,0.4996676238373811
1929,0.49609117202025677
1930,0.498749807277286
1931,0.5086463768085782
1932,0.39491253850034946
1933,0.5838690537384781
1934,0.4984213041901995
1935,0.4843763247264795
1936,0.46791882457915557
1937,0.4691208870865886
1938,0.4877759618439512
1939,0.4974406657937709
1940,0.5086463768085782
1941,0.5373752485217188
1942,0.5650522395743222
1943,0.5601108623426385
1944,0.4545393402434264
1945,0.33262235765634696
1946,0.44936897612892834
1947,0.4930584388583473
1948,0.4830414060621637
1949,0.4582303352886025
1950,0.5086463768085782
1951,0.4970574033586697
1952,0.5518125287963143
1953,0.5182621032018062
1954,0.5267308638673492
1955,0.5333183714348652
1956,0.4357204180710939
1957,0.4609041628727637
1958,0.5215604878919026
1959,0.5324510517824387
1960,0.5196698046872077
1961,0.5292001274677763
1962,0.5274852397907261
1963,0.5342513475549926
1964,0.5388158572231381
1965,0.5533422350238989
1966,0.577947637463984
1967,0.6587663213077699
1968,0.7125769964780152
1969,0.5216099066033244
1970,0.503549869988158
1971,0.4851278657719668
1972,0.46573093922416725
1973,0.46560151424783597
1974,0.48046053184185017
1975,0.48360947230449763
1976,0.4921741457634351
1977,0.4949491198743576
1978,0.5106547059779157
1979,0.5385657977714801
1980,0.4222315468617629
1981,0.5162203442938716
1982,0.5135582124161425
1983,0.5037345412010138
1984,0.5086463768085782
1985,0.5230726936067208
1986,0.5039392161246486
1987,0.4964306699995871
1988,0.5009868114767647
1989,0.5188024928351695
1990,0.532202644518583
1991,0.5437938379761631
1992,0.588464741408531
1993,0.5242343192416558
1994,0.4996845852432314
1995,0.5020202259408474
1996,0.4962064157596409
1997,0.4878217933639024
1998,0.4769133145001989
1999,0.4631084084504835
2000,0.48065985849112225
2001,0.5010724093232847
2002,0.5008096766089611
2003,0.5164830770081952
2004,0.4755234422402349
2005,0.5417693113769214
2006,0.36208303513924883
2007,0.5086463768085782
2008,0.5086463768085782
2009,0.5086463768085782
2010,0.5036805612149975
2011,0.5035689605886068
2012,0.5034522282371335
2013,0.4978855092622503
2014,0.5623448438591785
2015,0.5913939974109262
2016,0.6881520924027406
2017,0.5833022437973268
2018,0.575834008191229
2019,0.5337188416054418
2020,0.48574291001447134
2021,0.4220188506161752
2022,0.43283639259867096
2023,0.48533338980657137
2024,0.5053479890687714
2025,0.515195691825623
2026,0.5242343190623417
2027,0.5342513556241164
2028,0.44543483105565573
2029,0.5173708409130323
2030,0.45908451664046784
2031,0.42745101845271827
2032,0.5116791140704748
2033,0.5315455068559426
2034,0.5059077307125258
2035,0.48545315559536945
2036,0.550347587118665
2037,0.4788392565475258
2038,0.47764776830116973
2039,0.521560493429535
2040,0.6023377241982983
2041,0.500199204453989
2042,0.5043013286232157
2043,0.49740348320126987
2044,0.4868817557136218
2045,0.4845594490489103
2046,0.4848416924207421
2047,0.5022815747300117
2048,0.49874980799989416
2049,0.49473826167771073
2050,0.5013575018848191
2051,0.5159352517323372
2052,0.4060139762990994
2053,0.44364878435169597
2054,0.43857137554879616
2055,0.4981358557303687
2056,0.5191568978867875
2057,0.4981358557303687
2058,0.4976229489299487
2059,0.5086463768085782
2060,0.5086463768085782
2061,0.5196698046872077
2062,0.5480389904499243
2063,0.63637083205384
2064,0.6849119126842967
2065,0.5609374307537606
2066,0.5432075893440682
2067,0.5165194921555788
2068,0.49754555588450694
2069,0.49177768345895445
2070,0.49788550755353045
2071,0.5122905775175718
2072,0.4735168106363902
2073,0.4769635846728628
2074,0.49096642454719464
2075,0.5287427749899796
2076,0.46648997863513475
2077,0.5579008102525819
2078,0.5039392161246486
2079,0.48351655300945456
2080,0.4977558090622087
2081,0.5195369445549477
2082,0.5240570444934887
2083,0.5276837830582555
2084,0.5365220828881833
2085,0.5440501269881272
2086,0.5829361010430788
2087,0.5535331500457026
2088,0.5106727182283686
2089,0.5261093140822507
2090,0.5257231918249042
2091,0.5163059427174939
2092,0.5094816293517944
2093,0.5052866783872864
2094,0.5077985876130923
2095,0.4999887829233899
2096,0.49026750462958923
2097,0.48334754331100566
2098,0.4849606352249696
2099,0.49135325226316917
2100,0.4842704247923935
2101,0.49989939222948615
2102,0.5188188269976278
2103,0.49091684927777035
2104,0.48772637478772923
2105,0.505248785760704
2106,0.5153912223706997
2107,0.5199860242301086
2108,0.5224365542354075
2109,0.5455880333445874
2110,0.5268279423423664
2111,0.5286932126602248
2112,0.4943488474217483
2113,0.44628251910315897
2114,0.43082265148310694
2115,0.4539672568340124
2116,0.4889874147213896
2117,0.48386149347282315
2118,0.4880926199123771
2119,0.49382562022630494
2120,0.4844158017595461
2121,0.4999554776274749
2122,0.5215604928142423
2123,0.5398594460478565
2124,0.4815790298020253
2125,0.5663382663742345
2126,0.5493083066824607
2127,0.543094450743166
2128,0.5405210464683433
2129,0.5383198480651987
2130,0.5333183786264449
2131,0.526610978397995
2132,0.5171199530182964
2133,0.5141238705384668
2134,0.5139942134712974
2135,0.5151579384677382
2136,0.500809676155882
2137,0.5099715158021143
2138,0.5086463768085782
2139,0.5138705529270178
2140,0.5086463768085782
2141,0.47381825817647055
2142,0.4638092553530478
2143,0.44547821920966846
2144,0.4277135065893607
2145,0.44480446002765184
2146,0.4791346386615381
2147,0.5138405253800228
2148,0.6135495071658739
2149,0.49874980799989416
2150,0.5458704381891342
2151,0.49387408815268957
2152,0.5290673480721938
2153,0.5398594478474226
2154,0.538207692861978
2155,0.5021597434650699
2156,0.5214385973485297
2157,0.5044622656944504
2158,0.49560801677530325
2159,0.5457004783620762
2160,0.5579203847416375
2161,0.5055723763472326
2162,0.5416989612880376
2163,0.545565626368072
2164,0.5343729684154773
2165,0.518557419934973
2166,0.43874758847678647
2167,0.2794281795150092
2168,0.25302247919306226
2169,0.3282352281969979
2170,0.5736439253336005
2171,0.5590624032662009
2172,1.0
2173,0.49813585165505414
2174,0.48603396604247007
2175,0.4602035663436764
2176,0.46248764193103853
2177,0.47631481162992406
2178,0.5015853168698007
2179,0.5259017462057392
2180,0.5396449853159866
2181,0.5434744934544393
2182,0.5344286284525698
2183,0.5453651794786616
2184,0.5196698091700536
2185,0.5086463768085782
2186,0.48203500246231
2187,0.46664510008686017
2188,0.47743330576973375
2189,0.5058396880953815
2190,0.5058043829140477
2191,0.505768178201724
2192,0.5143665693099627
2193,0.5196698087217688
2194,0.5242343183450862
2195,0.5278865522135037
2196,0.604819866760435
2197,0.5009868111305034
2198,0.5007180002328893
2199,0.5020970617915334
2200,0.5019015312464566
2201,0.5034522274410255
2202,0.5068881146557024
2203,0.5068743242245525
2204,0.5139213762500209
2205,0.5188406870337112
2206,0.5052991222943308
2207,0.5086463768085782
2208,0.4837148282457045
2209,0.5029261840658095
2210,0.5162415640899979
2211,0.5213529282644981
2212,0.5189963793768809
2213,0.5152920190626322
2214,0.48264812488404946
2215,0.5049424324548302
2216,0.5010511895271584
2217,0.4947076067306014
2218,0.4981358518180668
2219,0.49074112710390244
2220,0.5604556711743125
2221,0.5086463768085782
2222,0.4991916272160077
2223,0.5007869567358917
2224,0.4787623415596355
2225,0.45478085391303974
2226,0.5333183774278479
2227,0.5511340593379879
2228,0.5212015813061203
2229,0.5086463768085782
2230,0.5186010945740661
2231,0.5218848812492038
2232,0.6080781431027278
2233,0.5098261996053948
2234,0.5014732171290028
2235,0.4961605730255457
2236,0.4981358514512883
2237,0.4990306469070357
2238,0.4971312453655875
2239,0.4949491196106607
2240,0.5086463768085782
2241,0.5133050067712837
2242,0.49600332772192607
2243,0.49867701485947724
2244,0.6129176679103836
2245,0.5231609893584752
2246,0.479764273290995
2247,0.4503936149454238
2248,0.46297933859103635
2249,0.47561855177335166
2250,0.48669363263848453
2251,0.48174663607183915
2252,0.48105903851669507
2253,0.48386149347282315
2254,0.5274852450298088
2255,0.6258603329171276
2256,0.6002553587039798
2257,0.495098498317182
2258,0.4873661365084767
2259,0.4724192721601264
2260,0.4654802075870178
2261,0.46745345701334884
2262,0.4726259852630851
2263,0.46577363282029505
2264,0.4556869300464055
2265,0.46659926202213914
2266,0.5235486241826569
2267,0.5441601832782249
2268,0.6481931155770191
2269,0.5509441183710606
2270,0.5362759394132496
2271,0.5070150661284354
2272,0.49515367884363837
2273,0.49056188395659023
2274,0.5048490513720929
2275,0.5047841366968366
2276,0.5237143288615984
2277,0.4856500483189919
2278,0.48971978279675166
2279,0.5214385973485297
2280,0.6143181080971508
2281,0.5112285254974306
2282,0.5111993480533016
2283,0.5111708226396424
2284,0.512380933761265
2285,0.5011144943130332
2286,0.5021721358085821
2287,0.47316051233860956
2288,0.47381825858633103
2289,0.5340591515212438
2290,0.5226262300823664
2291,0.505613639343136
2292,0.5205404676404801
2293,0.5213189812994445
2294,0.48861365735799855
2295,0.4850078811310232
2296,0.45019808592020044
2297,0.5086463768085782
2298,0.46615869427916845
2299,0.4868525747961625
2300,0.4813188842367061
2301,0.48839980622194423
2302,0.5121493233944381
2303,0.5665829191889453
2304,0.6319884180237939
2305,0.4804714281332944
2306,0.4940648308140072
2307,0.5086463768085782
2308,0.5086463768085782
2309,0.4970573984039455
2310,0.5046474132284181
2311,0.49832789222257556
2312,0.49783400070929
2313,0.5041722594852434
2314,0.5086463768085782
2315,0.5175077298853769
2316,0.4997850237317794
2317,0.5479486117514244
2318,0.5388158649362712
2319,0.5322848724861331
2320,0.514553525028096
2321,0.5115430260936559
2322,0.49834134089723614
2323,0.5160547634348425
2324,0.5012379901823139
2325,0.505613639343136
2326,0.5131803526807669
2327,0.5300442699009906
2328,0.5763498320476615
2329,0.5136341191857907
2330,0.512558778538583
2331,0.5245573153365327
2332,0.507740822269997
2333,0.5086463768085782
2334,0.5244157210328263
2335,0.5185792095288657
2336,0.5126595472567269
2337,0.4947003736401418
2338,0.4489454643448313
2339,0.2988514801199594
2340,0.6370671170525847
2341,0.3472494613849725
2342,0.4457903612377215
2343,0.4716766782421105
2344,0.47631481471963993
2345,0.48419708615397006
2346,0.5086463768085782
2347,0.5150111779905753
2348,0.5086463768085782
2349,0.520862081635679
2350,0.5258142912052827
2351,0.5346446247399027
2352,0.644699193731915
2353,0.49478095100085706
2354,0.4845236972887922
2355,0.47802183424947475
2356,0.48964901349745066
2357,0.49643067088042725
2358,0.4866936347731736
2359,0.4992310346070615
2360,0.4988215456544708
2361,0.5035689605886068
2362,0.5137237930285495
2363,0.5184712079626855
2364,0.4988215456544708
2365,0.4385713664200924
2366,0.501693966892805
2367,0.4864052707437419
2368,0.4925012612512366
2369,0.5086463768085782
2370,0.516863118016196
2371,0.524234314758809
2372,0.536925173240538
2373,0.5277508925729679
2374,0.5372840876374473
2375,0.585434590167447
2376,0.6534623402705643
2377,0.5334574583947636
2378,0.5031577940569874
2379,0.4972522544105496
2380,0.5007180003720122
2381,0.5045753559726255
2382,0.5086463768085782
2383,0.5167163612246909
2384,0.5276437417180043
2385,0.534446491800855
2386,0.5473878935167632
2387,0.5565841440153402
2388,0.5173372772434857
2389,0.47786707490447916
2390,0.47442807098028256
2391,0.4631497915460357
2392,0.43297266525007955
2393,0.47462661705653714
2394,0.5000108466345803
2395,0.5200885956957727
2396,0.5141572728542235
2397,0.5218627487089192
2398,0.5329639690040192
2399,0.5242343186012489
2400,0.5966403115940286
2401,0.4920148504554015
2402,0.4990306470044888
2403,0.4934089941390972
2404,0.49788550755353045
2405,0.49345170824852436
2406,0.49023420382312205
2407,0.48859954194575655
2408,0.48145194335661645
2409,0.4836710391439228
2410,0.49347722259474
2411,0.5086463768085782
2412,0.5407686459552563
2413,0.5113522239629268
2414,0.4976229448953875
2415,0.5086463768085782
2416,0.5249861842992356
2417,0.5263263290699617
2418,0.498713544816205
2419,0.49558288096210096
2420,0.5165747530132727
2421,0.5188024928351695
2422,0.5135582124161425
2423,0.5012379905062359
2424,0.479193009464349
2425,0.5028528405291107
2426,0.5255994917414181
2427,0.4974867981552057
2428,0.4464907688322488
2429,0.4534736092298185
2430,0.45459589508223247
2431,0.49609117463727015
2432,0.4738182667835365
2433,0.5792229072394224
2434,0.5666485077127896
2435,0.52508529956129
2436,0.5164380291048983
2437,0.5124437019259455
2438,0.5196698082734841
2439,0.48203500470373367
2440,0.4690615498697571
2441,0.46062119892002246
2442,0.5026210729707882
2443,0.5262606570691106
2444,0.5301803309003126
2445,0.5506934915950172
2446,0.5210863363350389
2447,0.5204369923311495
2448,0.5161782584670923
2449,0.4811071369255929
2450,0.5127920990413037
2451,0.528305337917691
2452,0.5196698082734841
2453,0.519156901147039
2454,0.5051969124088947
2455,0.5051434302227182
2456,0.5086463768085782
2457,0.5155987877941215
2458,0.49813585247011727
2459,0.47381826200183386
2460,0.6714433571661134
2461,0.5045383446656253
2462,0.40533930029694115
2463,0.4170374053081849
2464,0.4934089964235815
2465,0.5138405253800228
2466,0.5549167084195781
2467,0.567279175554874
2468,0.5654272367246793
2469,0.5519216663607636
2470,0.5501845004600021
2471,0.536213891496309
2472,0.510167834064839
2473,0.5410790117235212
2474,0.5033300009183546
2475,0.48304139799303997
2476,0.4745701246080955
2477,0.4846470031129047
2478,0.49039951578600954
2479,0.49783400070929
2480,0.49729044196272915
2481,0.49422006001043556
2482,0.5010724093232847
2483,0.5137237935990937
2484,0.5640282521497764
2485,0.523841045368632
2486,0.5049424324548302
2487,0.5177948146314025
2488,0.4976229444471027
2489,0.5029261840658095
2490,0.5181011264011487
2491,0.5194933659533473
2492,0.5155987883290066
2493,0.5203209207906492
2494,0.5580850653427061
2495,0.563971465637746
2496,0.5234833620955593
2497,0.49786215586090266
2498,0.48316186442402514
2499,0.48990522993628516
2500,0.5086463768085782
2501,0.5074217908744849
2502,0.517082283986394
2503,0.5190493394892068
2504,0.5164188821734808
2505,0.5161603656053401
2506,0.5189648618659082
2507,0.520436993869754
2508,0.38904561415830113
2509,0.5487530671585961
2510,0.47964050738263153
2511,0.4824215472394244
2512,0.4603923961453335
2513,0.47878407575030046
2514,0.5086463768085782
2515,0.468433657045563
2516,0.5115617144811915
2517,0.4997850240214403
2518,0.5145923919231027
2519,0.5086463768085782
2520,0.5808629827880168
2521,0.4766424905921546
2522,0.5086463768085782
2523,0.48809261913275154
2524,0.4326253430245277
2525,0.41131721598677295
2526,0.43378103817869756
2527,0.454159313499027
2528,0.46330775287787873
2529,0.4674534781535037
2530,0.4930584442377599
2531,0.5086463768085782
2532,0.9080239352600568
2533,0.49443190797179065
2534,0.4668658499295396
2535,0.4744058708816419
2536,0.46827355477840465
2537,0.4880926214716283
2538,0.486033969817499
2539,0.4767717131545408
2540,0.471524486478245
2541,0.47381826947324374
2542,0.478476899756152
2543,0.5736439611963388
2544,0.7893727190737431
2545,0.4917235093156576
2546,0.4903525881177215
2547,0.48271450949931705
2548,0.47228648895304326
2549,0.4695950451772729
2550,0.4815015093962179
2551,0.5037873612480515
2552,0.5135053923691049
2553,0.5314875803673272
2554,0.5253900001886501
2555,0.5279688739896635
2556,0.37658405519793625
2557,0.429951535091053
2558,0.4990306504153501
2559,0.48809262614938004
2560,0.47381827395608817
2561,0.5208620783325303
2562,0.5202353502584866
2563,0.5196698046872077
2564,0.5191568978867875
2565,0.5283053327827949
2566,0.5434744841439125
2567,0.6441220769127614
2568,0.6883921436700372
2569,0.5259605464738352
2570,0.5086463768085782
2571,0.5123202064635699
2572,0.5392709216773358
2573,0.5634741507399111
2574,0.5506699448403833
2575,0.5395918331932323
2576,0.5218113949162139
2577,0.5094973591911236
2578,0.5086463768085782
2579,0.5169844283852835
2580,0.41456812744960514
2581,0.5098843829285534
2582,0.4866180301064344
2583,0.46360998803861075
2584,0.44364877106137374
2585,0.4391746557315876
2586,0.483161866822014
2587,0.5119936310748717
2588,0.5151956913509685
2589,0.5020970622661878
2590,0.5307836325288487
2591,0.52038592820257
2592,0.527828178193766
2593,0.5163934970775885
2594,0.5209956547209692
2595,0.5157444120791385
2596,0.5086463768085782
2597,0.49422006001043556
2598,0.4766964587695711
2599,0.47476956969431566
2600,0.48036757594651125
2601,0.4848416934667397
2602,0.500119496130406
2603,0.5213189797194759
2604,0.6043263717017415
2605,0.5675096078972717
2606,0.5519026497802452
2607,0.5086463768085782
2608,0.5051969121455666
2609,0.5171732584522867
2610,0.501850810507638
2611,0.4998540009752973
2612,0.5068460840484954
2613,0.5192390454019418
2614,0.5069150614658098
2615,0.5154934325194639
2616,0.5863472425025816
2617,0.500119494980958
2618,0.49587825943301245
2619,0.5176592462163769
2620,0.5209285066039653
2621,0.5013575011009332
2622,0.4560593329292007
2623,0.37985984234296144
2624,0.3574842977986925
2625,0.4976229462402415
2626,0.5352577471202841
2627,0.5035689605886068
2628,0.3067012050694801
2629,0.5086463768085782
2630,0.4957322657252537
2631,0.5086463768085782
2632,0.5086463768085782
2633,0.5215604878919026
2634,0.5086463768085782
2635,0.5208620783325303
2636,0.5202353502584866
2637,0.5196698046872077
2638,0.5480389904499243
2639,0.6414482482738115
2640,0.7394736954722494
2641,0.5781181010752467
2642,0.511288927994208
2643,0.4894645742594598
2644,0.48131888239817117
2645,0.4793971976068114
2646,0.4728979501049224
2647,0.47878407575030046
2648,0.4826481258823505
2649,0.49147846023662844
2650,0.5056538094292159
2651,0.5116389441879404
2652,0.6192527196810835
2653,0.5012379903037846
2654,0.5178695164099708
2655,0.5068316237119791
2656,0.5140474837143298
2657,0.5032452699028265
2658,0.49934730525321247
2659,0.5086463768085782
2660,0.5161160007515493
2661,0.521151930768167
2662,0.5237703854536607
2663,0.531799951165192
2664,0.5323043038164913
2665,0.520235355543526
2666,0.5061219309775139
2667,0.4915118592483527
2668,0.4699048601003932
2669,0.495253683506264
2670,0.49440950750622087
2671,0.5030674379161791
2672,0.5029261840658095
2673,0.5067070040031201
2674,0.5144152573062327
2675,0.5303528700539066
2676,0.7032616074571448
2677,0.4723558860794628
2678,0.47552343953765697
2679,0.47099298776856
2680,0.4361102730994757
2681,0.4562039754006977
2682,0.46126305511343985
2683,0.5111429275033561
2684,0.4619241701136825
2685,0.5234186654644668
2686,0.527828178193766
2687,0.5471967451063889
2688,0.5472401740173126
2689,0.524855875121915
2690,0.5103776921513465
2691,0.5051703767612686
2692,0.4923065686611314
2693,0.4582303174020468
2694,0.4307346567477649
2695,0.43917465971868463
2696,0.4745701295121218
2697,0.4978855092622503
2698,0.5086463768085782
2699,0.5442603531796473
2700,0.6897625852667362
2701,0.39252776786778537
2702,0.44830740661351176
2703,0.4843287872329827
2704,0.49813585328518034
2705,0.5086463768085782
2706,0.5191569003319759
2707,0.5137237930285495
2708,0.5086463768085782
2709,0.49837481201716216
2710,0.4978855092622503
2711,0.703208250692668
2712,0.5979140349455278
2713,0.5688872705405931
2714,0.5712275390074082
2715,0.5612384002854932
2716,0.531293159438443
2717,0.4902896387046531
2718,0.47593311404209115
2719,0.47894417938019246
2720,0.4808649544775756
2721,0.4933598826469137
2722,0.512010243702209
2723,0.5268164681145999
2724,0.4436487689470038
2725,0.4682735494202504
2726,0.49515367884363837
2727,0.49243687849524126
2728,0.504880697219355
2729,0.5215604942206257
2730,0.5340591515212438
2731,0.5400144651998166
2732,0.547032609326564
2733,0.5464803347549781
2734,0.536690868691855
2735,0.532802440751716
2736,0.45141364071877954
2737,0.48165303089908185
2738,0.49444680099451915
2739,0.49737855738650966
2740,0.49543000413490906
2741,0.49169326081517406
2742,0.4838614917718216
2743,0.4808037428414523
2744,0.4811071345249425
2745,0.48898741417801417
2746,0.499328126673114
2747,0.5133535374925077
2748,0.4564766056919611
2749,0.5283053388957667
2750,0.5267308690398641
2751,0.5135582124161425
2752,0.4883238735161033
2753,0.4863135901750142
2754,0.5027003616940536
2755,0.5260346108102971
2756,0.5195369445549477
2757,0.5190360481086799
2758,0.5209956547209692
2759,0.5248743629910008
2760,0.5807996649097188
2761,0.47917243216130956
2762,0.45915439035484884
2763,0.49190275209843054
2764,0.5230726936067208
2765,0.5015483415380179
2766,0.4777891097993089
2767,0.48545315559536945
2768,0.4758446023059608
2769,0.47847689135081617
2770,0.4962064172821174
2771,0.5210863363350389
2772,0.6232516790714175
2773,0.5181608579991563
2774,0.5411331723397179
2775,0.5279688756431727
2776,0.5298433685216499
2777,0.5000546363931513
2778,0.522240584616895
2779,0.5102895516697423
2780,0.4880926183531259
2781,0.5050313309518963
2782,0.48765837748832946
2783,0.4984213041901995
2784,0.6398152840456802
2785,0.4176219631527566
2786,0.43713379587463863
2787,0.511037251395209
2788,0.4939062243095563
2789,0.46694516649849127
2790,0.44967408007444987
2791,0.4286263851776928
2792,0.4113172261249019
2793,0.3843714111898164
2794,0.39323280182593295
2795,0.5324510392304828
2796,0.5086463768085782
2797,0.5679237427289514
2798,0.5253899908781273
2799,0.491902762739029
2800,0.4709029495752602
2801,0.5283053242246408
2802,0.5267308566258335
2803,0.5555594612062883
2804,0.547473439230262
2805,0.5614282551895423
2806,0.5805963744742457
2807,0.5631334474536946
2808,0.7401183028714573
2809,0.4926442540946792
2810,0.4775867940653838
2811,0.4640991040485039
2812,0.46039239890400874
2813,0.4695950451772729
2814,0.4954813607471509
2815,0.5175077290163942
2816,0.5253900001886501
2817,0.5279688739896635
2818,0.5364890086285383
2819,0.542066790318331
2820,0.41984409159587993
2821,0.5539850159537834
2822,0.5492680289815408
2823,0.5455081304551497
2824,0.5086463768085782
2825,0.49096642454719464
2826,0.5006241540767628
2827,0.5031354807629328
2828,0.5141572728542235
2829,0.5140260485093022
2830,0.5384833612916312
2831,0.5994776089943653
2832,0.46776487667737454
2833,0.5086463768085782
2834,0.5123503211623261
2835,0.49927011247969394
2836,0.4907213867883958
2837,0.48229395474931325
2838,0.48145194335661645
2839,0.4807175914087606
2840,0.48016929944265174
2841,0.4874493867539516
2842,0.501114495150064
2843,0.5124437019259455
2844,0.530180332611945
2845,0.4755234435915239
2846,0.49220745405586636
2847,0.5170153158658647
2848,0.5428868827355144
2849,0.5444808885730922
2850,0.539567729587758
2851,0.5263263290699617
2852,0.511062822728596
2853,0.5037873607255365
2854,0.49860314387874405
2855,0.521132179901436
2856,0.4856500489697278
2857,0.47381826050755144
2858,0.4923850059213277
2859,0.5017993216164882
2860,0.5120958412082616
2861,0.5153912218672783
2862,0.5184005044030546
2863,0.5269755200488967
2864,0.5255994917414181
2865,0.5244157198094039
2866,0.5060934057080935
2867,0.4784768899753971
2868,0.3305058536353028
2869,0.3584046415930551
2870,0.5086463768085782
2871,0.5208620783325303
2872,0.4964306752846261
2873,0.5086463768085782
2874,0.4957322657252537
2875,0.5086463768085782
2876,0.5215604878919026
2877,0.5086463768085782
2878,0.5086463768085782
2879,0.5324510517824387
2880,0.6002553270251991
2881,0.5951779233571948
2882,0.563133451121478
2883,0.5388158622663402
2884,0.5189963785865281
2885,0.49473826167771073
2886,0.49382562022630494
2887,0.4968557612860069
2888,0.5004296341066783
2889,0.5127920990413037
2890,0.5167163605040035
2891,0.538319845625949
2892,0.6975845260822358
2893,0.5131204942795833
2894,0.5159118114942165
2895,0.5057681780183945
2896,0.4936782855153307
2897,0.49261585746455744
2898,0.4949491197260281
2899,0.4959398253526583
2900,0.49715565260227235
2901,0.5046824936607778
2902,0.5145664240758065
2903,0.5255290819581976
2904,0.5713732554124409
2905,0.5127173977667904
2906,0.512645340506708
2907,0.509963789000672
2908,0.5073289646164844
2909,0.4922074520615111
2910,0.4999554765129823
2911,0.5159118114942165
2912,0.5142950597693848
2913,0.511418626928252
2914,0.5233140102035618
2915,0.49807436402741934
2916,0.5459731703665849
2917,0.5028379450350584
2918,0.5155987885073018
2919,0.5063525951526109
2920,0.49190275121171345
2921,0.48649086258457674
2922,0.49010498652880347
2923,0.49485619938174885
2924,0.5006051171268544
2925,0.5053479890687714
2926,0.5322848724861331
2927,0.5367490809154997
2928,0.6067669220611883
2929,0.4823557047573547
2930,0.4810715221240615
2931,0.48094615343884345
2932,0.4798758742652249
2933,0.4957322591621332
2934,0.5086463768085782
2935,0.5130336127040328
2936,0.5100900593534605
2937,0.49834134089723614
2938,0.4914388179577192
2939,0.5020492498072041
2940,0.3666213394664939
2941,0.5487908686870717
2942,0.533499488369941
2943,0.5394034733943641
2944,0.5357137261341172
2945,0.5261695388666583
2946,0.5086463768085782
2947,0.4892937671381035
2948,0.5049424324548302
2949,0.5317029308328007
2950,0.5280241506668462
2951,0.5086463768085782
2952,0.6541521469147017
2953,0.4810168131467128
2954,0.5086463768085782
2955,0.47716100997202
2956,0.5268932386502814
2957,0.4357203921015009
2958,0.4418484772465032
2959,0.46047845060311526
2960,0.4800691127137645
2961,0.49287703380775233
2962,0.4946085995483516
2963,0.4997850240214403
2964,0.5369251785566667
2965,0.5384833612916312
2966,0.5086463768085782
2967,0.5222065783278914
2968,0.523501949984452
2969,0.5147257268138684
2970,0.5184286641875481
2971,0.519852088749857
2972,0.4753315637329893
2973,0.47938003059288065
2974,0.5203555015306731
2975,0.5424942952053212
2976,0.523841045368632
2977,0.5263065774641487
2978,0.5234401686341599
2979,0.5284378924092207
2980,0.5144030079489148
2981,0.48468374919269924
2982,0.5022364278069972
2983,0.49697183282650714
2984,0.5016939652881497
2985,0.5121493236659952
2986,0.5033713773671354
2987,0.49583688339803295
2988,0.5196698091700536
2989,0.4631084084504835
2990,0.48557169409868667
2991,0.5158195361085575
2992,0.4617332652551733
2993,0.4493689674391029
2994,0.4848416934667397
2995,0.5044231599840172
2996,0.5128695936331391
2997,0.495732260802914
2998,0.49494912145653897
2999,0.513305006130877
3000,0.4894062034529541
3001,0.5882255203592686
3002,0.55334224136023
3003,0.5280638257695288
3004,0.4977558090622087
3005,0.49425071018622146
3006,0.5173933608232077
3007,0.5355752984627764
3008,0.511170822498609
3009,0.48761394202166913
3010,0.49147846023662844
3011,0.5202353547177382
3012,0.5613105686630596
3013,0.5437938379761631
3014,0.5216668418464561
3015,0.5086463768085782
3016,0.5175077300591734
3017,0.5033713773671354
3018,0.4995714402478348
3019,0.47039728396215713
3020,0.5019679928117791
3021,0.5342513548172038
3022,0.5440501269881272
3023,0.5437207464327564
3024,0.4786877475525173
3025,0.5458704407502774
3026,0.5442901482468313
3027,0.5318395998090159
3028,0.5097458220583231
3029,0.4927448525989347
3030,0.4851030388564114
3031,0.4924044960393049
3032,0.5029621638059244
3033,0.5143305898112319
3034,0.5248882575778514
3035,0.5286316010342569
3036,0.5062427844381832
3037,0.506216938864922
3038,0.4841621847128405
3039,0.45167099310893655
3040,0.49604112551093327
3041,0.5104907588511753
3042,0.5086463768085782
3043,0.5246013954311786
3044,0.5170464352493424
3045,0.5379897745672038
3046,0.565909493909308
3047,0.5141978981864679
3048,0.4843537085583955
3049,0.5607657840591412
3050,0.5047339750785733
3051,0.5016322930115752
3052,0.5003542331710386
3053,0.48879537280585805
3054,0.48940620037900173
3055,0.49837481026572417
3056,0.5099561517860854
3057,0.5138108428310669
3058,0.5186341046977169
3059,0.5182112146690204
3060,0.4928911366018551
3061,0.4419689437749066
3062,0.44699602557562107
3063,0.4901924066921688
3064,0.5314875826784514
3065,0.531362214057543
3066,0.5256704929810265
3067,0.5158195362983555
3068,0.547473458739488
3069,0.524432421352087
3070,0.5384690726433784
3071,0.5403291705336299
3072,0.5938302204099744
3073,0.49978502315245754
3074,0.5246356262371268
3075,0.5058221455729239
3076,0.4947269821003914
3077,0.503294015190749
3078,0.5047441113048039
3079,0.5070664014462741
3080,0.4772276803855229
3081,0.48765837660148575
3082,0.4810330683309858
3083,0.4970573980075673
3084,0.47539823332746506
3085,0.519407246277216
3086,0.4505481013028565
3087,0.44868843459052515
3088,0.39616698504669007
3089,0.4600450746833116
3090,0.5382503156227173
3091,0.5239699107634125
3092,0.5086463768085782
3093,0.5397399356718887
3094,0.5020970622661878
3095,0.5052991225422846
3096,0.4425219139849782
3097,0.5175077290163942
3098,0.5213189797194759
3099,0.5127173972777525
3100,0.4830414012206901
3101,0.4406160437312995
3102,0.41084701932666323
3103,0.41703743600593024
3104,0.46173329241086797
3105,0.5253899908781273
3106,0.620809061546159
3107,0.6220867645215111
3108,0.22855626305519716
3109,0.5283053242246408
3110,0.5086463768085782
3111,0.6002553019212754
3112,0.5917284437722654
3113,0.5483863197181056
3114,0.515819534590174
3115,0.4940648343442491
3116,0.4930584388583473
3117,0.47381826947324374
3118,0.5267308638673492
3119,0.6002553357150221
3120,0.6169989690952893
3121,0.5867074749742
3122,0.5723711020709767
3123,0.5688057780987477
3124,0.5388158654756514
3125,0.5060642281197257
3126,0.4896945675545229
3127,0.4925535503694764
3128,0.48967561262559367
3129,0.4842912997452136
3130,0.48545315460246447
3131,0.48954185745220935
3132,0.5617049876261084
3133,0.49418156319978246
3134,0.44427032795585203
3135,0.5061498261138002
3136,0.4957322598184456
3137,0.4803675750604897
3138,0.47631481162992406
3139,0.4749739447649562
3140,0.4690615498697571
3141,0.47221017534276494
3142,0.4910320965480457
3143,0.6359541175173669
3144,0.5409779419872323
3145,0.5572476818491415
3146,0.5062038066455544
3147,0.49860314387874405
3148,0.5259395004080847
3149,0.5376235895746063
3150,0.5208620838377793
3151,0.4943289286424155
3152,0.47938003059288065
3153,0.4805277558953613
3154,0.4857472467612138
3155,0.5025396392944581
3156,0.33600929267086566
3157,0.6173151807689604
3158,0.5694982554007147
3159,0.5461483176559804
3160,0.5361420394010323
3161,0.5394034733943641
3162,0.539328771990799
3163,0.535655875820654
3164,0.5255036232539615
3165,0.5187538055674934
3166,0.5169639620778167
3167,0.530674723510722
3168,0.5287165061265233
3169,0.48484169053794607
3170,0.4791930077166058
3171,0.4796992658010758
3172,0.47917243216130956
3173,0.4991916272160077
3174,0.5086463768085782
3175,0.5047508398836921
3176,0.5274852460776256
3177,0.5421797318770402
3178,0.5432517890393247
3179,0.5139316599391754
3180,0.532189714760745
3181,0.5098200706284812
3182,0.5189439563736845
3183,0.516343222651971
3184,0.5064739028288905
3185,0.4939920535717766
3186,0.4827617168444983
3187,0.4951938592463694
3188,0.5001728005988599
3189,0.4922346029704484
3190,0.49094842888313295
3191,0.5119690182686453
3192,0.4915218542633598
3193,0.5032452699028265
3194,0.5086463768085782
3195,0.5104611299051772
3196,0.5031577940569874
3197,0.5049118199587763
3198,0.4970573984039455
3199,0.4985130397565432
3200,0.5044622656944504
3201,0.5086463768085782
3202,0.5169385200656588
3203,0.5166449304546381
3204,0.5292855388377083
3205,0.5308314459441732
3206,0.5212894258952303
3207,0.5039877468458727
3208,0.5038896632617023
3209,0.5180617203181597
3210,0.5277924328027054
3211,0.5000108460844126
3212,0.5158653790694243
3213,0.5043427124084369
3214,0.5071934100683827
3215,0.4997267099731325
3216,0.4481526182651974
3217,0.5294584948146035
3218,0.5243547857700591
3219,0.5152920190626322
3220,0.49515367884363837
3221,0.5051434299511611
3222,0.490267505377522
3223,0.44994264793098826
3224,0.5010724093232847
3225,0.5086463768085782
3226,0.4784768899753971
3227,0.4965936241799336
3228,0.6713596984177017
3229,0.505613639343136
3230,0.49769926100023204
3231,0.5070382878286028
3232,0.5227230388531604
3233,0.5233226747843605
3234,0.5197374648929259
3235,0.5045507561947533
3236,0.5100198494287803
3237,0.510011550450411
3238,0.5113522241249574
3239,0.5229756221066005
3240,0.594718491075723
3241,0.5220390706072086
3242,0.5220566106274741
3243,0.5139449408931561
3244,0.5101377060286022
3245,0.504142528872206
3246,0.4961778033138022
3247,0.5054186711162284
3248,0.5053718911486264
3249,0.5002463180554724
3250,0.49360793307568385
3251,0.4905618832705513
3252,0.5485141598933316
3253,0.5086463768085782
3254,0.5168037811001533
3255,0.5078437629771424
3256,0.5118398653953162
3257,0.5202353558077781
3258,0.4763148081539929
3259,0.503371377161864
3260,0.47307578048812876
3261,0.5012379900434903
3262,0.49987107758967225
3263,0.5063982433073808
3264,0.45963801820332606
3265,0.5072386741245027
3266,0.5000108460844126
3267,0.5027003613028234
3268,0.5315455083077371
3269,0.528191890266374
3270,0.5123604695124268
3271,0.5074151173490775
3272,0.5086463768085782
3273,0.5171275273255125
3274,0.5247094731544292
3275,0.5287663394635549
3276,0.463982167290816
3277,0.5206670600626143
3278,0.48909381105899713
3279,0.4829903332594637
3280,0.48924725897386
3281,0.49746707295565123
3282,0.5020007345545241
3283,0.5069539677936741
3284,0.5069411947756081
3285,0.49992191270412395
3286,0.4546439634046146
3287,0.47457012583410224
3288,0.6792590863257045
3289,0.5287165061265233
3290,0.5131204943534183
3291,0.4752901559173181
3292,0.4601477436613719
3293,0.4590244670303943
3294,0.4552377502043578
3295,0.441968948083793
3296,0.42854206263404515
3297,0.44204069291092446
3298,0.4661587031830293
3299,0.5163059404090853
3300,0.5160547614913115
3301,0.592846954894433
3302,0.5580560349015066
3303,0.5279688739896635
3304,0.5194933650852548
3305,0.49406483199075474
3306,0.49305843616863954
3307,0.5165747525495299
3308,0.49250125836572656
3309,0.5086463768085782
3310,0.5361856166915634
3311,0.5331906211294983
3312,0.7888240323389069
3313,0.4788885529386027
3314,0.4515519311934193
3315,0.40245585023731
3316,0.36090115245257437
3317,0.3767118157266266
3318,0.45627416873029203
3319,0.4986031472275894
3320,0.5086463768085782
3321,0.5283053327827949
3322,0.5434744841439125
3323,0.5457682671389112
3324,0.35878468815467
3325,0.5865580677968187
3326,0.5514028584936362
3327,0.5308874828734145
3328,0.5414481465405988
3329,0.5318395950430727
3330,0.519407244354906
3331,0.5189179415999942
3332,0.5136121924021588
3333,0.5135053923691049
3334,0.5086463768085782
3335,0.5037873612480515
3336,0.5363465959278539
3337,0.4191994893521754
3338,0.45001358762568777
3339,0.49125814726978156
3340,0.5342513475549926
3341,0.5590624247838506
3342,0.5388158592404186
3343,0.5142253147825402
3344,0.5140908694029528
3345,0.5086463768085782
3346,0.5139627517605314
3347,0.5086463768085782
3348,0.12867753479541516
3349,0.635083364428195
3350,0.5654272080344709
3351,0.5434744796610682
3352,0.5480389904499243
3353,0.5421797219047163
3354,0.5308874828734145
3355,0.5223436307762089
3356,0.5151956904016599
3357,0.5212015789798862
3358,0.5205404652918783
3359,0.5253899991541472
3360,0.5340591477060547
3361,0.6316234349713943
3362,0.5715422399831379
3363,0.5508926115268202
3364,0.5319250191597829
3365,0.5179327064486747
3366,0.5009345172908471
3367,0.48026294959810634
3368,0.48225727058257783
3369,0.49205650181277655
3370,0.49305843501590746
3371,0.49923103362601284
3372,0.5226262296016526
3373,0.47976427500262797
3374,0.46642413734675253
3375,0.4824215491440441
3376,0.4942964419460416
3377,0.501114495150064
3378,0.5270252467437688
3379,0.49779938853190153
3380,0.4811071369255929
3381,0.47241927701113023
3382,0.4880926214716283
3383,0.48000866597970904
3384,0.5372840876374473
3385,0.529200132145528
3386,0.5229207345706216
3387,0.5086463768085782
3388,0.5039877474862793
3389,0.5038896639293603
3390,0.5086463768085782
3391,0.5086463768085782
3392,0.513403089687796
3393,0.5086463768085782
3394,0.494064832775253
3395,0.4876139444708343
3396,0.47926275758477277
3397,0.520862081635679
3398,0.5086463768085782
3399,0.5145151614540883
3400,0.48419708615397006
3401,0.5020970632154964
3402,0.5086463768085782
3403,0.5668991269252349
3404,0.5034522282371335
3405,0.5334994856333194
3406,0.5474734540944324
3407,0.5312587856871716
3408,0.5013575018848191
3409,0.5522951395878721
3410,0.4960911728925947
3411,0.48122664730156084
3412,0.49357842601215135
3413,0.49250125836572656
3414,0.500119496130406
3415,0.5042591414810862
3416,0.5041722599282541
3417,0.5040818676591619
3418,0.5220722381658105
3419,0.533318375929602
3420,0.5606152607757824
3421,0.5559460330609193
3422,0.5255692443014987
3423,0.5132574662601128
3424,0.5131652382689058
3425,0.5108723607425649
3426,0.5041722594852434
3427,0.48484169179314346
3428,0.46134672055623704
3429,0.4487491171004222
3430,0.5685436365167341
3431,0.5907741502585155
3432,0.6519588043019238
3433,0.5558445838740105
3434,0.490330273260729
3435,0.48650911902092364
3436,0.4961228131998289
3437,0.4916324394667999
3438,0.4861003878124676
3439,0.4851514037643404
3440,0.4789186003820074
3441,0.4804852179985521
3442,0.4855071869539498
3443,0.5041722594852434
3444,0.24403453965386318
3445,0.5546466081599846
3446,0.5365751587516105
3447,0.5427226241050346
3448,0.5260346096945664
3449,0.5044231599840172
3450,0.5170153158658647
3451,0.49597377389768044
3452,0.5409779408285887
3453,0.5196698082734841
3454,0.4695950451772729
3455,0.4716766782421105
3456,0.6913057692667864
3457,0.48259355840379536
3458,0.4957322598184456
3459,0.5005280590118016
3460,0.49443190797179065
3461,0.49347722259474
3462,0.4957322601876213
3463,0.4984520673501946
3464,0.4905618854048948
3465,0.4889874156994653
3466,0.5086463768085782
3467,0.5320398944588378
3468,0.15936718828005303
3469,0.6375526756157082
3470,0.5530902105371406
3471,0.5388158572231381
3472,0.5223436307762089
3473,0.521560491583657
3474,0.5324510580584215
3475,0.5249861823288681
3476,0.5334994856333194
3477,0.5394034703990072
3478,0.5127173972777525
3479,0.5352577489134227
3480,0.7774156989051637
3481,0.5161603656053401
3482,0.504383315367017
3483,0.4907411262165759
3484,0.48664609133405734
3485,0.4885201215497459
3486,0.4880926181303756
3487,0.49107362930197657
3488,0.4984520665834451
3489,0.5033713773671354
3490,0.5086463768085782
3491,0.5121766915454797
3492,0.4511136486677131
3493,0.504081867198069
3494,0.47649208441352003
3495,0.451485474281519
3496,0.4715244803652728
3497,0.473818262748975
3498,0.494064832775253
3499,0.5086463768085782
3500,0.5184712079626855
3501,0.5086463768085782
3502,0.5086463768085782
3503,0.5271003450398352
3504,0.8538216325484764
3505,0.5860367292027143
3506,0.5196373033668094
3507,0.5086463768085782
3508,0.5086463768085782
3509,0.5086463768085782
3510,0.5086463768085782
3511,0.5086463768085782
3512,0.5003694235104779
3513,0.4799175014374882
3514,0.4944219599254205
3515,0.48817028534561446
3516,0.3765577658826794
3517,0.4885499778818838
3518,0.48071759025649874
3519,0.496430669779377
3520,0.5086463768085782
3521,0.5107287467857444
3522,0.5107097294445003
3523,0.5147257268138684
3524,0.5145664240758065
3525,0.5105857496140362
3526,0.5199455084437459
3527,0.5426858884148306
3528,0.5297490225691981
3529,0.49834134089723614
3530,0.4962632478342
3531,0.5005474613907905
3532,0.4967968537048025
3533,0.4979702704613838
3534,0.5031129848424356
3535,0.5067713822699271
3536,0.5048490513720929
3537,0.5161782590948653
3538,0.521251628106223
3539,0.5287427757352725
3540,0.4684128442979518
3541,0.5356828417930329
3542,0.5120186117563051
3543,0.4561285757420864
3544,0.49560801677530325
3545,0.4995164258967159
3546,0.49668932545497624
3547,0.5036805606692596
3548,0.5111429275033561
3549,0.5183655329227913
3550,0.5355218484376448
3551,0.5401317422717725
3552,0.5279989864790527
3553,0.5119936313228255
3554,0.5069789482271536
3555,0.4948444957234269
3556,0.4546439634046146
3557,0.5086463768085782
3558,0.513120494131913
3559,0.47529015767929306
3560,0.47253087486087264
3561,0.45443299510887336
3562,0.4927847408168326
3563,0.528305337917691
3564,0.556029696129019
3565,0.5055723765563548
3566,0.5321413483244173
3567,0.5114186267581712
3568,0.5058741268589851
3569,0.5168631200085722
3570,0.5364500251540772
3571,0.5156708454045127
3572,0.532681490955838
3573,0.5265713668287605
3574,0.537375250807937
3575,0.5415392752198982
3576,0.6139240342156977
3577,0.5245390202562441
3578,0.5153661451433746
3579,0.49411999697113884
3580,0.495939824842086
3581,0.5095780711377662
3582,0.509574244867067
3583,0.5114073344423703
3584,0.5104684476100273
3585,0.5086463768085782
3586,0.5077371781776778
3587,0.5068169291221161
3588,0.49540787181372314
3589,0.5086463768085782
3590,0.49145282947808877
3591,0.514865179128889
3592,0.5156917087914983
3593,0.49747425331766015
3594,0.49907591083467717
3595,0.492903205425389
3596,0.5074787486165682
3597,0.5098140050005882
3598,0.5155281946804772
3599,0.5249861854814564
3600,0.4361703139829118
3601,0.5129500412087195
3602,0.5197374648929259
3603,0.4735926611083514
3604,0.45743894790529405
3605,0.359831449766432
3606,0.3235055821976963
3607,0.4377800113688429
3608,0.6118443004751075
3609,0.536925173240538
3610,0.5509441108074624
3611,0.5790884672392504
3612,0.6712251681102734
3613,0.5144647810397477
3614,0.492784739424318
3615,0.506583024172656
3616,0.543178185675791
3617,0.5257708993537965
3618,0.5151485679269557
3619,0.4740851642730881
3620,0.39754812126095634
3621,0.4456751168481988
3622,0.40245586597210337
3623,0.4137864951047432
3624,0.9454723684327684
3625,0.47989341678821357
3626,0.46615869316618563
3627,0.47511302236338654
3628,0.4970573986021345
3629,0.5247094723383566
3630,0.5472401740173126
3631,0.5526229328536497
3632,0.5401567331254568
3633,0.5266280084572091
3634,0.514736652612378
3635,0.5025561010047783
3636,0.4998344027801035
3637,0.42022412723724856
3638,0.44046204005978173
3639,0.4601477467350786
3640,0.4509544872429219
3641,0.4477197994414548
3642,0.4738182649903981
3643,0.502281575626581
3644,0.5330956674631863
3645,0.5307063741061004
3646,0.5381581149556182
3647,0.5689853470036446
3648,0.8909025673355178
3649,0.5086463768085782
3650,0.5086463768085782
3651,0.5086463768085782
3652,0.5086463768085782
3653,0.5086463768085782
3654,0.47240513620012897
3655,0.42007013026885315
3656,0.4312656403149521
3657,0.4706134454350269
3658,0.5029261840658095
3659,0.5105692441148616
3660,0.5567530246662051
3661,0.47356019398882915
3662,0.45595958914278767
3663,0.499328126673114
3664,0.5179646269440423
3665,0.5040352873570435
3666,0.5155281943310923
3667,0.5153247608053773
3668,0.5086463768085782
3669,0.4903790146053354
3670,0.5013964861389058
3671,0.5867626585301005
3672,0.6202037978990227
3673,0.5346676877544951
3674,0.5378685458482686
3675,0.5337762025313014
3676,0.5332671180427343
3677,0.5142415709390104
3678,0.5086463768085782
3679,0.5086463768085782
3680,0.5086463768085782
3681,0.5086463768085782
3682,0.5086463768085782
3683,0.5086463768085782
3684,0.33482053105515186
3685,0.5460657566128194
3686,0.5290967091208791
3687,0.4963703151869957
3688,0.49444680099451915
3689,0.5086463768085782
3690,0.5205404677970535
3691,0.5199455088205405
3692,0.5172956838077469
3693,0.5200231099523175
3694,0.5194776057853905
3695,0.5235281700078646
3696,0.5821458625616592
3697,0.5086463768085782
3698,0.48357391201171446
3699,0.48085137471648254
3700,0.4906987723550038
3701,0.4995714398832815
3702,0.5049118198044487
3703,0.5151418914464997
3704,0.5245390202562441
3705,0.5290147150159454
3706,0.5301803353269486
3707,0.5279804872692127
3708,0.5086463768085782
3709,0.5086463768085782
3710,0.5086463768085782
3711,0.5086463768085782
3712,0.5086463768085782
3713,0.5086463768085782
3714,0.5086463768085782
3715,0.5086463768085782
3716,0.4955983596473738
3717,0.4712783314816963
3718,0.47449450916966235
3719,0.490955430780595
3720,0.5629142823363911
3721,0.5078409016028109
3722,0.5142253159633876
3723,0.5102153800316384
3724,0.5039062961825963
3725,0.49968919980231824
3726,0.4993193822567087
3727,0.5016127954324477
3728,0.5023070876739382
3729,0.5030674376865699
3730,0.5077030119535358
3731,0.5114647362800729
3732,0.582792424045302
3733,0.5162499002273615
3734,0.5086463768085782
3735,0.5086463768085782
3736,0.5086463768085782
3737,0.5086463768085782
3738,0.5086463768085782
3739,0.5086463768085782
3740,0.5086463768085782
3741,0.5086463768085782
3742,0.5086463768085782
3743,0.5086463768085782
3744,0.5086463768085782
3745,0.5086463768085782
3746,0.5086463768085782
3747,0.5086463768085782
3748,0.5086463768085782
3749,0.5086463768085782
3750,0.5086463768085782
3751,0.5086463768085782
3752,0.5043802192006144
3753,0.5005522972601232
3754,0.5023796576243822
3755,0.5036491781626186
3756,0.5192225146339482
3757,0.5072645036502551
3758,0.5134464022592421
3759,0.5182762416774416
3760,0.5086463768085782
3761,0.5086463768085782
3762,0.5086463768085782
3763,0.5086463768085782
3764,0.5037166781734975
3765,0.47503326427380294
3766,0.48424113961022647
3767,0.5103580179904136
3768,0.36608783605373996
3769,0.5086463768085782
3770,0.46455060418621036
3771,0.5105857496140362
3772,0.5359005270663463
3773,0.553517728555504
3774,0.52748524652669
3775,0.5137524822900311
3776,0.5136396308963203
3777,0.5123202065631359
3778,0.5158195364881535
3779,0.5133050068513346
3780,0.47381825794592414
3781,0.5032018832301639
3782,0.49879092748279624
3783,0.4694592380643061
3784,0.49269135818597776
3785,0.5086463768085782
3786,0.49927011247969394
3787,0.4865372756742681
3788,0.4720517490652984
3789,0.49587826015475905
3790,0.4894645754233902
3791,0.45751420029715467
3792,0.8271759242207116
3793,0.492306568004342
3794,0.4806184729121114
3795,0.4999554763736707
3796,0.5173372772434857
3797,0.5210863380478249
3798,0.520436993869754
3799,0.5198520892130927
3800,0.5201897996328865
3801,0.5229030699596731
3802,0.5258539362554302
3803,0.5246356262371268
3804,0.5258656304212638
3805,0.5086463768085782
3806,0.5086463768085782
3807,0.5086463768085782
3808,0.5086463768085782
3809,0.5086463768085782
3810,0.5086463768085782
3811,0.5086463768085782
3812,0.5086463768085782
3813,0.5086463768085782
3814,0.5086463768085782
3815,0.5086463768085782
3816,0.4268968061530709
3817,0.4700525778607514
3818,0.4647796305600283
3819,0.4800086605275977
3820,0.4944715554231614
3821,0.5070150661284354
3822,0.531959363810585
3823,0.5551900133426756
3824,0.5693980913209461
3825,0.5564760675939413
3826,0.5137898473763028
3827,0.4199247871773709
3828,0.5861991906281999
3829,0.5094083861526684
3830,0.4912581411839778
3831,0.4834682175475859
3832,0.46745345488644197
3833,0.42727222036396595
3834,0.45544831349447157
3835,0.4764685600201058
3836,0.49437201754297116
3837,0.49860314387874405
3838,0.5137237935990937
3839,0.5184712090309384
3840,0.5766286430056162
3841,0.5608344899758827
3842,0.5414481541735543
3843,0.5182112146690204
3844,0.5074726829886751
3845,0.5074665540117616
3846,0.5038644935085117
3847,0.4987678393835861
3848,0.4943171315105558
3849,0.4845426363997864
3850,0.4915571961480681
3851,0.5004296332101088
3852,0.41703739730402867
3853,0.44861458984912655
3854,0.5363465978169466
3855,0.5280638257695288
3856,0.494949120349012
3857,0.4359892100387315
3858,0.5511340571120223
3859,0.5823501042175999
3860,0.6041044372069978
3861,0.5040195485959457
3862,0.520780059957658
3863,0.5311181058902449
3864,0.6219108220352751
3865,0.5134536976561973
3866,0.5086463768085782
3867,0.5070552747679606
3868,0.5078466040938934
3869,0.5037873603771931
3870,0.5045158128486505
3871,0.5061312982700914
3872,0.5017993208382946
3873,0.502480111489086
3874,0.5113096951348747
3875,0.5121493238017737
3876,0.5163349069566102
3877,0.47423782217685106
3878,0.4522842995692864
3879,0.4777584914713044
3880,0.5086463768085782
3881,0.5171199530182964
3882,0.5168136112401897
3883,0.5086463768085782
3884,0.5228934515045222
3885,0.5061219309775139
3886,0.5185792093468872
3887,0.5339040298832557
3888,0.6246025104454622
3889,0.5086463768085782
3890,0.5086463768085782
3891,0.5086463768085782
3892,0.4990165119397147
3893,0.493929092292328
3894,0.493678285019336
3895,0.4942710698348958
3896,0.49152185361408257
3897,0.4910801691987444
3898,0.49064198809796244
3899,0.48794382913829865
3900,0.427080627943417
3901,0.5166876364903019
3902,0.525390002163611
3903,0.5255994928019823
3904,0.530674723510722
3905,0.5171275273255125
3906,0.5050505096288939
3907,0.506216938864922
3908,0.5024559744622974
3909,0.500986811043938
3910,0.5273293752335502
3911,0.518012922308586
3912,0.5678355533780296
3913,0.532891913457159
3914,0.5149010476791565
3915,0.5031830747192625
3916,0.4844903128654403
3917,0.47146167233222547
3918,0.4727794717756787
3919,0.4869909154053894
3920,0.4962820764858268
3921,0.49853894804966287
3922,0.5026609791283917
3923,0.5086463768085782
3924,0.4338351700990348
3925,0.5229638249747408
3926,0.5106196255455561
3927,0.5144647810397477
3928,0.5252531956556086
3929,0.5274140742149607
3930,0.5274852463395798
3931,0.5246356257225739
3932,0.5222610704082504
3933,0.516438030000668
3934,0.5186341046977169
3935,0.5262606607329294
3936,0.5352577521410729
3937,0.4930584341961867
3938,0.4976229440884749
3939,0.5108945103097755
3940,0.5063982433073808
3941,0.5005969307446692
3942,0.48909381105899713
3943,0.48863901622027034
3944,0.4820350019642158
3945,0.49238500475043473
3946,0.5119936313228255
3947,0.5135760752285277
3948,0.4900194213060786
3949,0.5336832813126587
3950,0.4956393008056232
3951,0.5001194951648696
3952,0.4886711989060181
3953,0.4929227785454356
3954,0.48954185745220935
3955,0.513033612562042
3956,0.5150715171544025
3957,0.5268932378311467
3958,0.5478831331737326
3959,0.5420667925695003
3960,0.5474734592968948
3961,0.5235992225032199
3962,0.5216223185878255
3963,0.5268116914619118
3964,0.527252403615229
3965,0.5233395240936244
3966,0.5184712097431071
3967,0.5149666646253096
3968,0.5086463768085782
3969,0.5055083325284115
3970,0.5038560442348101
3971,0.5037522744934796
3972,0.517539442916182
3973,0.5013964856218908
3974,0.4826481238857481
3975,0.5211519312627102
3976,0.4769822698338158
3977,0.5155381916571976
3978,0.507674609485734
3979,0.5134639485485658
3980,0.5105450060863951
3981,0.5067477475307612
3982,0.5114883709414373
3983,0.5077030119535358
3984,0.5386976680840044
3985,0.5269217750517048
3986,0.5190875012449989
3987,0.5241371221644286
3988,0.5160108543516518
3989,0.4992310329252637
3990,0.49447649535927163
3991,0.48798813861856705
3992,0.49714171787877875
3993,0.48087283312929513
3994,0.4834604670449706
3995,0.4885995409569315
3996,0.43169171763022757
3997,0.4934089941390972
3998,0.49971495516592496
3999,0.5031129848424356
4000,0.5177948146314025
4001,0.5259017475242237
4002,0.5199860242301086
4003,0.5179327064486747
4004,0.5275458921352095
4005,0.5182039882437999
4006,0.5290838538508029
4007,0.5307347782777697
4008,0.5257062174633905
4009,0.5117064988087426
4010,0.5116656050863535
4011,0.5025670265306383
4012,0.5002774365886733
4013,0.4909168489877748
4014,0.4856088748361438
4015,0.49278473896014635
4016,0.49741745486259414
4017,0.4953086034317939
4018,0.49769926100023204
4019,0.4777891086268361
4020,0.47926275248234534
4021,0.5361856190922138
4022,0.5086463768085782
4023,0.5049118199587763
4024,0.5301803343235776
4025,0.5298689139634334
4026,0.5294709602532539
4027,0.5128695941594272
4028,0.5100367538121884
4029,0.48835648447833657
4030,0.4961778037439712
4031,0.5054186712315075
4032,0.525853935659437
4033,0.5246356257225739
4034,0.5058221456611833
4035,0.5057863949533192
4036,0.5042873564029909
4037,0.48549280245196436
4038,0.48284626181630125
4039,0.48157902748303916
4040,0.4707161209228129
4041,0.5062038066455544
4042,0.5110889469716019
4043,0.46303763914737706
4044,0.5683806851118921
4045,0.5684498330204227
4046,0.5427226290090608
4047,0.5260346119260282
4048,0.5273736458639562
4049,0.5283053402711859
4050,0.518996379640332
4051,0.5163808673719267
4052,0.5293889662733972
4053,0.5086463768085782
4054,0.5056538091649637
4055,0.5145923924447431
4056,0.5182213500450221
4057,0.4796790305832222
4058,0.5021597431546618
4059,0.5315719354588558
4060,0.5276437425171538
4061,0.5122614228098681
4062,0.5059405294381887
4063,0.5059077304912156
4064,0.5086463768085782
4065,0.5049424323030225
4066,0.4951824032920203
4067,0.4868149391973716
4068,0.43587626392442774
4069,0.5160547634348425
4070,0.5399064655998653
4071,0.5315608007999822
4072,0.5165352024637107
4073,0.5075361261573688
4074,0.506409372862889
4075,0.5119936314054767
4076,0.4901924057495926
4077,0.5145767842588145
4078,0.5074726829886751
4079,0.5086463768085782
4080,0.5342093253652684
4081,0.47712172215500476
4082,0.4817327467691844
4083,0.482714507843977
4084,0.4827970114410904
4085,0.4833150938570935
4086,0.46668627264113594
4087,0.43262534148755144
4088,0.4622292839904333
4089,0.5086463768085782
4090,0.5417693100256324
4091,0.5492680289815408
4092,0.4349017914185612
4093,0.6240600363518153
4094,0.5863598235713138
4095,0.5444359245049759
4096,0.5028154583682413
4097,0.4683377449842146
4098,0.4681584042432119
4099,0.47938003059288065
4100,0.4859074275960854
4101,0.4863135901750142
4102,0.49966762443215695
4103,0.5372840912721879
4104,0.8014658406042336
4105,0.5194243609609497
4106,0.5072386740806489
4107,0.5007432145434676
4108,0.49586125423994776
4109,0.49344497913135815
4110,0.49234794431762025
4111,0.4910801691987444
4112,0.4885499772856496
4113,0.49117405672861775
4114,0.4981899094146495
4115,0.51335353773769
4116,0.41645433496074663
4117,0.5287427757352725
4118,0.5495720766350383
4119,0.5351091589741435
4120,0.5074541019992888
4121,0.495098498317182
4122,0.49825670491115853
4123,0.507313419841118
4124,0.5018610154930303
4125,0.5002254437280976
4126,0.5156854367729949
4127,0.5384690726433784
4128,0.5349876557165557
4129,0.490651951400079
4130,0.48781371952606734
4131,0.49543000413490906
4132,0.5059077305465431
4133,0.5086463768085782
4134,0.49879092748279624
4135,0.48436148762344783
4136,0.4759447265842389
4137,0.47474233214751954
4138,0.48603396641997293
4139,0.5038390563019295
4140,0.5605154027723201
4141,0.5105692441148616
4142,0.5161782590948653
4143,0.5086463768085782
4144,0.514134959560169
4145,0.5209571947221849
4146,0.49633555889497144
4147,0.4898075075395307
4148,0.49445742104239915
4149,0.5044231595893011
4150,0.5149519640050214
4151,0.514780750280453
4152,0.5776429467188516
4153,0.5188188269976278
4154,0.5128695941594272
4155,0.5182039882437999
4156,0.521634754369467
4157,0.5268279423423664
4158,0.5166550576284188
4159,0.5041048057503441
4160,0.4992798313085703
4161,0.5013575011009332
4162,0.5123202065631359
4163,0.5204781665309098
4164,0.5063290687777349
4165,0.5411331738994716
4166,0.5343593989846769
4167,0.5300984893345376
4168,0.5118973042027601
4169,0.4962064154551455
4170,0.49183715784499876
4171,0.4944319067790152
4172,0.49137548000158293
4173,0.4781750366662185
4174,0.4803675731273515
4175,0.49010498652880347
4176,0.6401231428111372
4177,0.5168037811001533
4178,0.4962970979959737
4179,0.51200607522987
4180,0.5135940684432794
4181,0.506186074212888
4182,0.48883743920353523
4183,0.47155662148874017
4184,0.4440020694439955
4185,0.4379285774879597
4186,0.4798520335547276
4187,0.5129914249939406
4188,0.5425504214696367
4189,0.49529609029112154
4190,0.4770691864828146
4191,0.4719275748030109
4192,0.44097494994305814
4193,0.44245017776491263
4194,0.45459589508223247
4195,0.49609117463727015
4196,0.5272268828176762
4197,0.5417693073230551
4198,0.53752847553359
4199,0.530180331927292
4200,0.5428868827355144
4201,0.5978895141203043
4202,0.5537687094602134
4203,0.5326457505042517
4204,0.5189179431568278
4205,0.5069665508757554
4206,0.5035306364404608
4207,0.5103645261288213
4208,0.5103515588415483
4209,0.5120186117563051
4210,0.5136121931298094
4211,0.5151021173652017
4212,0.21667770428381017
4213,0.577947637463984
4214,0.4766424938356912
4215,0.47706919090329164
4216,0.5086463768085782
4217,0.5301803309003126
4218,0.5283053370618748
4219,0.5223436321606174
4220,0.5257062150469679
4221,0.5245080128003237
4222,0.5198520878233854
4223,0.5605154002806135
4224,0.5963598181008596
4225,0.5086463768085782
4226,0.5415012460242025
4227,0.5504048438384584
4228,0.5426661385345183
4229,0.5261695393199072
4230,0.4982963739768244
4231,0.4483073994089355
4232,0.4551352606766289
4233,0.49039951578600954
4234,0.5107481179455396
4235,0.5247914966941852
4236,0.5989531323880033
4237,0.5213427253266119
4238,0.511102222202172
4239,0.5228459526226371
4240,0.5252261028986182
4241,0.5190599966280345
4242,0.5076263500025632
4243,0.4971111985354924
4244,0.4848416904781747
4245,0.4681695750562739
4246,0.4680247218190048
4247,0.4755234408889461
4248,0.5721526539678867
4249,0.49634752855255376
4250,0.5038560444040925
4251,0.5134367092130638
4252,0.5194439866578561
4253,0.5160547634348425
4254,0.5129775423389572
4255,0.5086463768085782
4256,0.5043152112781991
4257,0.49820525271687166
4258,0.4944715554231614
4259,0.49177768345895445
4260,0.47058425320446384
4261,0.48690504420084796
4262,0.48711241986412296
4263,0.479193009464349
4264,0.47476956969431566
4265,0.4877759618439512
4266,0.5012379909111382
4267,0.49705739939489063
4268,0.5125757893232789
4269,0.5086463768085782
4270,0.5200404982487118
4271,0.5123202061648714
4272,0.5851874008998832
4273,0.5060343761813504
4274,0.5112583774358059
4275,0.5163059421403916
4276,0.5255692443014987
4277,0.5286932116713998
4278,0.542253218354088
4279,0.4954078723679524
4280,0.5007180003720122
4281,0.500429633359537
4282,0.5127920994216666
4283,0.5186896099616688
4284,0.49653979101956536
4285,0.514780750280453
4286,0.5025120033367033
4287,0.4775867940653838
4288,0.48084272846307907
4289,0.5191569015545707
4290,0.5549167131741128
4291,0.5416742018438047
4292,0.5374561685807367
4293,0.5327690579395997
4294,0.522511803467473
4295,0.5152725276763089
4296,0.5749462106479246
4297,0.5246235281207957
4298,0.5122470196258556
4299,0.5023070876739382
4300,0.49831072400616233
4301,0.504767559581431
4302,0.5066817074361254
4303,0.5086463768085782
4304,0.5006122662055602
4305,0.4992527837951368
4306,0.5010602979049169
4307,0.5007967095474033
4308,0.5272569136665448
4309,0.45691290313012006
4310,0.44671086679896865
4311,0.46883956849992264
4312,0.48461126266131827
4313,0.4843287846131371
4314,0.4784768899753971
4315,0.47721585170748954
4316,0.4837148302128048
4317,0.5048490516912109
4318,0.5124437019259455
4319,0.5196698082734841
4320,0.5597785533200016
4321,0.5455081304551497
4322,0.5643449104645167
4323,0.5251186078537212
4324,0.5320977621875584
4325,0.519518225573775
4326,0.5071249195523173
4327,0.502455974547108
4328,0.5102099508574157
4329,0.5070828027597406
4330,0.5133050067712837
4331,0.5191569020785398
4332,0.5699461023232686
4333,0.5289568543005698
4334,0.5196211218187567
4335,0.5096181441314224
4336,0.500752628814861
4337,0.4853988683697143
4338,0.48644364005650276
4339,0.5274852466670227
4340,0.4970573980075673
4341,0.4861591027961029
4342,0.5099561517860854
4343,0.5020202259408474
4344,0.003998570623762632
4345,0.6455939543791619
4346,0.5836872027906446
4347,0.5648808348304972
4348,0.562859758508283
4349,0.5421797302149858
4350,0.5574988617154109
4351,0.5208620838377793
4352,0.5294584948146035
4353,0.5310004280241132
4354,0.5182621066126675
4355,0.5296090686921339
4356,0.4030271162396075
4357,0.5153912222028925
4358,0.5453651794786616
4359,0.5418548783056486
4360,0.5197471977326494
4361,0.5086463768085782
4362,0.5007732614615775
4363,0.4971417182973107
4364,0.5069539677936741
4365,0.5052230454553649
4366,0.5315870632836766
4367,0.537839900343979
4368,0.6016205337860852
4369,0.5131382852986336
4370,0.5147886925119307
4371,0.5146261167222235
4372,0.5035306362473975
4373,0.49532608246125653
4374,0.4905618832705513
4375,0.4857208181583004
4376,0.4781633062121147
4377,0.4791930077166058
4378,0.48924725897386
4379,0.49909838363579395
4380,0.6412676050328513
4381,0.49562591123458205
4382,0.4865372746900724
4383,0.49783400019175394
4384,0.4791088758580507
4385,0.4594890129681052
4386,0.4973874721433247
4387,0.5102895516697423
4388,0.5151021173652017
4389,0.4955449939979006
4390,0.4799175028092193
4391,0.492784739424318
4392,0.7055884462764674
4393,0.5291627820948397
4394,0.5086463768085782
4395,0.5014732170024708
4396,0.4987135440882906
4397,0.5008992559491955
4398,0.5042247962609903
4399,0.5059512885298819
4400,0.5003626791595155
4401,0.47428651796837706
4402,0.4628221104770995
4403,0.4891089168821707
4404,0.33224827796151635
4405,0.5696308099749355
4406,0.5295167928450054
4407,0.527750896164947
4408,0.5186010945740661
4409,0.5086463768085782
4410,0.5086463768085782
4411,0.4658898829502735
4412,0.4940648312062565
4413,0.5208620836175692
4414,0.5247094723383566
4415,0.5490997363284634
4416,0.6247996053707938
4417,0.527750897062942
4418,0.5045383444788862
4419,0.4980371248503562
4420,0.5075575286621905
4421,0.5151021175189308
4422,0.516976741726512
4423,0.5126991411478838
4424,0.5015056069455955
4425,0.49030263428700777
4426,0.4862113784227161
4427,0.4851173899643746
4428,0.5590624381667885
4429,0.4842285678740472
4430,0.5011561145653264
4431,0.5280936910383756
4432,0.5098080017446012
4433,0.48930318633876685
4434,0.48329369892493795
4435,0.47847688832489416
4436,0.4775528155642142
4437,0.4811071345249425
4438,0.4843763247264795
4439,0.4917235093156576
4440,0.49837481084953694
4441,0.5876501046262742
4442,0.5656329162180478
4443,0.5505576948061838
4444,0.5377674390917566
4445,0.5189179434681946
4446,0.5015056069455955
4447,0.5001992040591693
4448,0.5009868109821057
4449,0.5097566274597876
4450,0.526730870256927
4451,0.5253900025619223
4452,0.5525131237551494
4453,0.5039062961825963
4454,0.5070439902624576
4455,0.5062212849476642
4456,0.49177768282894074
4457,0.5015297079822939
4458,0.5086463768085782
4459,0.5068316236390966
4460,0.5040446789457484
4461,0.5020423622668934
4462,0.4988640890060003
4463,0.49946488781617693
4464,0.5588541072845121
4465,0.5111337658475892
4466,0.501100517770244
4467,0.49638329824186933
4468,0.500396291906152
4469,0.5058280173370834
4470,0.5067477475307612
4471,0.5086463768085782
4472,0.509597685811756
4473,0.5095936970832171
4474,0.5095897416636205
4475,0.5114530657542188
4476,0.4554236261029111
4477,0.5086463768085782
4478,0.49779938737444507
4479,0.49332284112094343
4480,0.4950316832089059
4481,0.5086463768085782
4482,0.5100453630120324
4483,0.5001194950575878
4484,0.4921254577640437
4485,0.48742383965372293
4486,0.48711241929357874
4487,0.49506676399312305
4488,0.5968981558229115
4489,0.5045507561947533
4490,0.48392138180724736
4491,0.4808793190768435
4492,0.4829023184083635
4493,0.4817914063601857
4494,0.47050374246453086
4495,0.48105903851669507
4496,0.48711242051617354
4497,0.5053954497652278
4498,0.5213785075156886
4499,0.5321413483244173
4500,0.500119495593997
4501,0.5359005259691458
4502,0.5235486258214539
4503,0.5336496617838142
4504,0.5350185391833497
4505,0.5105530171944913
4506,0.5048168691163817
4507,0.4754217829472766
4508,0.4948092652127864
4509,0.5038390563019295
4510,0.5272908089110186
4511,0.5195632607595375
4512,0.4977294928576188
4513,0.5418709706698798
4514,0.5324510624033347
4515,0.5348712063777319
4516,0.5221615013616302
4517,0.5172272390963096
4518,0.5043966800512258
4519,0.49840806305868124
4520,0.5041124009363894
4521,0.5276683631880161
4522,0.5313256033121339
4523,0.5022090310742957
4524,0.31677592576840896
4525,0.5452124674768825
4526,0.5355461175453172
4527,0.5506064809760204
4528,0.5305281950970513
4529,0.4886711989060181
4530,0.4760225258625311
4531,0.4903790146053354
4532,0.5013964861389058
4533,0.5206034281621801
4534,0.549061548776284
4535,0.5237143288615984
4536,0.6086022121070529
4537,0.520059689766118
4538,0.5247531153844595
4539,0.5167890798166584
4540,0.5086463768085782
4541,0.5076444436634805
4542,0.503568959675736
4543,0.50239891277059
4544,0.5011323880118163
4545,0.506452810519762
4546,0.5162324557122394
4547,0.5021597431546618
4548,0.46257536377903713
4549,0.4919027513594997
4550,0.5071934100683827
4551,0.49820525271687166
4552,0.5055723763472326
4553,0.510188604971159
4554,0.5101781491073428
4555,0.5086463768085782
4556,0.5040195485959457
4557,0.5039228135122747
4558,0.48869793828701485
4559,0.49056188395659023
4560,0.6329213981870456
4561,0.524379103497105
4562,0.5136562395848703
4563,0.5086463768085782
4564,0.5125757898358366
4565,0.5017243961377053
4566,0.4930584341961867
4567,0.4812266445250875
4568,0.46451918632372274
4569,0.45375619898964364
4570,0.5048490513720929
4571,0.519852088749857
4572,0.6802327381327639
4573,0.5297924629653555
4574,0.5258332310440661
4575,0.4745366538724196
4576,0.487613940388892
4577,0.49927011209052574
4578,0.49786215586090266
4579,0.5136121932753396
4580,0.5135053932051288
4581,0.5235281700078646
4582,0.517473106922478
4583,0.5212717592206378
4584,0.5476457328744954
4585,0.5216943939697825
4586,0.5070150660577643
4587,0.4880926174175751
4588,0.5020970615278364
4589,0.5115806460591085
4590,0.5042305576160183
4591,0.5026210715647174
4592,0.5032391139619575
4593,0.5039062961825963
4594,0.5110288476304583
4595,0.48970444169954214
4596,0.48321314622441836
4597,0.5134030904889858
4598,0.505804382675719
4599,0.5161470010322242
4600,0.5132108866957431
4601,0.5175077304067666
4602,0.5171732587741322
4603,0.5061219309305026
4604,0.4845594471449593
4605,0.4795502177149614
4606,0.47399665146368736
4607,0.4765067677629654
4608,0.4922346029704484
4609,0.5132418345261845
4610,0.49456971476399586
4611,0.5004296332101088
4612,0.5069665508757554
4613,0.516923329742775
4614,0.5243426554502557
4615,0.5330567885169184
4616,0.530674723510722
4617,0.511102222202172
4618,0.5351220142442197
4619,0.5192556287668001
4620,0.3699647780354035
4621,0.5322595104398197
4622,0.566192475514423
4623,0.5113044727695744
4624,0.48351655176591524
4625,0.4803675734853401
4626,0.474375436764655
4627,0.488278039703694
4628,0.4977294928576188
4629,0.5086463768085782
4630,0.4995164258967159
4631,0.4866460925251421
4632,0.4813922276480105
4633,0.5253900012231534
4634,0.5292001344844047
4635,0.5229207360741851
4636,0.5154590198084354
4637,0.50639824341923
4638,0.4922500780954858
4639,0.48294420181537917
4640,0.5003287920497361
4641,0.5058043829140477
4642,0.5142950594163053
4643,0.5114186267581712
4644,0.4884858928572662
4645,0.4898075085873476
4646,0.5020007350432446
4647,0.5371234541745046
4648,0.5391871628356235
4649,0.5308874877427133
4650,0.5178695162216912
4651,0.5175077298853769
4652,0.5129500410720869
4653,0.4909168498577616
4654,0.4791346354446114
4655,0.4777250240293983
4656,0.5644208411491208
4657,0.5062805380152475
4658,0.5062555022219474
4659,0.5013180952809959
4660,0.5010724093232847
4661,0.5086463768085782
4662,0.5111993479090629
4663,0.511170822498609
4664,0.5111429275033561
4665,0.5135582124161425
4666,0.5158195361085575
4667,0.510987698699177
4668,0.4706910745287486
4669,0.5167646946053547
4670,0.5408006692036362
4671,0.5562788009511567
4672,0.5479643028909442
4673,0.5252779031617548
4674,0.5086463768085782
4675,0.5012379901823139
4676,0.5218113945751791
4677,0.48468374919269924
4678,0.4818374197204719
4679,0.5536613303722266
4680,0.5360661088144215
4681,0.5519808836754662
4682,0.5220927341613252
4683,0.5203859292194387
4684,0.5038288050685905
4685,0.4925012562015933
4686,0.4232277964275053
4687,0.46126305392609096
4688,0.4869240613519106
4689,0.47277947355873506
4690,0.4717846231620067
4691,0.505768178201724
4692,0.5625118997041165
4693,0.4845879741740921
4694,0.5257523681009306
4695,0.5552651107786243
4696,0.5339776597600628
4697,0.5506934974081091
4698,0.5391708311233047
4699,0.5355334513225849
4700,0.5204556731288745
4701,0.5065446355738599
4702,0.5199712579794085
4703,0.49520001945583114
4704,0.49321063064374204
4705,0.5334757159868556
4706,0.5126991411478838
4707,0.5260346122979385
4708,0.5221794966671737
4709,0.5163934976679608
4710,0.5128382513296075
4711,0.5119447646687683
4712,0.5190452465806299
4713,0.5222976424985909
4714,0.525652688015404
4715,0.5058994061060078
4716,0.45684420237356027
4717,0.5180085113173485
4718,0.511956847106668
4719,0.49335166649522805
4720,0.4912933036092465
4721,0.492922777861249
4722,0.4950127183539643
4723,0.4847215439498427
4724,0.5169060373868475
4725,0.45384307969621135
4726,0.5324510628577049
4727,0.5151956919205538
4728,0.5421797325893493
4729,0.517379272697545
4730,0.5160202194954926
4731,0.5012725341216637
4732,0.48966779615408146
4733,0.4814519418669911
4734,0.47772502210281637
4735,0.4881643324164123
4736,0.4915218542633598
4737,0.4920395579615477
4738,0.5028279725774086
4739,0.5106025409280063
4740,0.49039951578600954
4741,0.5788621258005152
4742,0.5645658762739185
4743,0.5181110298533974
4744,0.5143665697444542
4745,0.5052316686982858
4746,0.48950812235657737
4747,0.4918067106671616
4748,0.4919027513594997
4749,0.5171732585595685
4750,0.5168631205066664
4751,0.5178695166251476
4752,0.5855877266939411
4753,0.5030674376865699
4754,0.5038896631281705
4755,0.4799826739776739
4756,0.4186687050735688
4757,0.38663558556615263
4758,0.42525414558458313
4759,0.49190275342850615
4760,0.5371806157112214
4761,0.5504766303824888
4762,0.5439286349817366
4763,0.5319059816387534
4764,0.28374382027920597
4765,0.5151956904016599
4766,0.5212015789798862
4767,0.5146716806463681
4768,0.5086463768085782
4769,0.5086463768085782
4770,0.5202353532313206
4771,0.5249861823288681
4772,0.5238837571935748
4773,0.5135053923691049
4774,0.513403089687796
4775,0.5038896639293603
4776,0.34718081120708955
4777,0.6972568098224271
4778,0.6016718788458373
4779,0.5521806177511974
4780,0.5349987988678431
4781,0.5303686922652457
4782,0.5029261840658095
4783,0.4820350026347272
4784,0.46832077338453126
4785,0.47208028614027386
4786,0.4992959859446808
4787,0.5240220723137345
4788,0.23859941966663012
4789,0.6446991715125903
4790,0.5815723503858276
4791,0.5636892610280058
4792,0.5578378489480145
4793,0.546955850221445
4794,0.49364988959516226
4795,0.5086463768085782
4796,0.513033612562042
4797,0.46570877275730355
4798,0.5138405259771038
4799,0.5259395004080847
4800,0.5376235895746063
4801,0.5168631202576193
4802,0.5370438122039161
4803,0.5290453848951034
4804,0.5212894258952303
4805,0.513210886572785
4806,0.505613639343136
4807,0.5161532317450255
4808,0.4836902149454072
4809,0.4932939068473855
4810,0.5014732173188008
4811,0.5031129848424356
4812,0.5177948146314025
4813,0.4938256190106175
4814,0.5124437022450634
4815,0.48484169137474437
4816,0.5228353325747572
4817,0.5448734809719294
4818,0.5441906148174545
4819,0.5198059561510937
4820,0.4974867974660626
4821,0.48610921480265684
4822,0.4818374197204719
4823,0.5104184293926038
4824,0.6139526162260247
4825,0.5226040787489291
4826,0.5117485155230396
4827,0.4848416904238372
4828,0.4335363685000405
4829,0.44680876000119313
4830,0.4748618435359013
4831,0.49096642454719464
4832,0.5006241540767628
4833,0.5031354807629328
4834,0.5086463768085782
4835,0.5086463768085782
4836,0.3950846608472788
4837,0.5506064770684538
4838,0.5658523258876452
4839,0.5542551144697793
4840,0.5158195361085575
4841,0.5086463768085782
4842,0.522343633545026
4843,0.5377056139304349
4844,0.5326457505042517
4845,0.522240584616895
4846,0.5086463768085782
4847,0.49505216900026133
4848,0.6251084719246914
4849,0.47607329543150023
4850,0.4719986330366264
4851,0.47827380019111826
4852,0.49177768345895445
4853,0.4923065686611314
4854,0.4910320934948635
4855,0.5045383446656253
4856,0.5187797138606131
4857,0.5221103497518619
4858,0.524855875121915
4859,0.5204958999123538
4860,0.3470373271191764
4861,0.5515191207968613
4862,0.5539850184895354
4863,0.524082122219865
4864,0.5190599961479744
4865,0.5262606601222929
4866,0.5418548783056486
4867,0.5197471977326494
4868,0.5221615013616302
4869,0.5334691198655829
4870,0.517608168373925
4871,0.5035689597327904
4872,0.5739646883508048
4873,0.49476877960596033
4874,0.4647796303774688
4875,0.47953845095717107
4876,0.4925535503694764
4877,0.5086463768085782
4878,0.5101576570177595
4879,0.5218113945751791
4880,0.5277124887252462
4881,0.5298238758435462
4882,0.5365751642824672
4883,0.5325561251568721
4884,0.42629834376731707
4885,0.43906574181129165
4886,0.479005393387981
4887,0.49783400070929
4888,0.5019015314142639
4889,0.5086463768085782
4890,0.5131652382689058
4891,0.5152595964960288
4892,0.5020331571211275
4893,0.49241839062615556
4894,0.49882154458621797
4895,0.4930584352720701
4896,0.6107658808689387
4897,0.4674534564728333
4898,0.4530361686614294
4899,0.47469228676750164
4900,0.4895418583502043
4901,0.5086463768085782
4902,0.5184005044030546
4903,0.5118063658350586
4904,0.5148367786459952
4905,0.5146716814498371
4906,0.5202353547177382
4907,0.5275981849264634
4908,0.47810559078153286
4909,0.5417693113769214
4910,0.5034522276400525
4911,0.5033300012311114
4912,0.5434744937500118
4913,0.5859809972294333
4914,0.5053479890687714
4915,0.5246768961525989
4916,0.5206991302411207
4917,0.518689610216819
4918,0.5000655145208467
4919,0.4888548612079357
4920,0.5341945235495573
4921,0.511470607955973
4922,0.4926571278945824
4923,0.4831618650235224
4924,0.4818241431951324
4925,0.49695744904369515
4926,0.5005036741673656
4927,0.5044622656944504
4928,0.5086463768085782
4929,0.5065249007262626
4930,0.5107678528908938
4931,0.5169385200656588
4932,0.3046564810600143
4933,0.5810523614388852
4934,0.5953435169264746
4935,0.5748819879724552
4936,0.5413480270329174
4937,0.5195934926169242
4938,0.5008815044247424
4939,0.5022364278069972
4940,0.5053718912672712
4941,0.5069911639299356
4942,0.5036067132794267
4943,0.4816099118241234
4944,0.6126725241315455
4945,0.521560494604185
4946,0.5063525951526109
4947,0.5004296330393336
4948,0.4912581415317381
4949,0.4768108257540219
4950,0.4644608884844901
4951,0.46925374939592873
4952,0.48603396641997293
4953,0.5013964861389058
4954,0.5182621062715812
4955,0.5310345335619986
4956,0.3520397989658781
4957,0.6565620546343056
4958,0.6117704887405868
4959,0.5553840072287418
4960,0.5334757159868556
4961,0.531015244695733
4962,0.531523195346143
4963,0.5286537378696533
4964,0.5234671353359515
4965,0.5218790505267572
4966,0.5175987732322161
4967,0.5086463768085782
4968,0.5086463768085782
4969,0.5086463768085782
4970,0.5086463768085782
4971,0.5086463768085782
4972,0.5086463768085782
4973,0.5086463768085782
4974,0.5086463768085782
4975,0.5086463768085782
4976,0.5086463768085782
4977,0.5043802192006144
4978,0.49709226705062326
4979,0.4957322587519381
4980,0.5056734976465246
4981,0.488306268166069
4982,0.47894417938019246
4983,0.4808649544775756
4984,0.5065249006266614
4985,0.5180399698220195
4986,0.5096664036145931
4987,0.5408422074685333
4988,0.48640526435278664
4989,0.5017243961377053
4990,0.4908963549873736
4991,0.5253900025162824
4992,0.5669908157587529
4993,0.5200404997813439
4994,0.5137731734297039
4995,0.5035195801874525
4996,0.4995775116449615
4997,0.4951418147513125
4998,0.4723124710833323
4999,0.4594289150024711
5000,0.4609041403706356
5001,0.4718406918416316
5002,0.49429644080639207
5003,0.5159352523202517
5004,0.5828671234271398
5005,0.5150111794250863
5006,0.5208620842781994
5007,0.5213622185575307
5008,0.5217477599358916
5009,0.51901221093314
5010,0.5136562395848703
5011,0.5056538091649637
5012,0.49732149563774786
5013,0.49560801614811106
5014,0.49480926450637
5015,0.51335353773769
5016,0.5816526661031155
5017,0.5522153832138507
5018,0.5237703861288415
5019,0.5086463768085782
5020,0.5086463768085782
5021,0.5086463768085782
5022,0.5086463768085782
5023,0.5086463768085782
5024,0.5086463768085782
5025,0.5086463768085782
5026,0.5086463768085782
5027,0.5086463768085782
5028,0.5086463768085782
5029,0.4996939803849402
5030,0.4440992874791351
5031,0.4481052355296729
5032,0.49656138125446986
5033,0.5061498259758664
5034,0.5061219309775139
5035,0.5086463768085782
5036,0.5022090310742957
5037,0.4965757323624331
5038,0.49589427819771853
5039,0.5071840056880688
5040,0.5476278395041261
5041,0.5602936979257794
5042,0.5292855396952967
5043,0.5308314467826915
5044,0.5118740825009279
5045,0.49714171787877875
5046,0.48744938426628376
5047,0.4862775089214233
5048,0.48945163270902
5049,0.49487954723431865
5050,0.507460360688196
5051,0.5213622185575307
5052,0.4049153394040044
5053,0.48225727058257783
5054,0.4832812030199631
5055,0.5320032214278556
5056,0.5508456932890673
5057,0.545616080427412
5058,0.5315968632148053
5059,0.5186896102965535
5060,0.5074151173490775
5061,0.4998344027801035
5062,0.5034522273415118
5063,0.4965036342238766
5064,0.6259923112069019
5065,0.5237941137867603
5066,0.5361982614202028
5067,0.5196373033668094
5068,0.5086463768085782
5069,0.49490847954777656
5070,0.49658415789735133
5071,0.49744066431141637
5072,0.4927847385888091
5073,0.4906987723550038
5074,0.5023323975170736
5075,0.5104684476100273
5076,0.5383617242012627
5077,0.4798365839544748
5078,0.5209571952014421
5079,0.49992191236718836
5080,0.5499875021448726
5081,0.5325251286843852
5082,0.5142415709390104
5083,0.5086463768085782
5084,0.4590415739205248
5085,0.4529042980179694
5086,0.47156148741471476
5087,0.4999315286312331
5088,0.43237133445364245
5089,0.44305498519817094
5090,0.5086463768085782
5091,0.5846674145564097
5092,0.555983782845662
5093,0.5207170212547232
5094,0.5099486026092848
5095,0.5007180001401407
5096,0.4947809501496833
5097,0.4908000867251471
5098,0.49916517248160225
5099,0.5053954495313401
5100,0.5020007345545241
5101,0.510326202741401
5102,0.5035689598278811
5103,0.49992191270412395
5104,0.5050600229994257
5105,0.5012982317458365
5106,0.5177948146314025
5107,0.5275569604028663
5108,0.5183308113514661
5109,0.5117844209797814
5110,0.5086463768085782
5111,0.520780059957658
5112,0.6939873540049951
5113,0.5086463768085782
5114,0.5086463768085782
5115,0.5086463768085782
5116,0.5086463768085782
5117,0.5086463768085782
5118,0.5086463768085782
5119,0.5086463768085782
5120,0.5086463768085782
5121,0.4654288701304481
5122,0.44755103360668513
5123,0.45406548672694097
5124,0.476213741893635
5125,0.41854867667641177
5126,0.48484169179314346
5127,0.5160547631109205
5128,0.4883238735161033
5129,0.46798444693469565
5130,0.5086463768085782
5131,0.5149227674202521
5132,0.5117203770608015
5133,0.5055723765563548
5134,0.5177456817020605
5135,0.5417693113769214
5136,0.7490252459184317
5137,0.5520435659077193
5138,0.517957241801618
5139,0.5148747038630325
5140,0.5160327437641254
5141,0.5112735640545527
5142,0.5006713527416496
5143,0.49397461824564176
5144,0.48427956116798027
5145,0.4767473391679201
5146,0.47900539208989873
5147,0.48647806477501476
5148,0.43494264490746565
5149,0.4970573982623819
5150,0.5017470454080554
5151,0.472647605840386
5152,0.5086463768085782
5153,0.5357137261341172
5154,0.534446491800855
5155,0.5332623222857014
5156,0.5308419326959819
5157,0.520235355543526
5158,0.5172662170985151
5159,0.5146080829054612
5160,0.55042690766105
5161,0.529200135972781
5162,0.5191163066375176
5163,0.5250853019545162
5164,0.5283713940521486
5165,0.5254418883073415
5166,0.5169233301066785
5167,0.5086463768085782
5168,0.5086463768085782
5169,0.5086463768085782
5170,0.4996939803849402
5171,0.5113361175903548
5172,0.5149090324504394
5173,0.5086463768085782
5174,0.5086463768085782
5175,0.5086463768085782
5176,0.5086463768085782
5177,0.5086463768085782
5178,0.5086463768085782
5179,0.5086463768085782
5180,0.5086463768085782
5181,0.5086463768085782
5182,0.5086463768085782
5183,0.5086463768085782
5184,0.5086463768085782
5185,0.5086463768085782
5186,0.5086463768085782
5187,0.5086463768085782
5188,0.5086463768085782
5189,0.5086463768085782
5190,0.5086463768085782
5191,0.5086463768085782
5192,0.5086463768085782
5193,0.5086463768085782
5194,0.5086463768085782
5195,0.5086463768085782
5196,0.49628613965215934
5197,0.5127296606668966
5198,0.4997040764939929
5199,0.5000655142492353
5200,0.516524484347384
5201,0.5265683854418008
5202,0.5086463768085782
5203,0.5086463768085782
5204,0.5086463768085782
5205,0.5086463768085782
5206,0.5086463768085782
5207,0.49072436817535553
5208,0.5265683854418008
5209,0.5086463768085782
5210,0.5086463768085782
5211,0.5086463768085782
5212,0.5086463768085782
5213,0.5086463768085782
5214,0.503051182678146
5215,0.5052891745153724
5216,0.5079689083633526
5217,0.5072853151192104
5218,0.5024180497541239
5219,0.49933551181553837
5220,0.2911480149624668
5221,0.5322595104398197
5222,0.5779151043793027
5223,0.5808270608772759
5224,0.5717920446238323
5225,0.524466644174497
5226,0.5086463768085782
5227,0.5086463768085782
5228,0.5086463768085782
5229,0.4900194204679634
5230,0.4599885766814693
5231,0.4610586254727178
5232,0.4698192941175682
5233,0.49406483049307615
5234,0.5127173977667904
5235,0.5242343192416558
5236,0.5244016170153012
5237,0.5319823170341516
5238,0.5297960908427205
5239,0.5124597256339435
5240,0.5076990565339392
5241,0.5161160010602677
5242,0.5176489842695147
5243,0.5181517598892523
5244,0.4131970363816046
5245,0.5124867335940221
5246,0.5136673734723541
5247,0.5135582126831112
5248,0.49744066455847546
5249,0.4872400300168161
5250,0.4654802070946225
5251,0.4442143172671903
5252,0.4312656449291284
5253,0.4590244709383472
5254,0.4602035710829793
5255,0.5182621052483227
5256,0.6980547285238168
5257,0.5186010945740661
5258,0.5200404992066067
5259,0.5229963128107642
5260,0.5237703854536607
5261,0.5197471977326494
5262,0.5117203772699237
5263,0.502455974547108
5264,0.49573225926468206
5265,0.4984520665834451
5266,0.5086463768085782
5267,0.5103776921513465
5268,0.5171093716909428
5269,0.45233967107834633
5270,0.46401710912102256
5271,0.44278145822351644
5272,0.4867645602875275
5273,0.5086463768085782
5274,0.5161782584670923
5275,0.5159352517323372
5276,0.5050313312411122
5277,0.5012379909111382
5278,0.49305843616863954
5279,0.49190275342850615
5280,0.46570877730430577
5281,0.5427226241050346
5282,0.5498392930364048
5283,0.5650084485054401
5284,0.5721720827710443
5285,0.5785736809757321
5286,0.5682985806163919
5287,0.5547779771700753
5288,0.5327561755235102
5289,0.5104684476100273
5290,0.49266922549636066
5291,0.4935448402904017
5292,0.4613324539769672
5293,0.42952319879261425
5294,0.43873693598970953
5295,0.44936896619769906
5296,0.4919027528078042
5297,0.5285948138614383
5298,0.5356110502228946
5299,0.5275981849264634
5300,0.5163059421403916
5301,0.5086463768085782
5302,0.49837481084953694
5303,0.49230656931792066
5304,0.5000108466345803
5305,0.5336217144732335
5306,0.5263263290699617
5307,0.5295167928450054
5308,0.5434744944280895
5309,0.535468610422024
5310,0.5217477596192558
5311,0.5225307441897028
5312,0.5203101561684327
5313,0.5210863378575153
5314,0.5217098734105915
5315,0.5280936910383756
5316,0.48664609133405734
5317,0.500809676155882
5318,0.4935325910550472
5319,0.49698259744872364
5320,0.5231343873158274
5321,0.5313256033121339
5322,0.5315608007999822
5323,0.5241578477014682
5324,0.5160202194954926
5325,0.5076075908242572
5326,0.4979870626882896
5327,0.48568902546298043
5328,0.5192667129482177
5329,0.5063290687777349
5330,0.5074787486165682
5331,0.5178226858204289
5332,0.5196162766432342
5333,0.5149814335111715
5334,0.5096851627928991
5335,0.5086463768085782
5336,0.5023407893188138
5337,0.4999554763736707
5338,0.504172259263738
5339,0.512010243702209
5340,0.4534499201623004
5341,0.511470607955973
5342,0.5000655145208467
5343,0.4997267099731325
5344,0.5055931472535526
5345,0.5162034541503364
5346,0.5173933613876702
5347,0.5142950597693848
5348,0.511418626928252
5349,0.5058741266889043
5350,0.5044231594577291
5351,0.5057863949533192
5352,0.4875437310479582
5353,0.5164112491924139
5354,0.4928402447430187
5355,0.5020007345545241
5356,0.5119936313228255
5357,0.5135760752285277
5358,0.5086463768085782
5359,0.5102659934056735
5360,0.5102544657885535
5361,0.5086463768085782
5362,0.5118286202330885
5363,0.5194439866578561
5364,0.4525101237178801
5365,0.5235897091527395
5366,0.5209571947221849
5367,0.5329639698773013
5368,0.5191569020785398
5369,0.5130053972141654
5370,0.5239463197127744
5371,0.5178695166251476
5372,0.5099337623492987
5373,0.5021348151494182
5374,0.4950316832089059
5375,0.49114584768540104
5376,0.5055931472535526
5377,0.5071041486459973
5378,0.49916517248160225
5379,0.5004296332101088
5380,0.4966165483074526
5381,0.4959398253526583
5382,0.493191769454472
5383,0.496319563053238
5384,0.4817709051795115
5385,0.4964306699995871
5386,0.5035689600180626
5387,0.5162203442938716
5388,0.47381826016271705
5389,0.5143665693099627
5390,0.5196698087217688
5391,0.5525131206838557
5392,0.5617049876261084
5393,0.5501310156353251
5394,0.5100993435487736
5395,0.5042591409131235
5396,0.5284283651885219
5397,0.5366066248665771
5398,0.5214276304188783
5399,0.5185913561531683
5400,0.5436288763443319
5401,0.5077185087500893
5402,0.5195369454300308
5403,0.5181882597096179
5404,0.5178015560600571
5405,0.5289162528581725
5406,0.5152595969262183
5407,0.5049962884286346
5408,0.49342610789550523
5409,0.4719738752188779
5410,0.48932387714722875
5411,0.4897197819154151
5412,0.09487513516480522
5413,0.6437189859299308
5414,0.5679237861780535
5415,0.5434744934544393
5416,0.529954511129235
5417,0.513120494131913
5418,0.49729044196272915
5419,0.49668932545497624
5420,0.49860314387874405
5421,0.4926913588121846
5422,0.497347245644404
5423,0.5143665693099627
5424,0.6906056397286199
5425,0.5562683712074544
5426,0.5045195853005803
5427,0.5023113201059848
5428,0.4987977475271778
5429,0.4936169896970806
5430,0.4886611525828995
5431,0.4924044960393049
5432,0.4956496954721338
5433,0.5010892994668199
5434,0.5055513208947102
5435,0.5086463768085782
5436,0.395814860339355
5437,0.5034522276400525
5438,0.4978855079807103
5439,0.5140908700589791
5440,0.5267308690398641
5441,0.5344286284525698
5442,0.533776201074029
5443,0.5202353552132108
5444,0.5142253157009772
5445,0.5158769313267244
5446,0.4939461983474608
5447,0.49695744904369515
5448,0.5005036741673656
5449,0.4891757722718274
5450,0.5063756487375987
5451,0.524082122219865
5452,0.5270585497940342
5453,0.5182621064762329
5454,0.51238093365838
5455,0.5123202064635699
5456,0.5175777984512313
5457,0.517238117224005
5458,0.516923329742775
5459,0.5212894258952303
5460,0.4992310332989967
5461,0.5070382878286028
5462,0.5070267602114829
5463,0.546014420896561
5464,0.5370871995273148
5465,0.5349876557165557
5466,0.5253127727964827
5467,0.5184712096718903
5468,0.5086463768085782
5469,0.504767559581431
5470,0.5096223418432861
5471,0.5105857496972722
5472,0.45798880193582137
5473,0.4803675731273515
5474,0.4810056810244644
5475,0.49427107034320006
5476,0.5036439094156883
5477,0.5136488442014681
5478,0.5119208623498851
5479,0.5118740823856488
5480,0.5102431011079883
5481,0.5086463768085782
5482,0.5086463768085782
5483,0.5133699401048816
5484,0.42469696214530517
5485,0.5590624364033892
5486,0.5406161578282025
5487,0.5324510627654109
5488,0.5288929492107654
5489,0.5187457363777733
5490,0.48932387742281364
5491,0.5072975038439888
5492,0.5086463768085782
5493,0.5139942134712974
5494,0.5252011719557135
5495,0.5206034287951237
5496,0.5510009235725388
5497,0.5244916493116097
5498,0.5292783956726999
5499,0.5428868873569227
5500,0.527273333149193
5501,0.44826095200475136
5502,0.4048216857605211
5503,0.3651032869462267
5504,0.39575716383621207
5505,0.5127920990413037
5506,0.5565841387797579
5507,0.545365177817371
5508,0.5275981849264634
5509,0.5308874877427133
5510,0.5178695162216912
5511,0.5196698089907398
5512,0.5129094380490395
5513,0.5169385200656588
5514,0.5126810473068377
5515,0.5145664240758065
5516,0.5218848812492038
5517,0.5176489839107501
5518,0.5068743242245525
5519,0.49011669065526425
5520,0.5199455084437459
5521,0.5194072460636259
5522,0.4846470031129047
5523,0.44878389165792104
5524,0.4575947756345939
5525,0.4706134483520348
5526,0.4889874156994653
5527,0.5002774377512916
5528,0.5086463768085782
5529,0.5086463768085782
5530,0.5086463768085782
5531,0.5210863363350389
5532,0.5279688739896635
5533,0.5049118202674314
5534,0.5086463768085782
5535,0.5123809333497249
5536,0.5229963116711147
5537,0.5253900008093522
5538,0.5272268853658206
5539,0.5230420434309349
5540,0.5168631200085722
5541,0.5086463768085782
5542,0.49478095100085706
5543,0.49080008790046614
5544,0.45667749284137393
5545,0.5343904331112483
5546,0.5348712044731122
5547,0.5376522443700626
5548,0.5391558723084259
5549,0.5312587871971833
5550,0.5170935491631673
5551,0.512754408951531
5552,0.5066016973015475
5553,0.5086463768085782
5554,0.5106910563156088
5555,0.5126810473068377
5556,0.531449129225426
5557,0.5390416877058369
5558,0.48005135867140214
5559,0.4759006289904351
5560,0.5086463768085782
5561,0.512754408951531
5562,0.48279701205789505
5563,0.4794528545323095
5564,0.48397437618930844
5565,0.47764776830116973
5566,0.5119447643076181
5567,0.5274852450298088
5568,0.5972226172419375
5569,0.46375960580821773
5570,0.4766964587695711
5571,0.47142231542802215
5572,0.4556869300464055
5573,0.4815015093962179
5574,0.4885499808630548
5575,0.4923065712882883
5576,0.4784768943767377
5577,0.4738182667835365
5578,0.4930584388583473
5579,0.5086463768085782
5580,0.5892319072156912
5581,0.5352577471202841
5582,0.5136121924021588
5583,0.5135053923691049
5584,0.5357912442209385
5585,0.5210863363350389
5586,0.5352577489134227
5587,0.5225544919394456
5588,0.5280241492810221
5589,0.5236144671098361
5590,0.5171732580231593
5591,0.5086463768085782
5592,0.5694207639008224
5593,0.4862582200551577
5594,0.46461146386202734
5595,0.46802472463561556
5596,0.4755234435915239
5597,0.4879037902022551
5598,0.4809461576893024
5599,0.47134899912605926
5600,0.47764777256088825
5601,0.48036758037661825
5602,0.5086463768085782
5603,0.5434744868336199
5604,0.5388158592404186
5605,0.5301803309003126
5606,0.4694981424563112
5607,0.5318395950430727
5608,0.5984109644203358
5609,0.5553278768497688
5610,0.5288068607598901
5611,0.5140908700589791
5612,0.5004296336085842
5613,0.4912581428068592
5614,0.4865091210883076
5615,0.4984520673501946
5616,0.7425120042835385
5617,0.5754883671247459
5618,0.5122905776645219
5619,0.49176367095777945
5620,0.4861364535253138
5621,0.48603396528746406
5622,0.4848416906040091
5623,0.4893474702062522
5624,0.4906817752191614
5625,0.49250125663441996
5626,0.5001194951648696
5627,0.5103776921513465
5628,0.3571555348801837
5629,0.5280241492810221
5630,0.5117203770608015
5631,0.4992959859446808
5632,0.49554499494780807
5633,0.5052487860161716
5634,0.5086463768085782
5635,0.4945208069026514
5636,0.4732100907447388
5637,0.4815015093962179
5638,0.513403089687796
5639,0.55906243150812
5640,0.556029696129019
5641,0.5116791140704748
5642,0.4865091210883076
5643,0.5019015317498781
5644,0.5051969124088947
5645,0.5086463768085782
5646,0.5051434302227182
5647,0.5155987877941215
5648,0.5186896093663182
5649,0.518262105930495
5650,0.5324510611964142
5651,0.5352577502582768
5652,0.5278865522135037
5653,0.5039877470059743
5654,0.4940648312062565
5655,0.47631481085749494
5656,0.4997850240214403
5657,0.5116389441879404
5658,0.5230420434309349
5659,0.5141572728542235
5660,0.5166685995403936
5661,0.5033300012311114
5662,0.5004296336085842
5663,0.5114186267581712
5664,0.5370871978978295
5665,0.522771947450691
5666,0.5197784579563564
5667,0.5233636604114831
5668,0.5166449304546381
5669,0.5182621064762329
5670,0.5160547633133717
5671,0.5158195362983555
5672,0.5155987883290066
5673,0.5267308697922302
5674,0.5409779445151821
5675,0.5357137269071126
5676,0.4659910843584725
5677,0.4263778743840986
5678,0.46955519837052045
5679,0.5324510618240128
5680,0.5301803339812511
5681,0.5167163612246909
5682,0.5086463768085782
5683,0.5026210718994961
5684,0.4960911723110361
5685,0.4976229446264166
5686,0.501764559286064
5687,0.5039392161246486
5688,0.4861591040405459
5689,0.5537460599652156
5690,0.5462242511246285
5691,0.5328151811207124
5692,0.5289864847463264
5693,0.5245333735192818
5694,0.5086463768085782
5695,0.497204157196883
5696,0.4772158495177675
5697,0.4740990985780497
5698,0.48374757047961375
5699,0.5042161262011271
5700,0.3358118155044772
5701,0.5037873612480515
5702,0.47706919090329164
5703,0.46518273673179833
5704,0.501693966892805
5705,0.5014732190269823
5706,0.4856500541756141
5707,0.524234314758809
5708,0.5498392880156169
5709,0.5267308662811891
5710,0.5307063741061004
5711,0.5427226241050346
5712,0.7877832884195075
5713,0.5358408117501653
5714,0.5265516274005804
5715,0.521201581887679
5716,0.5224633352895444
5717,0.515250391350263
5718,0.5020423622668934
5719,0.49175541779655907
5720,0.48472703143013474
5721,0.4805968328835983
5722,0.4795871387956076
5723,0.4786877475525173
5724,0.23549927887172012
5725,0.5086463768085782
5726,0.5142253147825402
5727,0.4973472470573838
5728,0.502777592163068
5729,0.5026210729707882
5730,0.48279701699233074
5731,0.5086463768085782
5732,0.5405210404626155
5733,0.5258142912052827
5734,0.5346446247399027
5735,0.5182621052483227
5736,0.8265181698636531
5737,0.5316427061348249
5738,0.5369864183216096
5739,0.531346241871218
5740,0.5277508972874406
5741,0.5241325239273245
5742,0.5184105437400498
5743,0.516692410093705
5744,0.5115912700816826
5745,0.5086463768085782
5746,0.5086463768085782
5747,0.5086463768085782
5748,0.5086463768085782
5749,0.4776860073058245
5750,0.4679004092960202
5751,0.47292346207209834
5752,0.42626053389294755
5753,0.48980750727757644
5754,0.5086463768085782
5755,0.5198256806615051
5756,0.5294709602532539
5757,0.5303094776740848
5758,0.5236310197150232
5759,0.520416514678981
5760,0.5494566811990407
5761,0.518939217042544
5762,0.49835353657461234
5763,0.47125078052840796
5764,0.4624273814103905
5765,0.4898677646875179
5766,0.5086463768085782
5767,0.5086463768085782
5768,0.505613639343136
5769,0.5040195485959457
5770,0.5101992045598652
5771,0.5206991302411207
5772,0.48549280245196436
5773,0.5003694238743813
5774,0.5017993210976924
5775,0.49614082284898925
5776,0.4954078723679524
5777,0.4945836269001373
5778,0.5023407896121349
5779,0.536674279461689
5780,0.51238093365838
5781,0.47258025304215673
5782,0.44364877276526155
5783,0.43378102679916425
5784,0.7737016030828126
5785,0.5086463768085782
5786,0.4958056743652914
5787,0.4760096968294679
5788,0.46126305392609096
5789,0.44614532249450306
5790,0.4557337682762655
5791,0.4855379507292378
5792,0.5051434302227182
5793,0.5121493233944381
5794,0.5154934320006681
5795,0.5249077476958286
5796,0.2952589598738685
5797,0.524234314758809
5798,0.6285341389625305
5799,0.5527735620535208
5800,0.48565005027119956
5801,0.5004296341066783
5802,0.5044231599840172
5803,0.5086463768085782
5804,0.5086463768085782
5805,0.5086463768085782
5806,0.5128695936331391
5807,0.516863119510478
5808,0.6808408977779283
5809,0.5385803927643418
5810,0.5214688555226692
5811,0.5101992045598652
5812,0.503955504886088
5813,0.4989619422656903
5814,0.500246318367814
5815,0.5016939652881497
5816,0.5014732173188008
5817,0.49551779756101594
5818,0.4987786275665541
5819,0.5086463768085782
5820,0.41193705753217674
5821,0.4487491171004222
5822,0.5045753563394039
5823,0.5167163605040035
5824,0.49220745405586636
5825,0.49091685159773457
5826,0.49437201904653477
5827,0.4934089964235815
5828,0.4978855092622503
5829,0.5086463768085782
5830,0.5346446247399027
5831,0.5490191988387516
5832,0.6568840155939917
5833,0.5930363553153732
5834,0.5255994928019823
5835,0.5205753639415268
5836,0.53654513751063
5837,0.5483127012738368
5838,0.539890330489533
5839,0.527818485326437
5840,0.5047841364987635
5841,0.46113316683521577
5842,0.46993944042768293
5843,0.47945285295839435
5844,0.41897676823390445
5845,0.4798520335547276
5846,0.4625753662598363
5847,0.43635989956567445
5848,0.4591543948901884
5849,0.4894062034529541
5850,0.5035689605886068
5851,0.5034522282371335
5852,0.5138405253800228
5853,0.5034522282371335
5854,0.5138405253800228
5855,0.5283053370618748
5856,0.7060532821698767
5857,0.5256704929810265
5858,0.5175777984512313
5859,0.5366158910822731
5860,0.5534215901529174
5861,0.5349755089102746
5862,0.49346153082788297
5863,0.4871124187901574
5864,0.4863135887942011
5865,0.488720508029035
5866,0.4920259779291934
5867,0.5069150614658098
5868,0.45384308128650674
5869,0.4391746557315876
5870,0.4344256368844023
5871,0.45186552167418037
5872,0.5191569003319759
5873,0.53752847553359
5874,0.542179728137418
5875,0.5273293731724709
5876,0.519156901147039
5877,0.5120439676009847
5878,0.5119936310748717
5879,0.5119447643076181
5880,0.5924828487834645
5881,0.49466652401550365
5882,0.5086463768085782
5883,0.5314875826784514
5884,0.553787437135743
5885,0.5622421926599581
5886,0.569751498196428
5887,0.550552029831621
5888,0.5314704775239396
5889,0.5126312341765789
5890,0.5078550080273155
5891,0.5247094734264536
5892,0.42784976924462714
5893,0.43722362849412555
5894,0.44936896309418906
5895,0.4558644786087162
5896,0.46118376637589054
5897,0.48711242051617354
5898,0.4953522172074876
5899,0.5120439676009847
5900,0.5086463768085782
5901,0.5086463768085782
5902,0.5217477586693482
5903,0.5149227674202521
5904,0.5774799900053745
5905,0.5016939654664446
5906,0.4915403855162257
5907,0.5008992565395678
5908,0.5086463768085782
5909,0.5163934970775885
5910,0.513667373193387
5911,0.5135582124161425
5912,0.511062822728596
5913,0.511037251395209
5914,0.52248348840437
5915,0.5237864779788145
5916,0.4748618435359013
5917,0.5012379905062359
5918,0.48203500335887944
5919,0.45823031975554174
5920,0.4702601486489163
5921,0.5086463768085782
5922,0.5044231599840172
5923,0.5086463768085782
5924,0.5043427129549669
5925,0.5213189797194759
5926,0.5086463768085782
5927,0.5167163605040035
5928,0.5086463768085782
5929,0.5202353542222657
5930,0.5123809333497249
5931,0.501114495150064
5932,0.5086463768085782
5933,0.5047841370269587
5934,0.49664698059845214
5935,0.5206457730187042
5936,0.547883130068672
5937,0.5363465978169466
5938,0.5531936495686524
5939,0.5498392966038075
5940,0.5106196255455561
5941,0.4582303176066985
5942,0.4798758759327575
5943,0.5446667683540712
5944,0.5670072139008392
5945,0.5330014538719428
5946,0.505323735348511
5947,0.4948444957234269
5948,0.4699304568272376
5949,0.49335988338595516
5950,0.5281169813453289
5951,0.5044622656944504
5952,0.4769635846728628
5953,0.5086463768085782
5954,0.511062822728596
5955,0.5157444120791385
5956,0.5132574662601128
5957,0.5086463768085782
5958,0.499328126673114
5959,0.5013964861389058
5960,0.5036805606692596
5961,0.5035689600180626
5962,0.5111993479090629
5963,0.5161366386379276
5964,0.7205280417410966
5965,0.4978151478317658
5966,0.49620641556933137
5967,0.5043427123401206
5968,0.5118817860798857
5969,0.5128894226988587
5970,0.5096948035320827
5971,0.5158522216120124
5972,0.5335628039243463
5973,0.5430852876621622
5974,0.5343904364673198
5975,0.5237703861288415
5976,0.5086463768085782
5977,0.5086463768085782
5978,0.5086463768085782
5979,0.5086463768085782
5980,0.5086463768085782
5981,0.5086463768085782
5982,0.4864613066667612
5983,0.48284047632322286
5984,0.4682560684833831
5985,0.4810715221240615
5986,0.5129500412770357
5987,0.5180399698220195
5988,0.5253900025619223
5989,0.5224552901949076
5990,0.4995348374975706
5991,0.4756701987068264
5992,0.4609041400893589
5993,0.4727080076103715
5994,0.49416868521584445
5995,0.5168037808055983
5996,0.5054186712315075
5997,0.5150563258101591
5998,0.5194439866578561
5999,0.5781181018726662
6000,0.6031896302398837
6001,0.5315015997075022
6002,0.5115912700816826
6003,0.4378313054660445
6004,0.4125454849828487
6005,0.45686514247648924
6006,0.4833150938570935
6007,0.4948294189313487
6008,0.5003542335514976
6009,0.5000382673827543
6010,0.5019679928117791
6011,0.5063756487375987
6012,0.3497460191663215
6013,0.5132108859579945
6014,0.4638092619657939
6015,0.44547823106046724
6016,0.49357842852533773
6017,0.5163059404090853
6018,0.5301803291886804
6019,0.5153912208604358
6020,0.4877759650593515
6021,0.4856500541756141
6022,0.5590624247838506
6023,0.706445862069042
6024,0.7878145749142209
6025,0.5499695590303811
6026,0.508971698041845
6027,0.5086463768085782
6028,0.5086463768085782
6029,0.49352236748831474
6030,0.46842462504152993
6031,0.45864525621722774
6032,0.465371085068434
6033,0.47192757303096744
6034,0.4786877475525173
6035,0.4929379678470972
6036,0.3677482034735473
6037,0.5086463768085782
6038,0.4599101468709664
6039,0.4408420911058437
6040,0.4910320965480457
6041,0.5205404652918783
6042,0.5199455065597726
6043,0.519407244354906
6044,0.5238837571935748
6045,0.5274852437200379
6046,0.5460419679190375
6047,0.5884647357099959
6048,0.5911069178925903
6049,0.5265871904646834
6050,0.5171093716909428
6051,0.5086463768085782
6052,0.5036067132794267
6053,0.4946303768620013
6054,0.4898075075395307
6055,0.48593053955961335
6056,0.4881960455253358
6057,0.4913532532090716
6058,0.495430004908237
6059,0.5113522239629268
6060,0.5434744937500118
6061,0.5242343186012489
6062,0.5212015813061203
6063,0.5146716817176602
6064,0.5202353552132108
6065,0.5196698091700536
6066,0.5050313309518963
6067,0.5140474837143298
6068,0.5156526915927893
6069,0.5187645845695854
6070,0.5199052814738316
6071,0.5448153630881623
6072,0.5998092879080168
6073,0.5283053405967683
6074,0.5135053932399632
6075,0.5078437629771424
6076,0.49454674053460657
6077,0.48331509284171803
6078,0.4768297196044944
6079,0.48175930229457137
6080,0.48649086258457674
6081,0.493058434457007
6082,0.5027003613028234
6083,0.5218113945751791
6084,0.44506529869404776
6085,0.4582303174020468
6086,0.42054034728938133
6087,0.43538911782613515
6088,0.46062119892002246
6089,0.5202353532313206
6090,0.5249861823288681
6091,0.5138405253800228
6092,0.49813585328518034
6093,0.49190275446300913
6094,0.4905618873359671
6095,0.596032126936595
6096,0.78236539306987
6097,0.588977924715915
6098,0.560834491810497
6099,0.527273333149193
6100,0.5086463768085782
6101,0.5086463768085782
6102,0.5086463768085782
6103,0.5086463768085782
6104,0.48357391201171446
6105,0.4273331739424588
6106,0.43407830317059887
6107,0.4691847712889453
6108,0.41356139764592764
6109,0.49230656931792066
6110,0.4879580940059357
6111,0.4858710135437276
6112,0.5016939658230348
6113,0.5223436328528217
6114,0.5246768950147286
6115,0.5293346596112206
6116,0.5196698087217688
6117,0.5191569015545707
6118,0.5186896097384123
6119,0.5319593630080292
6120,0.6344497152441426
6121,0.47883925475748634
6122,0.48740189446774024
6123,0.4706134454350269
6124,0.4827399502377828
6125,0.49560801677530325
6126,0.5108723607425649
6127,0.523642864021994
6128,0.5377770787700393
6129,0.5424309109248017
6130,0.5487908712412523
6131,0.5611544491072554
6132,0.48908204591630483
6133,0.4477738482739638
6134,0.4868149397000251
6135,0.50030832553962
6136,0.5069411947756081
6137,0.5086463768085782
6138,0.5671324221551761
6139,0.4775311540857288
6140,0.5071249195523173
6141,0.5877001545133715
6142,0.4472068827991474
6143,0.5183209364296065
6144,0.39502942400562974
6145,0.47232199244475415
6146,0.5006241540767628
6147,0.5294367161942127
6148,0.5821708634841287
6149,0.5086463768085782
6150,0.5086463768085782
6151,0.5013575012969046
6152,0.5049118199587763
6153,0.51238093365838
6154,0.5281509595067458
6155,0.5532115327259881
6156,0.5683525119929737
6157,0.46766751067956064
6158,0.4885201215497459
6159,0.4896243904291402
6160,0.4895418570032119
6161,0.5019015312464566
6162,0.5016939652881497
6163,0.5155987883290066
6164,0.5086463768085782
6165,0.5051969121455666
6166,0.5051434299511611
6167,0.5272733323110776
6168,0.6466260116378442
6169,0.5590624391569784
6170,0.527273333149193
6171,0.5086463768085782
6172,0.5086463768085782
6173,0.5086463768085782
6174,0.5086463768085782
6175,0.4976554502503469
6176,0.47003250047875605
6177,0.4727359292949905
6178,0.4835723861373002
6179,0.5075831487130706
6180,0.5118211675017087
6181,0.4709984326977796
6182,0.467949472304802
6183,0.4608166877754964
6184,0.44789466512968634
6185,0.4635746409625214
6186,0.49347722259474
6187,0.5022815747300117
6188,0.5086463768085782
6189,0.5150111788871446
6190,0.4957322601876213
6191,0.533776199908211
6192,0.6210674727776826
6193,0.4818089538934708
6194,0.5086463768085782
6195,0.5086463768085782
6196,0.5146716817176602
6197,0.5164380297767256
6198,0.4948294189313487
6199,0.48731587351822264
6200,0.48259355840379536
6201,0.4848416920720761
6202,0.49425071018622146
6203,0.5202353547177382
6204,0.4617332663414017
6205,0.5086463768085782
6206,0.4667572020630564
6207,0.45186552167418037
6208,0.467453463808401
6209,0.4953522191636388
6210,0.5153912208604358
6211,0.5151956904016599
6212,0.5020970632154964
6213,0.5086463768085782
6214,0.5019015327567206
6215,0.5153912208604358
6216,0.684357461198514
6217,0.4758446023059608
6218,0.49406483199075474
6219,0.4889874156994653
6220,0.49597377389768044
6221,0.49056188612904694
6222,0.4990306483688336
6223,0.4986031449950261
6224,0.5034522282371335
6225,0.5086463768085782
6226,0.5189179415999942
6227,0.5324510593136186
6228,0.5910322105194286
6229,0.5086463768085782
6230,0.5054863877820978
6231,0.5118063658350586
6232,0.5117627783937718
6233,0.5023699861969042
6234,0.49554499494780807
6235,0.4874493867539516
6236,0.4893238796274928
6237,0.473818262748975
6238,0.5552651063907527
6239,0.5234671333908514
6240,0.6218979587564641
6241,0.48094615485566333
6242,0.5011561149792287
6243,0.5185792088009513
6244,0.5250426755216705
6245,0.5108945101979263
6246,0.5086463768085782
6247,0.5018337338087209
6248,0.5016219082126436
6249,0.5086463768085782
6250,0.5156708454045127
6251,0.5347448435917602
6252,0.5631334577234893
6253,0.5053954495313401
6254,0.4694096204434237
6255,0.4587167236502942
6256,0.48020555571932677
6257,0.49147846023662844
6258,0.5056538094292159
6259,0.5145923919231027
6260,0.5056929290734159
6261,0.49327068130342183
6262,0.5054415637564921
6263,0.6285341566829602
6264,0.568361508833344
6265,0.5241371216814728
6266,0.5205753639415268
6267,0.5124867335940221
6268,0.47445201886203175
6269,0.44995887355315844
6270,0.45727092945857056
6271,0.4805277558953613
6272,0.5003287920497361
6273,0.5169639615674202
6274,0.536764997721795
6275,0.5561595840468443
6276,0.49250125692297103
6277,0.5556902017903815
6278,0.5202353553547744
6279,0.48662775212495757
6280,0.46566739558677617
6281,0.45823031807447384
6282,0.4472068878423511
6283,0.4528719157629281
6284,0.4692537545601686
6285,0.48000866597970904
6286,0.5086463768085782
6287,0.6178696261136835
6288,0.58196156343828
6289,0.43533119017887634
6290,0.4534736092298185
6291,0.47778911331672697
6292,0.47926275758477277
6293,0.47486185028427264
6294,0.49357842852533773
6295,0.5007180024588546
6296,0.5086463768085782
6297,0.5165747511583018
6298,0.5163059404090853
6299,0.5498392880156169
6300,0.29525900918516523
6301,0.639647924528307
6302,0.5421797219047163
6303,0.5163059404090853
6304,0.5232279192729072
6305,0.5223436307762089
6306,0.5337761964107579
6307,0.5312587837996573
6308,0.5388158605852725
6309,0.5310345313417206
6310,0.5290147120759907
6311,0.5412374883033384
6312,0.5727993598433325
6313,0.49287703380775233
6314,0.49169326187573825
6315,0.5115617144811915
6316,0.5226841540688048
6317,0.5218627487089192
6318,0.5086463768085782
6319,0.5060642282672803
6320,0.498012153449535
6321,0.49169326187573825
6322,0.4965936241799336
6323,0.5293346596112206
6324,0.5544979256632024
6325,0.48174663607183915
6326,0.45952508222429045
6327,0.4775528179452676
6328,0.49725225536844453
6329,0.5086463768085782
6330,0.5125086165901976
6331,0.5124437019259455
6332,0.5160547627060181
6333,0.5122614223760441
6334,0.5013575018848191
6335,0.501114495150064
6336,0.5504766303824888
6337,0.5149227674202521
6338,0.5293346596112206
6339,0.5450825824806371
6340,0.5600218241585857
6341,0.5456522037421339
6342,0.5288465032369885
6343,0.5071550476377733
6344,0.501038400475044
6345,0.5132418345261845
6346,0.5218972091744029
6347,0.5278281793576965
6348,0.5138405262756445
6349,0.46796636287154325
6350,0.4943720170417833
6351,0.50030832553962
6352,0.5120186117563051
6353,0.5200679336864329
6354,0.48695325358247366
6355,0.5103910615131193
6356,0.522139074773518
6357,0.5166876364903019
6358,0.5117844209797814
6359,0.520780059957658
6360,0.5311181058902449
6361,0.49200556616724844
6362,0.48436148762344783
6363,0.4885499778818838
6364,0.48658637591836273
6365,0.4884601429805515
6366,0.4841367439728421
6367,0.48898741441574095
6368,0.495430004908237
6369,0.4974867981552057
6370,0.5028528405291107
6371,0.5228608456453656
6372,0.5442603571978089
6373,0.5038896634286167
6374,0.5157444120791385
6375,0.5265516265132539
6376,0.5252362518043798
6377,0.5385657977714801
6378,0.5334994892821485
6379,0.5238155320412453
6380,0.5242343191601494
6381,0.5127173977667904
6382,0.504575355850366
6383,0.5219405375833597
6384,0.596348596376169
6385,0.4978855071263502
6386,0.47821432448323375
6387,0.4672431847300127
6388,0.5291452503732098
6389,0.5496470948454406
6390,0.5198986051269073
6391,0.5012074973156143
6392,0.5095897416636205
6393,0.5151418914464997
6394,0.5167324087536013
6395,0.5391465843277373
6396,0.5228420385933205
6397,0.4959876975245015
6398,0.4827041571095609
6399,0.487969859904826
6400,0.4970573979084728
6401,0.4953822425053473
6402,0.5054715861154476
6403,0.5043427123401206
6404,0.5108084560173912
6405,0.5129094382501393
6406,0.5148938408465663
6407,0.514725727086518
6408,0.4402915666626867
6409,0.4961298231142727
6410,0.4628305724514521
6411,0.472647605840386
6412,0.47552344142946157
6413,0.466977302655358
6414,0.4610723136500722
6415,0.35203981295362885
6416,0.47026015518640035
6417,0.5001194977396327
6418,0.5483863197181056
6419,0.6166516373994733
6420,0.542179728137418
6421,0.5445847425696319
6422,0.5617049853080286
6423,0.5214144934623973
6424,0.5207313717161219
6425,0.522343633545026
6426,0.529777237493869
6427,0.5066200354796562
6428,0.5045383446656253
6429,0.5107097294445003
6430,0.4707161209228129
6431,0.4856500489697278
6432,0.5911069178925903
6433,0.5123503211623261
6434,0.506801994765981
6435,0.5177213133693216
6436,0.5257708993537965
6437,0.5230216832739563
6438,0.5147531147353659
6439,0.49466652353478985
6440,0.4759447265842389
6441,0.48318950450210874
6442,0.49364988959516226
6443,0.527750896164947
6444,0.4200701363752188
6445,0.5342513540102911
6446,0.43635989956567445
6447,0.49332284285374384
6448,0.5239699107634125
6449,0.49332284285374384
6450,0.5005763931131528
6451,0.5127173972777525
6452,0.5352577489134227
6453,0.5324510607481295
6454,0.6304248417335323
6455,0.6064457607514041
6456,0.5239899325478411
6457,0.5293489244788577
6458,0.5227719482920468
6459,0.5191569023325855
6460,0.4951824032920203
6461,0.4779099224253869
6462,0.4847155048099731
6463,0.4916112841941765
6464,0.49022136278042433
6465,0.4901924060637848
6466,0.5021441856902006
6467,0.5336025386717491
6468,0.44995887355315844
6469,0.5322595104398197
6470,0.4831103758710532
6471,0.4884601429805515
6472,0.5022212364627539
6473,0.510808455913941
6474,0.5129094380490395
6475,0.5268932378311467
6476,0.5495144438538754
6477,0.5361589715707792
6478,0.585897559409673
6479,0.5513676173552224
6480,0.5265355089618493
6481,0.4966043321156099
6482,0.501100517770244
6483,0.5336415433865012
6484,0.5325273802606085
6485,0.5210066139649969
6486,0.5023837211667169
6487,0.5149090324504394
6488,0.5086463768085782
6489,0.49490847954777656
6490,0.5086463768085782
6491,0.5223842740693798
6492,0.5086463768085782
6493,0.4769391122239658
6494,0.37343767822492735
6495,0.4989122630760202
6496,0.5028897456682415
6497,0.5027392285890603
6498,0.49948557272375693
6499,0.49582389809448707
6500,0.48973579321429
6501,0.4938256190106175
6502,0.5843937204503189
6503,0.5631334591906032
6504,0.5020970616333151
6505,0.504172259263738
6506,0.5131204943534183
6507,0.5236428647332501
6508,0.5055155800119443
6509,0.47591026857231256
6510,0.4703501047640597
6511,0.4745366550450032
6512,0.48014431726230955
6513,0.48673237642531647
6514,0.4957322595723285
6515,0.5108506434820425
6516,0.46524919080621174
6517,0.5190360481086799
6518,0.4759239188749124
6519,0.473818260915083
6520,0.4945208069026514
6521,0.5158195357289616
6522,0.5256420203518617
6523,0.530477812409171
6524,0.5258142933805279
6525,0.5418945184044782
6526,0.6333782932136955
6527,0.6467115782540858
6528,0.5388623121731665
6529,0.5086463768085782
6530,0.5086463768085782
6531,0.5086463768085782
6532,0.5086463768085782
6533,0.5086463768085782
6534,0.5086463768085782
6535,0.5086463768085782
6536,0.5086463768085782
6537,0.4769391122239658
6538,0.45672907612123076
6539,0.45705049225173505
6540,0.44166860299558075
6541,0.5164649960187495
6542,0.5039877468458727
6543,0.49238500475043473
6544,0.4892937671381035
6545,0.48747949593138645
6546,0.49190275187675125
6547,0.4997850237317794
6548,0.501764559286064
6549,0.5265516265132539
6550,0.5443948035122339
6551,0.5395036449903202
6552,0.6469012530539691
6553,0.47797977941881137
6554,0.4472690809100114
6555,0.4278741813160308
6556,0.4315022113020329
6557,0.4273089674470609
6558,0.40544843134126285
6559,0.40482171548887325
6560,0.4307346858203375
6561,0.4949491269941709
6562,0.547473439230262
6563,0.5706513917784622
6564,0.5175077272784293
6565,0.5253899970851414
6566,0.5004296356009603
6567,0.5001194977396327
6568,0.490561889749807
6569,0.4990306504153501
6570,0.5182621032018062
6571,0.5178695133974981
6572,0.5086463768085782
6573,0.5175077272784293
6574,0.5333183714348652
6575,0.6224964472109985
6576,0.6033717505763373
6577,0.5147531143226982
6578,0.49942323770926444
6579,0.4957322601876213
6580,0.49139100741141717
6581,0.4899633804446854
6582,0.49250125836572656
6583,0.4866936347731736
6584,0.4894062034529541
6585,0.49837481201716216
6586,0.5189179415999942
6587,0.5498392921996067
6588,0.5573826067461899
6589,0.4874493867539516
6590,0.44973905268867176
6591,0.45459589508223247
6592,0.48954186104418834
6593,0.5086463768085782
6594,0.5277508925729679
6595,0.5318395950430727
6596,0.5346446247399027
6597,0.5319593606003619
6598,0.5377056112570939
6599,0.6361937193668931
6600,0.5599467254732325
6601,0.5138806390087636
6602,0.5069150614658098
6603,0.5051434299511611
6604,0.5104046389614539
6605,0.5103910615131193
6606,0.506901692104037
6607,0.5051160620716766
6608,0.5014158222904319
6609,0.5030674379161791
6610,0.5086463768085782
6611,0.5335779253714518
6612,0.5597358674091721
6613,0.48304139799303997
6614,0.4601053109992998
6615,0.4678265956658569
6616,0.4775161416132798
6617,0.5008096766089611
6618,0.5164830770081952
6619,0.521132179901436
6620,0.5204781659111614
6621,0.5176850037424221
6622,0.523642864021994
6623,0.5822859910199216
6624,0.48166062661677594
6625,0.5017993210976924
6626,0.5033713773671354
6627,0.5014158222904319
6628,0.501176752865607
6629,0.49695744904369515
6630,0.496319563053238
6631,0.49783400070929
6632,0.49960774987473416
6633,0.5109401583481078
6634,0.5197784579563564
6635,0.5447125005749996
6636,0.5348458359145399
6637,0.5350744367064988
6638,0.45039361590432175
6639,0.4715922752550801
6640,0.49000194470613767
6641,0.498713544816205
6642,0.5060934057080935
6643,0.5162203442938716
6644,0.5086463768085782
6645,0.5061498261138002
6646,0.5477375552466358
6647,0.6454019614054951
6648,0.5681010660929415
6649,0.5130336128176252
6650,0.518840687417086
6651,0.5111246710069305
6652,0.5019762080891965
6653,0.49378258712291123
6654,0.48783425793052093
6655,0.48351655137730926
6656,0.48286412382581756
6657,0.49587825943301245
6658,0.5099561517860854
6659,0.5391421264594686
6660,0.5511666620148388
6661,0.5197148211824992
6662,0.4584552383614267
6663,0.4721258488550566
6664,0.4820350018724615
6665,0.47157755703054416
6666,0.48658637591836273
6667,0.5067070040031201
6668,0.5163059423568048
6669,0.5301803343235776
6670,0.553517728555504
6671,0.569751498196428
6672,0.5300829700293481
6673,0.500718000024205
6674,0.49081390295448624
6675,0.4892848926426648
6676,0.4887711035743168
6677,0.49110227023859826
6678,0.4926571278945824
6679,0.4994232370816658
6680,0.5054863875611123
6681,0.5102318959336783
6682,0.5239181041288612
6683,0.5575808880558101
6684,0.51218590954568
6685,0.4865263339853469
6686,0.4645951184495582
6687,0.482035002182132
6688,0.46603692816089637
6689,0.4790850607551783
6690,0.5037345412010138
6691,0.5135582124161425
6692,0.5134536973152268
6693,0.5202353550150218
6694,0.513120494131913
6695,0.5599467254732325
6696,0.48640526526578054
6697,0.5007180003720122
6698,0.48971978279675166
6699,0.5042161262011271
6700,0.50639824341923
6701,0.5063756487375987
6702,0.5040352873570435
6703,0.5086463768085782
6704,0.5039392161246486
6705,0.5038390563019295
6706,0.5062038066455544
6707,0.5252145176137147
6708,0.5444504593247492
6709,0.49250125692297103
6710,0.4957322595723285
6711,0.5064203928745914
6712,0.49717510400611703
6713,0.45881792758255996
6714,0.48386149347282315
6715,0.4951536798511546
6716,0.5188406862669617
6717,0.5151956913509685
6718,0.5242343179864584
6719,0.4962632486827841
6720,0.4425855481856354
6721,0.45064424590436664
6722,0.47926275758477277
6723,0.4957322620334993
6724,0.5019015327567206
6725,0.501693966892805
6726,0.5155987867243513
6727,0.501693966892805
6728,0.5155987867243513
6729,0.5283053356355146
6730,0.5434744886267582
6731,0.5480389990569877
6732,0.5679237844400882
6733,0.482902320505908
6734,0.3879781766380699
6735,0.4647796424263874
6736,0.4919027565320149
6737,0.5086463768085782
6738,0.499785026338727
6739,0.4898075138264302
6740,0.4986031472275894
6741,0.5375284693717148
6742,0.6091166861848732
6743,0.5903875969904449
6744,0.6208091089083938
6745,0.5274852456846942
6746,0.489807507932462
6747,0.4826481258823505
6748,0.4884858928572662
6749,0.5025396392944581
6750,0.5086463768085782
6751,0.5147531143226982
6752,0.5145923919231027
6753,0.5228608456453656
6754,0.5246013948049717
6755,0.5329639690040192
6756,0.34262445850433443
6757,0.4885499808630548
6758,0.4685018900384449
6759,0.4820350080658685
6760,0.5086463768085782
6761,0.5288929443692907
6762,0.5330956674631863
6763,0.5307063741061004
6764,0.5238837571935748
6765,0.5229207345706216
6766,0.5305991188439827
6767,0.6164004701391617
6768,0.5775062217127594
6769,0.5086463768085782
6770,0.4948294189313487
6771,0.4960911723110361
6772,0.5043013286232157
6773,0.5019679928117791
6774,0.4970573986021345
6775,0.4913532532090716
6776,0.4926913588121846
6777,0.49443190797179065
6778,0.5056929290734159
6779,0.5365751622083957
6780,0.542722627783054
6781,0.5239328702312012
6782,0.45928363241147924
6783,0.4716182865152782
6784,0.5147531143226982
6785,0.5025396392944581
6786,0.5086463768085782
6787,0.5086463768085782
6788,0.4892686043361341
6789,0.4874493867539516
6790,0.49725225536844453
6791,0.547883130068672
6792,0.6013442018602632
6793,0.4881960455253358
6794,0.4861591040405459
6795,0.5060038257774868
6796,0.5313853260210709
6797,0.5580989568523023
6798,0.5602181201350693
6799,0.5493263907456131
6800,0.5149755175927049
6801,0.48636221708874733
6802,0.485453154106012
6803,0.5008815044247424
6804,0.5680452946137167
6805,0.5227719481868771
6806,0.49813585138336636
6807,0.4765905081367544
6808,0.4823791536446665
6809,0.4753604867489119
6810,0.48996337889887603
6811,0.4817914063601857
6812,0.5086463768085782
6813,0.48798814001870455
6814,0.5226262296016526
6815,0.5260346113681627
6816,0.5022815744311552
6817,0.4812266459133242
6818,0.4856500489697278
6819,0.49478095100085706
6820,0.49690682541458625
6821,0.4898075085873476
6822,0.48447757434491123
6823,0.48964901349745066
6824,0.4744779288450227
6825,0.4738182637095849
6826,0.48000866597970904
6827,0.5146716806463681
6828,0.5468467235430265
6829,0.5659844106424583
6830,0.5308874865253884
6831,0.5155987877941215
6832,0.5120439676009847
6833,0.5119936310748717
6834,0.49494912076433467
6835,0.5014732178881948
6836,0.47743330756929975
6837,0.47727829257165694
6838,0.47778911331672697
6839,0.4663486428096939
6840,0.5086463768085782
6841,0.5086463768085782
6842,0.4949491228409474
6843,0.4940648343442491
6844,0.47631481858178404
6845,0.46039241269738085
6846,0.4472069130583564
6847,0.4784769064804172
6848,0.491902762739029
6849,0.5086463768085782
6850,0.5086463768085782
6851,0.5086463768085782
6852,0.6059754970778806
6853,0.5590624183285537
6854,0.5498392855052234
6855,0.5301803291886804
6856,0.501693966892805
6857,0.4940648343442491
6858,0.4930584388583473
6859,0.4642025430800157
6860,0.5363465902605773
6861,0.5086463768085782
6862,0.5171732558775236
6863,0.5001194977396327
6864,0.588361247231722
6865,0.49609117463727015
6866,0.5020970632154964
6867,0.5086463768085782
6868,0.4877759650593515
6869,0.4689064338990508
6870,0.4709029337755903
6871,0.46330775287787873
6872,0.4820350159108464
6873,0.5086463768085782
6874,0.5223436266229855
6875,0.566899111822602
6876,0.571061814467853
6877,0.569714556443225
6878,0.5365751587516105
6879,0.5033300018566249
6880,0.5032018842142035
6881,0.5030674388346161
6882,0.48484169555873474
6883,0.5148367777978891
6884,0.5372840876374473
6885,0.5388158605852725
6886,0.5352577481662816
6887,0.5208620827367291
6888,0.5706514108046031
6889,0.5086463768085782
6890,0.5025396392944581
6891,0.5086463768085782
6892,0.5055299752233845
6893,0.5022815747300117
6894,0.4953522172074876
6895,0.5016939658230348
6896,0.5014732178881948
6897,0.4974406657937709
6898,0.5047841370269587
6899,0.5412374883033384
6900,0.6966834863959006
6901,0.536233716786799
6902,0.49664697918192857
6903,0.5002774367178531
6904,0.48468374919269924
6905,0.48360947230449763
6906,0.47645054750029253
6907,0.47818592260636034
6908,0.4651121358659589
6909,0.47847689034217566
6910,0.5272268853658206
6911,0.5258142933805279
6912,0.4380698362749287
6913,0.4628889514313352
6914,0.45120585671850577
6915,0.4698193032387676
6916,0.5014732190269823
6917,0.5012379921258449
6918,0.500986813208071
6919,0.5007180024588546
6920,0.5086463768085782
6921,0.5086463768085782
6922,0.524234314758809
6923,0.5498392880156169
6924,0.47486185028427264
6925,0.5360661021508866
6926,0.45823032883330567
6927,0.5457682671389112
6928,0.5344957366248255
6929,0.5146716806463681
6930,0.5026210729707882
6931,0.48279701699233074
6932,0.48711242442847585
6933,0.5086463768085782
6934,0.5498392880156169
6935,0.5267308662811891
6936,0.4417094125284212
6937,0.47511303171244
6938,0.4898075138264302
6939,0.5086463768085782
6940,0.5182621032018062
6941,0.4990306504153501
6942,0.4986031472275894
6943,0.4981358557303687
6944,0.48603397548004024
6945,0.4835165642013016
6946,0.5215604878919026
6947,0.5736439567134943
6948,0.5434744841439125
6949,0.5892319072156912
6950,0.47192758078365593
6951,0.4877759650593515
6952,0.4856500541756141
6953,0.47381826947324374
6954,0.478476899756152
6955,0.5086463768085782
6956,0.5191568978867875
6957,0.571061814467853
6958,0.6766470584516872
6959,0.6538588350486162
6960,0.6248377923520831
6961,0.5074787486165682
6962,0.4759543212041881
6963,0.48135753349218713
6964,0.4793475467780789
6965,0.4709029211358448
6966,0.47552344142946157
6967,0.48351655300945456
6968,0.471144435961176
6969,0.4820350041433778
6970,0.5189963785865281
6971,0.5753238055333634
6972,0.6019227848945521
6973,0.5246768961525989
6974,0.444678091566691
6975,0.4778892802227922
6976,0.5014732175085989
6977,0.5181608579991563
6978,0.5286932116713998
6979,0.5210863374768964
6980,0.5298132576857699
6981,0.5246013954311786
6982,0.5736439838143362
6983,0.5941837901008628
6984,0.435594767299326
6985,0.5037345409340451
6986,0.4892130105781995
6987,0.48287899074844803
6988,0.4846731452327037
6989,0.5069539677936741
6990,0.5297165596817504
6991,0.5086463768085782
6992,0.4662120489260875
6993,0.4655784622765088
6994,0.47976427500262797
6995,0.5162203442938716
6996,0.5555594891378606
6997,0.5405741269408176
6998,0.4885092432246462
6999,0.47572489957497993
7000,0.48533339060912717
7001,0.5011561149792287
7002,0.5060934057080935
7003,0.4926913588121846
7004,0.497347245644404
7005,0.5143665693099627
7006,0.5249861842992356
7007,0.49230656931792066
7008,0.47847689034217566
7009,0.48839980622194423
7010,0.5014732178881948
7011,0.5086463768085782
7012,0.48964901349745066
7013,0.4698192995227239
7014,0.483793267983837
7015,0.5033300018566249
7016,0.49190275446300913
7017,0.47764777256088825
7018,0.521560491583657
7019,0.5487908635787114
7020,0.5033300018566249
7021,0.4738182649903981
7022,0.4518655276513086
7023,0.5004296356009603
7024,0.5247914923659197
7025,0.5308874828734145
7026,0.47847689639401825
7027,0.44364879242081756
7028,0.4609041628727637
7029,0.5337761894158547
7030,0.6118443004751075
7031,0.5620549928427179
7032,0.770325897143956
7033,0.49715565260227235
7034,0.5046824936607778
7035,0.5066380476392406
7036,0.5025120033367033
7037,0.500199204453989
7038,0.4976229446264166
7039,0.4970573986021345
7040,0.498927220694365
7041,0.49849026078198677
7042,0.5060343761813504
7043,0.5311336495766104
7044,0.3544056399794868
7045,0.5970953599646633
7046,0.5021906367131417
7047,0.5118973038519286
7048,0.4775528179452676
7049,0.47688392010103203
7050,0.5043427129549669
7051,0.5129500406621894
7052,0.5128695936331391
7053,0.5208620827367291
7054,0.5962563880063162
7055,0.5569003564373196
7056,0.5213189809044524
7057,0.4981358518180668
7058,0.5150111791860011
7059,0.5107287467857444
7060,0.5265713668287605
7061,0.558295252828786
7062,0.5333713718099089
7063,0.5140908703869924
7064,0.5004296331104899
7065,0.4942507092686795
7066,0.5216430581450225
7067,0.5448734818035301
7068,0.5718436922730447
7069,0.5148856249002767
7070,0.46515608484246107
7071,0.2994821444162922
7072,0.3822092883249859
7073,0.44983918220301466
7074,0.46867144929496174
7075,0.4774333129679962
7076,0.5001194977396327
7077,0.594386551069512
7078,0.596256381635955
7079,0.5746503740308542
7080,0.6840315730246418
7081,0.543276393405755
7082,0.5312587883296923
7083,0.517093549557987
7084,0.5012725341216637
7085,0.4764794847080353
7086,0.46068616114183325
7087,0.463138048464742
7088,0.47660189445867035
7089,0.49074112710390244
7090,0.5039392161246486
7091,0.5269137390118209
7092,0.4080882882791526
7093,0.5576889615388608
7094,0.4663486371369956
7095,0.4607086148373984
7096,0.43097617709588576
7097,0.47764777256088825
7098,0.4949491228409474
7099,0.5155987867243513
7100,0.5283053356355146
7101,0.5267308662811891
7102,0.5903875969904449
7103,0.5746503740308542
7104,0.6667541993103281
7105,0.48666309400966584
7106,0.4787123608528146
7107,0.47631480989195857
7108,0.48580517093870496
7109,0.49116197925440447
7110,0.5007180006038836
7111,0.5139627523860449
7112,0.5189179427676194
7113,0.5208620836175692
7114,0.5290967080918205
7115,0.5428529382638488
7116,0.44427032795585203
7117,0.5135582124161425
7118,0.4311629709890441
7119,0.4366963663056696
7120,0.42398982238676725
7121,0.4794528608279687
7122,0.4839743821822912
7123,0.5086463768085782
7124,0.5333183714348652
7125,0.551134050434127
7126,0.6066201449431531
7127,0.603027600684066
7128,0.6746964194659376
7129,0.4922074520615111
7130,0.4954813590419772
7131,0.4962632478342
7132,0.4955449939979006
7133,0.4929379678470972
7134,0.4878342588025528
7135,0.4879037882965912
7136,0.48338872501868707
7137,0.48294420181537917
7138,0.4946085995483516
7139,0.5253900012231534
7140,0.4002937790045171
7141,0.5821708583116125
7142,0.4351218953055438
7143,0.4493689717840159
7144,0.4024558756550507
7145,0.46925376316723205
7146,0.47381827395608817
7147,0.5434744796610682
7148,0.5480389904499243
7149,0.5781180819371834
7150,0.6873901984604107
7151,0.6622202234381394
7152,0.6002553595924722
7153,0.5272001032144779
7154,0.5095819290961414
7155,0.5150889676314964
7156,0.519280601001986
7157,0.5196285842997213
7158,0.5061589877695671
7159,0.5001515583564462
7160,0.48875120232075725
7161,0.4857850551837888
7162,0.4935062749133928
7163,0.515259596818671
7164,0.4255642760511278
7165,0.5366481286565508
7166,0.4468600908443821
7167,0.4362403852949316
7168,0.46134672055623704
7169,0.4789186025581842
7170,0.4702601486489163
7171,0.47241927701113023
7172,0.4880926214716283
7173,0.5191569003319759
7174,0.6230307108296339
7175,0.6621365586907894
7176,0.5949638868373361
7177,0.5191082250191695
7178,0.5096664036145931
7179,0.48954185655421434
7180,0.46612049829716184
7181,0.4628616607249047
7182,0.457410223170905
7183,0.4556481692886571
7184,0.46272989527637653
7185,0.48163687981694064
7186,0.5086463768085782
7187,0.5480390019260097
7188,0.5056136395466815
7189,0.5626968650310561
7190,0.47501685984971587
7191,0.4041232868770191
7192,0.4421672306887654
7193,0.4835165572063984
7194,0.4949491228409474
7195,0.5086463768085782
7196,0.5014732190269823
7197,0.5227719445059472
7198,0.6070001865824283
7199,0.6186803627857826
7200,0.5294367161942127
7201,0.5366328951260341
7202,0.4903790146053354
7203,0.48351655300945456
7204,0.4863135901750142
7205,0.4965936241799336
7206,0.5086463768085782
7207,0.5264926657166902
7208,0.5330223273622918
7209,0.5283053392014153
7210,0.522343633545026
7211,0.527750896164947
7212,0.46867144141578215
7213,0.5317210595184697
7214,0.46789174183730314
7215,0.4418905122648843
7216,0.4239898170379164
7217,0.41445526665945437
7218,0.5086463768085782
7219,0.5086463768085782
7220,0.5086463768085782
7221,0.5308874828734145
7222,0.6002553411461623
7223,0.5514028666091331
7224,0.523714327605005
7225,0.4645191915636356
7226,0.47529016120324236
7227,0.4871124227168437
7228,0.4970574003858357
7229,0.5086463768085782
7230,0.5086463768085782
7231,0.5086463768085782
7232,0.5145151614540883
7233,0.5199455065597726
7234,0.519407244354906
7235,0.5381581149556182
7236,0.5544038021858211
7237,0.5466793052651215
7238,0.5021906367131417
7239,0.4951536798511546
7240,0.4905618854048948
7241,0.4889874156994653
7242,0.5002774377512916
7243,0.4999554776274749
7244,0.5086463768085782
7245,0.5130336121360701
7246,0.5409779408285887
7247,0.5679237861780535
7248,0.4997850240214403
7249,0.493058435630698
7250,0.49874980799989416
7251,0.5185429456172621
7252,0.4953522172074876
7253,0.48331509588784405
7254,0.46202764722640366
7255,0.4674534624635471
7256,0.47192758078365593
7257,0.48036758037661825
7258,0.5086463768085782
7259,0.536925173240538
7260,0.5668991269252349
7261,0.5283053370618748
7262,0.5038896639293603
7263,0.4988215456544708
7264,0.5086463768085782
7265,0.5086463768085782
7266,0.5086463768085782
7267,0.4876139444708343
7268,0.4973472470573838
7269,0.502777592163068
7270,0.5417693073230551
7271,0.5283053370618748
7272,0.6094784880904575
7273,0.4258987562062301
7274,0.49522051545134577
7275,0.5428148247721336
7276,0.5645446732904831
7277,0.5430319160707867
7278,0.5059725522622027
7279,0.49478095100085706
7280,0.5028528405291107
7281,0.5144399130880456
7282,0.5198059554619506
7283,0.5003287920497361
7284,0.3463196141159131
7285,0.5307063741061004
7286,0.4807175948655458
7287,0.46264614545717175
7288,0.4774333129679962
7289,0.48203501068086163
7290,0.5178695133974981
7291,0.5644208279695525
7292,0.5805963808928657
7293,0.5420025924139139
7294,0.5130336121360701
7295,0.49056188612904694
7296,0.669911582233604
7297,0.48174663607183915
7298,0.45952508222429045
7299,0.4280608360268779
7300,0.426076037116326
7301,0.4727080167761111
7302,0.5007180024588546
7303,0.5004296356009603
7304,0.49125814726978156
7305,0.5086463768085782
7306,0.5260346063473748
7307,0.5672791659914685
7308,0.42340222149797124
7309,0.5873412185261033
7310,0.4647796424263874
7311,0.4642025430800157
7312,0.4986031472275894
7313,0.5186896063895668
7314,0.5274852397907261
7315,0.5175077272784293
7316,0.5253899970851414
7317,0.5716176269551587
7318,0.5940649427718451
7319,0.6189826186804596
7320,0.7029964199864142
7321,0.5273983317748804
7322,0.5241009848236527
7323,0.5123503213141338
7324,0.49927011209052574
7325,0.48334754331100566
7326,0.48256976051183514
7327,0.4872325653171436
7328,0.4864508209211745
7329,0.4951312522555262
7330,0.5117203772699237
7331,0.551613338387581
7332,0.42387503123948717
7333,0.5804293448167803
7334,0.3855270403040495
7335,0.47381825986714454
7336,0.5032018835581772
7337,0.500225444251258
7338,0.5086463768085782
7339,0.5114883707031086
7340,0.5196698087217688
7341,0.55471738735732
7342,0.6322454485706783
7343,0.5645794518863836
7344,0.5294584956866354
7345,0.44544906134411166
7346,0.5062427844381832
7347,0.4962292109757833
7348,0.4872400300168161
7349,0.49415836630132887
7350,0.4979219986749193
7351,0.49069259573553065
7352,0.4928156237654022
7353,0.5140474837143298
7354,0.5306650014921988
7355,0.54983929787788
7356,0.6373772613961031
7357,0.490435059924899
7358,0.49329390626760117
7359,0.46710015442467423
7360,0.4263877857486329
7361,0.42893148700947137
7362,0.47847688941112265
7363,0.49849026078198677
7364,0.5060343761813504
7365,0.5311336495766104
7366,0.5576309495719549
7367,0.5322595104398197
7368,0.5171093716909428
7369,0.4913910060929326
7370,0.38532568318590854
7371,0.3611391122730454
7372,0.5145151614540883
7373,0.5143665685858105
7374,0.4582303268160251
7375,0.4436487890586838
7376,0.443648796903662
7377,0.4674534781535037
7378,0.5086463768085782
7379,0.5620549769876048
7380,0.7132780943978029
7381,0.4988215456544708
7382,0.47631481471963993
7383,0.42556429697107967
7384,0.4292531322998975
7385,0.4835165642013016
7386,0.4803675892368281
7387,0.4930584442377599
7388,0.5242343093793964
7389,0.5951778993943521
7390,0.654742401093579
7391,0.6455939869816764
7392,0.5808629827880168
7393,0.5128695940278553
7394,0.5001194953257924
7395,0.5020331571211275
7396,0.4995164258967159
7397,0.4866460925251421
7398,0.4755234422402349
7399,0.4835165537089453
7400,0.4877759618439512
7401,0.4974406657937709
7402,0.5198520878233854
7403,0.5718145314447877
7404,0.6127609094563281
7405,0.5665829231200579
7406,0.48898741349879477
7407,0.47552344050286344
7408,0.46368492180394105
7409,0.4359177199121636
7410,0.44269344371488145
7411,0.5198520878233854
7412,0.5455473099793555
7413,0.5508686162704037
7414,0.521132179901436
7415,0.5062038066455544
7416,0.40441202044971425
7417,0.5086463768085782
7418,0.5378398975109318
7419,0.5909371031347609
7420,0.41584512614393454
7421,0.3333568202417101
7422,0.30928339010590666
7423,0.4170374830757659
7424,0.47847692665319486
7425,0.5086463768085782
7426,0.5388158269639615
7427,0.6002552705413904
7428,0.587341190837951
7429,0.566899111822602
7430,0.436696391980147
7431,0.46173329241086797
7432,0.4709029495752602
7433,0.4871124381215229
7434,0.5086463768085782
7435,0.5301803154956334
7436,0.5086463768085782
7437,0.5631334181114453
7438,0.6652528952747215
7439,0.635083450883021
7440,0.7091196974646605
7441,0.5028774963109236
7442,0.49664697953605946
7443,0.5206457740810969
7444,0.5478831331737326
7445,0.5711747184209074
7446,0.5625119032151582
7447,0.529200135972781
7448,0.5174046654556822
7449,0.5007793538342521
7450,0.49583688287915206
7451,0.5105213714250307
7452,0.4711573993919976
7453,0.5007967095474033
7454,0.4908469756757214
7455,0.413302838259346
7456,0.3932327139621904
7457,0.44779449821644157
7458,0.49597377389768044
7459,0.5042591414810862
7460,0.5130336121360701
7461,0.5171732574867504
7462,0.5324510601504165
7463,0.5160547627060181
7464,0.48565005027119956
7465,0.5045753563394039
7466,0.5045006545758526
7467,0.5127920990413037
7468,0.5206457730187042
7469,0.5086463768085782
7470,0.5086463768085782
7471,0.5047169642938775
7472,0.5125757893232789
7473,0.5200404982487118
7474,0.5397399356718887
7475,0.5654272367246793
7476,0.6100801888915722
7477,0.5427867153194904
7478,0.5002254437280976
7479,0.43490178589937273
7480,0.4552377502043578
7481,0.4903525881177215
7482,0.5003287920497361
7483,0.5000108466345803
7484,0.5027003616940536
7485,0.552335846241577
7486,0.6550968469545584
7487,0.6112375678439865
7488,0.5328629789503769
7489,0.5381203228148174
7490,0.5086463768085782
7491,0.5086463768085782
7492,0.463848894768144
7493,0.46981929357705254
7494,0.48379326360524194
7495,0.5044033309182976
7496,0.5118361081876449
7497,0.509699691319792
7498,0.514865179128889
7499,0.5328596268136118
7500,0.37639486389894183
7501,0.529128421200744
7502,0.5086463768085782
7503,0.4780461246554051
7504,0.47921483894616707
7505,0.49445742104239915
7506,0.5127920994216666
7507,0.5565841427064445
7508,0.4727080081832305
7509,0.5255290819581976
7510,0.5192390454019418
7511,0.5171093716909428
7512,0.5957812415986344
7513,0.5352577521410729
7514,0.5360374172817239
7515,0.5462529451098777
7516,0.5418548798498124
7517,0.4784304414439898
7518,0.3664354526231945
7519,0.3856693085567059
7520,0.5157444120791385
7521,0.5623000532169097
7522,0.501176752865607
7523,0.5086463768085782
7524,0.6727225907245502
7525,0.531346241871218
7526,0.49494911920687473
7527,0.45734602589425927
7528,0.4436487692154952
7529,0.45933513788204267
7530,0.43041026757551265
7531,0.4658898843028569
7532,0.4636561342081871
7533,0.46202764722640366
7534,0.45586448604080465
7535,0.4475781971739313
7536,0.6839359333754462
7537,0.4518655199664293
7538,0.4683737711152103
7539,0.4596037987578363
7540,0.4794528608279687
7541,0.4925012612512366
7542,0.516863118016196
7543,0.5388158572231381
7544,0.5223436307762089
7545,0.5086463768085782
7546,0.5019015327567206
7547,0.5283053356355146
7548,0.502281575626581
7549,0.4883998092478656
7550,0.45287192564760376
7551,0.5086463768085782
7552,0.5572476701879567
7553,0.5360661021508866
7554,0.5086463768085782
7555,0.4738182667835365
7556,0.4582303315230129
7557,0.4990306504153501
7558,0.5363465902605773
7559,0.5086463768085782
7560,0.6652529325168167
7561,0.46570877730430577
7562,0.5287427727541015
7563,0.5357912442209385
7564,0.551255821792801
7565,0.5414481513111955
7566,0.5290673480721938
7567,0.5195369445549477
7568,0.5164830770081952
7569,0.5235486258214539
7570,0.5226262296016526
7571,0.5342513548172038
7572,0.4642025299238364
7573,0.546955850221445
7574,0.49803712534862615
7575,0.4881960455253358
7576,0.48351655300945456
7577,0.4742608375463696
7578,0.46053973262299347
7579,0.5047841370269587
7580,0.5273293731724709
7581,0.5539850170405343
7582,0.5488590965715933
7583,0.546955850221445
7584,0.6673163183320756
7585,0.5034522272818038
7586,0.4900358399506115
7587,0.4896089695557462
7588,0.48649086258457674
7589,0.48254790918704527
7590,0.47560431963540084
7591,0.4720321979641991
7592,0.4597938919017455
7593,0.4284315233609799
7594,0.3894981699730151
7595,0.4436487864436907
7596,0.7071421088715653
7597,0.5086463768085782
7598,0.5051434302227182
7599,0.42906723325788776
7600,0.4170374140399902
7601,0.4486146051297849
7602,0.46548022482084206
7603,0.5086463768085782
7604,0.5202353502584866
7605,0.5764506478673503
7606,0.5672791659914685
7607,0.5330956674631863
7608,0.7213891979663766
7609,0.4922500780954858
7610,0.5086463768085782
7611,0.5134536973152268
7612,0.5086463768085782
7613,0.48351655300945456
7614,0.4373599043755922
7615,0.3980400454438228
7616,0.4229062025476443
7617,0.46039241269738085
7618,0.5191568978867875
7619,0.5861297627510934
7620,0.6026717860485403
7621,0.5086463768085782
7622,0.47221017534276494
7623,0.47192758078365593
7624,0.4727080167761111
7625,0.42469699019246443
7626,0.5402235553464058
7627,0.4770691982707505
7628,0.5086463768085782
7629,0.6595327277048488
7630,0.6652529469998587
7631,0.6115544866609134
7632,0.6127609128474805
7633,0.48930318633876685
7634,0.48187717046161854
7635,0.483098230067599
7636,0.4955449939979006
7637,0.5000546363931513
7638,0.49788550755353045
7639,0.5030674379161791
7640,0.5029261840658095
7641,0.5067070040031201
7642,0.5163059423568048
7643,0.5402235676255058
7644,0.4242872877917885
7645,0.5880396495041366
7646,0.39600496251711964
7647,0.4057382722549181
7648,0.5086463768085782
7649,0.5253900001886501
7650,0.5423188088522001
7651,0.5469239571017568
7652,0.5537181126546349
7653,0.563819149595071
7654,0.5819615686556665
7655,0.4887398128869706
7656,0.48844625038016787
7657,0.48101681420390674
7658,0.5030674379161791
7659,0.5369251798856991
7660,0.5277508966139444
7661,0.5248441320406213
7662,0.501427374547732
7663,0.4721001091496502
7664,0.45431603261720266
7665,0.4369703890581233
7666,0.43020242005984133
7667,0.4148958254985642
7668,0.614836887645053
7669,0.4690615498697571
7670,0.41462096756861605
7671,0.409629041909224
7672,0.41131725653927576
7673,0.4493690108882049
7674,0.5301803154956334
7675,0.5787213506822636
7676,0.5620549769876048
7677,0.5518125287963143
7678,0.5610185848868643
7679,0.5308874828734145
7680,0.6094784796178775
7681,0.4638092619657939
7682,0.47289795640277565
7683,0.4953522191636388
7684,0.5086463768085782
7685,0.501693966892805
7686,0.5086463768085782
7687,0.4940648343442491
7688,0.500986813208071
7689,0.4925012612512366
7690,0.5001194977396327
7691,0.5253899970851414
7692,0.6528129760938647
7693,0.5476977084398834
7694,0.49382562022630494
7695,0.488639018584107
7696,0.47241927701113023
7697,0.47706919090329164
7698,0.4784768943767377
7699,0.48122665146626975
7700,0.5012379921258449
7701,0.5301803291886804
7702,0.5736439709770925
7703,0.5235486241826569
7704,0.6923978220636384
7705,0.4766424905921546
7706,0.46248764193103853
7707,0.4505707553272538
7708,0.43572040323132877
7709,0.44720689624768845
7710,0.46173327611745496
7711,0.480946163356579
7712,0.5086463768085782
7713,0.5274852397907261
7714,0.5498392855052234
7715,0.5736439692654604
7716,0.373573783091914
7717,0.6703303408369482
7718,0.4876139444708343
7719,0.4057382881509399
7720,0.46039241269738085
7721,0.48603397548004024
7722,0.4964306752846261
7723,0.5208620783325303
7724,0.5312587781371161
7725,0.6038134416108987
7726,0.6580797817431441
7727,0.642256629255757
7728,0.5863899312979437
7729,0.5086463768085782
7730,0.5128960735659305
7731,0.532591352008143
7732,0.4929682585459664
7733,0.5003795198716251
7734,0.5000655145208467
7735,0.49667348041810705
7736,0.5071041486459973
7737,0.4771465477979817
7738,0.4920395579615477
7739,0.492784739424318
7740,0.7089988590363341
7741,0.5201930417897468
7742,0.5062212849476642
7743,0.45984993136748464
7744,0.47145241878857286
7745,0.46697730024698453
7746,0.48131888239817117
7747,0.4953522162294118
7748,0.5034522274410255
7749,0.538158119244854
7750,0.6426405564363803
7751,0.5647656440044411
7752,0.5129125344165419
7753,0.5086463768085782
7754,0.5086463768085782
7755,0.5086463768085782
7756,0.49421648648905075
7757,0.4685596282765298
7758,0.46090413950516873
7759,0.4647796303774688
7760,0.4709029202330055
7761,0.488720508029035
7762,0.5037873605513647
7763,0.5244525088741376
7764,0.5345782457731793
7765,0.526940166558035
7766,0.4848416906774124
7767,0.4464210202355977
7768,0.47073587099955955
7769,0.49056188431866643
7770,0.5414481529013948
7771,0.539070153532838
7772,0.5401462058191746
7773,0.5853296613307002
7774,0.6278849248806659
7775,0.5086463768085782
7776,0.5086463768085782
7777,0.5086463768085782
7778,0.5086463768085782
7779,0.5086463768085782
7780,0.5086463768085782
7781,0.5086463768085782
7782,0.5086463768085782
7783,0.49628613965215934
7784,0.46315507241720955
7785,0.4761855545344032
7786,0.4925730729675575
7787,0.5096851627928991
7788,0.5404937727341592
7789,0.5309156170093112
7790,0.5126882655651896
7791,0.48143330831030673
7792,0.4828243951542288
7793,0.47127104299846095
7794,0.4779639807569565
7795,0.5002774367178531
7796,0.5128695941594272
7797,0.5528410411000837
7798,0.5713385003712252
7799,0.5387072172400387
7800,0.5086463768085782
7801,0.5032575390939321
7802,0.5109716346177272
7803,0.5132263084219074
7804,0.5246872477318821
7805,0.5209731913113687
7806,0.5142415709390104
7807,0.5086463768085782
7808,0.5086463768085782
7809,0.5086463768085782
7810,0.5086463768085782
7811,0.4828462606365497
7812,0.3052387703267306
7813,0.4994979389857538
7814,0.5067713822699271
7815,0.5029261840658095
7816,0.4967522862376321
7817,0.45360348978162635
7818,0.3695241992410735
7819,0.4354913793178427
7820,0.48036758037661825
7821,0.5736439692654604
7822,0.5846674052132125
7823,0.5457682732518835
7824,0.6178125747638276
7825,0.4769635846728628
7826,0.4961605737157203
7827,0.5329639690040192
7828,0.5467442408642789
7829,0.5291154357673501
7830,0.5173708409130323
7831,0.5235486263677198
7832,0.5285722455881213
7833,0.5228608465399472
7834,0.519407246277216
7835,0.5460864965156951
7836,0.584508364623217
7837,0.5542380092484827
7838,0.4614580200128417
7839,0.40970911101822005
7840,0.43947239294219487
7841,0.5035306364404608
7842,0.5171093716909428
7843,0.5001833819262135
7844,0.5137621171766955
7845,0.5217477596192558
7846,0.5411899910200803
7847,0.5346446292322575
7848,0.5479898839351738
7849,0.4926158570852673
7850,0.48036757299310584
7851,0.48623206768102256
7852,0.4898677646875179
7853,0.4865091195377697
7854,0.47847688868088506
7855,0.4782054949425307
7856,0.47847688941112265
7857,0.48234514137729817
7858,0.48822540554496247
7859,0.4992959859446808
7860,0.36139019904692943
7861,0.5372840876374473
7862,0.4541593061634617
7863,0.3839145007619465
7864,0.4964306752846261
7865,0.5208620783325303
7866,0.5312587781371161
7867,0.5388158538610043
7868,0.5434744841439125
7869,0.6256681086815044
7870,0.7385102175687372
7871,0.6518271037907689
7872,0.587612311989751
7873,0.5086463768085782
7874,0.5086463768085782
7875,0.5086463768085782
7876,0.5086463768085782
7877,0.5086463768085782
7878,0.5086463768085782
7879,0.43151732617454
7880,0.4320758369480223
7881,0.4470463608506943
7882,0.4640558654249591
7883,0.4937908036327044
7884,0.5646948703201968
7885,0.5137237937892752
7886,0.5247914969827363
7887,0.49582389809448707
7888,0.4710527953045879
7889,0.4817914063601857
7890,0.4903790146053354
7891,0.5062555022219474
7892,0.5379127230242756
7893,0.5543686115741298
7894,0.525266775687963
7895,0.500488972811558
7896,0.4727080081832305
7897,0.4945836269001373
7898,0.4703369033957113
7899,0.443648773709808
7900,0.44904128828107187
7901,0.4954813607471509
7902,0.5460419679190375
7903,0.5884647357099959
7904,0.5633254967831439
7905,0.5401317422717725
7906,0.5313462409933001
7907,0.5367296495851415
7908,0.49659362337603563
7909,0.5403580935509041
7910,0.512645340506708
7911,0.4922074520615111
7912,0.49244862157653496
7913,0.4878744284217874
7914,0.5001194951648696
7915,0.49978502355798293
7916,0.5421797318770402
7917,0.5755833570700248
7918,0.5736439851968088
7919,0.5154934327788617
7920,0.45568692336568756
7921,0.4874319127649215
7922,0.48523157083721496
7923,0.43750645438721836
7924,0.4308392783891799
7925,0.46134672055623704
7926,0.4789186025581842
7927,0.49026750687338744
7928,0.4968557612860069
7929,0.5086463768085782
7930,0.5165747525495299
7931,0.5308874865253884
7932,0.44830740661351176
7933,0.5086463768085782
7934,0.45120585671850577
7935,0.46264614545717175
7936,0.5012379921258449
7937,0.5160547614913115
7938,0.515819534590174
7939,0.5014732190269823
7940,0.5295167885578048
7941,0.5668991269252349
7942,0.567132414347729
7943,0.5239699107634125
7944,0.6270038646002237
7945,0.49508617528926485
7946,0.4891990636256268
7947,0.48171745515437986
7948,0.47476956969431566
7949,0.4687785985328237
7950,0.4744779288450227
7951,0.4791346386615381
7952,0.4807175948655458
7953,0.4698193032387676
7954,0.47847689639401825
7955,0.524234314758809
7956,0.336451920392204
7957,0.6570361540671036
7958,0.5470325984307559
7959,0.4436487890586838
7960,0.45586449842761406
7961,0.43964984405873336
7962,0.5086463768085782
7963,0.5388158471367391
7964,0.5352577377063099
7965,0.5828670933024143
7966,0.5498392855052234
7967,0.5301803291886804
7968,0.749909506852811
7969,0.4915403855162257
7970,0.4845594490489103
7971,0.47522596329882527
7972,0.46548021103378373
7973,0.4698192995227239
7974,0.46173327068631476
7975,0.4639505185932575
7976,0.47847689639401825
7977,0.4919027565320149
7978,0.5086463768085782
7979,0.5555594774997014
7980,0.5856737971128371
7981,0.5620549981277576
7982,0.5276437401197057
7983,0.4412062077718518
7984,0.4594549106427592
7985,0.46867144929496174
7986,0.4774333129679962
7987,0.5086463768085782
7988,0.5247914923659197
7989,0.602837486957702
7990,0.6777387533843173
7991,0.5978127863320165
7992,0.6840918379657677
7993,0.5369251812147318
7994,0.5119447646928449
7995,0.48520522276252837
7996,0.4881272091655373
7997,0.4938525844446559
7998,0.4982167302698713
7999,0.49583688287915206
8000,0.4980461765285707
8001,0.4901504179949689
8002,0.4813647680452853
8003,0.4949491194428535
8004,0.45039361536494166
8005,0.48777596023625075
8006,0.479515674847117
8007,0.512754408951531
8008,0.5066016973015475
8009,0.5283053396293236
8010,0.5086463768085782
8011,0.5048490513720929
8012,0.5161782590948653
8013,0.514134959560169
8014,0.5086463768085782
8015,0.5104466695686609
8016,0.5050313309518963
8017,0.5104611299051772
8018,0.532631738704256
8019,0.5181943699813624
8020,0.46962443898852535
8021,0.41610953021342123
8022,0.3758444874916547
8023,0.39323273488214144
8024,0.4408421057498059
8025,0.4970574033586697
8026,0.5312587781371161
8027,0.5569003409197755
8028,0.5086463768085782
8029,0.5625118874154745
8030,0.4794528608279687
8031,0.47511303171244
8032,0.4898075138264302
8033,0.4986031472275894
8034,0.5086463768085782
8035,0.5186896063895668
8036,0.5274852397907261
8037,0.5713732378853258
8038,0.6880283049981483
8039,0.5907741502585155
8040,0.690665740682819
8041,0.5105610963561266
8042,0.4989062671278108
8043,0.5046296389458073
8044,0.5024841160939523
8045,0.5076027927197698
8046,0.5065446355738599
8047,0.5065249006266614
8048,0.5190599966280345
8049,0.5176251299780339
8050,0.5134845821200886
8051,0.5234671352143826
8052,0.4994979386152705
8053,0.4961711819121182
8054,0.5284697170665376
8055,0.5608627319607691
8056,0.5198405203921639
8057,0.47876923438780444
8058,0.46588988051562336
8059,0.42940169396578765
8060,0.4405076095093696
8061,0.5050021760995845
8062,0.5104758244209727
8063,0.4935784247555579
8064,0.49039951578600954
8065,0.488795373775446
8066,0.47381825986714454
8067,0.45755688962030105
8068,0.43795740483556184
8069,0.426076037116326
8070,0.4565629012187696
8071,0.48203501068086163
8072,0.4990306504153501
8073,0.5182621032018062
8074,0.5352577429362947
8075,0.5798343681627766
8076,0.41084701932666323
8077,0.6296389525249876
8078,0.519407244354906
8079,0.5238837571935748
8080,0.5229207345706216
8081,0.5176850028383185
8082,0.5130336121360701
8083,0.5171732574867504
8084,0.54703260496824
8085,0.6139526096500828
8086,0.6573641392355466
8087,0.5198335902837731
8088,0.6256913585918498
8089,0.4769391122239658
8090,0.4668541556401095
8091,0.4778330126816361
8092,0.4926158570852673
8093,0.5030397478566557
8094,0.5175513935805629
8095,0.5172136801165538
8096,0.5128112054038511
8097,0.5034282337020916
8098,0.48879537280585805
8099,0.4906579240873407
8100,0.5048702072691749
8101,0.5149053795923294
8102,0.49464025331303724
8103,0.468501882375904
8104,0.4498391728738464
8105,0.4139633988610987
8106,0.30773049623890575
8107,0.4582303315230129
8108,0.5086463768085782
8109,0.5352577429362947
8110,0.5324510559664268
8111,0.5301803291886804
8112,0.593302931230389
8113,0.40245587000666494
8114,0.4674534681119329
8115,0.46925376316723205
8116,0.5086463768085782
8117,0.48603397548004024
8118,0.4964306752846261
8119,0.4957322657252537
8120,0.5215604878919026
8121,0.5324510517824387
8122,0.5498392817396338
8123,0.5805963744742457
8124,0.5684498224056479
8125,0.5723265629191736
8126,0.5348168990400891
8127,0.5223436328528217
8128,0.5119447643076181
8129,0.5053479893095382
8130,0.5119447643076181
8131,0.5118973038519286
8132,0.5118511898606642
8133,0.5269755200488967
8134,0.5892319226203824
8135,0.5741568902130462
8136,0.5086463768085782
8137,0.5361100180719439
8138,0.5379635992183669
8139,0.5133781843549693
8140,0.5098140050005882
8141,0.5063050547966651
8142,0.5074665540117616
8143,0.507460360688196
8144,0.5050505096288939
8145,0.5157817767253643
8146,0.5132811147621948
8147,0.5241578477014682
8148,0.5433214750242031
8149,0.5271543673501888
8150,0.4864344417614119
8151,0.5141797690005959
8152,0.5113630695189866
8153,0.49472397169365523
8154,0.49786215586090266
8155,0.48761394055216983
8156,0.49384429784867967
8157,0.5212333835860211
8158,0.5455320669361194
8159,0.5151686807856286
8160,0.49345170760961166
8161,0.4848416903742246
8162,0.5031220049448729
8163,0.5075251062553225
8164,0.5017993209247605
8165,0.49675228582010283
8166,0.49218440791944335
8167,0.4746922846373742
8168,0.4810788621208473
8169,0.49440950750622087
8170,0.5086463768085782
8171,0.5426858884148306
8172,0.63213003069124
8173,0.5563014814363771
8174,0.5243824255540158
8175,0.4320719102474174
8176,0.43608949251579027
8177,0.4876465457616612
8178,0.49659362337603563
8179,0.49427107034320006
8180,0.5167452922263658
8181,0.5596979812005078
8182,0.5513153175831528
8183,0.515885205934904
8184,0.5690171571785434
8185,0.4649465156605811
8186,0.490955430780595
8187,0.5126991411478838
8188,0.5155683574794511
8189,0.5076704117738702
8190,0.47608898583991843
8191,0.37357374612065547
8192,0.31652599172115237
8193,0.3995530192853756
8194,0.5086463768085782
8195,0.5378398927891876
8196,0.48711242442847585
8197,0.500986813208071
8198,0.5007180024588546
8199,0.5086463768085782
8200,0.5165747511583018
8201,0.5237143250918186
8202,0.515819534590174
8203,0.5288929443692907
8204,0.5272268828176762
8205,0.5417693073230551
8206,0.563133451121478
8207,0.5086463768085782
8208,0.5920386080325732
8209,0.49425071018622146
8210,0.5086463768085782
8211,0.5145151622163537
8212,0.5115245754154323
8213,0.5028528405291107
8214,0.5086463768085782
8215,0.5056929290734159
8216,0.5056538094292159
8217,0.5025396392944581
8218,0.5147531143226982
8219,0.5447618787562837
8220,0.5235486258214539
8221,0.5887506981579447
8222,0.4599101428118707
8223,0.4748618435359013
8224,0.49096642454719464
8225,0.5033300012311114
8226,0.5191569015545707
8227,0.5111993479090629
8228,0.513667373193387
8229,0.5135582124161425
8230,0.5360661077038321
8231,0.4976229446264166
8232,0.5535738536517983
8233,0.463718899965358
8234,0.47976427500262797
8235,0.49813585206258565
8236,0.5139627523860449
8237,0.5263263290699617
8238,0.522771947450691
8239,0.5197784579563564
8240,0.517173258291364
8241,0.5208620838377793
8242,0.5183446701626386
8243,0.5303528700539066
8244,0.536213891496309
8245,0.5276683631880161
8246,0.4865503899677947
8247,0.4824215472394244
8248,0.49056188395659023
8249,0.4930584348237855
8250,0.49620641614026
8251,0.5043427125450695
8252,0.5129500410720869
8253,0.5328769540252039
8254,0.5322595104398197
8255,0.5187645845695854
8256,0.4787123608528146
8257,0.4869240613519106
8258,0.5227091267170191
8259,0.5237143288615984
8260,0.5193224831557726
8261,0.5033713773671354
8262,0.47411456794136536
8263,0.4470772985655361
8264,0.41152650683703784
8265,0.3254284533633963
8266,0.37012435160822005
8267,0.58217082210402
8268,0.6386415444633887
8269,0.5288929443692907
8270,0.48122665146626975
8271,0.4600450834291996
8272,0.47976428424544143
8273,0.46330775287787873
8274,0.4820350159108464
8275,0.49406483905123544
8276,0.5232279145659209
8277,0.5352577377063099
8278,0.6084720640488288
8279,0.5388158572231381
8280,0.6887043243022475
8281,0.48519499316985815
8282,0.49779938853190153
8283,0.4811071369255929
8284,0.47727829257165694
8285,0.47221017534276494
8286,0.4784768943767377
8287,0.48122665146626975
8288,0.49357842852533773
8289,0.5007180024588546
8290,0.5165747511583018
8291,0.551134050434127
8292,0.4738182667835365
8293,0.5736439692654604
8294,0.4784768943767377
8295,0.4953522191636388
8296,0.5086463768085782
8297,0.5086463768085782
8298,0.5086463768085782
8299,0.501693966892805
8300,0.5223436307762089
8301,0.5668991269252349
8302,0.5749240666440493
8303,0.5504766303824888
8304,0.6272200286814462
8305,0.5232279228031491
8306,0.5223436338911281
8307,0.5277508966139444
8308,0.5234186664306638
8309,0.5170673098890587
8310,0.5180898340851222
8311,0.5239699124962128
8312,0.5264457779414349
8313,0.5219405377137698
8314,0.5222170242882919
8315,0.5362686512947358
8316,0.3742248557524967
8317,0.5501100415103859
8318,0.5230587463751809
8319,0.5086463768085782
8320,0.5086463768085782
8321,0.49013838662815057
8322,0.4884858915714542
8323,0.5086463768085782
8324,0.5189514127199202
8325,0.5239463197127744
8326,0.5399895594483788
8327,0.5443091313500795
8328,0.6009208568440794
8329,0.49282098195395596
8330,0.5072164001564641
8331,0.5100763534606922
8332,0.5064980035041742
8333,0.5107947501129821
8334,0.5100673598376465
8335,0.5079370024208728
8336,0.5107678530236953
8337,0.514208148285382
8338,0.519375303214183
8339,0.5102776875593921
8340,0.5086463768085782
8341,0.5086463768085782
8342,0.4955983596473738
8343,0.3730722205509762
8344,0.38252285921541374
8345,0.41813152083689276
8346,0.47706918844747126
8347,0.49305843616863954
8348,0.5004296341066783
8349,0.500119496130406
8350,0.49978502460076213
8351,0.499423238336863
8352,0.37865119084881627
8353,0.49125814726978156
8354,0.4994232402196582
8355,0.5086463768085782
8356,0.5352577429362947
8357,0.5398594406491601
8358,0.5424309033328837
8359,0.520862081635679
8360,0.5026210729707882
8361,0.46867144929496174
8362,0.45082194684027965
8363,0.5086463768085782
8364,0.6064457342904931
8365,0.5626968585349238
8366,0.5180617190100948
8367,0.5305991188439827
8368,0.5286537350330492
8369,0.4968557612860069
8370,0.5086463768085782
8371,0.5165747525495299
8372,0.5200404982487118
8373,0.5429447487239748
8374,0.5571450068820777
8375,0.5420025959378633
8376,0.5736439825557826
8377,0.5019015312464566
8378,0.5034522274410255
8379,0.5086463768085782
8380,0.5103910615131193
8381,0.5086463768085782
8382,0.5154934325194639
8383,0.5201510353198456
8384,0.5211149498731851
8385,0.5233226747843605
8386,0.5277124887252462
8387,0.541412854644557
8388,0.4344256295624179
8389,0.5949638868373361
8390,0.5329858222217873
8391,0.4978151478317658
8392,0.49406483030968695
8393,0.517093549557987
8394,0.519768492935273
8395,0.5201860194174749
8396,0.5283834513834411
8397,0.5406340556740321
8398,0.5251768559918044
8399,0.5107160299716867
8400,0.5072687167041954
8401,0.5161216184275185
8402,0.5119641391773351
8403,0.5115912700816826
8404,0.5086463768085782
8405,0.5086463768085782
8406,0.5070150660577643
8407,0.49584779723986466
8408,0.488356483827145
8409,0.4786934044703575
8410,0.47511302063207983
8411,0.4820350014760834
8412,0.4024558485427936
8413,0.5104466695686609
8414,0.48996337889887603
8415,0.5291154357673501
8416,0.544741663536781
8417,0.5397615995314275
8418,0.5324510630131472
8419,0.5386671750947801
8420,0.5065543659962652
8421,0.47952531452539976
8422,0.507447776904733
8423,0.5134030904389114
8424,0.535257752088773
8425,0.5107287468817076
8426,0.5107097295387186
8427,0.4981358513290289
8428,0.49305843424741924
8429,0.517685004194474
8430,0.524676896531889
8431,0.5245779477362339
8432,0.504767559581431
8433,0.5182213500450221
8434,0.5292408928505048
8435,0.5337311550405318
8436,0.47125078018376054
8437,0.5644208457619713
8438,0.4824758511087588
8439,0.47075873590594175
8440,0.43634452371633425
8441,0.47381825817647055
8442,0.4962632478342
8443,0.5179967683175142
8444,0.5116791142740204
8445,0.5203859289652215
8446,0.5343024203576926
8447,0.5246594098210574
8448,0.5026210716852377
8449,0.5170375208491174
8450,0.5133050068513346
8451,0.5063290687777349
8452,0.495458065362532
8453,0.47112728523353975
8454,0.4489312447838123
8455,0.4888147464024827
8456,0.5065640068314119
8457,0.49350627563834176
8458,0.49241839062615556
8459,0.5037873607255365
8460,0.39648364470876246
8461,0.4830414012206901
8462,0.4638092619657939
8463,0.438069846377734
8464,0.5560296890049279
8465,0.5086463768085782
8466,0.48279701699233074
8467,0.4794528608279687
8468,0.4925012612512366
8469,0.5539850083465292
8470,0.4945208091112091
8471,0.4412062204470516
8472,0.48809262614938004
8473,0.5892318991465696
8474,0.584667399833797
8475,0.5736439746448758
8476,0.5279688739896635
8477,0.434836805314593
8478,0.42211483025996155
8479,0.43857137554879616
8480,0.46330775287787873
8481,0.5086463768085782
8482,0.5434744796610682
8483,0.5736439611963388
8484,0.6845754328014108
8485,0.5914433787974743
8486,0.5329639690040192
8487,0.4358301545396375
8488,0.4743480048931815
8489,0.5229963116711147
8490,0.5439705093665945
8491,0.5391871628356235
8492,0.5378398990848469
8493,0.5558445817227778
8494,0.5809328591222439
8495,0.5279688761943426
8496,0.5386614854711135
8497,0.4823050979006006
8498,0.4674534554789819
8499,0.458230316339178
8500,0.4484560921039226
8501,0.4522050139994694
8502,0.4649976140292842
8503,0.4893238796274928
8504,0.5004296341066783
8505,0.5086463768085782
8506,0.5127920990413037
8507,0.5167163605040035
8508,0.4879037902022551
8509,0.5883612601490296
8510,0.5262606593589972
8511,0.5327333045682461
8512,0.39575716383621207
8513,0.42925311468310123
8514,0.5026210729707882
8515,0.5318395950430727
8516,0.5140908694029528
8517,0.5434744899075714
8518,0.5263759020194217
8519,0.5290147120759907
8520,0.5086463768085782
8521,0.5086463768085782
8522,0.5125086165901976
8523,0.5047841370269587
8524,0.49250125836572656
8525,0.47727829257165694
8526,0.46648998356553256
8527,0.4905618873359671
8528,0.5086463768085782
8529,0.5148367777978891
8530,0.5205404652918783
8531,0.535900522677545
8532,0.546389827741406
8533,0.6059755426994485
8534,0.5000108466345803
8535,0.4522843051117162
8536,0.5086463768085782
8537,0.5160547627060181
8538,0.5158195357289616
8539,0.5256420203518617
8540,0.5334312601443332
8541,0.5953112726256726
8542,0.5941760078292887
8543,0.5180337736570139
8544,0.42541827670431487
8545,0.5009213321914955
8546,0.5006478231625182
8547,0.5045383446656253
8548,0.5044622656944504
8549,0.5065249007262626
8550,0.5149519640050214
8551,0.5341032491150476
8552,0.5397399380529421
8553,0.5359738712189852
8554,0.5343024203576926
8555,0.5328336805117758
8556,0.5198335902837731
8557,0.5334312624123353
8558,0.5096223418432861
8559,0.4850580001498007
8560,0.45386427518186406
8561,0.43234963848075614
8562,0.4947076067306014
8563,0.5338842785217226
8564,0.5504507607986664
8565,0.57780358474121
8566,0.5778203621572349
8567,0.5351657778950968
8568,0.4453594834288287
8569,0.4966469790048631
8570,0.4915865361537658
8571,0.49960774942268227
8572,0.4955966027252825
8573,0.49349418289695063
8574,0.4979492049826352
8575,0.4988519711078955
8576,0.49234231488772795
8577,0.5116996063636037
8578,0.5116588954245059
8579,0.46595221765529493
8580,0.45823031721376717
8581,0.4495947881694469
8582,0.44462474021272935
8583,0.39452749023115163
8584,0.37062034311700714
8585,0.46981931438689434
8586,0.49406483905123544
8587,0.5369251643803282
8588,0.5453651628657631
8589,0.5846673890749683
8590,0.6304248215607222
8591,0.5839939781038933
8592,0.7405502324286984
8593,0.536996240769021
8594,0.5230946673064228
8595,0.5231654325360895
8596,0.5535584867925101
8597,0.5361100189515388
8598,0.4842359643237957
8599,0.4937613572214853
8600,0.5265439151120191
8601,0.5116192559706317
8602,0.4727080065919558
8603,0.47309572549940215
8604,0.49182480197366374
8605,0.48203500158523105
8606,0.4756526569143758
8607,0.47334410177116876
8608,0.5215604943524742
8609,0.5223436340064956
8610,0.5201615082515688
8611,0.5043966800512258
8612,0.4247684488473378
8613,0.3661025470368474
8614,0.4246969726629921
8615,0.4510571690344293
8616,0.566235584582727
8617,0.48484169555873474
8618,0.502281575626581
8619,0.5150111779905753
8620,0.5086463768085782
8621,0.4957322620334993
8622,0.48036758037661825
8623,0.4930584388583473
8624,0.4830414060621637
8625,0.4994232402196582
8626,0.5178695133974981
8627,0.5342513475549926
8628,0.5004296356009603
8629,0.597448648423309
8630,0.5402235627138646
8631,0.5406502597814652
8632,0.5170153158658647
8633,0.5320398944588378
8634,0.5229963116711147
8635,0.5409779419872323
8636,0.5421797302149858
8637,0.5332288096333122
8638,0.5132574662601128
8639,0.4920782360034415
8640,0.5779013052795052
8641,0.5012982317458365
8642,0.48504906681325954
8643,0.49364988959516226
8644,0.5086463768085782
8645,0.5064203928745914
8646,0.4531401910595662
8647,0.4349017914185612
8648,0.49220745405586636
8649,0.46659926202213914
8650,0.4926913606908057
8651,0.5246013929263507
8652,0.6437189936322764
8653,0.5544979256632024
8654,0.5562788009511567
8655,0.5300105218178967
8656,0.5052230454553649
8657,0.4998540009752973
8658,0.4994979389857538
8659,0.5010511895271584
8660,0.5047508398836921
8661,0.5415012460242025
8662,0.5807507758098408
8663,0.5450563147994015
8664,0.4900358399506115
8665,0.5434744959623262
8666,0.5447285358010435
8667,0.5461973576550125
8668,0.5176434682803295
8669,0.4827970104130827
8670,0.4820350011717932
8671,0.48427042430490314
8672,0.4855819432268873
8673,0.48879537280585805
8674,0.48814750324394657
8675,0.4943171315105558
8676,0.519156902165868
8677,0.5223436341743029
8678,0.5086463768085782
8679,0.5583363461154851
8680,0.5299157219415255
8681,0.5239988473495552
8682,0.4985281686698997
8683,0.5120697082914679
8684,0.5194269987243516
8685,0.5212453510274412
8686,0.5139449408931561
8687,0.4955561593527564
8688,0.46409910059289977
8689,0.4947076061161691
8690,0.46330773233829353
8691,0.45507032658558416
8692,0.47619238432742594
8693,0.48545315460246447
8694,0.49392909320567324
8695,0.49290320620926525
8696,0.4866460925251421
8697,0.49813585206258565
8698,0.5217098726550553
8699,0.5304109979035345
8700,0.5793353549753792
8701,0.5570300200927929
8702,0.5294367173907467
8703,0.4971880344105197
8704,0.48815479928195254
8705,0.48924725897386
8706,0.4769133145001989
8707,0.4351218901330276
8708,0.34954325206037473
8709,0.4170374140399902
8710,0.500986813208071
8711,0.5007180024588546
8712,0.6692518988465764
8713,0.5125757893232789
8714,0.5273293731724709
8715,0.5122044901614957
8716,0.4744058708816419
8717,0.44227530684708016
8718,0.4142651672198853
8719,0.4292531322998975
8720,0.4552377766295516
8721,0.4930584442377599
8722,0.491902762739029
8723,0.5253899908781273
8724,0.5654272080344709
8725,0.6002553228412109
8726,0.4724192842876336
8727,0.4266531623991583
8728,0.49406483905123544
8729,0.5086463768085782
8730,0.5086463768085782
8731,0.5086463768085782
8732,0.5086463768085782
8733,0.6240599919574887
8734,0.5421797219047163
8735,0.5086463768085782
8736,0.7141054193935641
8737,0.4820350041433778
8738,0.47847689135081617
8739,0.473818262748975
8740,0.46173327068631476
8741,0.44936897612892834
8742,0.4674534681119329
8743,0.47976428424544143
8744,0.4981358557303687
8745,0.4976229489299487
8746,0.5196698046872077
8747,0.5480389904499243
8748,0.5572476701879567
8749,0.6026717860485403
8750,0.5482312037473992
8751,0.4269051566267115
8752,0.4905618873359671
8753,0.5148367777978891
8754,0.5205404652918783
8755,0.5253899991541472
8756,0.5242343165519474
8757,0.5498392921996067
8758,0.603027600684066
8759,0.560161880607721
