,PM2.5_Stationary
1,0.0
2,-0.0008768084581580737
3,-0.03936107317626547
4,-0.1429604801089175
5,-0.1844290348696953
6,-0.17375079118060732
7,-0.4344969243976804
8,-0.05743204633641952
9,-0.0350913180519461
10,-0.010256499641205341
11,-0.036749540279197745
12,0.0
13,0.015915454461542744
14,0.07109591807175919
15,-0.05542980214546711
16,-0.21926505928298212
17,0.044171215525403706
18,0.34174927585331183
19,-0.5093646739932662
20,0.1737692633356307
21,0.11025647986539511
22,0.30132483456091963
23,0.3779908397606633
24,0.23477480372434778
25,0.13187804149672244
26,-0.06582635000846215
27,-0.13205971910221148
28,-0.07320340223625088
29,-0.07080282487473388
30,-0.070352489022385
31,0.08919557631661856
32,-0.30652515068804354
33,-0.24976282730974386
34,0.032039352278034006
35,0.10265414966544473
36,-0.03727139325354534
37,-0.05195973668035947
38,0.004434596871209173
39,0.026202371249684386
40,-0.008658062368301689
41,0.2556528200712771
42,0.0331156076877539
43,0.5993017108837
44,-0.2906680345959858
45,0.030626656857402956
46,0.14449198379937034
47,0.09567520809121621
48,-0.07579383793266903
49,-0.10798863581931073
50,-0.13353138949169052
51,-0.13675893344241397
52,-0.13189069911580953
53,-0.12188981335888505
54,-0.08096905941006183
55,-0.03681397161669242
56,-0.14792012343411054
57,-0.1287120995526978
58,-0.09201889342434333
59,0.09201889342434333
60,0.09431067452618658
61,-0.03562717582967956
62,-0.15070239212085035
63,-0.01823758644105178
64,0.05374427279653249
65,0.25066821181363474
66,0.1739913234339565
67,-0.05470113357522788
68,0.16612686472693694
69,0.185717140030075
70,0.18748709526546659
71,0.07878087607893214
72,0.010764366355413113
73,0.027456845653096362
74,-0.006269612882567888
75,-0.07169192689795478
76,-0.1504039501701615
77,-0.2283929004836276
78,-0.3009272876520943
79,0.043485110048485875
80,-0.18147084644642542
81,-0.3802748356731498
82,-0.3027199234330884
83,-0.1292117175475802
84,-0.08388147392323209
85,0.07232065285869727
86,-0.09763845763785906
87,0.06213177338380671
88,-0.03681396860464492
89,0.2527023256431362
90,0.30691340872086315
91,-0.366931412441712
92,0.152676825611751
93,-0.10241499588443004
94,-0.10318422557879536
95,-0.06744127321211568
96,-0.1105418608087656
97,-0.139112783079119
98,-0.077558222309285
99,0.01600033878627749
100,0.046520008419886905
101,0.0444517559832196
102,0.014388735381706486
103,0.2841042157736402
104,0.22099067663312555
105,-0.008658061993489508
106,0.11488026656128092
107,0.08894747941910275
108,0.192903653682039
109,0.028820436874141375
110,-0.011428695170540237
111,-0.05310982217915239
112,-0.08866563146655171
113,-0.05443520285011294
114,-0.08764730065294835
115,-0.1302651842172584
116,-0.0909717699241539
117,-0.03883982954445875
118,0.009852295472326578
119,0.038466277128203163
120,0.0
121,0.02790878552057352
122,0.036039933235653354
123,-0.036039933235653354
124,-0.02790878552057352
125,0.009389739468160574
126,0.02765152878165722
127,-0.046520011305888787
128,0.13353138071976156
129,0.05669533908336977
130,0.03861483314519809
131,-0.09531017222856786
132,-0.025317805847537844
133,0.025317805847537844
134,0.048790160201178434
135,0.03125254106210207
136,-0.015504185334041853
137,0.10379678597917907
138,0.10041874101878001
139,-0.012820687607199677
140,-0.1836126995543248
141,-0.1684645079087903
142,-0.046956978677044514
143,-0.04927104415052819
144,-0.09531016970331585
145,-0.03390154784426436
146,-0.023256859459737544
147,0.0
148,-0.06062461446349454
149,-0.02531780477916179
150,0.037740323234509265
151,0.3060311785722818
152,0.17471694283552353
153,-0.2212369541414123
154,0.0909717699241539
155,0.0341913618253713
156,0.07290676489947501
157,0.11081435814536045
158,0.11232917754385019
159,0.03077165677281446
160,0.06453851734969263
161,-0.028820436874141375
162,-0.05406721802141323
163,-0.13883643566062576
164,-0.161268135184776
165,-0.04255961079560766
166,0.08338160198252975
167,0.06952605727547656
168,-0.0226424750407479
169,-0.023167057492412102
170,0.0
171,0.015504185334041853
172,0.05244647144216685
173,0.0567528125652661
174,0.07312225996601018
175,0.23334770814730943
176,0.08277228225141364
177,-0.03325722017627575
178,-0.049515062075137894
179,0.05913052031229116
180,0.07820074370837293
181,0.08885333359373337
182,0.07034148660826434
183,0.058624841198863464
184,0.07537813359173517
185,0.05458818853110259
186,0.28611834269977665
187,-0.16003650793048863
188,0.08953344406304709
189,0.1363611350528653
190,0.1277454529218165
191,0.07631608645166921
192,0.022154206528155918
193,0.0
194,0.0
195,0.0
196,0.0
197,0.0
198,-0.009687437985057556
199,0.009687437985057556
200,0.0
201,-0.09268435602437153
202,-0.39875687995052056
203,-0.19558970025289568
204,-0.2127448358330688
205,-0.4563047599638126
206,-0.006825964604459944
207,-0.06362569138066165
208,-0.1663907215075655
209,-0.14841999132517136
210,0.26236424139057
211,0.27996000757433004
212,-0.07859026983967476
213,-0.12726177107543846
214,-0.021661495217049964
215,-0.0601685169397741
216,-0.10622220456779141
217,-0.10919928201804341
218,-0.10109610664223734
219,-0.08894747612040588
220,-0.07232065285869727
221,0.04879015821705179
222,0.24201201002892025
223,-0.0981178463236847
224,-0.2706458532568652
225,0.0397403233845095
226,0.1105418608087656
227,0.05651220387438283
228,0.0842603347377322
229,-0.01015237043330286
230,-0.07410796430442934
231,-0.1288328567330801
232,-0.012578780624581398
233,0.08489943348327866
234,0.0
235,0.5562879482303491
236,-0.12028615735319903
237,-0.07816476673649353
238,0.03984590537138688
239,0.0679506567762087
240,-0.014706146308322232
241,-0.06108768731375536
242,-0.04839653695737978
243,0.024491018008829357
244,0.0317486957944193
245,0.060624617220846666
246,0.14359090977711242
247,0.295612311826857
248,-0.17570839179842768
249,-0.20633642005055997
250,-0.013986240996649357
251,0.0746108587281169
252,-0.0065574001161623485
253,-0.11122562737028696
254,-0.06846779406671555
255,-0.08201314493090761
256,-0.0800427005510298
257,0.009216654255450596
258,0.08777560317288069
259,0.251314409606771
260,-0.019802625988990297
261,-0.020202705956975375
262,0.013513718253606477
263,-0.04110167286957633
264,-0.0724954967802538
265,-0.03831886136510665
266,-0.007843176845868882
267,0.03861483314519809
268,0.05167200672919181
269,0.04913268512834934
270,0.08529757491182677
271,0.3691750872881441
272,-0.2732933213350859
273,-0.20194133087639488
274,-0.11081435814536045
275,0.015504185334041853
276,0.10227884164178658
277,-0.02817087498256976
278,-0.05884049569392946
279,-0.046520012027389424
280,-0.032260859616088045
281,0.06351340067819011
282,0.2323319614211501
283,0.4760826522252972
284,-0.05849620439975389
285,-0.1375555370019419
286,-0.13287327483134392
287,-0.11712535069739438
288,-0.0994607873427591
289,-0.03322564542022999
290,-0.03436764114170554
291,0.0
292,0.05443520285011294
293,0.06412452405617497
294,0.1335313848605475
295,0.15570226268247955
296,-0.2830416776785123
297,-0.2277839150797285
298,-0.01562531668230349
299,0.13941952500273924
300,0.2581403777682092
301,0.25131441652311715
302,0.1972980036150327
303,0.09038405854868259
304,-0.012422519612754535
305,0.018576384997782025
306,0.0681745388141679
307,-0.01152750483885523
308,0.025752495365495065
309,0.03333641934140896
310,0.01894508572969622
311,-0.09263279943149527
312,-0.020803127011498113
313,-0.012084738849964971
314,0.07041030410139992
315,0.02517615418817165
316,0.08724155076749751
317,0.07789824643025067
318,0.08954524243434525
319,0.09783764099903847
320,-0.5812064052230443
321,-0.09080644465759002
322,0.015094625652854798
323,0.13633643877868673
324,0.11414534168833956
325,0.13097710924035466
326,0.1493896345069663
327,0.10447906784485861
328,0.054067220225998636
329,0.0
330,0.003752349548149514
331,-0.020814374501404664
332,-0.001913876145654747
333,0.04128165819856866
334,0.04756392159231826
335,0.0
336,-0.0008768084581580737
337,-0.04485056536058796
338,-0.007366515681098029
339,0.05309388949984406
340,0.0
341,0.0
342,0.0
343,0.0
344,0.0
345,-0.15210777531777842
346,-0.09408643707124664
347,-0.23668777043440103
348,-0.06151279841864499
349,-0.015220993546988915
350,-0.0061538653850274905
351,-0.015552412523719639
352,-0.018987911643772115
353,0.22505864281163168
354,0.11551288433891305
355,0.2597384371910345
356,0.0
357,0.0
358,0.0
359,0.0
360,-0.06237900710309541
361,-0.21339642863034047
362,-0.14114858111153916
363,-0.1006435229636673
364,-0.0668942327952542
365,-0.01265839647133049
366,0.003179652816277745
367,0.06155789110414789
368,-0.21201170389574298
369,-0.06872932952685806
370,0.019570095428095513
371,0.12036367785444657
372,0.0664696427978213
373,0.019108861089446982
374,-0.03531667079090273
375,-0.11045699174769918
376,-0.1200666583916088
377,0.2814900921074974
378,0.14165051296130438
379,0.2638145847948934
380,-0.18855210224852437
381,-0.20456716006642806
382,-0.09992202180342957
383,0.03660974439399478
384,0.06942850423982883
385,0.15762893975744552
386,0.2758941104209178
387,0.05759749067720721
388,0.06237900710309541
389,-0.04572737381874603
390,-0.012927234262722909
391,0.05865460808146894
392,0.0
393,-0.2597384371910345
394,-0.09781330768705931
395,0.06312775050130837
396,0.09424008662834504
397,0.07426091089828146
398,0.023576730100757004
399,0.007736982352499311
400,0.02849195525307513
401,0.045753633357400236
402,0.02036369578642727
403,0.0
404,0.0
405,-0.04756392159231826
406,-0.13563444015102277
407,-0.13262954078754818
408,-0.08265026900941841
409,0.007802380081260107
410,0.07964406107663446
411,0.14038583444758101
412,0.06440857376816478
413,-0.003906254890770455
414,-0.0900403306910027
415,0.008528836165666576
416,-0.2252689452622012
417,-0.23922968187779503
418,-0.027398973249676217
419,0.07361181487908874
420,0.09823843656511455
421,0.059592095510689
422,0.002751033296207961
423,-0.06527138850023828
424,-0.10829737197691047
425,-0.05370417716884113
426,0.25704509517379925
427,0.05952597777298818
428,0.01990115382220914
429,-0.17447067762324497
430,-0.15512867009417297
431,-0.09702397279278596
432,-0.11166968039284741
433,-0.07898840785062289
434,-0.023095713727777856
435,0.0
436,0.036701365166501354
437,0.031044620305037185
438,0.017316449261793654
439,0.22228480505159887
440,0.01365208870237078
441,-0.017094432774846346
442,-0.024434024484351724
443,0.1291046436213823
444,0.19415600896050478
445,0.10433697158106581
446,-0.016260520494050912
447,-0.002344666904279702
448,0.036870534958584056
449,0.10105260522263704
450,0.15415067690584427
451,-0.3932698265688037
452,-0.06992094391837833
453,-0.06621122661832324
454,0.01477131688392097
455,0.07075085411474102
456,-0.0475614098680488
457,0.03657228859435824
458,0.05899833917931341
459,0.0581706313832262
460,0.04562615973092887
461,0.0636578503242311
462,-0.029052321945196802
463,-0.06317890014267924
464,-0.13146313616684369
465,-0.23841101602817272
466,-0.04286370290046726
467,0.17376926915713398
468,0.062427396723748974
469,0.025605950176614822
470,0.033152206400925976
471,0.09333193737078149
472,-0.053379887423318895
473,-0.015789801317096952
474,0.23106961111406354
475,-0.08796877101008338
476,0.013698844045393344
477,-0.016000340980703687
478,-0.004618945749620629
479,0.01150760658662664
480,-0.037300360543534694
481,0.055441447202799754
482,0.06313303815397253
483,0.05139877299947582
484,0.03156080428961339
485,-0.08930880483337189
486,-0.050064860511426446
487,-0.22705744494557045
488,-0.06959328978036972
489,-0.11778303190262962
490,-0.11820541790726624
491,0.059057747463081345
492,0.10858112666991593
493,0.14631111489435833
494,0.11778303256996381
495,0.07145896227929249
496,-0.08388148196920753
497,-0.03045920671151281
498,0.03045920671151281
499,0.04401688434021889
500,-0.07190208712281398
501,-0.1346337223034153
502,-0.042048234980417654
503,0.02424361087526572
504,0.05815591846554202
505,0.07612369340222402
506,0.09721222265076479
507,0.07546436263242917
508,0.05777007082800223
509,0.06050231887739432
510,0.07536521752855885
511,0.034778359528878866
512,-0.09653792526611182
513,-0.33917859042370413
514,-0.05859416263069184
515,-0.05008410292156329
516,-0.11514301535041849
517,-0.12245494460125528
518,-0.13517477282277968
519,-0.08223809447757402
520,-0.11599890800599422
521,-0.027101928308672196
522,0.24703175446230574
523,0.45975817465664326
524,0.03984590748859551
525,-0.03984590748859551
526,0.07816477081172213
527,0.10008345617006276
528,0.17625633362653392
529,0.08121195508149714
530,0.0
531,0.0
532,0.0
533,0.0
534,0.0
535,0.0
536,0.0
537,-0.06237900710309541
538,-0.03609128587672972
539,-0.007767029186842134
540,-0.1512309665413638
541,-0.12803953272611368
542,-0.17104516391817626
543,-0.2725072648529432
544,-0.1655947557559192
545,-0.1261114533927894
546,0.1308395943651819
547,0.23440069598246627
548,0.1710643964024281
549,0.06983109238231222
550,0.056995479424682305
551,0.07470138329167497
552,0.045233840687232796
553,-0.055569849750809475
554,-0.08394641887944854
555,-0.03741443477333206
556,-0.01775194493321708
557,0.05516637970654914
558,0.13459015041553535
559,0.1552083178356849
560,-0.41289218714454723
561,-0.2908820643962913
562,-0.1372011152289203
563,0.004889985055072099
564,0.024097550417620184
565,0.0
566,-0.1376213708502867
567,-0.06199167253324234
568,-0.07859026983967476
569,-0.0450236784775635
570,0.0
571,0.2593231928636608
572,0.2139644867773991
573,-0.14531008540737744
574,-0.0995847004667807
575,-0.03191760127027221
576,0.0
577,0.016086136889059688
578,0.08656801189745789
579,-0.00980399961602485
580,0.02433209947536996
581,0.03774032620222023
582,-0.1230049735778107
583,0.22419011336986427
584,-0.158343550908691
585,-0.23052364590304553
586,-0.1676153981399544
587,0.08396537423872807
588,0.16653767879678094
589,0.08701137225478162
590,0.04082199243692175
591,0.0
592,0.07232065809125432
593,0.17062550973482216
594,0.17904822502018458
595,0.15180600825013313
596,0.060127396328779614
597,-0.11811465229739682
598,0.06919185466761935
599,0.1352708224837027
600,0.05675281525005493
601,-0.06653284406456983
602,0.007343974075977755
603,-0.06812216879829114
604,-0.09296306443458446
605,-0.1314868162236027
606,-0.08879549574858414
607,-0.06263556868295739
608,-0.0956904764280635
609,-0.06036314712365032
610,0.07696103784394737
611,0.1345596651690486
612,0.03880557305264798
613,0.05060101158645036
614,-0.040273897786101465
615,-0.06362569363043669
616,-0.040974072683842344
617,0.2508918548682395
618,0.32113973051605615
619,0.014909754048708646
620,0.1453534110699346
621,0.04206436612709741
622,-0.03841472710614724
623,-0.10152251283824887
624,-0.07752571503918038
625,-0.0021810258987913222
626,0.06139493766822479
627,0.09025729931109971
628,0.0679917439030433
629,0.0
630,0.0
631,0.0
632,0.0
633,-0.05494402875377524
634,-0.11778303334156881
635,-0.07796153978052267
636,-0.06034312850654633
637,-0.049029426038135426
638,-0.1342495218999593
639,0.0422003533029538
640,-0.008298802585126719
641,-0.12091292509512641
642,-0.1742041163085175
643,-0.23440069598246627
644,-0.09389608112346703
645,0.0
646,0.19263091737438742
647,-0.0042826616085887
648,0.08235103176905678
649,0.046340335468859184
650,-0.07439828713930208
651,-0.12543417695936077
652,-0.14345538360197052
653,-0.07165598495506753
654,0.022599830640305463
655,0.016620880315173725
656,-0.1164103450610714
657,-0.3254223766929396
658,-0.1372011089443559
659,0.19530873492671308
660,0.1769306950814853
661,0.0590335277108931
662,0.0677181698844933
663,0.10178268854957429
664,0.07257068907139441
665,0.17814617722447856
666,0.15474822389114484
667,0.2822912150016381
668,-0.024625046631585157
669,-0.05993233901174033
670,-0.24169695116853918
671,-0.27404266755056206
672,-0.17154241332067954
673,0.011628037319054929
674,0.0724550751753954
675,0.05745705202276774
676,0.054334348278831435
677,-0.00481928620369354
678,0.04717855804886106
679,0.24772375003845193
680,-0.21152070301299597
681,-0.17435337867916978
682,0.015748356141419784
683,0.1406673226555073
684,0.16251892271044444
685,0.10574505323744221
686,-0.003466207856340109
687,-0.16579224858135966
688,-0.11267315761616015
689,0.013667638105973268
690,0.3351785624935837
691,0.1638125858490631
692,0.05608946515254232
693,-0.028987536109310597
694,0.010638397922114073
695,0.0312525426901038
696,0.054876608856653686
697,0.031065818832457293
698,-0.11719497037921478
699,-0.1603426454743051
700,-0.1397619377167736
701,-0.11332868102128923
702,-0.03666398287781547
703,-0.02947581689168688
704,0.0042643986046062565
705,0.03347592779546149
706,0.22725032490148545
707,0.19589028016731636
708,-0.07265764354474635
709,-0.0597192329178986
710,0.03922071196984911
711,0.020498520948049492
712,0.03138631292505112
713,0.05996346313269596
714,0.13353138931764486
715,0.26485403450942124
716,0.01323354092893414
717,0.0
718,0.0
719,0.0
720,0.0
721,0.0
722,0.0
723,0.0
724,0.0
725,0.0
726,0.0
727,0.0
728,0.0
729,0.0
730,0.0
731,0.0
732,0.0
733,-0.06986967869197702
734,-0.11754809850505499
735,0.05751071141136288
736,-0.042819996309674924
737,-0.0915671915277736
738,-0.09075436109951429
739,-0.14792012609111538
740,-0.24883302924030692
741,-0.14367292029240497
742,-0.030503452964081745
743,0.060103921488584344
744,0.09531017601644631
745,0.10080469548975302
746,0.1373767251609559
747,0.10744788477765432
748,0.06235785942264016
749,0.06815288657772145
750,0.08347572027293193
751,0.21094827410385353
752,-0.41692401684497504
753,-0.21585633147296956
754,0.11226729836630556
755,0.0656441025711052
756,0.13422175852982354
757,0.03791923396351837
758,0.025259666179160867
759,0.0022650065795497554
760,-0.0022650065795497554
761,-0.1621188454855056
762,-0.029772157527809373
763,0.44935929172134603
764,0.0
765,-0.07175114675628347
766,-0.1262937227891623
767,-0.03478611532904319
768,-0.042944450858946936
769,-0.06438456686490346
770,-0.058318168941968285
771,-0.09010183223541857
772,-0.11492996319412363
773,-0.10464851493982996
774,-0.07767303544386861
775,0.3635741546754341
776,-0.352101753951922
777,-0.2540340273367545
778,-0.1363364363919639
779,-0.18457126514017874
780,-0.11441034298773678
781,0.015037876233830794
782,-0.007490671168053353
783,-0.11122562626458166
784,-0.0341913618253713
785,-0.05358424134750939
786,0.062242303340998895
787,0.18805221672461547
788,-0.10536050772131889
789,-0.040491358075188444
790,-0.042200350928108143
791,-0.04405998591083726
792,-0.018182317430161632
793,0.018182317430161632
794,0.05264372886541757
795,0.10536050711081835
796,0.14974537566143153
797,0.1701059586665874
798,0.15972171662984014
799,-0.637577286934095
800,0.0
801,-0.0944096755512649
802,0.03883982954445875
803,0.018868482524231567
804,0.018519046052412946
805,0.0
806,0.0
807,-0.05661888865524878
808,-0.08085208845331682
809,0.09051399843152108
810,0.24595820811450686
811,-0.015151803872694547
812,-0.007662872158370249
813,-0.09684981816723237
814,-0.07933673523916518
815,-0.07622735812110326
816,-0.050772320216657896
817,0.06062461568898447
818,0.1372011089443559
819,0.14310083224466297
820,0.16362941260081065
821,0.14603154684349873
822,0.09827021634606004
823,-0.06093254790022051
824,-0.03191760127027221
825,-0.24362206774628836
826,-0.1564521651358941
827,-0.0666913689369375
828,-0.03509131673245269
829,-0.04567003266095915
830,-0.057708312068690315
831,-0.0301530351397723
832,-0.04167269205840629
833,0.021053406981520695
834,0.13613216106700543
835,0.7021969702158208
836,-0.07480120958405445
837,-0.039609136133684775
838,-0.051825065178147334
839,-0.07738665933564537
840,-0.09015109157248036
841,-0.0450236784775635
842,-0.03344793182980332
843,-0.006825964604459944
844,0.053345977147207346
845,0.09294610674597736
846,0.11184829387502448
847,0.04652001322989063
848,-0.07878087371335596
849,-0.16606102605085482
850,-0.1161714238144036
851,-0.05971923024231396
852,-0.047252881128461155
853,-0.0666913689369375
854,-0.02620237010534554
855,0.008810628905878026
856,0.017391741199467514
857,0.15168457519924328
858,0.3150810266198767
859,-0.02185879261793433
860,-0.06269859064065342
861,-0.05439406877752706
862,-0.006230549362437721
863,0.006230549362437721
864,0.0
865,0.006191969864514757
866,0.0
867,-0.03135052791820403
868,-0.0389659660024857
869,-0.0200675617084074
870,0.0
871,0.3734257333076094
872,-0.1666313326174409
873,-0.09201889342434333
874,-0.043083583484194055
875,0.018692131847465987
876,0.07718963410559221
877,0.016997575405489407
878,-0.016997575405489407
879,-0.05279818246886414
880,-0.04939275227940154
881,-0.025642428969411935
882,0.1391971217223107
883,0.5175823834017299
884,-0.16827919350031184
885,-0.22214802116210208
886,-0.1734061837156493
887,-0.1259524010351183
888,-0.12114437471560757
889,-0.06252035209374851
890,-0.049596937038771216
891,-0.025752493891655792
892,0.0
893,0.0341913618253713
894,0.05715840917141479
895,0.11247797498359757
896,-0.11247797498359757
897,-0.08269170900329659
898,0.03390154880211815
899,0.05669533908336977
900,0.13941952500273924
901,0.08529757491182677
902,0.06099450898135794
903,-0.005934735167602678
904,-0.03636764196628928
905,-0.025001300642673474
906,-0.025642428969411935
907,0.20479440062100185
908,-0.10008345298750321
909,-0.04791335282573694
910,-0.06331227540454343
911,-0.08167802545175862
912,-0.12044614399785392
913,-0.06613979703445994
914,-0.008583742954580309
915,0.03390154880211815
916,0.08770557342165075
917,0.12874897352252468
918,0.16653767879678094
919,0.2891015048410175
920,-0.4226328893486575
921,-0.12429770808323104
922,-0.007380106752960192
923,0.036367641525372196
924,0.06899286672504701
925,0.09531017374371942
926,0.05310982217915239
927,0.06669137079084919
928,-0.02724964096219784
929,-0.08650923791693765
930,0.03550668635548071
931,0.1306201752979379
932,-0.12482305794967852
933,-0.1974645242774522
934,-0.19365310775595557
935,-0.15700373427975167
936,-0.11653380389640189
937,-0.057819564200758844
938,-0.03636763976170432
939,0.012270091086243884
940,0.047628043317105906
941,0.05651220387438283
942,0.0842603347377322
943,-0.01015237043330286
944,0.0301530351397723
945,-0.0301530351397723
946,0.0
947,0.04976150460562678
948,0.009661909978204264
949,0.03774032442159392
950,0.04525658749110395
951,0.03478611305992585
952,-0.008583742954580309
953,0.03390154880211815
954,0.14698217895775967
955,0.5079437487387009
956,-0.11454153647856691
957,-0.14049035562659418
958,-0.11848159659336366
959,-0.11307713708951805
960,-0.11163996282504796
961,-0.07350245598732164
962,-0.05218574863061898
963,-0.04567003266095915
964,-0.028437932624631568
965,0.0
966,0.06513929610720615
967,-0.027398971685612228
968,-0.03774032442159392
969,-0.08004269966071664
970,-0.021053406981520695
971,0.010582108210716257
972,0.061243618987462334
973,0.06701070386565267
974,0.06280089560295998
975,0.0341913618253713
976,-0.016949556877301486
977,-0.03478611305992585
978,0.051735669937227335
979,0.4248831648767095
980,-0.14141164570374487
981,-0.09278172729766121
982,-0.049832370199619724
983,-0.022141124243048704
984,-0.03030534719911815
985,0.007662872158370249
986,0.0226424750407479
987,0.014815084687686664
988,0.014598798355509146
989,0.021506203679181546
990,0.08167802545175862
991,0.34020008788737943
992,-0.18885446816743068
993,-0.08803334431540533
994,-0.031155165838349763
995,0.06136894260896275
996,0.1643030422725178
997,0.09163031842382319
998,0.004597709037239994
999,-0.032636927791217296
1000,-0.053540764321394985
1001,-0.04604393614538571
1002,0.06584656246117326
1003,0.14994014046540016
1004,-0.24231345585258213
1005,-0.1695008584340676
1006,-0.12899211142160327
1007,-0.05205635808394371
1008,0.007604598806917107
1009,0.05167200672919181
1010,0.04913268512834934
1011,0.02702867056143532
1012,0.026317306585772027
1013,0.06291382145111424
1014,0.10961971868642229
1015,0.17500890117441914
1016,-0.303090681564385
1017,-0.11855972690628791
1018,-0.04286370136915174
1019,0.09729890421926468
1020,0.12438371194210296
1021,0.005830919970795545
1022,-0.0235304960259195
1023,-0.048790161193241754
1024,-0.012578781415720997
1025,0.006309168795207487
1026,0.07275934986887922
1027,0.552068557490542
1028,-0.25131441866089643
1029,-0.21130908348131516
1030,-0.1251631358238816
1031,-0.07550754775472912
1032,-0.05370417536582117
1033,0.0068728788153955556
1034,0.013605651130195628
1035,0.03322564542022999
1036,0.01941808460018901
1037,0.01904819376121214
1038,0.06099450898135794
1039,0.25917300138393085
1040,-0.15262975945716306
1041,-0.08894748106845096
1042,-0.041549000446346795
1043,-0.04969966546406601
1044,0.03750439311388032
1045,-0.018576384422628767
1046,-0.03174869629845123
1047,-0.04621284010369342
1048,-0.05556984729380732
1049,-0.028987534772412005
1050,-0.007380106752960192
1051,0.1251631342394095
1052,-0.05370417536582117
1053,0.0136988434198555
1054,0.0465200125427474
1055,0.05064372961208541
1056,0.024391451636728068
1057,0.029675766384685165
1058,0.04572224672448444
1059,0.05436120626301877
1060,0.07637297489412909
1061,0.1112256299502663
1062,0.157903023039343
1063,-0.18457126893610853
1064,-0.3400823305992198
1065,-0.13534133869713383
1066,-0.021978905108469338
1067,0.06453851650794196
1068,0.0990908960928687
1069,0.08438738718793415
1070,0.06164415965556458
1071,0.032088312835253596
1072,-0.005277056822369897
1073,-0.02139118883731639
1074,0.042334361585978364
1075,0.0844173376181594
1076,-0.2782033132232038
1077,-0.24059044781101369
1078,-0.18392282200708365
1079,-0.05942341458383105
1080,-0.031090583847690034
1081,0.05129328912439313
1082,0.09531017071341674
1083,0.14370670849724254
1084,0.11865753499122933
1085,0.11232917754385019
1086,0.17185024705823881
1087,-0.06524051832020472
1088,-0.2473096013987237
1089,-0.04412480166341437
1090,0.05841075789043071
1091,0.041672693505792946
1092,0.013513718253606477
1093,-0.02033968285806642
1094,-0.0068728788153955556
1095,-0.06407885212062814
1096,0.0073260395553620405
1097,0.014493006252312313
1098,0.22458135161265647
1099,0.20692070506503057
1100,-0.0046838490930412036
1101,-0.13018354232726015
1102,-0.08361413537753482
1103,0.0
1104,0.07825219252365478
1105,0.06252035372294351
1106,0.08237099343970522
1107,0.16275145361392163
1108,0.15358586198491286
1109,0.13013579948698428
1110,-0.21130908666440584
1111,0.03964482991822349
1112,-0.13605855586511995
1113,-0.2060834193034875
1114,-0.0775582303336777
1115,0.010695288544796178
1116,0.04167269422948694
1117,0.010152370948660394
1118,-0.11778302934325247
1119,-0.1015797867430206
1120,0.01250016198295123
1121,0.08338160397010697
1122,0.3323822352104382
1123,-0.04184710818406456
1124,-0.034786114572670446
1125,-0.004434596871209173
1126,0.12907703689319838
1127,0.096729622857044
1128,0.02451961631540156
1129,0.1050144315681556
1130,0.12020308516741673
1131,0.09480779095998537
1132,-0.035809451780671964
1133,-0.018397364656184134
1134,0.02359218139835706
1135,-0.3139302889724602
1136,-0.2482795145922001
1137,-0.28163974320940044
1138,-0.07503518124881348
1139,0.09884582852509771
1140,0.057158410571974905
1141,-0.005571044739089537
1142,-0.09978946474589767
1143,-0.07031649392068973
1144,-0.05443520285011294
1145,0.05443520285011294
1146,0.21382876729043332
1147,0.38566246369968615
1148,0.028675798948718967
1149,0.0035273403935467407
1150,0.08759805636478335
1151,0.03486882454540696
1152,0.0093023923738631
1153,0.042302378412290675
1154,0.02339287889064101
1155,-0.035297781042638476
1156,-0.02118082143852673
1157,0.012158204110249926
1158,-0.06232546125496796
1159,-0.3281468478356788
1160,-0.21314900998345276
1161,-0.06859831241977377
1162,-0.030032285294863126
1163,0.0
1164,0.06491954226656338
1165,0.05556984806600784
1166,0.010752791198143541
1167,-0.038151763884756384
1168,-0.0224728545894326
1169,-0.017192399555086446
1170,0.3147685310279775
1171,0.671824390448756
1172,0.025533301461844182
1173,-0.11568439642296013
1174,-0.10956219978064263
1175,-0.07370319377431223
1176,-0.06133308622493816
1177,-0.015174797558677344
1178,0.04192230513073669
1179,0.0542215526189036
1180,0.06193095606237309
1181,0.08265026900941841
1182,0.11991750546851598
1183,-0.3606425882899478
1184,-0.19153820544288136
1185,-0.0769610381731658
1186,0.03922071161481977
1187,0.1022788453811021
1188,0.06388726530231903
1189,-0.013114941647817346
1190,0.4325964405695042
1191,-0.07790366768991497
1192,-0.32222238890322386
1193,-0.3480404757224136
1194,-0.10485787179087369
1195,0.2557712488299777
1196,0.0
1197,0.0038834998755818972
1198,0.18361270605594937
1199,0.1550719097128237
1200,0.09731720250244003
1201,0.08177630914465794
1202,0.04955968983179426
1203,-0.008830079253344891
1204,0.017582870171410026
1205,-0.16804486645056826
1206,0.0354467480981735
1207,-0.056280834458422024
1208,-0.1687301247535573
1209,-0.1510402523336296
1210,0.07333127052369903
1211,0.05566084528265414
1212,0.05874950225508657
1213,-0.02739897335394703
1214,-0.028170876084861796
1215,-0.01923136131145986
1216,0.02556049616281708
1217,-0.01589858556225776
1218,-0.08004270500259647
1219,0.020619286494119038
1220,-0.13450367754656156
1221,-0.019646996611762724
1222,0.011834457180149638
1223,0.038466279347958654
1224,0.08323065113609696
1225,0.13309726630234087
1226,0.012084738849964971
1227,0.05548868399671436
1228,0.07916819736623193
1229,0.043652629036645685
1230,0.04423325388965926
1231,0.1156439947824488
1232,-0.21143505700755982
1233,-0.11778303234950505
1234,0.008888947153866233
1235,-0.054558982596311534
1236,-0.16196932246766726
1237,-0.10008345470118973
1238,-0.02874941210514903
1239,-0.07346714870549009
1240,-0.0411957545523447
1241,0.050124384898041274
1242,0.1368591770324432
1243,0.25217537535566326
1244,-0.16322789263786408
1245,-0.1045728000104913
1246,-0.019881369763265155
1247,0.011976190568612655
1248,0.031252542283103146
1249,0.07410796940646946
1250,0.05218575135458936
1251,0.030052344062833747
1252,0.054413419981705236
1253,0.0864920287722244
1254,0.15578199743779164
1255,-0.05787778512111297
1256,-0.16893998333001248
1257,-0.17376926915713398
1258,-0.05244647340735442
1259,0.05608946455314179
1260,-0.04461706382962971
1261,-0.05470113357522788
1262,-0.02439145213253857
1263,-0.04202298800865645
1264,-0.03493804983529092
1265,0.03493804983529092
1266,0.02123221920412588
1267,0.2739325068007541
1268,-0.13307507960461473
1269,-0.1663907281146626
1270,-0.09487923390032682
1271,-0.004750602532915149
1272,0.08661446888584567
1273,0.1938991024394987
1274,0.11538207019890434
1275,-0.0226914104664675
1276,0.08180659619424624
1277,0.08952583386153723
1278,0.13180337772402773
1279,-0.04963797985955409
1280,-0.30738291460004596
1281,-0.20684116601715807
1282,0.0
1283,0.07380397155586182
1284,-0.015936591627861763
1285,-0.04098934285283562
1286,-0.008403410443290849
1287,-0.004228335930732463
1288,0.03742640396256203
1289,-0.04167269466370316
1290,-0.012848141927592316
1291,0.2196893079447504
1292,-0.16925845643769977
1293,-0.14531008540737744
1294,-0.07885857102363358
1295,-0.04189093951527578
1296,0.010638397639172847
1297,0.10058723184200602
1298,0.07820074370837293
1299,0.060103921488584344
1300,0.0723206586726497
1301,0.09248730929761928
1302,0.12287409406484562
1303,0.0155041860551961
1304,-0.3993301044383202
1305,-0.037387530324132445
1306,0.1376893966479149
1307,0.08735709521614732
1308,-0.03481976381196272
1309,0.003929277985497137
1310,-0.015810605401691102
1311,-0.00800004234707119
1312,-0.04518222093706914
1313,-0.0561702690394168
1314,-0.050124384898041274
1315,0.09785578564766828
1316,-0.22208477942879679
1317,-0.16657319023586892
1318,-0.03174869629845123
1319,0.06856266716213177
1320,0.15070239212085035
1321,0.22624752676064386
1322,0.15650916549992644
1323,0.04152845725919807
1324,0.08134563680564755
1325,0.02469261182817606
1326,0.21333954536032662
1327,-0.654495003362844
1328,-0.1644723191627553
1329,-0.1701059586665874
1330,-0.0200675617084074
1331,0.09038405562909713
1332,0.15942772783128634
1333,0.16907632185679988
1334,0.11332868054509859
1335,0.061557890630326906
1336,0.02578411620591803
1337,0.021583570890726822
1338,0.3018165741152865
1339,0.10956219978064263
1340,-0.1201443088312244
1341,-0.14884562332911244
1342,-0.021841741233504575
1343,0.07882867089743684
1344,-0.005847969711429091
1345,-0.008836581540212496
1346,0.011764841233553813
1347,0.023122416752516806
1348,0.05014978228795597
1349,0.047754430028722705
1350,-0.03963530580995345
1351,-0.2292266993234886
1352,-0.240237975468367
1353,-0.3407918802631178
1354,-0.11551287970069479
1355,0.0465200125427474
1356,0.11054186760429419
1357,0.1407725462465983
1358,0.044451760374962124
1359,-0.044451760374962124
1360,-0.07878087371335596
1361,0.032260860483465326
1362,0.1875986048443954
1363,-0.07275935097226638
1364,0.4241572248147034
1365,0.10257886968690544
1366,-0.23083320098706261
1367,-0.27259181573296143
1368,-0.12240197551229404
1369,-0.05348868208926483
1370,-0.050715089720603235
1371,-0.023392878206576206
1372,-0.017910925497163888
1373,-0.030583421501242825
1374,0.006191969864514757
1375,-0.006191969864514757
1376,-0.05752384046051473
1377,-0.2280899583943823
1378,-0.10444265426910704
1379,0.08777560317288069
1380,0.2315117836177807
1381,0.25205487995543585
1382,0.14895585577954007
1383,-0.09844006819502571
1384,-0.08745930082622921
1385,0.03174869663447266
1386,0.3184537169139898
1387,0.3562960729481057
1388,0.14079934316866982
1389,0.009174376065617107
1390,-0.13418391791718998
1391,-0.2050317954295422
1392,-0.18617511955118848
1393,-0.08876791698035236
1394,-0.01273902523647985
1395,-0.0042826616085887
1396,-0.043866680180987494
1397,-0.08416178838427202
1398,-0.11352382043266651
1399,0.11839000984704073
1400,-0.25897195221995783
1401,-0.20136973773465527
1402,-0.06351340067819011
1403,0.13045287837266928
1404,0.2473096013987237
1405,0.22089382044546468
1406,0.12277555205509705
1407,0.0313751213371547
1408,-0.03536714244732986
1409,-0.024292691585437787
1410,0.1304528833850518
1411,0.20132449736011182
1412,-0.02682724143342874
1413,-0.015220993546988915
1414,0.015220993546988915
1415,-0.03379737854477094
1416,-0.05458818853110259
1417,0.02283949122458706
1418,0.07456869317956327
1419,0.04393092793890219
1420,0.03657228859435824
1421,-0.04520543549062195
1422,-0.06569525730293169
1423,-0.5933576849498512
1424,-0.1901735203749948
1425,-0.07723134251085728
1426,-0.022141124243048704
1427,0.0925927802281703
1428,0.10943383399386164
1429,0.15240699160284343
1430,0.07073654751624536
1431,0.05226842606156534
1432,0.013793321498139832
1433,-0.004576666817952546
1434,0.09196848511186628
1435,-0.08739181829391374
1436,-0.20728816900674119
1437,-0.1128793413585476
1438,-0.0450236784775635
1439,-0.013245225872827948
1440,-0.006688987703368898
1441,0.052299495983022304
1442,0.08541774593961726
1443,0.10008345298750321
1444,0.15641567879692708
1445,0.12329821109562467
1446,0.12398597511668052
1447,-0.3879515088678125
1448,-0.10420377180986806
1449,-0.1493452792416945
1450,-0.06947236798641576
1451,0.042259806312953785
1452,0.09217045372722232
1453,0.1240526413324532
1454,0.08515780380515947
1455,0.020202706297111295
1456,-0.05129329175597164
1457,-0.04301738277021494
1458,0.19415600474477213
1459,0.07830084700589302
1460,-0.1389254659942738
1461,-0.08004270366712651
1462,0.015504185734683151
1463,-0.015504185734683151
1464,0.0
1465,0.07522341746343297
1466,0.07892725492334929
1467,0.06481749727461805
1468,0.03292478334129223
1469,0.035789106428255835
1470,0.05324451249334938
1471,-0.33056378542569265
1472,-0.45567377393649133
1473,-0.11170397997172454
1474,0.05310982061175462
1475,0.1216071222237689
1476,0.18104846950554698
1477,0.22695791045683533
1478,0.19743518550924843
1479,0.12147989277141225
1480,0.011009285104350397
1481,-0.014706146849008395
1482,0.07833184047944508
1483,0.16679060950200997
1484,-0.2790240003799975
1485,-0.23664422830359966
1486,-0.06518597661491343
1487,0.015424469532568263
1488,0.07847161159089877
1489,0.13235144563717682
1490,0.11686433558170295
1491,0.08455738504714105
1492,0.04298182115236093
1493,-0.10212949159654583
1494,0.045542018851197685
1495,-0.388486755315272
1496,-0.08976999468514135
1497,-0.11709265941818048
1498,-0.05096644034435238
1499,0.02580788229066311
1500,0.08541774593961726
1501,0.1053605098098731
1502,0.0905140029861764
1503,0.060624618988380785
1504,0.0
1505,-0.04157642492479807
1506,0.17284280535213936
1507,0.07268973058610717
1508,-0.20395611101344846
1509,-0.046304565897190564
1510,0.0905595729424058
1511,0.12973631638874128
1512,0.09080644465759002
1513,0.017212128288591977
1514,-0.034725710167833324
1515,-0.025046031029892557
1516,-0.10697211546147134
1517,0.03953083719374462
1518,0.015384918247728141
1519,0.22466909694291282
1520,-0.15110653247284178
1521,-0.19948935258726985
1522,-0.11940772589294113
1523,-0.03980624841948632
1524,0.08277228225141364
1525,0.10208412157840074
1526,0.10409388687135435
1527,0.04461706382962971
1528,-0.010969030969504523
1529,-0.007380107025291238
1530,0.16676913809739524
1531,-0.22392754975869478
1532,-0.09452616960435467
1533,-0.04405998785243348
1534,0.01342301973153992
1535,0.07283732083013605
1536,0.13146313447003388
1537,0.13850090347398814
1538,0.10472939858416597
1539,0.06329484862988943
1540,0.007968169437536421
1541,0.005277056961606963
1542,0.020834086360248527
1543,-0.37375666954303677
1544,-0.18457126893610853
1545,-0.11441034571773923
1546,-0.015267471353787698
1547,0.06453851793244336
1548,0.06513929913908356
1549,0.031044620305037185
1550,0.021599110870382354
1551,-0.0042826616085887
1552,-0.012959144082699048
1553,0.021506204295894005
1554,0.03347592779546149
1555,-0.02922963709432036
1556,-0.0656691006318697
1557,-0.0751527188477259
1558,-0.03474294671931055
1559,-0.010152370948660394
1560,-0.015424469532568263
1561,0.01030936912744096
1562,0.0253178067022386
1563,0.058268905293787476
1564,0.10724552555666778
1565,0.12341684845494161
1566,0.14609261340677238
1567,0.19358474337687248
1568,-0.17435338206541262
1569,-0.11778303168812965
1570,-0.05505977516146432
1571,0.07275935163429859
1572,0.031090585995917408
1573,-0.059562259063865586
1574,-0.010889399404001132
1575,-0.025879447030987546
1576,-0.026567026376366876
1577,-0.13133599666297613
1578,-0.07275935097226638
1579,-0.26898992488104545
1580,-0.11086258557468831
1581,-0.1325466461873437
1582,-0.04016603849827938
1583,0.0
1584,-0.0082304984591004
1585,0.06402185363968327
1586,0.12379420832043575
1587,0.158056924780706
1588,0.1053605098098731
1589,0.0905140029861764
1590,0.13052205555098295
1591,0.13774191973147953
1592,-0.45251045075945706
1593,-0.09704578325867219
1594,0.0557419795549321
1595,0.1610117612482913
1596,0.1607224373765641
1597,0.0593394372704501
1598,0.048202099881300864
1599,-0.015810605401691102
1600,-0.04898938519990681
1601,-0.11048753202169159
1602,-0.10848063763970872
1603,0.010362786498605114
1604,-0.2572228498467988
1605,-0.24846134049508217
1606,-0.043675059687033
1607,0.03509131673245269
1608,0.03390154880211815
1609,0.07232065576567326
1610,0.07466152319208641
1611,0.055958649732809285
1612,0.052992526629429104
1613,0.09237331443841601
1614,0.14231621437713438
1615,0.12004803651569684
1616,-0.4145560565651363
1617,-0.09325748679176371
1618,0.05841075789043071
1619,0.15110652749965459
1620,0.2084012581063477
1621,0.16819584686636002
1622,0.0956904764280635
1623,0.015094625652854798
1624,-0.04207121231137023
1625,-0.07711730021283891
1626,-0.047525139809150296
1627,-0.15267683291035405
1628,-0.14986433831272583
1629,-0.14126006091090382
1630,-0.06407885212062814
1631,-0.007380106752960192
1632,0.014706146308322232
1633,0.0567528125652661
1634,0.07951205765648428
1635,0.1028094876432184
1636,0.12414842281361693
1637,0.13289666714945492
1638,0.15605362355171382
1639,0.02626792583483395
1640,-0.28030195317158846
1641,-0.11411330084197413
1642,0.05348868208926483
1643,0.20209013258623587
1644,0.20684116601715807
1645,0.13870827632246252
1646,0.06416194234539141
1647,-0.0056657373751738405
1648,-0.04058527893837072
1649,-0.05472489802504521
1650,-0.10536051218560427
1651,0.1239368971833863
1652,-0.17742558022655786
1653,-0.19337138516613228
1654,-0.11279548883854496
1655,-0.08294907867794121
1656,-0.05556984806600784
1657,-0.011494378765124047
1658,0.011494378765124047
1659,0.03371105544807351
1660,0.048527038277620616
1661,0.05628083301825493
1662,0.08576681766828154
1663,0.03146326804147259
1664,-0.05924283086229165
1665,0.009345861981508552
1666,0.0889474820580598
1667,0.15354258618707028
1668,0.1583130113982434
1669,0.10629465550817985
1670,0.10871622061922226
1671,0.07965608289553838
1672,-0.014018920851775363
1673,-0.19701724159810663
1674,-0.16809656061759748
1675,-0.11863084830908921
1676,-0.17471695012212907
1677,-0.1309373510885501
1678,-0.010416760315706153
1679,0.005221943708463961
1680,-0.021053408089676484
1681,-0.005333345690916147
1682,0.005333345690916147
1683,0.026248224696918676
1684,0.025576840481228658
1685,0.03474294671931055
1686,0.038282184738886116
1687,0.23712978337763024
1688,-0.1388364393380619
1689,-0.043485110048485875
1690,0.07696103784394737
1691,0.22725032490148545
1692,0.11449895690807432
1693,0.02026118455335091
1694,-0.05901416969521334
1695,-0.11588513801374889
1696,-0.13499515960469743
1697,-0.12464244002198921
1698,0.013187003702288091
1699,-0.3217341986248554
1700,-0.06856266716213177
1701,0.03797924566088895
1702,0.10598143461041243
1703,0.09072884854424901
1704,0.06899286808559113
1705,0.14183018914248446
1706,0.1705444831238263
1707,0.12741516143872778
1708,0.11025648306771396
1709,-0.01104983588133468
1710,0.0
1711,0.01104983588133468
1712,-0.37170091613684697
1713,-0.24733826872149667
1714,-0.07410796822907528
1715,0.04301738277021494
1716,0.10008345354445147
1717,0.12095260499270788
1718,0.0534007745330225
1719,-0.024292691585437787
1720,-0.04184710818406456
1721,-0.034786114572670446
1722,0.0390505131772767
1723,-0.056908129780025796
1724,-0.12456271666639962
1725,0.0
1726,0.08317750240685706
1727,0.119346752350876
1728,0.09909089871341337
1729,0.06571706925685561
1730,0.04152845725919807
1731,0.02675744827454496
1732,0.04516896691035255
1733,0.05522875625279067
1734,0.0579872559686172
1735,0.12681876911614864
1736,-0.2720888066000917
1737,-0.20139480118806574
1738,-0.09610730615833152
1739,-0.044850564153441574
1740,0.040454952873617334
1741,0.02608843494988955
1742,0.08629580990446017
1743,0.01562531729269212
1744,-0.05579135740449903
1745,-0.0944908393594841
1746,0.02666824589676553
1747,0.08810726381126033
1748,-0.19444290870645453
1749,-0.16395467123310326
1750,-0.1028094876432184
1751,-0.0590335277108931
1752,-0.05556984729380732
1753,-0.021661495217049964
1754,-0.0073260395553620405
1755,0.014598798355509146
1756,0.035590942569004635
1757,0.05443520285011294
1758,0.07647035911636602
1759,0.05954139014479187
1760,-0.18347828328080285
1761,-0.049832370199619724
1762,-0.0073260395553620405
1763,0.05018974092451378
1764,0.14914314840753073
1765,0.11912082173301553
1766,0.07219628747979767
1767,0.0
1768,-0.04580953369920504
1769,-0.08701137225478162
1770,-0.08907962476006936
1771,0.06025918788592799
1772,-0.23638876246968987
1773,-0.12615127536736148
1774,-0.04292504103134931
1775,-0.03571807941228711
1776,-0.05608946140628879
1777,-0.029270379444058747
1778,-0.009950329863069207
1779,0.009950329863069207
1780,0.009852295472326578
1781,0.038466277128203163
1782,0.09015108886157241
1783,0.08269170900329659
1784,-0.10889407910864213
1785,-0.04525658749110395
1786,0.054067216396981976
1787,0.11583180593082432
1788,0.20421552699795908
1789,0.18550119892712047
1790,0.06652067893646008
1791,-0.030153036655229837
1792,-0.05775883111854663
1793,-0.10236200683538454
1794,0.04106148438879886
1795,-0.05310982217915239
1796,-0.261758369307894
1797,-0.2192142538752635
1798,-0.06062461568898447
1799,-0.010471298770804438
1800,-0.02127739618356106
1801,0.0
1802,0.010695287972844802
1803,0.021053406981520695
1804,0.050772320216657896
1805,0.07622735812110326
1806,0.11267315272820744
1807,0.5335170010777741
1808,-0.22555027918073467
1809,0.01197619032956121
1810,0.10178268854957429
1811,0.20797531974571992
1812,0.2257602033804651
1813,0.05754548369813195
1814,0.02917548818807658
1815,-0.02917548818807658
1816,-0.15634606482389257
1817,-0.23767164155817033
1818,-0.13562416621221995
1819,-0.0634218227796084
1820,-0.25642951154841054
1821,-0.18540320766184815
1822,-0.028170874321193917
1823,-0.019231360078604265
1824,-0.02955879932892369
1825,0.019802625335395785
1826,0.038466277128203163
1827,0.037041268249817794
1828,0.018018503879301928
1829,0.01769957553298518
1830,0.05129329000158567
1831,0.04082199118692209
1832,-0.1187835258998775
1833,0.0
1834,0.07796153471295542
1835,0.14698217895775967
1836,0.17147152943350408
1837,0.21706449341225564
1838,0.1617869470655351
1839,-0.0041580099757729805
1840,-0.07796153809133344
1841,-0.12967781707152692
1842,-0.11970795754455121
1843,0.5027001934836415
1844,-0.3281156284516178
1845,-0.23412595517681556
1846,-0.1959103875786794
1847,-0.17045196736986234
1848,-0.14242032649652892
1849,-0.04167269205840629
1850,0.010582108210716257
1851,0.05129328912439313
1852,0.06765864193175952
1853,0.0545589792880663
1854,0.043296802003511825
1855,0.2399506515514962
1856,-0.11279548618514568
1857,-0.10204924633640866
1858,-0.02510591902994186
1859,0.09684981816723237
1860,0.18871134166391723
1861,0.11423818281375864
1862,0.028013034658111113
1863,-0.005540180068678513
1864,-0.051293291463573976
1865,-0.005865119108400929
1866,0.028987535192579905
1867,0.15822399685252542
1868,-0.29257204116698476
1869,-0.17840764470729598
1870,-0.0984400647313568
1871,-0.08076134939341184
1872,-0.0981178463236847
1873,-0.03141619294318421
1874,-0.021506202908290195
1875,0.0
1876,0.03208831111900645
1877,0.061243618987462334
1878,0.12981159946861265
1879,0.13786978302417552
1880,-0.2876820471992576
1881,-0.0842603347377322
1882,-0.044951382809848006
1883,0.044951382809848006
1884,0.22533891970683628
1885,0.2942394506381203
1886,0.16805909976253286
1887,0.06936112409527562
1888,-0.0314161945882816
1889,-0.10654324192676778
1890,-0.1462920838931847
1891,0.38703138443780505
1892,-0.30804297832118577
1893,-0.22631311000154986
1894,-0.08269170900329659
1895,-0.017391741199467514
1896,-0.02666824471136975
1897,0.00896866917838457
1898,-0.00896866917838457
1899,0.00896866917838457
1900,0.008888946627107153
1901,0.043296802003511825
1902,0.11966449419829717
1903,0.14660346393897106
1904,-0.14660346393897106
1905,-0.04616203821097553
1906,0.01562531668230349
1907,0.08894747941910275
1908,0.08819270604854035
1909,0.14483093912316702
1910,0.0809066342464968
1911,0.005167969891362922
1912,-0.07490130416395413
1913,-0.11155247934950197
1914,-0.07745805403671158
1915,0.4165886704605217
1916,-0.1373312640206641
1917,-0.07371757201318019
1918,-0.07958743339155916
1919,-0.06730367777656543
1920,-0.07898840611661928
1921,-0.034846728901333
1922,-0.021506203679181546
1923,-0.021978905108469338
1924,0.007380106752960192
1925,0.057158409754981765
1926,0.09278172729766121
1927,-0.13534133869713383
1928,-0.282862762325756
1929,-0.009661909978204264
1930,0.14439449182812947
1931,0.1976102342409498
1932,0.21065205032058598
1933,0.13562416621221995
1934,0.04762804672039467
1935,-0.028303774827589834
1936,-0.11122562948117887
1937,-0.15593479259669607
1938,-0.04473589098191466
1939,0.14004606510442175
1940,-0.07061756305652578
1941,-0.050010417447706956
1942,0.006389797690474097
1943,-0.006389797690474097
1944,-0.01941808460018901
1945,0.0
1946,0.00651468059678173
1947,0.05064372961208541
1948,0.09418720951108162
1949,0.1264841404342949
1950,0.14277074957800062
1951,-0.33304462418716163
1952,-0.2896800549946952
1953,-0.16487462885061266
1954,0.06394871875622687
1955,0.1401466201707442
1956,0.18232154397344313
1957,0.10343558094914629
1958,0.04520543421319756
1959,-0.03371105544807351
1960,-0.06491954226656338
1961,-0.08258658575971856
1962,-0.03367321283860303
1963,0.41002090160542126
1964,-0.12576938119718717
1965,-0.07490130416395413
1966,-0.0224728545894326
1967,0.011299554615527008
1968,-0.011299554615527008
1969,-0.011428695170540237
1970,-0.035091317758725094
1971,-0.055059773813755264
1972,-0.02547908367793772
1973,-0.006472514086681702
1974,0.09294610674597736
1975,0.33816140923455373
1976,-0.3205656483762369
1977,0.011560821732805593
1978,0.2208420429376159
1979,0.15349212862980366
1980,0.06503246778220007
1981,0.054067219320957705
1982,0.034486174881755094
1983,-0.017094432774846346
1984,-0.10919928798621248
1985,-0.14903557297916947
1986,-0.07892725492334929
1987,0.49032708349427034
1988,-0.21724382200811432
1989,-0.20312467614337892
1990,-0.18232154778494625
1991,-0.12660561697592376
1992,-0.08980388909690262
1993,-0.04110167286957633
1994,-0.021202206152101777
1995,0.0
1996,0.021202206152101777
1997,0.07410796715871726
1998,0.1391971217223107
1999,-0.16551442830808272
2000,-0.04779066057294523
2001,0.14914314840753073
2002,0.05849620325882654
2003,0.07654007293573173
2004,0.031090585458860343
2005,0.04976150708234517
2006,-0.009756174469446321
2007,-0.04512043301802615
2008,-0.08004270340003217
2009,-0.08701137193912523
2010,-0.04969966546406601
2011,0.10854016202379624
2012,-0.16083965800681854
2013,-0.02033968285806642
2014,0.10398970675929275
2015,0.12733941499603274
2016,0.058063797888986635
2017,0.0253178067022386
2018,-0.020202706297111295
2019,-0.015424469532568263
2020,0.020513538781052887
2021,0.07808843315837244
2022,0.14809616445602503
2023,0.043571246567500665
2024,-0.6626104202715859
2025,-0.11122562626458166
2026,0.2315117836177807
2027,0.19337138125892883
2028,0.11900328589704623
2029,0.0751527188477259
2030,0.02237229675345187
2031,-0.03146326804147259
2032,-0.09075435893056483
2033,-0.1450257642467898
2034,-0.10986647086587187
2035,0.2892936601391729
2036,-0.30228085482263634
2037,-0.13259811217413597
2038,-0.10204924633640866
2039,-0.05085841292159765
2040,-0.08149302686808291
2041,-0.038466277128203163
2042,-0.019802625335395785
2043,0.009950329863069207
2044,0.04831857260052974
2045,0.09015108886157241
2046,0.1442495972645168
2047,-0.11034804846239865
2048,-0.2657031403706891
2049,-0.03315220365300231
2050,0.13633642923179767
2051,0.14571179788794186
2052,0.12715516536635052
2053,0.09937246675390599
2054,0.052643730020419
2055,0.006389797690474097
2056,-0.02580788229066311
2057,-0.05370417536582117
2058,-0.013889111196114357
2059,0.284179424602089
2060,-0.03753791730583522
2061,-0.05619455518498295
2062,-0.029327613374178885
2063,-0.03636764196628928
2064,-0.08365002390122633
2065,-0.07669261543858097
2066,-0.021978905108469338
2067,-0.007434977934726472
2068,-0.015037876233830794
2069,-0.007604598806917107
2070,0.015151803872694547
2071,-0.12817518314188314
2072,-0.0708260462955792
2073,-0.046956978677044514
2074,-0.029270379444058747
2075,0.07622735812110326
2076,0.07933673523916518
2077,0.05762910809087396
2078,0.06203538610742321
2079,0.014925649102779825
2080,-0.045462370631451865
2081,-0.0077821398364346095
2082,-0.06453851592923865
2083,-0.03390154880211815
2084,-0.10919928201804341
2085,-0.06967991369905313
2086,-0.02083408473246795
2087,-0.02127739618356106
2088,-0.021739984273178248
2089,0.03243527224602305
2090,0.06187539733510938
2091,0.12221762121982582
2092,0.185267052057549
2093,0.21130907966160573
2094,0.278713387990257
2095,-0.4826964280965007
2096,-0.2660205534252089
2097,-0.02898753407213217
2098,0.09352604925732289
2099,0.1413135213002441
2100,0.14413389117850217
2101,0.08980388909690262
2102,0.07103576890991592
2103,0.05556984806600784
2104,0.047502331477341286
2105,-0.010362786498605114
2106,0.04580953369920504
2107,0.3734488787045378
2108,0.013605651592987211
2109,0.05264373175292025
2110,-0.029270381348094787
2111,-0.15305116903560378
2112,-0.1761865608164177
2113,-0.15338643833012666
2114,-0.13124218153071476
2115,-0.04362061975723286
2116,0.07365290505209598
2117,0.0904571050377081
2118,0.2349652789603658
2119,-0.15201620028242457
2120,-0.21570856084954126
2121,-0.025001300642673474
2122,0.07320339955568578
2123,0.10594857209590414
2124,0.1242289937811285
2125,0.07644169206101381
2126,-0.008695706589475272
2127,-0.06774598547153854
2128,-0.08277228225141364
2129,-0.12991212719816314
2130,-0.09069655598314164
2131,0.3264766791604963
2132,-0.13157635136748658
2133,-0.11583180912892299
2134,-0.05406721802141323
2135,-0.09716374215483281
2136,-0.1306201729248957
2137,-0.06402185363968327
2138,-0.00829880212598999
2139,0.01652930058509039
2140,0.0242926906018317
2141,0.06952605727547656
2142,0.15201619677432499
2143,-0.01941808460018901
2144,-0.0887954927140373
2145,0.05556984729380732
2146,0.1147755072658252
2147,0.15070239212085035
2148,0.17538911168309967
2149,0.141650511320615
2150,0.04067103822696305
2151,-0.018282044168964173
2152,-0.10086060641901673
2153,-0.12136085173764499
2154,-0.08157998307537229
2155,0.23507211170517595
2156,-0.23507211170517595
2157,-0.1743533776209687
2158,-0.10008345229131876
2159,-0.04027389643426327
2160,-0.027779562177691286
2161,-0.007067166723641716
2162,-0.021506203679181546
2163,-0.0072727588001471055
2164,-0.0073260395553620405
2165,-0.007380106752960192
2166,0.07833183768898389
2167,-0.14732470388493057
2168,-0.11778302573574928
2169,0.03509131673245269
2170,0.2436220640184228
2171,0.330663876001589
2172,0.19358474052897634
2173,0.06952605996204353
2174,0.0
2175,-0.07353408119893956
2176,-0.14681486198605986
2177,-0.194488285568287
2178,-0.20633642005055997
2179,0.2876820550906709
2180,-0.28076161272502453
2181,-0.06407885212062814
2182,0.03610500203469069
2183,0.041672693505792946
2184,-0.027587954615969856
2185,-0.021202206152101777
2186,-0.0071684889647376515
2187,0.055958649732809285
2188,0.059423416546154684
2189,0.050010417447706956
2190,0.12048939033257122
2191,-0.06706422683113189
2192,-0.3330100060510506
2193,-0.08408311013640501
2194,0.025975484154047823
2195,0.1130233792691886
2196,0.06644509450084657
2197,0.07563740900221472
2198,0.08866563146655171
2199,0.041549000446346795
2200,0.0
2201,-0.0235304960259195
2202,-0.024097550127260448
2203,0.05342516350143933
2204,-0.20453169100109392
2205,-0.19516968398689416
2206,-0.07145895759644949
2207,0.027398971685612228
2208,-0.03670136348257458
2209,-0.028437932624631568
2210,-0.01941808397173217
2211,0.07550754537802096
2212,0.03571807941228711
2213,0.06782259058667606
2214,0.17958556350101862
2215,-0.13941952500273924
2216,-0.2192142538752635
2217,-0.019802625335395785
2218,0.09531017071341674
2219,0.16705407067715328
2220,0.14974537566143153
2221,0.25057830756963106
2222,-0.058372003123490224
2223,-0.07958743339155916
2224,-0.04849434699840671
2225,-0.03797924566088895
2226,0.09823843354681694
2227,0.1958745127960495
2228,-0.14458122133247553
2229,-0.08096905784825914
2230,0.0
2231,0.11912082173301553
2232,0.09676754700274826
2233,0.00966191044497089
2234,-0.13353138575639134
2235,-0.03352269016551679
2236,0.016901809850343064
2237,0.05436120626301877
2238,0.056570348578341534
2239,-0.5276327073366116
2240,-0.20633641357692634
2241,-0.13353137774357204
2242,0.18430369796022994
2243,0.23690972619345896
2244,0.1849223253040777
2245,0.09884582852509771
2246,0.011696039079196474
2247,-0.0976384636008869
2248,-0.12260231373112918
2249,-0.12323263092050407
2250,-0.15006068130485195
2251,0.5278231610762449
2252,-0.24014111243398606
2253,-0.14585186579650733
2254,-0.07729166766056084
2255,-0.04567003266095915
2256,-0.04785601659636374
2257,0.01941808397173217
2258,0.046956978677044514
2259,0.04485056214153138
2260,-0.14107858496910408
2261,-0.117783023030122
2262,0.2588616079992261
2263,0.14660346223015353
2264,-0.21936280989225843
2265,-0.028710103134675258
2266,0.12744493495082798
2267,0.1356658543099365
2268,0.13259811217413597
2269,0.0
2270,-0.08167802545175862
2271,-0.05841075789043071
2272,0.022305755855740017
2273,-0.029852960921517457
2274,-0.07061756167071609
2275,0.31771433742144195
2276,-0.09294610674597736
2277,-0.053345977147207346
2278,-0.0068728788153955556
2279,0.0068728788153955556
2280,0.013605651130195628
2281,0.10265414746812596
2282,0.13124218153071476
2283,0.08209735797234918
2284,0.08947139861445352
2285,0.07378616685519024
2286,0.21726857870021865
2287,-0.2600101252503717
2288,-0.7702828587706758
2289,-0.07847160774030204
2290,0.12456271069103719
2291,0.18081891200730071
2292,0.19724719355105647
2293,-0.018692131847465987
2294,0.018692131847465987
2295,-0.03774032560867813
2296,-0.10109611005194763
2297,-0.161268135184776
2298,-0.11466289819553
2299,0.49765512393648637
2300,-0.25782909259087106
2301,-0.20312466786304073
2302,-0.04609110295073515
2303,0.009389739468160574
2304,-0.04785601659636374
2305,-0.019802625335395785
2306,-0.010050334843400233
2307,0.029852960178796017
2308,0.038466277128203163
2309,0.09873483181615272
2310,0.0976384616132111
2311,0.07466152319208641
2312,-0.16378929586171154
2313,-0.06115441780900355
2314,0.017857615805491722
2315,0.10889407910864213
2316,0.11247797498359757
2317,0.08819270604854035
2318,0.01929320169388138
2319,-0.06581321423662878
2320,-0.14624548960719919
2321,-0.19979616990353133
2322,-0.1335313788882604
2323,0.2076393441738511
2324,-0.19671027483611825
2325,-0.10294795746616803
2326,0.05849619983604537
2327,0.04445175763012266
2328,-0.05588045214758086
2329,-0.03509131570618029
2330,0.023530494641645472
2331,0.07825218814756107
2332,0.08252101517102339
2333,0.029270379444058747
2334,0.0
2335,-0.5012561101735353
2336,-0.1918909742325774
2337,0.05608945616153482
2338,0.2831262110840469
2339,0.34426950718232674
2340,0.27792587394845114
2341,0.18109530289099274
2342,0.09363559955022138
2343,0.0
2344,-0.06939198940968216
2345,-0.08755588554508265
2346,0.02580788229066311
2347,0.4692071099298474
2348,-0.1879148511941806
2349,-0.12805192029201162
2350,-0.06199167253324234
2351,-0.0235304960259195
2352,-0.01197619032956121
2353,0.03550668635548071
2354,0.051002551561456944
2355,0.06936112409527562
2356,0.07924936772679647
2357,0.11247797836083429
2358,0.16081534525168406
2359,-0.20430045530016994
2360,-0.1534102059305078
2361,-0.005194816607242192
2362,0.09909089773070923
2363,0.14058194443498495
2364,0.1447388401222982
2365,0.1326444702012024
2366,0.13353138874253512
2367,0.09580412645505332
2368,-0.004950505037318642
2369,-0.015000280884471362
2370,0.007528266231874969
2371,0.2851789360306549
2372,-0.2727564163407399
2373,-0.21087345292594906
2374,-0.12658691615744022
2375,-0.06430786493443819
2376,-0.029964787579491947
2377,0.007575793521493068
2378,0.03704127030813664
2379,0.06340150911655229
2380,0.07240002742490503
2381,0.09962983793844149
2382,0.09583250678020017
2383,-0.0026143805057206038
2384,-0.08178943077739786
2385,-0.05249018109036818
2386,0.0029895387589928824
2387,0.07197349755212068
2388,0.03547438722553364
2389,0.08230864534443016
2390,0.06453851959436152
2391,-0.01869213257539526
2392,0.22691002932177362
2393,-0.34971745550155964
2394,-0.18072283014804258
2395,0.3058859699647938
2396,-0.22314354543185688
2397,-0.1834987140430453
2398,-0.03231879009450633
2399,-0.048607697247550874
2400,-0.10919928754412567
2401,-0.07542375846933558
2402,-0.02331107778158481
2403,-0.019048194063582713
2404,0.009569450558275072
2405,0.03278982128689245
2406,0.07114109686074688
2407,0.037899270994845136
2408,-0.037899270994845136
2409,0.012793350914336088
2410,0.22314354283963356
2411,-0.0848565324580548
2412,0.05387298800481766
2413,0.26021024377672575
2414,-0.15415067533489557
2415,0.012500162373591195
2416,0.009273636498659421
2417,0.021309785938002257
2418,0.05849620497021757
2419,0.2826980750749857
2420,-0.026031838153201203
2421,-0.024472855974225105
2422,-0.03670136600846474
2423,-0.050310008933662775
2424,-0.06864193097639903
2425,-0.05129329300250873
2426,-0.030944802978824182
2427,0.005698020952300098
2428,0.05257088555442513
2429,0.07024994084845249
2430,0.10032271922951397
2431,-0.05368850385996282
2432,-0.034149659019038214
2433,0.014778593732100997
2434,0.04540803845360308
2435,0.05455898300984252
2436,0.04752514083599779
2437,0.04738270342523032
2438,0.03751673864405447
2439,0.04915923502842334
2440,-0.00926790675899225
2441,-0.07339199733924007
2442,-0.03052118841381013
2443,0.16442825945282546
2444,-0.05865460808146894
2445,-0.10370966719310504
2446,-0.07935565681962631
2447,-0.057421052049473786
2448,-0.05092008919229718
2449,-0.05365271212122291
2450,-0.04839653956035983
2451,-0.0422003533029538
2452,-0.017391742207735206
2453,-0.026668246291897457
2454,0.0
2455,0.02958795630998523
2456,-0.11088269615997204
2457,-0.006535970766190058
2458,0.044879324738510196
2459,0.02170627790874713
2460,0.039102724837420944
2461,0.02332467188632803
2462,0.04231943068477717
2463,0.0027586223629798567
2464,0.002751033296207961
2465,-0.062343128806896964
2466,-0.05406721964584449
2467,0.35482136607023396
2468,-0.09531017763982286
2469,-0.05380270467687209
2470,-0.02544666501359627
2471,-0.031416195410830294
2472,-0.08026436122033598
2473,-0.07477323216499432
2474,-0.0347586322667337
2475,-0.003220614596318505
2476,-0.03612872290175417
2477,-0.020270963688742594
2478,0.013559529325973152
2479,0.07145896166007404
2480,-0.015798116377419902
2481,-0.16589667137970343
2482,0.0074906714486058235
2483,0.10274515464844347
2484,0.10838623311581008
2485,0.13277581648607084
2486,0.06652068063901151
2487,0.038839832373312344
2488,-0.043802621592294866
2489,-0.0856554423538447
2490,-0.02469261191286476
2491,0.4604091276026807
2492,0.0
2493,-0.06611732914382751
2494,-0.114977982446963
2495,-0.07637297711724056
2496,-0.051173954334096994
2497,0.004761913646864624
2498,-0.019185240261242686
2499,0.007237667125616909
2500,-0.01209204547259013
2501,-0.06275584345556817
2502,-0.03963530580995345
2503,0.1728428085609699
2504,-0.12546552879719597
2505,-0.23999423469326775
2506,-0.023141527796616934
2507,0.04575961565353248
2508,0.14819963932402525
2509,0.15296934087387992
2510,0.04393770201519276
2511,0.026787315365647046
2512,0.08443831736305762
2513,0.016064602181210752
2514,-0.07013182232687987
2515,0.16507974710786932
2516,0.030332387307986153
2517,0.00263273512959028
2518,0.0
2519,0.0
2520,0.0
2521,0.0
2522,-0.01323354092893414
2523,-0.07178794249666831
2524,-0.12592679067825108
2525,-0.06713930133450186
2526,-0.06453851959436152
2527,-0.20782931063738852
2528,-0.2050707633362192
2529,-0.23440069598246627
2530,-0.07847161159089877
2531,0.05460413132362252
2532,0.06544390519207433
2533,0.09900551951018688
2534,0.05579135740449903
2535,-0.02353049648734462
2536,-0.0039761482215414645
2537,0.05804336740326255
2538,0.02230575668501933
2539,0.4200638949192008
2540,0.03091803866792464
2541,0.07226619519920918
2542,0.05509867970900251
2543,0.012295236605079474
2544,-0.09388553117618592
2545,-0.05282513816807022
2546,-0.0990909001874698
2547,-0.10131776986409058
2548,-0.11275247902804653
2549,-0.13445347195718682
2550,-0.08466592115471983
2551,0.27556070224659823
2552,-0.1835418070569519
2553,-0.022223135961563667
2554,0.0037383219708568838
2555,0.06150219753207997
2556,0.05129329263316462
2557,-0.03735578527502614
2558,-0.02451961631540156
2559,-0.06595796537400256
2560,0.007547205350579844
2561,-0.050106818122471974
2562,0.02729214122385404
2563,0.24445332955990473
2564,-0.024391452380443823
2565,-0.060431737262229834
2566,-0.029952321286452754
2567,-0.006779686755557179
2568,-0.010256499816533093
2569,-0.010362786677585945
2570,-0.00696866907328042
2571,-0.014084739385781031
2572,-0.036105003338403385
2573,-0.029852962035599173
2574,-0.022989517343796617
2575,-0.21062532386960697
2576,-0.17754826874533025
2577,-0.04082199213930293
2578,0.04082199213930293
2579,0.08223809372569413
2580,0.08085209254120551
2581,0.20551331091994207
2582,-0.09966748103085044
2583,0.013015367547396295
2584,-0.039565598466590135
2585,-0.06483751649146718
2586,-0.06421958956077578
2587,-0.20921044513761267
2588,-0.08529757491182677
2589,-0.0068728788153955556
2590,0.07951205765648428
2591,0.0677181698844933
2592,0.011834456946723027
2593,0.06269859064065342
2594,0.13422175506010348
2595,0.07445297472862045
2596,-0.009009069536546122
2597,0.009009069536546122
2598,0.08588966818964394
2599,0.33882102211621845
2600,-0.4847749282725142
2601,0.03278982128689245
2602,0.11316408486940333
2603,0.1200666583916088
2604,0.0772313452234239
2605,0.029952321286452754
2606,-0.0198682025587944
2607,-0.03401688412099446
2608,-0.06800472667909618
2609,0.007380107025291238
2610,-0.13774191973147953
2611,0.6609900485178142
2612,-0.17840765321764396
2613,-0.10709813261252688
2614,-0.09734122352783192
2615,-0.09371400713266542
2616,-0.07654007433126564
2617,-0.05448818316285786
2618,-0.012072580748439421
2619,-0.008130125752753514
2620,0.05556984894852279
2621,0.06357280163945811
2622,0.09333193656363559
2623,-0.3065610222095021
2624,0.008928630345696575
2625,0.10536051121338197
2626,0.14149955699592187
2627,0.11159106174214095
2628,0.08338160645457915
2629,0.06364526339857912
2630,0.05983579005353867
2631,0.027398973505614155
2632,-0.004926118214722663
2633,-0.04030772247251013
2634,-0.10850741846966505
2635,0.34340678596178975
2636,-0.14403936707396303
2637,-0.08317750444288219
2638,-0.028462463927246606
2639,-0.021220954919952906
2640,-0.008075413788169783
2641,0.01608613732034181
2642,0.010582109050581767
2643,0.01566611633534576
2644,0.023048394846011178
2645,0.0125787818904044
2646,0.03440142587192163
2647,-0.28607305364632873
2648,-0.13767408655350533
2649,-0.026169716754965933
2650,0.05526267663855533
2651,0.07257069032587493
2652,0.061408626143272915
2653,0.08124766982665133
2654,0.12226878160135524
2655,-0.05791091442001539
2656,-0.027474254797366093
2657,-0.054376769321460294
2658,-0.04512043392300358
2659,0.03922071196984911
2660,-0.10273411567452051
2661,-0.07840470299519042
2662,-0.05092008857481689
2663,-0.026466572187420212
2664,0.0
2665,0.015209418085201598
2666,-0.02677024004076367
2667,-0.027506644708886085
2668,0.0
2669,0.019724504569641255
2670,0.05324451249334938
2671,0.025595546253009527
2672,-0.09856456331600016
2673,0.0504961620526827
2674,0.06949779195382266
2675,0.044912555128917564
2676,-0.0033840978697194934
2677,-0.01365208870237078
2678,0.023770218526697473
2679,-0.07669261811341732
2680,-0.07132477814330862
2681,-0.06427914882129482
2682,-0.05545130217034089
2683,0.307226656923167
2684,-0.11980119570704906
2685,-0.07159365048814514
2686,-0.027724546916712445
2687,-0.01212136004258113
2688,-0.03727139325354534
2689,-0.05195973668035947
2690,-0.03620304702545596
2691,-0.01860518696562652
2692,-0.028573371083234544
2693,-0.01459879871072367
2694,0.01941808491441721
2695,-0.23159259327160076
2696,-0.06252035307126569
2697,-0.07361181241493098
2698,-0.013986240996649357
2699,0.11307713708951805
2700,0.11848159659336366
2701,0.09581791779273363
2702,0.034916263364414224
2703,-0.00985229595766901
2704,-0.05077232279504029
2705,-0.07571181763925461
2706,-0.0056338174008563335
2707,0.07612369133164698
2708,-0.0989818281014041
2709,-0.06569525534046816
2710,0.030397475336215507
2711,0.06939198940968216
2712,0.02754995025013507
2713,-0.01643872544236702
2714,-0.05683347153225249
2715,-0.06648973724836571
2716,-0.03822121038513293
2717,-0.00651468059678173
2718,0.03846627836140115
2719,0.1240526413324532
2720,-0.44802469112599663
2721,-0.21233261463963604
2722,-0.010810914935445393
2723,0.2657031403706891
2724,0.26236424523672364
2725,0.2024174090505504
2726,0.11836459423664003
2727,0.07609934013046749
2728,0.02972617900275676
2729,0.0
2730,0.12195840226289745
2731,-0.003710579258851876
2732,-0.31659670652563543
2733,-0.2674793494880041
2734,-0.15860501871830568
2735,-0.023716524742316558
2736,0.007968169014256343
2737,0.06155788826122022
2738,0.09937246675390599
2739,0.06538275498642365
2740,-0.006349227275530556
2741,-0.02580788229066311
2742,0.03846627836140115
2743,-0.006309168795207487
2744,-0.2585739696176379
2745,0.008163309972761379
2746,0.13657552462692424
2747,0.1811388127945177
2748,0.16841864245336602
2749,0.09984533021858555
2750,0.052875749717533616
2751,-0.017316449261793654
2752,-0.02655023091919384
2753,-0.08905177343934412
2754,-0.07637297489412909
2755,-0.23780069491014277
2756,-0.17563255575725334
2757,-0.1187835258998775
2758,-0.055569846006806145
2759,-0.06899286468423105
2760,-0.08515779927001299
2761,-0.04546236890879918
2762,-0.011696038395202724
2763,0.0
2764,0.045985107954316096
2765,0.13633642923179767
2766,0.26537629208623903
2767,-0.18081891200730071
2768,-0.16623540274944348
2769,0.04167269205840629
2770,0.15123095540240694
2771,0.2196285919100034
2772,0.19166740692919282
2773,0.20436364591644418
2774,0.14120330362338063
2775,0.07909258570776645
2776,0.018832947623711682
2777,-0.04191089401856418
2778,-0.0684371587970678
2779,0.2939126115916513
2780,-0.1835645587760193
2781,-0.13140146112693962
2782,-0.10299923485552664
2783,-0.08358671199602608
2784,-0.02597548505373304
2785,0.010471299319049887
2786,0.02570835538829508
2787,0.044672437833860545
2788,0.09707384420099574
2789,0.11238424485434972
2790,0.13941953012624175
2791,-0.2968564368914488
2792,-0.12240197551229404
2793,-0.010471299319049887
2794,0.07109591807175919
2795,0.0
2796,-0.029852961664238453
2797,0.044451760374962124
2798,0.00481928620369354
2799,-0.02433209947536996
2800,-0.08209735797234918
2801,-0.10120989623585164
2802,-0.042302377133891955
2803,0.35482135685105876
2804,-0.17972751309348034
2805,-0.15070239212085035
2806,-0.06856266716213177
2807,-0.03278982067245373
2808,-0.013423019431239691
2809,0.013423019431239691
2810,0.03278982067245373
2811,0.03174869629845123
2812,-0.006269612620513509
2813,0.018692131847465987
2814,0.10536050948498721
2815,-0.11155247934950197
2816,-0.1910552236865417
2817,-0.07006755715952595
2818,0.047252881128461155
2819,0.12967781395302413
2820,0.1502821936213059
2821,0.09425253301670766
2822,0.10536051036682137
2823,-0.05380270336076798
2824,-0.10591901326907216
2825,-0.10598143461041243
2826,-0.018809330778158717
2827,0.6141587401967525
2828,-0.20869365318563338
2829,-0.17475530835347586
2830,-0.005037793776162758
2831,-0.08426033917773568
2832,-0.062343127039658164
2833,0.005830919970795545
2834,0.01729149611338343
2835,0.06096069641027135
2836,0.09237331538718196
2837,0.10241500065624987
2838,0.18526705954062983
2839,-0.20312467614337892
2840,-0.24362207023153193
2841,-0.07145895972501437
2842,0.024391451636728068
2843,0.06416194047349721
2844,0.11715508590474455
2845,0.04902942483595263
2846,0.03294415416876051
2847,0.004618945642947292
2848,-0.056887371704512635
2849,-0.08126295994920119
2850,-0.05436120626301877
2851,0.1644723191627553
2852,-0.09436275675831673
2853,-0.09844006742532185
2854,-0.1028094876432184
2855,-0.08643250002213065
2856,-0.02817087498256976
2857,-0.0071684889647376515
2858,-0.007220247452165207
2859,0.0
2860,0.04255961139947262
2861,0.0990908960928687
2862,0.15684246236332955
2863,-0.14434230038037832
2864,-0.12557729907246928
2865,-0.021353122950658054
2866,0.021353122950658054
2867,0.11307713708951805
2868,0.1405819423729171
2869,0.07878087371335596
2870,0.03474294671931055
2871,0.014528099859345112
2872,-0.11718224864586269
2873,-0.22314353780069718
2874,0.07796153640214465
2875,0.26716042207787494
2876,-0.16618451074069718
2877,-0.011363758004633073
2878,0.07696103690332423
2879,-0.059963461497834825
2880,-0.10037917937559637
2881,-0.06412452405617497
2882,-0.03367321283860303
2883,0.006825964604459944
2884,0.052992526629429104
2885,0.09823843354681694
2886,0.14154016451721807
2887,-0.0791970374775599
2888,-0.14776087297927543
2889,-0.006389797690474097
2890,0.050010417447706956
2891,0.05342516350143933
2892,-0.017493156427455858
2893,-0.0482020989130123
2894,-0.07696103619785744
2895,-0.07616135568978466
2896,0.0071684889647376515
2897,0.021202206152101777
2898,0.14310083431666465
2899,0.269332919473821
2900,-0.18232154753469576
2901,-0.11155247934950197
2902,-0.07076906633334268
2903,-0.06187539946276832
2904,-0.05841075789043071
2905,-0.03053672152867204
2906,-0.01562531668230349
2907,0.023347362179910736
2908,0.04512043188680481
2909,0.09798040149745901
2910,0.15415067030344964
2911,-0.1409054444306217
2912,-0.19556676933345019
2913,-0.04919024015715845
2914,-0.016949556877301486
2915,-0.08934509234799215
2916,0.018519046052412946
2917,-0.009216654255450596
2918,-0.00930239179696235
2919,0.018519046052412946
2920,0.018182317430161632
2921,-0.03670136348257458
2922,0.0545589792880663
2923,0.8485612338171915
2924,-0.2480729236918342
2925,-0.16882086064747748
2926,-0.1286173699338815
2927,-0.14008878334218933
2928,-0.11122562626458166
2929,-0.07864312044363642
2930,-0.046520011305888787
2931,0.0
2932,0.03738752857664451
2933,0.062242303340998895
2934,0.1216071222237689
2935,-0.2308064042418123
2936,-0.06967991369905313
2937,0.040409534254994384
2938,0.057708312068690315
2939,0.08076134939341184
2940,0.05859415935996992
2941,0.032002728525518
2942,0.04616203821097553
2943,0.04412480166341437
2944,0.014285956227016339
2945,0.007067166723641716
2946,0.13176926893698404
2947,0.14884561906065974
2948,-0.11247797709437046
2949,-0.20398304010624368
2950,-0.029631795411102058
2951,-0.1028573772943453
2952,-0.09614385214311705
2953,-0.05661888865524878
2954,-0.02955879932892369
2955,0.009950329863069207
2956,0.03883982954445875
2957,0.0822380907181759
2958,0.10798862908495543
2959,-0.09059688788548792
2960,-0.10919928201804341
2961,0.009569450100400001
2962,0.03738752857664451
2963,0.10444265426910704
2964,0.06402185363968327
2965,0.0
2966,0.015384917655977493
2967,-0.023167057492412102
2968,-0.023716524742316558
2969,-0.05762910809087396
2970,0.07350245598732164
2971,0.7870246524649134
2972,-0.20186614484956955
2973,-0.2475620663422302
2974,-0.19135095166591443
2975,-0.1076306564620011
2976,-0.03077165629932921
2977,0.03831886136510665
2978,0.06547792461407242
2979,0.08112553932489863
2980,0.05064372961208541
2981,0.11090068955366572
2982,0.16279512614333802
2983,-0.10379678854666752
2984,-0.21407024267573993
2985,0.12136084963099592
2986,0.044700176419858906
2987,0.250099349211121
2988,0.20684116601715807
2989,0.16251892430746384
2990,0.177407537210303
2991,0.024332100067450124
2992,-0.009661910678353536
2993,-0.13214538758765926
2994,-0.15230565629645554
2995,0.6073081219637673
2996,-0.09583755785023484
2997,-0.1454842768658553
2998,-0.17296944699929462
2999,-0.17701649941397424
3000,-0.13217176862263091
3001,-0.0597192324719682
3002,-0.015504185935003356
3003,0.007782140139244831
3004,0.019194446519270603
3005,0.04824683174845612
3006,0.12899211580635317
3007,-0.5789089658990547
3008,-0.08288765489555461
3009,0.08855339211022528
3010,0.2575722581513582
3011,0.2700604607671728
3012,0.17114825095238384
3013,0.11403068301060237
3014,0.08408311518935907
3015,0.04944827430233145
3016,-0.05870759950078863
3017,-0.17214099249334192
3018,-0.20466884921195572
3019,0.5296307308068204
3020,-0.1739732636095943
3021,-0.20490238111489179
3022,-0.1817386305355715
3023,-0.16705407830588737
3024,-0.15139963970075954
3025,-0.12805192029201162
3026,-0.07958743339155916
3027,-0.04849434699840671
3028,-0.025158558053689273
3029,0.012658396070738043
3030,0.11848159659336366
3031,-0.1701059586665874
3032,-0.09002614541911758
3033,0.035590942569004635
3034,0.13090556196647896
3035,0.16374516195465993
3036,0.1718502487029756
3037,0.157903023039343
3038,0.0929239472933272
3039,0.04341249148535953
3040,-0.003273325237822533
3041,-0.04698850785854303
3042,-0.08607460568232117
3043,0.33967735678364486
3044,-0.005347606183610409
3045,-0.07513964249400873
3046,-0.05342516508751016
3047,-0.027822504739141163
3048,0.06669137247622281
3049,0.12912285878743957
3050,0.0354467480981735
3051,0.034233170805082036
3052,0.053814151554489875
3053,-0.03006006611066603
3054,-0.1116399683701288
3055,-0.5583042927127719
3056,-0.15338643833012666
3057,-0.038151763884756384
3058,0.04879016152392923
3059,0.1242289937811285
3060,0.12296170572817733
3061,0.09831092837443256
3062,0.11653381213610148
3063,-0.010050335516801123
3064,-0.05182506607362658
3065,-0.0773866607622371
3066,-0.05918886905410048
3067,0.34974037427295324
3068,0.03380603517799008
3069,0.1369880119461917
3070,0.07220830665824662
3071,0.028794901310095877
3072,0.0
3073,-0.040094456308666704
3074,-0.07305956914690004
3075,-0.03990554317812567
3076,-0.025774622024247407
3077,-0.045401654566535665
3078,-0.0447001776688829
3079,0.10564618627049915
3080,-0.22057614946462278
3081,-0.14829180308420442
3082,-0.014981553054489005
3083,0.07275935163429859
3084,0.0743585648041174
3085,0.13108540289440107
3086,0.0364696787581722
3087,0.04576841722316072
3088,-0.010582109050581767
3089,-0.03794493053555881
3090,0.061599120811730135
3091,-0.1096989142449436
3092,-0.035401926006393136
3093,-0.02124510796891954
3094,-0.040694189552519244
3095,-0.012861913228829902
3096,0.01923136131145986
3097,0.009478743655052746
3098,0.006269612817054515
3099,-0.1961669568431943
3100,-0.04670109122815669
3101,-0.03239149447960976
3102,0.028399473369434602
3103,-0.6462635583252192
3104,-0.1838494255647678
3105,-0.2140110458576947
3106,0.06595796053841285
3107,0.31651759322807216
3108,0.10303221830892584
3109,0.1370217886098315
3110,0.05342516350143933
3111,0.011494378765124047
3112,-0.15415067030344964
3113,-0.15082287888187107
3114,0.11000088713939382
3115,0.4462870776284209
3116,0.043485110048485875
3117,0.06187540116489609
3118,-0.05762911046375496
3119,-0.06115442048116693
3120,-0.11441034571773923
3121,-0.04124295640752074
3122,-0.08796876810627197
3123,-0.07765092958952913
3124,-0.006230549362437721
3125,-0.012578781415720997
3126,0.0
3127,0.11918851015375509
3128,-0.17114824570893905
3129,-0.09065436194209697
3130,0.0567528125652661
3131,0.1707607235668971
3132,0.1255050748928106
3133,0.10689778977761089
3134,0.04944827319068157
3135,0.04292504287419119
3136,0.0
3137,-0.06062461919038453
3138,-0.022574321019295684
3139,0.5351840486738992
3140,-0.22047331616296573
3141,-0.166448201600919
3142,-0.1482625309100145
3143,-0.14204765068653646
3144,-0.20359894335669004
3145,-0.07361181241493098
3146,-0.006968668830467983
3147,0.0
3148,-0.11081435814536045
3149,-0.06453851592923865
3150,0.048790160201178434
3151,-0.032260859616088045
3152,-0.12188980698365803
3153,-0.018692131265122924
3154,0.08149302686808291
3155,0.1529076592580063
3156,0.2081056599288651
3157,0.07583807196521963
3158,-0.04011999148966838
3159,0.005830919970795545
3160,-0.03550668635548071
3161,-0.062131777245406195
3162,0.20763935275901435
3163,0.30318624536595173
3164,0.17911127485650935
3165,-0.07336622161906714
3166,0.03066679734794331
3167,0.16937456519945737
3168,0.04161488008093528
3169,-0.0027210900403171756
3170,-0.08825068557741789
3171,-0.03021377768355471
3172,-0.1239368971833863
3173,-0.03533936519630787
3174,0.0248680656945095
3175,-0.1594277308635581
3176,-0.3056756227861359
3177,-0.24574336766880212
3178,-0.07410796665921682
3179,0.06693947769447917
3180,0.14693042202312734
3181,0.19671028315466144
3182,0.20252425475773306
3183,0.11778303102675425
3184,-0.01869213231334088
3185,-0.11589801632357988
3186,0.0
3187,-0.004246290701141131
3188,-0.0889474820580598
3189,-0.11314265052817607
3190,-0.08701137225478162
3191,-0.12705887042095831
3192,-0.1234441826145507
3193,0.0
3194,-0.022141124243048704
3195,-0.12715516536635052
3196,-0.017094431898166285
3197,0.03390154880211815
3198,0.06453851592923865
3199,0.053244510467886474
3200,-0.3726752518323688
3201,-0.07825218814756107
3202,0.05651220387438283
3203,0.09431066958113243
3204,0.16551442322333765
3205,0.16378929586171154
3206,0.16539248372667092
3207,-0.024692611065981307
3208,-0.11232917754385019
3209,-0.14256305393977975
3210,0.0775582283275793
3211,0.2081056599288651
3212,0.1823215466929451
3213,0.09163031842382319
3214,0.09237331606487276
3215,0.0411580707992818
3216,-0.16157060561813186
3217,-0.1315023017370529
3218,-0.1389514520361148
3219,-0.07745805403671158
3220,-0.10610649848177678
3221,0.014815084687686664
3222,0.0709517309360237
3223,-0.020761990011509912
3224,-0.49693646659286905
3225,0.05588045214758086
3226,0.2740019424966791
3227,0.3040758605584406
3228,0.2376716389784339
3229,0.17185024933556603
3230,0.20434446139886298
3231,0.1355919702526336
3232,0.04782908634396499
3233,-0.07410797004045078
3234,-0.08970461580861233
3235,0.2754719007524149
3236,-0.19468264833680715
3237,-0.08728278151532587
3238,0.0
3239,-0.029754260098035612
3240,-0.0067340319546072
3241,0.0
3242,-0.013605651592987211
3243,-0.017271585912030485
3244,0.04430025738670773
3245,0.029558801270670898
3246,0.006451635073370099
3247,-0.16384380330847126
3248,-0.24323029945055685
3249,-0.03440142502651122
3250,0.0
3251,0.1354046306743255
3252,0.1646999488130505
3253,0.13815033370184482
3254,0.1327246116451053
3255,0.019581044651350243
3256,-0.051147509713253214
3257,-0.07567906209374131
3258,0.03400636693379111
3259,0.5504554056701054
3260,0.0
3261,0.0
3262,0.0
3263,-0.05124716694078302
3264,-0.1837986582142035
3265,-0.16343234638532111
3266,-0.0987102065250034
3267,-0.02332467188632803
3268,-0.0029542118101577586
3269,-0.03003228619686915
3270,0.03886886773708165
3271,-0.05113895995250317
3272,-0.3602085031364535
3273,-0.06394872167824994
3274,0.10299923485552664
3275,0.17876914822358447
3276,0.1727863179958855
3277,0.18032354919116234
3278,0.12883286882099032
3279,0.053488683806297566
3280,-0.05129329329105925
3281,-0.15891346211882373
3282,-0.17668195728383296
3283,0.3021474860810289
3284,0.05083967565539638
3285,0.048379569838491676
3286,-0.027056800824348137
3287,-0.11147386397525949
3288,-0.1389368076760653
3289,-0.13005312448427153
3290,-0.11086258919324843
3291,-0.0826322616098456
3292,-0.07381990936587002
3293,-0.04536860315833913
3294,0.07711730021283891
3295,0.31845372046512566
3296,-0.5070448821653648
3297,-0.21492270685963222
3298,0.04572224672448444
3299,0.1644723191627553
3300,0.12878078413922678
3301,0.06062461936545471
3302,0.01941808510295351
3303,-0.011605545671340423
3304,-0.11099677140426945
3305,-0.04445176059454958
3306,-0.12576938119718717
3307,0.6723130684265017
3308,-0.09373247507676252
3309,-0.04432039837091528
3310,-0.08509067128758474
3311,-0.14107859327585448
3312,-0.12921172625534627
3313,-0.07609934013046749
3314,-0.033099946861049556
3315,0.009569450558275072
3316,0.0465200134703907
3317,0.07020425559158472
3318,0.14929629548592915
3319,-0.1663907281146626
3320,-0.24824032825531406
3321,-0.05683347153225249
3322,0.11583180912892299
3323,0.16303961940895917
3324,0.14014662595699257
3325,0.13305050299566723
3326,0.07458885457103914
3327,-0.16989903100836035
3328,-0.1303618127061883
3329,0.012578781679434048
3330,0.03681397161669242
3331,0.6115972952216877
3332,-0.09836494754731273
3333,-0.1064294601472251
3334,-0.14970424755219103
3335,-0.20239750639973098
3336,-0.16947664328325374
3337,-0.08455738405350077
3338,-0.0606246187527093
3339,-0.04255961215430348
3340,0.010810915519830822
3341,0.0775582303336777
3342,0.12604071500377056
3343,0.04711792095842471
3344,-0.09196848511186628
3345,0.004576666817952546
3346,0.0705137812187493
3347,0.08167802767676235
3348,0.12516313834039572
3349,0.1143168239420187
3350,0.0743284041991954
3351,-0.04393092793890219
3352,-0.1207815348089758
3353,-0.0772313452234239
3354,-0.01841672610786027
3355,-0.057377110387944796
3356,0.04239555733345579
3357,0.00751883213136173
3358,0.1131949109820698
3359,0.04575961565353248
3360,0.049854558671473814
3361,-0.021506204560199915
3362,-0.05423976720601198
3363,-0.0065789708816272885
3364,-0.096961704482462
3365,-0.040821993005103696
3366,0.029852962035599173
3367,0.08793006941202997
3368,-0.5232481206164006
3369,-0.06453851734969263
3370,0.058840496559730227
3371,0.07165598495506753
3372,0.08656801189745789
3373,-0.11352382043266651
3374,-0.10354067297958913
3375,-0.09531017374371942
3376,-0.020202705956975375
3377,0.12155519379156088
3378,0.0470675080882863
3379,0.37433417156741955
3380,-0.06532934492398823
3381,0.05739279564319766
3382,0.07296901706299064
3383,-0.03007745410637641
3384,-0.06301296534626655
3385,-0.03306086089448801
3386,0.016667051790719256
3387,0.09831092837443256
3388,0.07917802686107533
3389,0.03066679734794331
3390,0.029754260098035612
3391,-0.0743585648041174
3392,-0.4595323089106045
3393,-0.1690763198100167
3394,0.03871450968235601
3395,0.14141164570374487
3396,0.2297153052005121
3397,0.16098936955419862
3398,0.0
3399,-0.07725848015120995
3400,-0.020284670348541756
3401,-0.03758270957945831
3402,0.08949056710837544
3403,-0.31796745347520394
3404,0.21992982615363355
3405,-0.03939239998625865
3406,-0.022574321019295684
3407,0.05766563929115698
3408,-0.026202371249684386
3409,0.07663322275673501
3410,0.09754315049975171
3411,-0.04953393323449751
3412,-0.019724504569641255
3413,-0.09610730615833152
3414,0.0
3415,-0.5020919151931191
3416,-0.2451224379041621
3417,0.11365930852455763
3418,0.1670540719486091
3419,0.22454116151670034
3420,0.21077688505994585
3421,0.1928242710576682
3422,0.16791478759873257
3423,0.13550105639003807
3424,-0.008298802585126719
3425,-0.0961438577496403
3426,-0.12007924401501491
3427,0.2755396773213077
3428,-0.107690158464127
3429,0.09716374575415498
3430,0.073918987938006
3431,-0.09261112045100672
3432,-0.13237687646264495
3433,-0.15261339543530905
3434,-0.10575883869123803
3435,-0.07871556420266357
3436,0.04632406972305381
3437,0.04427282189580373
3438,-0.10361225916625383
3439,0.0
3440,-0.17622662311124726
3441,-0.07571181763925461
3442,0.0277026010143695
3443,0.12805192029201162
3444,0.19979617861037458
3445,0.18951347377187178
3446,0.10503472644854295
3447,-0.09208956227545473
3448,-0.10858112666991593
3449,-0.15894110197537836
3450,-0.01694955759553718
3451,0.30358064733027845
3452,0.11883400436782132
3453,0.019418085318424705
3454,0.03243527487637099
3455,0.036557594779078606
3456,-0.01030936939315108
3457,-0.2064443776161795
3458,-0.22793205989314114
3459,-0.07042246137809105
3460,0.03375847850027558
3461,0.03666398287781547
3462,0.015873348526369124
3463,0.13254665107466312
3464,-0.22314354269352066
3465,-0.12372738685086215
3466,-0.024692611370859652
3467,0.06765864520278697
3468,0.050124384898041274
3469,0.047731400749627007
3470,0.08134563614357138
3471,-0.023716525679816414
3472,-0.012072580748439421
3473,-0.17666953553925957
3474,0.03325722017627575
3475,0.2969844531073451
3476,0.06388726530231903
3477,-0.006535970766190058
3478,-0.009884758906844482
3479,-0.013333530425001072
3480,0.023218289331845554
3481,-0.06082955879147045
3482,0.010398706860451856
3483,-0.05310982343307069
3484,-0.0913181550577864
3485,0.0
3486,0.061795716881011487
3487,-0.31424908600763546
3488,-0.04189093951527578
3489,0.05209510916888771
3490,0.2813166661374602
3491,0.18487257211851782
3492,0.05874950225508657
3493,0.038296283948984655
3494,0.025679013684971608
3495,-0.04907189257561262
3496,-0.1093130865561478
3497,-0.1264841426592369
3498,0.12317835463401972
3499,0.1532041535197357
3500,-0.011428695497081698
3501,-0.02325686148813455
3502,0.026126303833750253
3503,0.0475614098680488
3504,0.02429269191330663
3505,0.0
3506,-0.05480823499264753
3507,-0.13232487331085485
3508,-0.21433996536115396
3509,-0.06586742227507125
3510,-0.012848141927592316
3511,-0.5050949207318842
3512,0.06899286672504701
3513,0.07076906633334268
3514,0.10037917937559637
3515,0.10648347472772546
3516,0.14981227120187102
3517,0.23867448411340098
3518,0.11014357552669729
3519,0.0710357710133338
3520,-0.040821993329779094
3521,-0.08053885998785226
3522,-0.04621284162941253
3523,0.07796153893592805
3524,0.03681397199319836
3525,0.08374298699674165
3526,0.11253691667991328
3527,0.04595729997331466
3528,-0.02634882906556868
3529,-0.022086786860792795
3530,-0.0854335540952813
3531,-0.04703494740338865
3532,-0.031657318959537495
3533,0.0029197100180877733
3534,0.005813969696407906
3535,-0.11995931138474747
3536,-0.2555249513028959
3537,-0.11620200245979273
3538,0.17757094632453185
3539,0.13005312340886377
3540,0.07709007913443022
3541,0.09531017687177323
3542,-0.1620015491457516
3543,-0.10919928798621248
3544,-0.12695962225470447
3545,-0.10584582988909164
3546,-0.039609136133684775
3547,0.5198754388108888
3548,0.04405998849963266
3549,0.022728250431811592
3550,-0.0284919549824596
3551,-0.16626616081269852
3552,-0.15871168528451385
3553,-0.07042246137809105
3554,-0.05741090467724863
3555,0.013544224496261137
3556,0.06509889938511337
3557,0.10745914803379009
3558,0.10044277942468893
3559,-0.23343522837700226
3560,-0.37783314965644577
3561,-0.11307713708951805
3562,0.22595647844806566
3563,0.15093523510268758
3564,-0.10697211409790564
3565,0.10697211409790564
3566,0.014388736761968612
3567,-0.10008345354445147
3568,-0.14107859028542435
3569,0.06453851734969263
3570,0.10763065839459207
3571,0.5968160486909935
3572,-0.016997575887029992
3573,0.011363758327473938
3574,-0.002828856120453249
3575,-0.031657318959537495
3576,-0.04485056482407801
3577,0.04192230513073669
3578,-0.057330930008721026
3579,-0.009360442467501784
3580,-0.051458295620137484
3581,0.0032948957882887875
3582,-0.1640681106196511
3583,0.1900435961794571
3584,-0.3136575470466747
3585,-0.20898979368171178
3586,-0.17049980778027818
3587,0.10343558094914629
3588,0.2266057473221621
3589,0.14156355823883793
3590,0.11332868102128923
3591,-0.05129329250785153
3592,-0.13245784989152876
3593,-0.02169282367006531
3594,0.157903023039343
3595,-0.3402245710613685
3596,0.06618190351080644
3597,0.00980399961602485
3598,0.1063356448951942
3599,-0.031182926047468307
3600,-0.046304565897190564
3601,0.004728140972392492
3602,0.02331107778158481
3603,0.07114109686074688
3604,-0.16783471698474584
3605,0.030002248803461473
3606,-0.11470894178842705
3607,-0.22176327512835403
3608,-0.02090668336229573
3609,-0.021353122950658054
3610,-0.014493006252312313
3611,0.09729890421926468
3612,0.15320414881624433
3613,0.20941334776707565
3614,-0.10689778977761089
3615,-0.1490355709187301
3616,0.0235304960259195
3617,0.028655254118016504
3618,0.17570839179842768
3619,0.25761365094556554
3620,0.11411330281712306
3621,0.0785332709564237
3622,0.0
3623,-0.111758917480699
3624,-0.10311079225441144
3625,-0.15352664863107135
3626,-0.2463361855156858
3627,-0.22454116151670034
3628,-0.10303221830892584
3629,-0.03149866457875117
3630,0.0
3631,-0.07472353998904024
3632,-0.03509131673245269
3633,0.09368547609242261
3634,0.09309041583927335
3635,0.15732024380560317
3636,0.15776078281427353
3637,0.18232154778494625
3638,0.10265414966544473
3639,-0.10265414966544473
3640,-0.13481921630760496
3641,-0.010362786498605114
3642,0.0655146038077814
3643,0.2567198358031755
3644,0.13069718676538145
3645,0.1475061325674356
3646,0.1285188473551777
3647,0.06328144840679784
3648,-0.5282725209546175
3649,-0.1098148613643497
3650,-0.07410796871965575
3651,-0.11179140030159918
3652,-0.11980119297000158
3653,-0.043350438188535456
3654,-0.05195973555518396
3655,-0.2399506515514962
3656,0.07350245598732164
3657,-0.09059688788548792
3658,0.07472353998904024
3659,0.20863885004639426
3660,0.2462511121507167
3661,0.22618459761439746
3662,-0.020450609634806494
3663,-0.09077502071237875
3664,0.004514680150702777
3665,-0.09440968001116978
3666,0.21319321095609167
3667,0.4749911556323969
3668,0.1520162037905255
3669,0.0
3670,-0.13231113319657073
3671,-0.07598590505237679
3672,-0.11712535396740353
3673,-0.12931375259608435
3674,-0.10648347661930035
3675,-0.06979575922808268
3676,-0.05786737992800006
3677,0.004246290701141131
3678,0.1271551704257985
3679,-0.20649190916364146
3680,-0.2545963345659783
3681,-0.16008540507422664
3682,0.013793321181041929
3683,0.12233884430515474
3684,0.11980119297000158
3685,0.24652398821163946
3686,0.20448312082657605
3687,0.15512867009417297
3688,-0.14152301850118576
3689,-0.19319122183103588
3690,-0.15963013849856766
3691,0.5317588136041214
3692,-0.06717853579381883
3693,0.09228445622451709
3694,0.16472035713322253
3695,0.004662012997139531
3696,-0.17768117271548878
3697,-0.3254223897508677
3698,-0.27747788997765666
3699,-0.23334770814730943
3700,-0.07312225996601018
3701,0.020478529945591184
3702,0.13268643276298908
3703,-0.23954957068494842
3704,-0.2556201180927111
3705,0.08376987526379498
3706,0.026433254738963186
3707,0.1529076592580063
3708,0.22015399771921862
3709,0.23386430857243745
3710,0.1494000704916223
3711,-0.033198068031829564
3712,-0.06538275641189939
3713,-0.12456271666639962
3714,-0.14821593615625472
3715,0.13795943651504938
3716,0.09811785114110361
3717,0.036701365166501354
3718,0.056908129780025796
3719,0.03347592779546149
3720,0.02439145213253857
3721,0.062276927096720947
3722,0.05505977516146432
3723,0.055569849224308854
3724,-0.02393276539333611
3725,-0.003466207856340109
3726,0.07683242947540725
3727,-0.29305552956381753
3728,-0.21029539874832004
3729,-0.21256142938568923
3730,0.10008345229131876
3731,0.11247797709437046
3732,0.1295340457293852
3733,0.194705607726243
3734,0.11949097366969408
3735,0.036855091154198494
3736,-0.14107859327585448
3737,-0.12921172625534627
3738,-0.1686227045188331
3739,0.46167823408265063
3740,-0.026060105820905566
3741,0.0762273629656236
3742,-0.10978755833153331
3743,-0.14283833675814472
3744,-0.1902267280520995
3745,-0.1766235264801832
3746,-0.07673378969987832
3747,-0.024845997043142276
3748,0.06689423076047829
3749,0.1268917448445661
3750,0.1534102059305078
3751,0.1172890816043477
3752,-0.2758941041420977
3753,0.04580953369920504
3754,0.076592441813089
3755,-0.03278982128689245
3756,0.09962983643324197
3757,0.09844006877230482
3758,-0.019724504569641255
3759,-0.22214802116210208
3760,-0.11591909610364359
3761,0.06488761869597459
3762,0.10431284143917319
3763,0.2638145801072107
3764,0.05635293456582291
3765,0.07263918124053026
3766,0.052725387833155946
3767,-0.06554607585128647
3768,-0.05639968659049677
3769,-0.07805378536669005
3770,-0.1340586744508463
3771,-0.2975761314728911
3772,-0.18687736165484736
3773,-0.04196419616361169
3774,-0.036367641525372196
3775,-0.16034263719273278
3776,-0.008733679205978007
3777,0.0344861730976338
3778,0.05762910809087396
3779,0.08434114196316322
3780,0.16251891846836397
3781,0.16657319023586892
3782,0.026111142640024898
3783,0.2086053831627952
3784,-0.09656619414910628
3785,0.07968815707394183
3786,0.04980282041645667
3787,0.11462916517461474
3788,-0.01821543922771829
3789,-0.007380107025291238
3790,0.014706146849008395
3791,-0.05244647340735442
3792,-0.07588469449263524
3793,-0.07315087848653423
3794,-0.04100802185860619
3795,-0.023530496302774484
3796,-0.009569450558275072
3797,0.0
3798,0.004796172033459722
3799,-0.029128271508829684
3800,-0.3715635342649972
3801,-0.13762136733740693
3802,0.04800921534414826
3803,0.17185024459113363
3804,0.1856056208504806
3805,0.1886765392803924
3806,0.08247621824203621
3807,-0.01680711761016651
3808,0.04555652971531554
3809,-0.02459140212937605
3810,0.0
3811,0.17119487080045692
3812,0.1904469581745709
3813,0.1697183801291393
3814,0.10633564735561318
3815,0.05959209593357784
3816,-0.03148213760954777
3817,-0.08217717837598215
3818,-0.4924764703671549
3819,-0.2726441832147848
3820,-0.12715516873931598
3821,-0.01709443238521091
3822,0.06669137079084919
3823,-0.18879406012794897
3824,0.05064372961208541
3825,-0.05715841020886714
3826,-0.05370417536582117
3827,0.16492980359610154
3828,0.16164134282812803
3829,0.08576681766828154
3830,0.04027389733548903
3831,0.03871451051513386
3832,0.15234071861981047
3833,-0.07132477814330862
3834,0.10341309155064415
3835,0.13747098612192366
3836,0.20150437062968907
3837,0.12663264795979767
3838,0.08847872681843816
3839,0.010030174158726979
3840,-0.16923391835800494
3841,-0.18943901963205212
3842,-0.18805222559160972
3843,-0.14045183026931563
3844,-0.14493401853331456
3845,-0.132221628257998
3846,-0.04826673838080087
3847,0.037740325947845044
3848,-0.20479440062100185
3849,-0.06713929832824928
3850,0.060624617731467545
3851,0.11122562823028037
3852,0.13645109526873345
3853,0.030153036655229837
3854,0.11226729661391888
3855,0.04329680387841783
3856,-0.1408218194795956
3857,-0.07598590312683129
3858,0.04124295640752074
3859,0.3212047506154114
3860,0.05348868304317156
3861,-0.03533936519630787
3862,-0.03663413183757047
3863,-0.11452342405177518
3864,-0.17315863596219527
3865,-0.13851892674394906
3866,-0.14750612802628194
3867,-0.1652495609954734
3868,-0.10709812672484631
3869,0.008658061993489508
3870,0.09059688788548792
3871,-0.24906721405405952
3872,-0.030771655510188456
3873,0.1451819957679228
3874,0.11075135484777476
3875,0.1564521651358941
3876,0.16492980359610154
3877,0.10008345298750321
3878,0.020943172748661976
3879,-0.09220618886202381
3880,-0.05849620325882654
3881,0.1913171092128132
3882,0.048553223059111694
3883,-0.08916794015107454
3884,0.1354725060482651
3885,0.052875749717533616
3886,0.012793350914336088
3887,0.0
3888,-0.0656691006318697
3889,-0.09485778895630226
3890,-0.08294907867794121
3891,-0.07286134417939127
3892,-0.05989813799220878
3893,-0.044171215525403706
3894,0.0
3895,0.28445103589789555
3896,-0.2464717902370066
3897,-0.05752384046051473
3898,0.08206494787089147
3899,0.0702042545643633
3900,0.08654045164735313
3901,0.025576840481228658
3902,-0.015267471353787698
3903,-0.19159518274953413
3904,-0.07076906633334268
3905,0.1426562915383256
3906,0.10939858841711025
3907,0.37566446420257815
3908,0.12054710050208772
3909,0.11039513595933981
3910,0.06294827259084768
3911,-0.1796725434015447
3912,-0.0861459478571569
3913,-0.07543970489021845
3914,-0.06553403885186837
3915,-0.00800004234707119
3916,0.03162318718037538
3917,0.08927858111520903
3918,0.14547050817803386
3919,-0.0030816664424415663
3920,-0.3297050501723717
3921,0.03375847850027558
3922,0.03265596164091944
3923,0.05470113357522788
3924,0.12493944986187344
3925,-0.0033613475897182887
3926,0.06831924175398463
3927,-0.03520363406623073
3928,-0.06388726530231903
3929,0.027398973249676217
3930,0.029952321286452754
3931,0.47000361695065385
3932,-0.0102987519884441
3933,-0.06633447240038137
3934,-0.04757408865052115
3935,-0.11027071793403742
3936,-0.1597796142110579
3937,-0.10908239092238414
3938,-0.06295784794970327
3939,-0.07494141848269598
3940,-0.072612530033211
3941,-0.012631746374023312
3942,0.04555652971531554
3943,0.1877051429486447
3944,-0.3171961204390432
3945,-0.19811379315154864
3946,-0.05781956754479234
3947,0.09097177302974346
3948,0.1510402497940122
3949,0.03218668501579858
3950,-0.009090971288020722
3951,0.013605651438723498
3952,-0.02278002729391604
3953,0.00917437585519254
3954,0.1482625309100145
3955,0.4591178071060278
3956,0.0765924436472365
3957,0.02502974749627107
3958,-0.022728250560960728
3959,-0.06899286984491493
3960,-0.19222262255646205
3961,-0.16164134631944327
3962,-0.07654007433126564
3963,-0.03861483463648874
3964,-0.04427282189580373
3965,-0.025001301163587897
3966,0.04132819378458308
3967,-0.1294909774903985
3968,0.02278002729391604
3969,0.004494389385843345
3970,0.08176595117583263
3971,0.008230498797808128
3972,-0.06782259346271857
3973,-0.07275935097226638
3974,0.02331107778158481
3975,-0.09163031842382319
3976,-0.010152370948660394
3977,0.12004803651569684
3978,0.1890859490868113
3979,-0.00751883213136173
3980,0.01869213231334088
3981,0.08175064711134805
3982,0.09437893345354897
3983,0.1362450945404894
3984,0.055350093623919516
3985,0.07410797032222005
3986,0.07784248498084212
3987,0.07016692354869125
3988,0.07131733956891084
3989,0.03936778205291391
3990,0.04493118646272798
3991,-0.3036257166140861
3992,-0.4198538331379038
3993,-0.05588045631216465
3994,0.022728250216563328
3995,-0.04991438946481752
3996,-0.011881327416193965
3997,0.007936549280790572
3998,0.02729214122385404
3999,-0.023347363088450646
4000,-0.04839653890961504
4001,-0.09986599200039947
4002,-0.03721359460916984
4003,0.3684536285248661
4004,0.08783071061617687
4005,0.014903405058343644
4006,0.05468988472202607
4007,0.051853360194795695
4008,0.0210534086437546
4009,0.01806500693141988
4010,0.03270731715281183
4011,-0.004962789218982522
4012,0.007434978303254347
4013,0.0024660924343775648
4014,-0.06093254944768889
4015,-0.06768482499374251
4016,-0.30178666876573956
4017,-0.1914540323644558
4018,0.018182318256676044
4019,0.08626034056167597
4020,0.0794067744500353
4021,-0.046883584066789386
4022,0.011928570390965731
4023,0.011787955288850682
4024,-0.04391923218100935
4025,-0.23340004075133391
4026,0.04534781769315144
4027,0.23975359537843666
4028,0.0038684766282686134
4029,0.12334454283718399
4030,0.0
4031,0.05639968659049677
4032,0.05032508230429755
4033,0.062427396723748974
4034,0.0
4035,-0.04418980972833264
4036,-0.018237586995416333
4037,0.018237586995416333
4038,0.03259547728348844
4039,-0.21371293403203762
4040,-0.2079170956395573
4041,-0.06899286831234841
4042,0.04196419714208499
4043,0.09156718953005694
4044,0.016529301268150665
4045,-0.020704672504293864
4046,0.11452342405177518
4047,0.054459915154636995
4048,-0.15650916549992644
4049,-0.042200352709242495
4050,-0.07609934013046749
4051,0.0889474820580598
4052,-0.0390505131772767
4053,0.008810629294016437
4054,-0.04027389733548903
4055,-0.04196419714208499
4056,-0.024097550417620184
4057,0.05226842606156534
4058,0.06713929983137579
4059,0.07101103267572606
4060,0.08499320954784917
4061,-0.06108768964679667
4062,0.14283833675814472
4063,-0.16271970652140988
4064,-0.33566933015349054
4065,0.02222313554998978
4066,0.14785143884758156
4067,0.09487923390032682
4068,0.05859416181301125
4069,-0.008163310305960625
4070,-0.020704672504293864
4071,0.02886798281025449
4072,0.05918886905410048
4073,-0.03906746666444816
4074,0.11999395400650537
4075,0.7010662538516876
4076,-0.016792263482605208
4077,-0.04186234459886373
4078,-0.04175179388773742
4079,-0.0077821402906499415
4080,0.025073637068484977
4081,0.013245226499394303
4082,-0.05804336852658887
4083,-0.12729023490991542
4084,-0.12516313993741512
4085,-0.07726877873100557
4086,-0.0027739268057787037
4087,-0.08096906019096295
4088,-0.29980342245420166
4089,-0.25305809618011876
4090,-0.059316573956885055
4091,0.10536051010227077
4092,0.15272107993611916
4093,0.18731620843677943
4094,0.20518974109593247
4095,0.10187618876771909
4096,-0.15546043330629278
4097,-0.12353347876378518
4098,-0.013937507358138479
4099,0.07109591927574987
4100,0.12285366932733899
4101,0.12737083335509558
4102,0.06406130647393216
4103,0.03747511028870365
4104,0.004587163901695668
4105,0.02262539900604832
4106,0.04377066209724001
4107,0.0861187571147144
4108,0.10083160970479188
4109,-0.1307441084708425
4110,-0.05620625834866377
4111,-0.332198717406361
4112,-0.07433761734223765
4113,0.0032102755271892214
4114,-0.06624938334590746
4115,0.08214796890816523
4116,0.11883400436782132
4117,0.12120077696973519
4118,0.0809966312183068
4119,0.011376686723247431
4120,-0.12773053537674572
4121,-0.02340809028916624
4122,-0.15021107755792773
4123,0.29225873172920336
4124,0.1830822985416205
4125,0.053666900015335806
4126,-0.1514516199117506
4127,-0.23527129787949264
4128,-0.26236425650993134
4129,-0.18508398247884772
4130,-0.07315087848653423
4131,-0.022574321019295684
4132,0.004555816328305706
4133,0.06169356628583733
4134,0.13566585973154588
4135,-0.1271551704257985
4136,-0.2273898313770535
4137,-0.11247797709437046
4138,-0.01197619032956121
4139,0.09749835888872305
4140,0.15648985426459383
4141,0.16741346650238897
4142,0.12260231753167572
4143,0.05443520470256491
4144,0.026145279249804254
4145,0.08053885998785226
4146,0.13353138890428484
4147,0.32787886429817714
4148,-0.02085383588784362
4149,-0.1113383279575535
4150,-0.10369642164682302
4151,-0.11837703328285087
4152,-0.13124218528055165
4153,-0.13005312401378033
4154,-0.12562620846955275
4155,-0.09059689161885753
4156,-0.04857466800313626
4157,0.013483349731274963
4158,0.12961748787621596
4159,-0.13858615745678815
4160,-0.15040394651467404
4161,-0.0265267529260087
4162,0.06252035372294351
4163,0.11441034571773923
4164,0.14639869688840124
4165,0.14465604866700765
4166,0.09316523956882117
4167,0.03021377768355471
4168,0.10446725672835822
4169,0.03166491380834335
4170,0.1493152567231233
4171,0.1493452854487778
4172,0.09460928439690264
4173,0.0
4174,-0.006153865466177244
4175,0.006153865466177244
4176,0.0
4177,0.0
4178,0.0
4179,0.0
4180,0.0
4181,0.0
4182,-0.11406515063372602
4183,-0.4703966219701705
4184,-0.5416955350943398
4185,-0.18340321178368546
4186,0.006472514086681702
4187,0.10986647086587187
4188,0.2266057473221621
4189,0.21481401715315185
4190,0.12560039261773692
4191,0.09082921352252304
4192,-0.018127384044871686
4193,0.11778303226885001
4194,0.07061756536620756
4195,0.35541151233855084
4196,0.009687437985057556
4197,0.0
4198,-0.05124716694078302
4199,-0.04915923502842334
4200,-0.0640218574836191
4201,0.04839653988573289
4202,0.11603171956709257
4203,0.0
4204,0.0
4205,-0.006153865466177244
4206,-0.09038405979993458
4207,-0.12092502971746466
4208,-0.4906955269261033
4209,-0.2723786431701116
4210,0.027651530056083562
4211,0.07020425559158472
4212,0.11211729362661282
4213,0.08701137383306401
4214,0.18058393115869897
4215,-0.14981227354413384
4216,-0.0916133146926632
4217,-0.15108036129591484
4218,-0.10393091814763933
4219,0.3566749296530185
4220,0.11034805368627865
4221,0.09666610946498544
4222,0.08066790096718401
4223,0.03440142587192163
4224,-0.08044536319531792
4225,-0.015831464798946815
4226,0.03911841557517448
4227,0.02774452793382931
4228,0.04141883029384319
4229,0.05343896091364675
4230,0.05287575088274066
4231,-0.2748887142025116
4232,-0.10410580724955487
4233,-0.13756998447094704
4234,-0.029199153626448204
4235,0.02197890591362217
4236,0.07333127052369903
4237,0.05884049809893188
4238,0.13353138865626857
4239,0.06193095606237309
4240,0.012970350106162876
4241,-0.018205964023049415
4242,-0.07633131611151134
4243,0.06312108472373046
4244,-0.11545860830982635
4245,0.060800197266105194
4246,0.06524052009430292
4247,0.06371581276167637
4248,0.004926118214722663
4249,0.02666824643558119
4250,0.064837517993388
4251,0.08794516917488204
4252,0.07131733956891084
4253,0.04669382201080863
4254,0.03936107317626547
4255,-0.15737223475598494
4256,-0.299386157582759
4257,-0.22591747117554428
4258,-0.08323065113609696
4259,0.047891285939789086
4260,0.049132686852996876
4261,0.08529757771186075
4262,0.08438738973274074
4263,0.039665255268475086
4264,0.008298802585126719
4265,-0.06252035520403032
4266,0.011661939407836996
4267,0.4968148753475701
4268,0.006153865466177244
4269,0.0
4270,0.0
4271,0.0
4272,0.0
4273,-0.016792263482605208
4274,-0.09923945608448737
4275,-0.06716664217624846
4276,-0.045217605019493234
4277,-0.033597784213565074
4278,-0.004566217875329404
4279,-0.5544802390064643
4280,-0.1688666571305979
4281,-0.019048194063582713
4282,0.10487962603359602
4283,0.004319660957921023
4284,-0.08076135301893483
4285,0.013921337872585315
4286,0.09656619414910628
4287,0.052965533421448274
4288,-0.08701137338212606
4289,-0.07644169206101381
4290,-0.014117880881391986
4291,0.2685427210796032
4292,0.11939204238454115
4293,0.012779726238089761
4294,0.05256232846530562
4295,-0.05893177654793558
4296,-0.10784851756810054
4297,-0.09709112054682212
4298,-0.07320340104488876
4299,-0.056414086831327204
4300,-0.09844006819502571
4301,-0.0402064184570734
4302,-0.015504185734683151
4303,-0.26706276930516903
4304,-0.1076306564620011
4305,-0.10367842119880422
4306,0.08841095023351686
4307,0.18871134166391723
4308,0.04969966546406601
4309,0.058840496559730227
4310,0.06096069641027135
4311,0.016000340493052878
4312,-0.016000340493052878
4313,0.06252035372294351
4314,0.14107859161450476
4315,0.08408311367347299
4316,0.1320181464913639
4317,0.04152845725919807
4318,0.05602782962263975
4319,0.00956945071090054
4320,-0.03883983205899533
4321,-0.12274582068838003
4322,-0.09381875154748132
4323,-0.06782259346271857
4324,-0.06336961106326688
4325,-0.04785601888699942
4326,-0.024815167888075695
4327,-0.31657106358965814
4328,0.0136988434198555
4329,0.04000533194596567
4330,0.03846627836140115
4331,0.01250016198295123
4332,-0.01250016198295123
4333,0.06689423076047829
4334,0.057158410571974905
4335,-0.051293291463573976
4336,-0.20718960990905533
4337,0.03533936394730741
4338,0.313390410478966
4339,0.2501857487538026
4340,0.11558474511926153
4341,0.0
4342,0.04138521473537082
4343,-0.027398973249676217
4344,-0.08701137383306401
4345,-0.16430304452720756
4346,-0.2758476006241062
4347,-0.23795862129601542
4348,-0.09381874787730826
4349,-0.0944908352980458
4350,-0.1043600054143341
4351,0.2231435313142116
4352,-0.0325231890609321
4353,0.0325231890609321
4354,0.09166718151852526
4355,0.20991777527384636
4356,0.023392878206576206
4357,-0.023392878206576206
4358,0.04058527776166265
4359,0.0224728545894326
4360,0.005540180068678513
4361,0.07961762373648096
4362,0.1335313862469718
4363,0.16430304452720756
4364,0.015037876799185668
4365,0.02578411620591803
4366,-0.06381151034890031
4367,-0.0891277762828162
4368,-0.13595563006522138
4369,-0.08612914936357541
4370,-0.08845541566844828
4371,-0.10343558094914629
4372,-0.07312225996601018
4373,-0.06407885212062814
4374,0.0
4375,0.21130907966160573
4376,-0.055059773813755264
4377,-0.16362941260081065
4378,-0.045462370631451865
4379,0.21536139585277603
4380,0.21309320346575955
4381,0.09163031842382319
4382,-0.028039218753977302
4383,0.004728140972392492
4384,0.14058194443498495
4385,0.08632808009887549
4386,0.20032886672328454
4387,0.14842000087424134
4388,0.02359218139835706
4389,-0.058683500262298516
4390,-0.10109611394875939
4391,-0.1902556780998057
4392,-0.22130699440005497
4393,-0.1587483811840067
4394,-0.11980119297000158
4395,-0.043350438188535456
4396,0.031155165838349763
4397,0.04791335282573694
4398,0.1053605098098731
4399,0.25014414148474406
4400,-0.1265301916375181
4401,0.018433700839310507
4402,-0.02777956282081906
4403,0.10253963474070948
4404,-0.02141409358665447
4405,0.10275972973022585
4406,0.07522341840697155
4407,0.0
4408,0.017953802971900412
4409,-0.12492591843337175
4410,0.012024192484858531
4411,0.17164054109003013
4412,0.04590969979831305
4413,0.14031919648266777
4414,0.030180616321865195
4415,0.01608613732034181
4416,-0.07451721912991704
4417,-0.05901416969521334
4418,-0.037155975737486635
4419,-0.01589858556225776
4420,0.00956945071090054
4421,0.009478743655052746
4422,0.060994510842099725
4423,-0.14629208855396048
4424,-0.18369235202204548
4425,0.01632689262099518
4426,0.012072580748439421
4427,-0.07904320405040943
4428,-0.026317307162972536
4429,0.03493804983529092
4430,0.012793350914336088
4431,0.06559727979547159
4432,0.07268973058610717
4433,0.10830819270738257
4434,-0.033673213972595484
4435,-0.006872879051578629
4436,0.321583614644704
4437,0.0884686458709032
4438,-0.06377603389028774
4439,0.019324272359603434
4440,-0.00239521066858428
4441,0.00239521066858428
4442,-0.00239521066858428
4443,-0.014493006952482013
4444,-0.022141125332491907
4445,-0.030305348729925186
4446,0.012739025452860098
4447,-0.5193002335202279
4448,0.021053408311307642
4449,-0.143100837230417
4450,-0.18424647547699458
4451,-0.12941106566549765
4452,-0.08940658156261261
4453,0.07616135568978466
4454,0.3459509610789029
4455,0.11568439384645757
4456,0.07680540811744452
4457,0.03442022256995836
4458,0.01862251140438609
4459,-0.041437188303004024
4460,-0.14458122282820174
4461,-0.03620304702545596
4462,-0.12240197551229404
4463,-0.07010956240443855
4464,-0.057487087612005716
4465,-0.005934735167602678
4466,-0.06136894260896275
4467,-0.16475522174032964
4468,-0.18830958317535407
4469,-0.15565329453872723
4470,0.031090583847690034
4471,0.8830926026178401
4472,0.012578781679434048
4473,-0.03390155023889996
4474,-0.04405998785243348
4475,-0.07966739899842867
4476,0.009708813655651571
4477,0.09223121995971839
4478,0.08443831557954118
4479,-0.06265096234404899
4480,-0.07145896078929681
4481,0.04967160755380462
4482,0.03888178586422564
4483,0.4842031678918155
4484,0.10169846352655698
4485,-0.14165051347401958
4486,0.06317889995782267
4487,0.08552217134716189
4488,0.06351340428114405
4489,0.01526747179778809
4490,0.02353049690682152
4491,0.04344012779725537
4492,0.03383407234233893
4493,0.025122093631835263
4494,0.005708864111682921
4495,0.07931261931391953
4496,-0.193780470849914
4497,-0.2500993552569293
4498,-0.26784372184023564
4499,-0.18805222411377764
4500,-0.133531386466887
4501,-0.10371982081664166
4502,-0.03900215562989651
4503,-0.05849620325882654
4504,-0.062131777245406195
4505,-0.0064308899167255795
4506,0.08053885749169298
4507,0.23732817373071446
4508,-0.018957912846081282
4509,-0.004796172033459722
4510,-0.01941808491441721
4511,-0.07637297489412909
4512,-0.09425253301670766
4513,-0.07859026983967476
4514,-0.07169192378163114
4515,-0.020478529945591184
4516,0.05370417536582117
4517,0.0994607873427591
4518,0.08503703786214079
4519,-0.3022808526913492
4520,-0.04512043188680481
4521,-0.15800423597623592
4522,0.0
4523,0.02666824471136975
4524,0.008733679205978007
4525,0.05908891138069805
4526,-0.06782259058667606
4527,-0.04485056214153138
4528,-0.06637506264877668
4529,0.14571179788794186
4530,0.25319587742432415
4531,-0.013245225872827948
4532,0.2674793494880041
4533,0.020202706297111295
4534,0.00498754126228329
4535,-0.11591909610364359
4536,-0.1569478749547648
4537,-0.026491613692359195
4538,-0.04110167286957633
4539,-0.1588235734895087
4540,-0.14058193824878096
4541,-0.14165050270699853
4542,0.03208831111900645
4543,-0.06524051477200876
4544,0.022223134315269455
4545,0.0842603347377322
4546,-0.020408869548524944
4547,0.16148745451762903
4548,0.04292504103134931
4549,0.041158069105055706
4550,0.1564521651358941
4551,0.027212561673461977
4552,0.013333529980536607
4553,-0.013333529980536607
4554,0.09592011574025516
4555,0.0417971261823844
4556,0.13133599486360614
4557,0.12967781707152692
4558,0.134656879471291
4559,0.08306659556041884
4560,0.07333127052369903
4561,0.05884049809893188
4562,0.0495457350168782
4563,-0.021374858932016405
4564,0.012270092215421524
4565,-0.012270092215421524
4566,0.024391452380443823
4567,0.21831261813713754
4568,-0.20633642744899916
4569,-0.31177961314234004
4570,-0.08479653306269563
4571,-0.0498969688807831
4572,0.04100802185860619
4573,0.056414086831327204
4574,0.06532934492398823
4575,0.06503246778220007
4576,-0.06108768964679667
4577,-0.056695341379957576
4578,-0.04691691778629625
4579,0.5993641985572555
4580,-0.0072202477997129755
4581,-0.0048426243585324436
4582,-0.1102267024805732
4583,-0.1362450945404894
4584,-0.11159106174214095
4585,-0.07197349703387834
4586,-0.04191089401856418
4587,-0.023623144833304188
4588,-0.012024192484858531
4589,0.004024150137787341
4590,0.05089160530368542
4591,-0.0794067744500353
4592,-0.2159381576332029
4593,-0.113944253160005
4594,0.14921239022036215
4595,0.17237121810250322
4596,-0.0253178069159139
4597,0.06613979976950235
4598,0.031498665819061245
4599,0.06744127826772672
4600,0.010810915714625224
4601,-0.05526267663855533
4602,-0.08288765653229246
4603,0.6617966307550289
4604,0.033406028368630825
4605,-0.10833092563758573
4606,-0.15300716534180792
4607,-0.15860502559330536
4608,-0.14069987738191214
4609,-0.11823277254805342
4610,-0.11576078530690026
4611,-0.04176941093747555
4612,0.06867686265064243
4613,0.07663322275673501
4614,0.1304528833850518
4615,-0.3965124793313386
4616,0.07219628747979767
4617,0.12604071500377056
4618,0.10404385543912209
4619,0.04255961277189213
4620,0.07654007433126564
4621,0.00350263042851795
4622,0.06103588851607089
4623,0.032365283454428795
4624,0.015798116377419902
4625,0.0725393421876519
4626,-0.06628932203779536
4627,0.2759310484042765
4628,0.034846730520556424
4629,-0.12897557294568607
4630,-0.17249981360528377
4631,-0.1603426447074927
4632,-0.16081534525168406
4633,-0.0705137812187493
4634,-0.03721359460916984
4635,-0.048553223059111694
4636,-0.025190247559394585
4637,0.020202706297111295
4638,0.06765864520278697
4639,0.14341231536298382
4640,-0.04555652971531554
4641,-0.08855339341803026
4642,0.11778303051235062
4643,0.18711115865394845
4644,0.1036525699522084
4645,0.05098555320340292
4646,-0.04485056482407801
4647,-0.0795331509908408
4648,0.009884758906844482
4649,-0.08195710447336246
4650,-0.1289663278071278
4651,0.21745940304668032
4652,-0.039872389922362306
4653,-0.017094432774846346
4654,0.10467061913703057
4655,0.09191650866159984
4656,0.01963597396602479
4657,-0.0630581341591161
4658,-0.05472489802504521
4659,-0.0253178071830078
4660,-0.03922071187123022
4661,-0.03735578527502614
4662,0.057158411917611396
4663,-0.14763599360701551
4664,-0.08288765653229246
4665,-0.004123717013811312
4666,0.07558267815786923
4667,0.10190627707763866
4668,0.06042105744597892
4669,0.0064935290997181205
4670,-0.046365919022080426
4671,0.052817554095450525
4672,0.04095060232295156
4673,-0.19349485080309403
4674,-0.23066237401160938
4675,-0.07847161159089877
4676,0.044895317667970946
4677,0.056887371704512635
4678,0.1455555793490131
4679,0.1547196641743387
4680,0.07872916227626225
4681,-0.04187407112206376
4682,-0.08940658463909834
4683,-0.11823277254805342
4684,-0.06265096234404899
4685,-0.07145896078929681
4686,-0.12825432918839663
4687,-0.1053605098098731
4688,-0.26646621544516425
4689,0.037457559728434564
4690,0.12429770808323104
4691,0.194156002981829
4692,0.14878872929288667
4693,0.14156355823883793
4694,0.09893994408678797
4695,-0.00362976791882641
4696,-0.01834913799479576
4697,0.029199153626448204
4698,0.04225980780141825
4699,0.017094432774846346
4700,-0.034486174881755094
4701,-0.046687112295666466
4702,-0.08434114519845703
4703,-0.12783336605533968
4704,-0.12576938119718717
4705,-0.08607460413785972
4706,-0.06378973417486611
4707,-0.06174800325441954
4708,-0.06581321423662878
4709,-0.07777769554048364
4710,-0.04512043188680481
4711,0.03774032513384462
4712,0.05756984767747397
4713,0.006968668830467983
4714,0.020619285785501873
4715,0.13946611928872477
4716,0.14821593615625472
4717,-0.06862850276469556
4718,-0.1343123297524036
4719,0.024692611065981307
4720,0.0
4721,-0.030962223686494816
4722,-0.03195159776461942
4723,0.50822481619337
4724,-0.08559192684471251
4725,-0.10772737582791914
4726,-0.17570839179842768
4727,-0.24167578399786738
4728,-0.29008300977792123
4729,-0.2135740774042887
4730,-0.12675168955162963
4731,-0.0993724596946095
4732,-0.09381874053696215
4733,-0.10354066105708792
4734,-0.01834913530119353
4735,0.30147534638524043
4736,0.053345973589122186
4737,0.05064372640541581
4738,0.03636763976170432
4739,-0.10008344602565566
4740,0.2018661288148622
4741,0.07257068530795419
4742,0.07696103372872187
4743,0.009216654255450596
4744,-0.06637506264877668
4745,-0.029852960178796017
4746,0.13226795606322606
4747,0.15541409113603155
4748,-0.14660346223015353
4749,-0.13102825012570385
4750,-0.010050334843400233
4751,-0.06252035046455395
4752,-0.13815032255091086
4753,-0.11778302022428644
4754,-0.07197348926024838
4755,-0.04580952903502644
4756,0.0
4757,0.04580952903502644
4758,0.029413880880098997
4759,0.2657031319165848
4760,0.12516312988211187
4761,0.19530873492671308
4762,0.06252035209374851
4763,0.00754720506577744
4764,-0.08632807670925491
4765,-0.06782259058667606
4766,0.19827546895934534
4767,0.12177186396943807
4768,-0.045610508279653406
4769,-0.2399506515514962
4770,-0.043296802003511825
4771,0.43739812385845767
4772,-0.2303120259932343
4773,-0.18088372775987782
4774,-0.11886119199624767
4775,-0.10212948463687788
4776,-0.13815032255091086
4777,-0.09038404978992531
4778,-0.0845573761043763
4779,-0.029852958693353804
4780,-0.015267469799786548
4781,-0.015504184132119292
4782,0.04580952903502644
4783,0.40047751734339987
4784,-0.020202705276703092
4785,0.04976150460562678
4786,0.13595562389441396
4787,0.15656904840954633
4788,0.06995858371071018
4789,0.03974032601701172
4790,0.03195159776461942
4791,0.0
4792,-0.02547908367793772
4793,-0.03278982067245373
4794,-0.02702867056143532
4795,0.06624938115061463
4796,-0.06624938115061463
4797,-0.0709517309360237
4798,-0.06846779406671555
4799,-0.10798862908495543
4800,-0.15123095540240694
4801,-0.08515779927001299
4802,-0.04546236890879918
4803,-0.023530494641645472
4804,-0.04879015821705179
4805,-0.012578780624581398
4806,0.10788894906527169
4807,0.3348475085586635
4808,0.10047052259223355
4809,-0.007380106752960192
4810,0.0986715205470503
4811,0.13771724192263957
4812,0.04572224672448444
4813,0.09072884854424901
4814,-0.005115100405127304
4815,-0.08004270340003217
4816,0.059316573956885055
4817,-0.04278727291642115
4818,-0.05619455518498295
4819,0.05619455518498295
4820,0.0532040332321273
4821,0.06518597661491343
4822,0.09707384420099574
4823,0.10050291743815576
4824,-0.036515211493421074
4825,-0.12296170572817733
4826,-0.14022933427418138
4827,-0.15684246236332955
4828,-0.17106439053553713
4829,-0.1529076592580063
4830,-0.19105521845607498
4831,-0.34918422821900674
4832,-0.061557883523007506
4833,0.33420204299288514
4834,0.0335226882923898
4835,0.1335313788882604
4836,0.2682639639702469
4837,0.23483957568752523
4838,0.17062550791083675
4839,0.08455738405350077
4840,0.21045071596709608
4841,-0.05244647340735442
4842,-0.11394425470730818
4843,0.02972617900275676
4844,0.03292478334129223
4845,0.05129329236325919
4846,0.0
4847,-0.15800424255974166
4848,-0.1986706848954749
4849,-0.1670540746731568
4850,-0.07410796715871726
4851,-0.05756984767747397
4852,-0.10948422427113513
4853,-0.02510591902994186
4854,0.04149972746180364
4855,0.08565543790454688
4856,-0.03030534719911815
4857,-0.14903556679785135
4858,0.1335313814638095
4859,0.1652495609954734
4860,0.19220630444614084
4861,0.22423583973613237
4862,0.0593394372704501
4863,-0.11778303051235062
4864,-0.2815281918240067
4865,-0.024845997043142276
4866,0.03704126939332797
4867,0.36632518118164104
4868,0.08455738462129503
4869,0.003853569167489912
4870,-0.03522869050464461
4871,-0.09610730615833152
4872,-0.17707219241143957
4873,-0.18336921528933825
4874,-0.12014430381315977
4875,-0.043485108787650883
4876,-0.030077452975474372
4877,-0.06301296286379898
4878,0.032002728525518
4879,0.3375964412731136
4880,-0.09418720951108162
4881,-0.19724719355105647
4882,-0.054067217093166864
4883,0.06899286619594669
4884,0.13815032892287293
4885,0.056441307364432536
4886,0.018127383497186678
4887,-0.12078153096531263
4888,0.07169192378163114
4889,0.03704126939332797
4890,0.058840496559730227
4891,0.2378913958509541
4892,0.02227263461694129
4893,0.013129290867190502
4894,0.012959144082699048
4895,-0.04836106956683084
4896,-0.15565330212525996
4897,-0.09373247249081818
4898,-0.09704578325867219
4899,-0.10748590774242173
4900,-0.05841075789043071
4901,-0.022814676031064796
4902,-0.007722045497607244
4903,0.19643338716152448
4904,-0.0590335277108931
4905,0.04621284010369342
4906,-0.08759805341158033
4907,0.174071646070876
4908,0.14821593615625472
4909,0.010152370948660394
4910,-0.020408870589865735
4911,-0.005167969891362922
4912,0.11258821326210455
4913,0.05406721883362886
4914,0.20186614484956955
4915,-0.059057747463081345
4916,-0.04670109122815669
4917,-0.04898938519990681
4918,-0.08739181829391374
4919,-0.10080469427901573
4920,-0.12348105013321486
4921,-0.10854016202379624
4922,-0.12899211142160327
4923,-0.09893994031867237
4924,-0.04082199118692209
4925,-0.03390154880211815
4926,0.0
4927,-0.09015108886157241
4928,0.037041268249817794
4929,0.0702042525099209
4930,0.17807525208872788
4931,0.21602606976621797
4932,0.12851884390937762
4933,0.10937255194157647
4934,0.04836106956683084
4935,-0.09445217464233169
4936,-0.14710011435559434
4937,0.09381875032409015
4938,0.05798725484746248
4939,0.01860518696562652
4940,0.02278002729391604
4941,-0.032039352278034006
4942,-0.033099946861049556
4943,-0.05942341752731606
4944,-0.1541506713238574
4945,-0.1267516975953864
4946,-0.09193748881917951
4947,-0.07696103521020303
4948,-0.04919024015715845
4949,-0.025533299831881795
4950,-0.008658061993489508
4951,0.4083594369814776
4952,-0.023392878206576206
4953,-0.08647359265929566
4954,0.03174869629845123
4955,0.15593479259669607
4956,0.08209735797234918
4957,0.12051601891949071
4958,-0.06308397258307119
4959,-0.12361394984722596
4960,-0.23638876402914377
4961,0.07696103619785744
4962,0.15942772783128634
4963,-0.1471576359922575
4964,0.12588023867683473
4965,0.16332504800195924
4966,0.02702867117026342
4967,-0.10289441834599344
4968,-0.2072604937962308
4969,-0.20067068199413862
4970,-0.16034263719273278
4971,-0.11995930399628607
4972,-0.08167802267050517
4973,-0.0434851072116067
4974,0.01104983496558365
4975,0.4236143886661816
4976,-0.029199152560634545
4977,0.043485108787650883
4978,0.08167802545175862
4979,0.0994607873427591
4980,-0.005934735167602678
4981,-0.10008345229131876
4982,-0.019934213576196846
4983,-0.02033968285806642
4984,-0.0709517309360237
4985,0.028987534772412005
4986,-0.014388736416902859
4987,-0.05971923024231396
4988,-0.015504185334041853
4989,-0.0898563217767765
4990,-0.05264372886541757
4991,-0.0944096755512649
4992,-0.1724692417137872
4993,-0.13858614579807238
4994,-0.0845573761043763
4995,-0.060624612625259644
4996,-0.031748693274258555
4997,0.01600033878627749
4998,0.07637296711324071
4999,0.14994012681437274
5000,0.08489943348327866
5001,0.15082287345551526
5002,0.1043600054143341
5003,0.21045070741840277
5004,0.116971668527869
5005,0.06899286715794739
5006,-0.043350438188535456
5007,-0.06538275498642365
5008,0.0200675617084074
5009,0.04531519327801625
5010,-0.06538275498642365
5011,0.2809023689192438
5012,-0.10763065839459207
5013,-0.19375024047024292
5014,-0.0939318130421456
5015,-0.11211728913251973
5016,-0.18571712850004074
5017,-0.19051830258216196
5018,-0.103989699994538
5019,-0.04196419322819134
5020,-0.058840491364926084
5021,-0.046520008419886905
5022,0.015748354487981064
5023,0.4660896717138221
5024,0.08455738007893832
5025,0.15800423597623592
5026,0.05971923024231396
5027,0.014388736416902859
5028,0.014184633985920403
5029,0.10676796829431057
5030,0.2052631142916148
5031,0.05515181730917629
5032,0.056887371704512635
5033,-0.14878872929288667
5034,-0.021622462844292478
5035,-0.10354067297958913
5036,0.018018504420427295
5037,0.029327613374178885
5038,0.005763704384546209
5039,-0.035091317758725094
5040,-0.08701137157837469
5041,-0.06713929832824928
5042,-0.057158409754981765
5043,-0.05284247738441206
5044,-0.05579135518058287
5045,-0.06782259058667606
5046,-0.008810628905878026
5047,0.06840272103345368
5048,-0.15139963294615155
5049,-0.009661909978204264
5050,0.13595562389441396
5051,0.2399506515514962
5052,0.22580665525851717
5053,0.19728003120092374
5054,0.14600781649970962
5055,0.103849937630216
5056,-0.09259278352799738
5057,-0.053652711435674405
5058,0.07943682764159243
5059,0.17624250484174064
5060,-0.05001041901118386
5061,-0.08352096925793795
5062,-0.07223355474939375
5063,-0.09418721136062125
5064,-0.09038405757548729
5065,-0.10436001036928833
5066,-0.1743533776209687
5067,-0.23361483551734574
5068,-0.24595820811450686
5069,-0.19004358276264322
5070,-0.023530494641645472
5071,0.3894647283592696
5072,-0.03278982013481935
5073,0.02469261055785177
5074,-0.01639380843186178
5075,0.15296933305878602
5076,0.192903653682039
5077,0.14660346621739384
5078,0.15415067261225168
5079,0.08303522516058459
5080,-0.06162113157393012
5081,-0.13111300582394403
5082,-0.10697211409790564
5083,0.08252101942951295
5084,0.13415000690568224
5085,0.1959369511090978
5086,0.19352780168809547
5087,0.05976173284105046
5088,-0.04231943068477717
5089,-0.16234941852717855
5090,-0.22314354283963356
5091,-0.23272317706796963
5092,-0.20067068357861073
5093,-0.0887954927140373
5094,0.007117467262278687
5095,0.132644465796111
5096,-0.11855972690628791
5097,0.08701137116212454
5098,0.1091992853336925
5099,0.10363488403256405
5100,0.1354725060482651
5101,0.06989743656260217
5102,0.0534007745330225
5103,-0.024292691585437787
5104,-0.08999644997364076
5105,0.022173856510922185
5106,0.1764564302466134
5107,-0.13774191973147953
5108,0.17384692306988292
5109,0.11699469902391568
5110,-0.08902084795974385
5111,-0.1645493808805094
5112,-0.27422290625224743
5113,-0.28234870903036935
5114,-0.20382774598038367
5115,-0.11020313000275817
5116,-0.06001800372084887
5117,-0.06385146518920726
5118,-0.022223134315269455
5119,0.10648346905300166
5120,0.04927104415052819
5121,0.18392282200708365
5122,0.20863885004639426
5123,0.194156002981829
5124,0.12547765151130186
5125,-0.00947874350530764
5126,-0.0639037988371065
5127,-0.13570924454642252
5128,-0.2722971354159598
5129,0.05205635808394371
5130,0.17869177688566928
5131,0.3364722193051968
5132,0.12210269182503275
5133,0.18487257211851782
5134,0.09704578620407123
5135,-0.11309749469925334
5136,-0.24027982476739362
5137,-0.26195281416229
5138,-0.2406760155245764
5139,-0.2455004394861766
5140,-0.1498122641750821
5141,-0.07333126539999935
5142,-0.05588045214758086
5143,0.6216881633636717
5144,-0.044171215525403706
5145,0.019169914882730232
5146,0.10219093474826568
5147,0.07696103690332423
5148,0.056570348578341534
5149,0.03922071123020476
5150,-0.044233252802492906
5151,-0.010101095476338529
5152,0.015113637048626671
5153,-0.0100503353484509
5154,-0.09531017475381987
5155,0.18232154753469576
5156,-0.02817087564394516
5157,-0.009569450558275072
5158,0.0
5159,-0.06453851793244336
5160,-0.1255050748928106
5161,-0.10406935351761248
5162,-0.08058048124539896
5163,-0.0724954967802538
5164,-0.07816476673649353
5165,-0.06725222135345943
5166,0.0
5167,0.22488115370067474
5168,-0.09461596948341633
5169,0.14208250350306129
5170,0.106684135886979
5171,0.09639184020531077
5172,0.08294907867794121
5173,0.08576681766828154
5174,0.009090971288020722
5175,-0.04157642492479807
5176,-0.10956219704975911
5177,0.04124295640752074
5178,0.16705407689315876
5179,0.4083100459144444
5180,0.09737416138928134
5181,0.012804271918084531
5182,-0.010230267989166819
5183,-0.08025695298195501
5184,-0.18622889628098083
5185,-0.2081557525834512
5186,-0.1757317391761295
5187,-0.10919928628102138
5188,-0.050715089720603235
5189,-0.011628037319054929
5190,0.023122416084178976
5191,0.2601640304678954
5192,-0.040454952873617334
5193,-0.013857034021357961
5194,-0.004662012888467348
5195,0.11466290325783479
5196,0.03278982147890508
5197,0.004024150137787341
5198,-0.10580684012745367
5199,-0.10834113868757722
5200,0.076592441813089
5201,0.09237331606487276
5202,0.10745914803379009
5203,0.21328377514987729
5204,-0.08258658838449584
5205,-0.07921523282379317
5206,-0.07825219398235195
5207,-0.1236139508672176
5208,-0.14107859161450476
5209,-0.1008812194929094
5210,-0.06939198940968216
5211,-0.030397475336215507
5212,0.0
5213,0.01227009183902883
5214,0.05918886788598554
5215,0.17848277109244837
5216,-0.08004270366712651
5217,-0.04255961215430348
5218,0.016172858373710852
5219,0.10642945744771914
5220,0.09618391944412075
5221,0.07160952936040754
5222,-0.02469261157411129
5223,-0.16743293670578696
5224,-0.09285014917049272
5225,0.047502331477341286
5226,0.09811785114110361
5227,0.23244593428458904
5228,0.007380107025291238
5229,-0.08834916643535307
5230,-0.1421744826448892
5231,-0.13353138601076653
5232,-0.11184829387502448
5233,-0.06099450898135794
5234,-0.05162436207322374
5235,-0.026847248234143084
5236,-0.0136988434198555
5237,0.020478529945591184
5238,0.0590335277108931
5239,0.04362061975723286
5240,-0.06942850204789597
5241,-0.04000533194596567
5242,0.07216244151215934
5243,0.12479076538857115
5244,0.09072884854424901
5245,0.044895317667970946
5246,0.08863606857900086
5247,-0.050353883840114744
5248,-0.1195451446880873
5249,0.04145671152971486
5250,0.1058679959791915
5251,0.2634174398777689
5252,0.034486174881755094
5253,-0.0848565324580548
5254,-0.1553814430103122
5255,-0.1737378049239604
5256,-0.15500573754880387
5257,-0.06813780094489363
5258,-0.03922071058917931
5259,-0.04082199174247725
5260,0.013793321181041929
5261,0.053345977147207346
5262,0.06899286715794739
5263,-0.006079045706833153
5264,0.006079045706833153
5265,-0.018349137545861982
5266,0.09418720951108162
5267,0.09633110377906506
5268,-0.015424469532568263
5269,0.07002860085619078
5270,0.06090875023235931
5271,-0.11551288155598183
5272,-0.04700603992040309
5273,0.03158157038783482
5274,0.10328582103246653
5275,-0.018868483414307136
5276,-0.01923136100324596
5277,-0.08085209254120551
5278,-0.11712535069739438
5279,-0.1462920838931847
5280,-0.17142225352825724
5281,-0.09368547609242261
5282,-0.0271509866085462
5283,-0.018519046052412946
5284,0.0
5285,0.02765152878165722
5286,0.06169356356633493
5287,0.06613979703445994
5288,0.007968169014256343
5289,0.03125254106210207
5290,0.0953101728113186
5291,0.12475169677080267
5292,0.06569525534046816
5293,0.017192399555086446
5294,0.049871827276045444
5295,-0.016349137110528655
5296,-0.07410796792717944
5297,0.14821593615625472
5298,0.11551288155598183
5299,0.323400142494052
5300,-0.25744217760360844
5301,-0.08430710271688913
5302,-0.03774032620222023
5303,-0.054334348278831435
5304,-0.12991212719816314
5305,-0.1426562915383256
5306,-0.1743533744463659
5307,-0.14493401234429548
5308,-0.08617768798417247
5309,-0.04082199035358869
5310,0.050772320216657896
5311,0.1723712102642203
5312,-0.05129329000158567
5313,0.05959209212757566
5314,0.10204924633640866
5315,0.2081056599288651
5316,0.18735934046910785
5317,0.10937255194157647
5318,0.031044620305037185
5319,-0.017621600573497265
5320,0.0
5321,-0.050124384898041274
5322,0.036701365166501354
5323,0.04836106956683084
5324,-0.16277141528457006
5325,-0.06252035372294351
5326,-0.0724550751753954
5327,-0.07188722520498292
5328,-0.12557729907246928
5329,-0.12751331072149563
5330,-0.10981485672149294
5331,-0.09352604925732289
5332,-0.07109591445978891
5333,-0.02127739618356106
5334,0.04211148091602901
5335,-0.167991712380696
5336,0.18840058192922093
5337,0.06831923730699918
5338,0.16487462885061266
5339,0.24059044781101369
5340,0.17811985967875232
5341,0.01566611592629208
5342,0.015424469532568263
5343,0.0
5344,-0.11332867918455447
5345,0.07696103690332423
5346,0.16093035894762986
5347,-0.10436001036928833
5348,0.053540764321394985
5349,0.12460541290308358
5350,0.1403075402576932
5351,-0.01834913799479576
5352,-0.1388364393380619
5353,-0.20209013258623587
5354,-0.20124955506854025
5355,-0.16589666563285244
5356,-0.13675892609646345
5357,-0.08076134939341184
5358,0.04567003266095915
5359,-0.15415066494630736
5360,0.07038078968251238
5361,0.10146945079678016
5362,0.14660346223015353
5363,0.1541506690047485
5364,0.09294610674597736
5365,0.12237470630798031
5366,0.08044536117189693
5367,-0.05460413132362252
5368,0.0350913180519461
5369,0.05277003344795217
5370,0.12708542274198864
5371,0.16293036129207605
5372,0.19621066272521892
5373,0.07205331564239348
5374,0.0
5375,-0.040933407809067734
5376,-0.19296292823558803
5377,-0.23077393141049418
5378,-0.23383882922070853
5379,-0.1758906561245417
5380,-0.24583494465163325
5381,-0.25014412983677303
5382,-0.07654006874912911
5383,0.2411620324662409
5384,0.01769957553298518
5385,0.0344861730976338
5386,0.11966449419829717
5387,0.172245892908383
5388,0.08489943863488225
5389,0.04546237149277843
5390,-0.051293291463573976
5391,-0.13102825421927067
5392,-0.04779066057294523
5393,0.04779066057294523
5394,0.23638876402914377
5395,0.22103605853715935
5396,0.04536860315833913
5397,-0.04959693908907159
5398,-0.0656691006318697
5399,-0.09485778895630226
5400,-0.20343846901051243
5401,-0.21706449045586274
5402,-0.17327170694152327
5403,-0.1043600054143341
5404,-0.04082199035358869
5405,-0.010471298770804438
5406,-0.07654006874912911
5407,0.07654006874912911
5408,0.09051399843152108
5409,0.11778302497262372
5410,0.10536050711081835
5411,0.16290345937325412
5412,0.1228536655493353
5413,-0.07188722520498292
5414,0.12260231492558615
5415,0.10919928628102138
5416,-0.13142242183101116
5417,-0.04011999148966838
5418,0.1053605098098731
5419,0.010471299319049887
5420,0.0606246187527093
5421,0.028987535472692283
5422,0.023530496302774484
5423,-0.042761857306020445
5424,-0.13491931088750464
5425,-0.13036181012766068
5426,-0.21056475427348964
5427,-0.2981533451809213
5428,-0.24981176852439724
5429,-0.06995857881451051
5430,0.13534132952450695
5431,0.04939274922922632
5432,0.11375887240161342
5433,0.24652397646500734
5434,0.1976102342409498
5435,0.20504979508576993
5436,0.26063414733997714
5437,0.29092355544836845
5438,-0.4250735623540507
5439,0.1078326997427097
5440,0.026317307162972536
5441,-0.004338401410380666
5442,-0.004357305179094606
5443,0.3028502825148953
5444,0.0
5445,-0.01298719510513724
5446,-0.03322564652427529
5447,-0.15696995985463236
5448,-0.2655313176434926
5449,-0.18026181364894134
5450,-0.09716374215483281
5451,-0.0925927802281703
5452,-0.04580953253316
5453,0.03077165629932921
5454,0.015037876233830794
5455,0.1455853068575994
5456,-0.09466522013522205
5457,-0.03610500203469069
5458,0.0709517309360237
5459,0.07898840611661928
5460,0.07320339955568578
5461,0.10594857209590414
5462,-0.12375319567270093
5463,0.00597016663007377
5464,0.0235304960259195
5465,0.09425253301670766
5466,0.11483925387212901
5467,0.07713572538053803
5468,0.17208005583834174
5469,0.057158411797464836
5470,0.05735129453612897
5471,-0.07133753602182358
5472,-0.11163996698385814
5473,-0.10798863357452548
5474,-0.1666554320957334
5475,-0.26547789938667554
5476,-0.28768204992926005
5477,-0.055569846006806145
5478,0.15006068130485195
5479,-0.03333641748904226
5480,0.04149972746180364
5481,0.09309041583927335
5482,0.0986715205470503
5483,0.11404749923744184
5484,0.06939198940968216
5485,0.07010956240443855
5486,0.13613216769579228
5487,0.10763065955414675
5488,0.07089581883952478
5489,-0.05470113357522788
5490,-0.1329578279647019
5491,0.07933673873784297
5492,0.08524427640723431
5493,0.10341309155064415
5494,0.08408311438088711
5495,0.05948545142325212
5496,0.02105340856460014
5497,-0.024097550853160676
5498,-0.04681041638291328
5499,-0.03247038397636537
5500,-0.023373350404825466
5501,-0.0772313452234239
5502,-0.09567520625907022
5503,0.3879089386771768
5504,-0.23548091783924852
5505,-0.0034542347487702685
5506,-0.04602582076547401
5507,0.0900261485384184
5508,0.0795331509908408
5509,0.10168403797178716
5510,0.024557850111532886
5511,-0.002699056896315888
5512,-0.10836803362832681
5513,-0.27174547078375877
5514,-0.23008457044289266
5515,0.0
5516,0.029413883764227933
5517,0.05177626708610106
5518,0.10444265881835202
5519,0.06402185620230716
5520,-0.043571246567500665
5521,-0.07566632989144528
5522,-0.08661446888584567
5523,-0.043802620526196545
5524,-0.03030534796452189
5525,-0.04725288236915581
5526,0.021277397315422775
5527,0.34768729198449577
5528,-0.16976135524229452
5529,-0.12164510372394632
5530,0.06733311682897103
5531,0.13469350194347873
5532,0.13657552981633758
5533,0.1042961160899285
5534,0.03762199060993332
5535,0.01829319248957484
5536,-0.052725387833155946
5537,-0.17344387673028328
5538,-0.0037950708245260145
5539,-0.34104539987005644
5540,0.12547765151130186
5541,0.1608666147835267
5542,0.13503627873101953
5543,0.06782259403792734
5544,0.013029499865908178
5545,-0.013029499865908178
5546,-0.21092343228049026
5547,-0.15280205527198332
5548,-0.2751818947455602
5549,-0.3452058909824727
5550,-0.2818511235812191
5551,0.3163372966788529
5552,0.0
5553,0.16378929586171154
5554,0.20718960990905533
5555,0.17154241332067954
5556,0.1798554561899408
5557,0.27212964963999564
5558,-0.061408626143272915
5559,-0.2921364114916378
5560,-0.31177960769808966
5561,-0.018462061703543586
5562,-0.03797924566088895
5563,0.0
5564,0.0
5565,0.08053885749169298
5566,0.029327613374178885
5567,-0.04734611779460618
5568,-0.10873319317495911
5569,-0.07723134251085728
5570,-0.05244647144216685
5571,-0.007722045497607244
5572,-0.0077821398364346095
5573,-0.007843176845868882
5574,0.07579383362207759
5575,0.09729890421926468
5576,0.0947079455574178
5577,-0.0557419795549321
5578,0.07365290505209598
5579,0.13279146662368646
5580,0.19689531597899368
5581,-0.0042643986046062565
5582,-0.017241805691287748
5583,-0.02197890575259187
5584,-0.16907632185679988
5585,-0.059638263085388665
5586,0.11591909610364359
5587,0.11279548883854496
5588,0.10135248997648594
5589,0.148973786089158
5590,0.0861459478571569
5591,0.07342746630731023
5592,0.011730339441483828
5593,0.011594332444844202
5594,-0.04720640317676006
5595,-0.02756682898823426
5596,-0.02197890602864394
5597,-0.16158565274737535
5598,-0.011257154102218614
5599,0.033398279162349276
5600,-0.24249006824513009
5601,-0.10794783392093388
5602,0.07484788705988432
5603,0.1677934488045283
5604,0.09309041945264296
5605,0.01834913799479576
5606,0.08367247280529488
5607,0.03612872290175417
5608,-0.07361181487908874
5609,-0.3063741930163446
5610,0.09445217464233169
5611,0.12869136723791597
5612,0.02607223933863212
5613,0.046687112295666466
5614,0.09371400713266542
5615,0.0283483541112739
5616,-0.12557730322783556
5617,-0.21089492097101736
5618,-0.053584243740807835
5619,-0.10638039840972358
5620,-0.09072884854424901
5621,-0.04572224672448444
5622,-0.005865119108400929
5623,0.05158736583288537
5624,-0.37520142503344767
5625,0.055350090705428734
5626,0.04512043188680481
5627,0.09798040149745901
5628,0.1013524878345855
5629,0.09201889342434333
5630,0.037740325947845044
5631,-0.010638397639172847
5632,-0.04372280862384592
5633,-0.01123607263567239
5634,0.06559727889869116
5635,0.49159424129051077
5636,-0.11294040731117105
5637,-0.17366348717927638
5638,-0.05766563929115698
5639,-0.04673747566690034
5640,-0.14937739336593525
5641,-0.15600423909707262
5642,-0.12429770808323104
5643,-0.12516313315008532
5644,-0.11466289819553
5645,-0.04785601659636374
5646,0.05715840839332609
5647,-0.0870113685721221
5648,0.14107858496910408
5649,0.11583180593082432
5650,0.10379678597917907
5651,0.12557729907246928
5652,0.12260231492558615
5653,0.08929813295389843
5654,0.09576690050285297
5655,0.022574321019295684
5656,-0.04100802185860619
5657,-0.12889100666959585
5658,0.04145671152971486
5659,0.4172398273360933
5660,0.05845819858751966
5661,-0.01589858556225776
5662,-0.06624938334590746
5663,-0.15529287865261088
5664,-0.23825717836283689
5665,-0.18333729069960247
5666,-0.08923112803688626
5667,-0.02702867056143532
5668,-0.034846728901333
5669,-0.02877896247932865
5670,0.07723134251085728
5671,0.19574456511408433
5672,-0.0749630341487717
5673,-0.036589445200730264
5674,0.07188722520498292
5675,0.10939858841711025
5676,0.10328582103246653
5677,0.08506243473333219
5678,0.050219754876898115
5679,0.07089581883952478
5680,0.007575793521493068
5681,-0.10745914803379009
5682,-0.01694955759553718
5683,0.2908820643962913
5684,-0.11858207282717492
5685,-0.021819046601156966
5686,0.0036697287542932777
5687,-0.08401885284257515
5688,-0.1409578703117731
5689,-0.18048836663879886
5690,-0.19337138125892883
5691,-0.08338160314194987
5692,-0.03690455421124916
5693,0.04412480166341437
5694,0.09596398167877496
5695,0.20067068357861073
5696,-0.06632263926415138
5697,-0.03488725697170025
5698,0.017595760858316822
5699,0.1306201752979379
5700,0.13798573639793954
5701,0.1748865711754255
5702,0.06500482796059792
5703,-0.13453088792264145
5704,-0.23825717836283689
5705,-0.1184177484330391
5706,0.16309018626689964
5707,0.127444940759474
5708,0.01273902523647985
5709,0.06532934492398823
5710,0.14336430826164515
5711,-0.08950514066142423
5712,-0.21661062121414254
5713,-0.2646925401326503
5714,-0.261758369307894
5715,-0.18074797674706033
5716,-0.07847160774030204
5717,-0.010256499115222084
5718,0.06001800372084887
5719,0.11020313000275817
5720,0.0341913618253713
5721,-0.00843886793371551
5722,0.134590143301077
5723,0.19459163628730547
5724,0.1679917218099125
5725,0.13030453615690218
5726,0.004514680150702777
5727,-0.119473647417915
5728,-0.07371757201318019
5729,-0.005479465464379718
5730,0.21209370462701482
5731,-0.42566779184291903
5732,0.06581321423662878
5733,0.14776087297927543
5734,0.17589065760155886
5735,0.14156355823883793
5736,0.011928570390965731
5737,-0.019960741765649104
5738,-0.04536860315833913
5739,-0.21578670292657343
5740,-0.16467708344187226
5741,-0.19724719355105647
5742,-0.09455857516835531
5743,0.461704795869748
5744,-0.12759665001644427
5745,-0.23205889951689507
5746,-0.053652709379028884
5747,0.0902868398743899
5748,0.1344302600401761
5749,0.13510247690853738
5750,0.10919928628102138
5751,-0.17740753242908047
5752,-0.0482020989130123
5753,0.11090068955366572
5754,0.2176033601344205
5755,0.18232154938654777
5756,-0.16907632322132216
5757,0.0344861745844014
5758,0.03742640396256203
5759,-0.08961215486315677
5760,-0.1805374261673749
5761,-0.194156002981829
5762,-0.24116203910732636
5763,-0.17081771691788372
5764,-0.06062461568898447
5765,0.010362785961663512
5766,0.040409534254994384
5767,0.40215928718893235
5768,-0.22148927479872205
5769,-0.02510591902994186
5770,0.049596937038771216
5771,0.14256305393977975
5772,0.20194133087639488
5773,0.17754826874533025
5774,0.05582844695492106
5775,-0.22767869491028891
5776,-0.07061756305652578
5777,0.10414025322204257
5778,0.021739985454792166
5779,-0.0958479533819716
5780,0.15836830710491512
5781,0.1584703335701727
5782,0.13299244895231332
5783,0.14385527091004846
5784,-0.15143106443154153
5785,-0.09988335451229702
5786,-0.09699226170782005
5787,-0.09716374372953629
5788,-0.1541506713238574
5789,-0.2261241643492924
5790,-0.1356658543099365
5791,0.7712155079853735
5792,-0.48353345690111205
5793,-0.2135740850355452
5794,0.046520012027389424
5795,0.17979309797416043
5796,0.06730367777656543
5797,0.07958743339155916
5798,0.0532040332321273
5799,-0.25874386765880475
5800,0.09592011574025516
5801,0.24724108953670898
5802,0.20585204534479162
5803,0.1640681106196511
5804,0.0
5805,-0.036855091154198494
5806,-0.08546122637019993
5807,-0.12244070108827909
5808,-0.1541506728244575
5809,-0.14197025379282024
5810,-0.1391971217223107
5811,-0.09531017331081904
5812,-0.08961215199325867
5813,-0.08134563283319052
5814,-0.017094431898166285
5815,0.27029030932249043
5816,-0.03344793182980332
5817,-0.14624548960719919
5818,-0.06506358805360613
5819,0.18372112304483545
5820,0.12475169677080267
5821,0.03636764196628928
5822,0.06899286751869793
5823,0.011049835576084188
5824,-0.09201889342434333
5825,0.0
5826,0.14550757551360816
5827,0.43286406399673005
5828,-0.09193749207243229
5829,-0.1053605115426004
5830,-0.12708542274198864
5831,-0.09811785114110361
5832,-0.19895394549640733
5833,-0.24862261886311643
5834,-0.23531406553881196
5835,-0.10763065259681914
5836,-0.0465200102236385
5837,-0.11332867102129063
5838,-0.05480822898325877
5839,0.2146569102281879
5840,0.15739215720244593
5841,0.09265882189090213
5842,0.17045196736986234
5843,0.15840599446479908
5844,0.14776087297927543
5845,-0.005509655507405675
5846,0.1196229563493798
5847,-0.20012617056683002
5848,-0.2738067070982475
5849,0.053652709379028884
5850,0.0925927802281703
5851,0.37554340694487776
5852,0.027651530056083562
5853,-0.032335379149124766
5854,-0.05798725484746248
5855,-0.179340918883252
5856,-0.25642951154841054
5857,-0.23280544206164633
5858,-0.16882085171990413
5859,-0.10919927870239388
5860,-0.08004269698977717
5861,-0.04255960838014938
5862,0.04255960838014938
5863,0.09278172114435757
5864,-0.07898840091460912
5865,0.1868773499798808
5866,0.117783023030122
5867,-0.030771655510188456
5868,0.18058391968527054
5869,0.09925494987897743
5870,-0.2903101683350524
5871,0.061243618987462334
5872,0.029270379444058747
5873,0.0918075408185759
5874,0.05959209212757566
5875,0.12419037057945737
5876,-0.14929628960939922
5877,-0.09785578129157813
5878,-0.018868482524231567
5879,-0.06899286468423105
5880,-0.11905934711427735
5881,-0.09646025454781348
5882,-0.02564242732548694
5883,0.0
5884,-0.026317304854170498
5885,-0.04082198896470013
5886,0.05406721396033509
5887,0.3966544353426422
5888,-0.07342746181229787
5889,0.15006068130485195
5890,-0.15006068130485195
5891,0.15822399127761333
5892,0.13657552462692424
5893,0.16322788729735382
5894,0.1863295679505299
5895,-0.15665380156584474
5896,-0.2741290876035345
5897,-0.015504185334041853
5898,0.11081435814536045
5899,0.10605956492333668
5900,0.055059773813755264
5901,-0.0741079675749674
5902,-0.12260231373112918
5903,-0.2451224379041621
5904,-0.18232153827543796
5905,-0.13036180239207784
5906,-0.13534132952450695
5907,-0.106972103189384
5908,-0.06669136337520376
5909,-0.035091313653635714
5910,0.052185744090668784
5911,0.033336414710493534
5912,0.09381874053696215
5913,0.3386021200082905
5914,0.11066555674263734
5915,0.028170874321193917
5916,0.12188980698365803
5917,0.016260519549728958
5918,0.3036823926768717
5919,0.04082199213930293
5920,0.10821357877942717
5921,-0.05264373071341932
5922,0.010752791198143541
5923,0.05209510916888771
5924,-0.05209510916888771
5925,-0.16220440521720958
5926,-0.14165050749234132
5927,-0.15656904840954633
5928,-0.16551442322333765
5929,-0.08338160024339958
5930,-0.04445175763012266
5931,-0.05849619983604537
5932,-0.06213177338380671
5933,-0.05264372655541605
5934,0.12675168955162963
5935,0.3398677913204984
5936,0.12715516536635052
5937,0.014815084687686664
5938,-0.10047052259223355
5939,-0.1300531169564194
5940,-0.11778302408231056
5941,0.1451819957679228
5942,0.06959328574271906
5943,0.008368248970236358
5944,0.01652930058509039
5945,0.17271268468562306
5946,0.0666913700492846
5947,0.06856266716213177
5948,-0.024391451636728068
5949,0.024391451636728068
5950,0.023810647276284236
5951,-0.06689423076047829
5952,-0.12726177107543846
5953,-0.12136084778767797
5954,-0.08408311013640501
5955,-0.02666824471136975
5956,0.0
5957,0.02666824471136975
5958,0.10798862908495543
5959,0.2916113306750443
5960,-0.12516313511086974
5961,0.0
5962,-0.013423019431239691
5963,0.10265414746812596
5964,0.1628237519185496
5965,-0.005194816607242192
5966,0.010362786498605114
5967,-0.08047234890304367
5968,-0.10598143461041243
5969,-0.06412452405617497
5970,0.4032551404799851
5971,0.36329016957889504
5972,-0.0667974787980099
5973,0.009820045859528559
5974,-0.03648829205264281
5975,-0.1972980036150327
5976,-0.22520327388309225
5977,-0.13795943651504938
5978,-0.042302377133891955
5979,-0.03135052791820403
5980,-0.0389659660024857
5981,0.019672764308604318
5982,0.16154441916575113
5983,0.13422175506010348
5984,-0.10697211409790564
5985,0.005361942853880031
5986,0.036749540279197745
5987,0.010256499641205341
5988,0.08317750240685706
5989,0.11097850303049928
5990,0.03711766142552575
5991,0.09641372594689646
5992,-0.02230575668501933
5993,-0.03442022256995836
5994,0.05672597925497769
5995,-0.06846779667208791
5996,-0.056695341379957576
5997,0.16126814139044887
5998,0.1042961160899285
5999,-0.1552162046647454
6000,-0.29266960127625374
6001,-0.2678794297961251
6002,-0.15524058721488387
6003,-0.03891541322047232
6004,-0.016000340066359087
6005,0.0317486957944193
6006,0.1849223253040777
6007,0.22054275676242163
6008,-0.09270939304474402
6009,-0.12783336371767762
6010,0.0567975948077617
6011,0.20955469565386498
6012,0.21012382867724355
6013,0.1105887558008587
6014,0.06971463018431168
6015,0.07145896166007404
6016,-0.0647475272973046
6017,-0.26236425443404654
6018,-0.21233262492481453
6019,0.1308395943651819
6020,0.10724552555666778
6021,-0.012793350914336088
6022,0.0
6023,0.07441448248826621
6024,-0.08303522516058459
6025,-0.07177967917254646
6026,-0.12889100666959585
6027,-0.19189099661759457
6028,-0.2135740850355452
6029,-0.10889407910864213
6030,0.07663321949255408
6031,0.10863383256499493
6032,0.03610500203469069
6033,0.021053407720291073
6034,0.006920442365646373
6035,0.15316496270858027
6036,0.05188483237718966
6037,-0.04011999148966838
6038,-0.017699576055123956
6039,-0.10008345229131876
6040,-0.04027389643426327
6041,0.013605651130195628
6042,0.02666824530406764
6043,0.3136575411424922
6044,0.014320053091190221
6045,0.0
6046,-0.08916794015107454
6047,-0.15070239212085035
6048,-0.16322788729735382
6049,-0.11247797498359757
6050,-0.0655972771051303
6051,-0.05218574863061898
6052,-0.00896866917838457
6053,0.04405998591083726
6054,0.08269170900329659
6055,0.1743533744463659
6056,-0.06899286672504701
6057,0.04196419616361169
6058,-0.08576681562371036
6059,-0.015037876233830794
6060,0.2047943986168339
6061,0.13815033051586356
6062,-0.10178268854957429
6063,-0.12001766586751561
6064,-0.06230387902167811
6065,0.07563740900221472
6066,-0.0200675617084074
6067,0.28599143816772843
6068,-0.06826796754259856
6069,-0.03878602288580746
6070,-0.10724552395769127
6071,-0.09217045372722232
6072,-0.042259806312953785
6073,-0.08244366302852102
6074,-0.11583180593082432
6075,-0.0918075408185759
6076,-0.06967991369905313
6077,0.030459204391925176
6078,0.2231435313142116
6079,0.03922071007635841
6080,0.06693947769447917
6081,0.10247866227555669
6082,0.11054186760429419
6083,-0.005830919970795545
6084,0.10008345298750321
6085,0.09097177360485276
6086,0.0
6087,-0.044451760374962124
6088,0.015037876610734191
6089,0.06733311682897103
6090,-0.07232065809125432
6091,0.08157998307537229
6092,0.03620304702545596
6093,0.05195973668035947
6094,-0.008474626631873594
6095,-0.1268667151228029
6096,-0.14533297986787153
6097,-0.08751937290686884
6098,-0.0372713924817023
6099,-0.006349227275530556
6100,0.006349227275530556
6101,0.043350438188535456
6102,0.13049648151479776
6103,0.0314161945882816
6104,-0.11456655830847318
6105,-0.09704578325867219
6106,0.04969966546406601
6107,0.17725824499276932
6108,0.09669362012399896
6109,0.02278002729391604
6110,-0.009049835110417792
6111,-0.07061756388801088
6112,-0.07073654751624536
6113,0.03093029909675904
6114,0.254130526889206
6115,0.18625082824350425
6116,0.20334091800495813
6117,0.12280742617978602
6118,0.05505977591955036
6119,-0.06692231094792778
6120,-0.25404573068951786
6121,-0.3031862480903107
6122,-0.2127807543989384
6123,-0.1679917218099125
6124,-0.10265414746812596
6125,-0.05556984729380732
6126,0.06899286672504701
6127,0.27256841873648874
6128,0.015113637048626671
6129,0.00498754126228329
6130,0.09485778895630226
6131,0.1547968769146859
6132,0.09952959167506226
6133,0.03787027275147459
6134,-0.05200478318690971
6135,0.0280720177935736
6136,0.057158411917611396
6137,-0.20212417676987338
6138,0.0806578999178238
6139,0.4452533449068703
6140,0.07512062875727077
6141,0.023836447637962888
6142,0.023281474329784224
6143,-0.06705213642702423
6144,-0.04343539803865104
6145,-0.004683849202733903
6146,-0.004705890926685274
6147,-0.036018298324183906
6148,-0.004901970480059692
6149,0.04327598244120878
6150,0.11122563263344443
6151,-0.1206819676519224
6152,-0.004761913646864624
6153,-0.08983592849817956
6154,-0.015789801317096952
6155,-0.16392418692943744
6156,-0.028528082710197022
6157,-0.006451635073370099
6158,-0.07038079440203715
6159,-0.11000089117686063
6160,-0.019570095428095513
6161,-0.03622126197640352
6162,0.1304528833850518
6163,-0.09819202246789738
6164,0.061557890630326906
6165,0.04736768709664485
6166,-0.02522656203651419
6167,-0.08369901569045757
6168,-0.12225731089079517
6169,-0.11890473510358257
6170,-0.12348105013321486
6171,-0.11492995971427034
6172,-0.08004270233165656
6173,-0.049832370199619724
6174,0.04286370136915174
6175,0.22454116151670034
6176,-0.0634218227796084
6177,-0.024097550127260448
6178,-0.12313267741371714
6179,0.16492980359610154
6180,0.274436831666673
6181,0.004434596871209173
6182,-0.12221762697203742
6183,-0.04604393614538571
6184,-0.10477894544966349
6185,0.12036367565673256
6186,0.1874629474830245
6187,0.0042643986046062565
6188,0.06187540116489609
6189,0.015873348526369124
6190,0.057377110387944796
6191,-0.014981553054489005
6192,-0.04239555733345579
6193,-0.04427282189580373
6194,-0.07696103784394737
6195,-0.05951412480704077
6196,-0.033576293922927825
6197,0.0
6198,0.07966739899842867
6199,0.056908129780025796
6200,-0.17131847549776502
6201,-0.07333126924277433
6202,0.005420067175567311
6203,0.042334361585978364
6204,-0.047754428761545675
6205,0.06317889829411394
6206,-0.031090585458860343
6207,-0.059638263085388665
6208,-0.08144032720003569
6209,0.0
6210,0.23638876530506048
6211,0.3446410904264243
6212,0.12715517143768817
6213,0.09666610946498544
6214,0.10779656768633661
6215,0.08172573561445429
6216,0.01997846648738344
6217,-0.015504186192558667
6218,-0.029447200659224126
6219,-0.016222835130907054
6220,-0.09297645418156497
6221,-0.06078488946219096
6222,0.04267313998777977
6223,0.03337922121669923
6224,-0.3430595315860714
6225,-0.2817683830791111
6226,-0.06328144686607562
6227,0.13164518655851776
6228,0.017467692277571167
6229,0.02141409358665447
6230,-0.030109800176129742
6231,0.0877389106398847
6232,0.015873348526369124
6233,-0.1482625309100145
6234,-0.04673747566690034
6235,0.06034312710562384
6236,0.18457126893610853
6237,0.1330631135408642
6238,0.09082921352252304
6239,0.05815591846554202
6240,0.036064933920164854
6241,0.045280703326866956
6242,0.033293727246713534
6243,-0.07043327321080994
6244,-0.06417822389999417
6245,-0.059364607287009985
6246,-0.021639174434521014
6247,0.41376390033401655
6248,-0.2392855260043687
6249,-0.16205585471689332
6250,-0.060431737262229834
6251,-0.06782259403792734
6252,0.03787027275147459
6253,0.03648829205264281
6254,0.0661658587114613
6255,0.05631116989335494
6256,-0.04418980972833264
6257,-0.021309785938002257
6258,-0.08673169303651695
6259,0.5013852167550605
6260,-0.4554755169567475
6261,-0.16705407883566048
6262,0.044451760923930106
6263,0.032088313407335534
6264,-0.032088313407335534
6265,-0.007272759064613776
6266,-0.014706146849008395
6267,0.0
6268,-0.06899286884144917
6269,-0.04049135971496254
6270,0.024491019008562542
6271,0.20688302290673422
6272,-0.023218289331845554
6273,-0.10610650223816176
6274,0.022141125060130662
6275,0.0772313452234239
6276,-0.017036186572090273
6277,-0.034968596614819436
6278,-0.010733555259074379
6279,0.059354240576264594
6280,0.039872389922362306
6281,0.07527062542805618
6282,-0.0785332709564237
6283,0.1790482260916515
6284,-0.12808178412346205
6285,-0.2773833103235006
6286,-0.1265301916375181
6287,-0.037919233064743096
6288,0.0
6289,-0.06486063096482786
6290,0.0
6291,0.015345568889689964
6292,0.015113637048626671
6293,0.03922071123020476
6294,0.10919928699151704
6295,0.2436220733380865
6296,-0.02393276539333611
6297,-0.017452449342034715
6298,-0.15180600709566505
6299,-0.12188981229634743
6300,-0.16579224649423185
6301,-0.19885084672330855
6302,0.019802625988990297
6303,0.16805909976253286
6304,0.03794492950699402
6305,-0.07738665933564537
6306,0.09844006742532185
6307,0.3070250215257553
6308,0.09147140014801813
6309,0.0577409927277821
6310,0.03883983205899533
6311,0.0
6312,-0.03226086117736804
6313,-0.050430851931018594
6314,-0.06407885440257521
6315,-0.06846779667208791
6316,0.03861483463648874
6317,0.015037876799185668
6318,0.12274582068838003
6319,0.026060105820905566
6320,-0.337115517416251
6321,-0.16093035894762986
6322,0.0
6323,-0.02139118883731639
6324,0.09285014917049272
6325,-0.06618190351080644
6326,-0.09952958983907756
6327,-0.11705654820107592
6328,-0.060624617731467545
6329,0.07361181241493098
6330,0.19832188653432015
6331,-0.037740325947845044
6332,0.22533893079224043
6333,0.11583181072797277
6334,0.08961215534147282
6335,0.01065729409539129
6336,-0.04702493694351473
6337,-0.03390155039854248
6338,-0.027186139248254193
6339,0.023347363088450646
6340,0.03774032655834603
6341,-0.04546237235410455
6342,0.06744127826772672
6343,-0.18667885472667267
6344,-0.02655023091919384
6345,-0.14967639219205342
6346,-0.07571181763925461
6347,-0.022728249786067245
6348,0.044951385336057026
6349,-0.03922071095547919
6350,0.016997575405489407
6351,0.059963461497834825
6352,0.13815033165371382
6353,-0.18694049317764305
6354,-0.11778302871193969
6355,0.3138978977447753
6356,0.1482625309100145
6357,0.03481976381196272
6358,-0.15161902668050464
6359,-0.22203795700562967
6360,-0.16805909976253286
6361,-0.16290345937325412
6362,-0.0800427012632805
6363,-0.008368248970236358
6364,0.0
6365,0.008368248970236358
6366,0.16833530190841772
6367,0.3120310825859254
6368,-0.020834085817655
6369,0.06618190351080644
6370,0.22018349995034114
6371,-0.0695576808547207
6372,-0.047731400749627007
6373,0.37691319222308417
6374,-0.1653924892100882
6375,0.0248680656945095
6376,-0.14310083824256292
6377,0.07034148660826434
6378,0.1568424660151857
6379,-0.03612872290175417
6380,0.048949410919884695
6381,0.018928009288385006
6382,0.10097591433858977
6383,0.019581044651350243
6384,-0.0027739268057787037
6385,-0.028170876173045478
6386,-0.061875401894379234
6387,-0.0308666470277017
6388,-0.14842000010259948
6389,-0.13197415904577703
6390,-0.05107492776206923
6391,0.0
6392,0.004357305179094606
6393,-0.13477439459113683
6394,0.0719734961701417
6395,0.20067068704464308
6396,-0.022989517343796617
6397,0.015384918247728141
6398,0.155240592703084
6399,-0.085230429711185
6400,0.10464851493982996
6401,0.043894192180789826
6402,-0.02484599781483654
6403,-0.12014430782761121
6404,-0.1124779792051438
6405,0.0079051791946525
6406,0.01562531729269212
6407,0.022989517343796617
6408,-0.015267471548038092
6409,-0.003853569167489912
6410,-0.059659834032767645
6411,-0.12188981229634743
6412,-0.2815281918240067
6413,-0.4024022881841951
6414,-0.05661888865524878
6415,0.2094580798817356
6416,-0.06506358805360613
6417,0.10367842119880422
6418,0.05167200672919181
6419,0.10895117636223839
6420,0.019169914882730232
6421,0.0372713924817023
6422,0.15240699160284343
6423,-0.005249355610585926
6424,-0.059638263085388665
6425,-0.183439488647124
6426,0.1080414755379544
6427,0.17121593090190323
6428,-0.15923974057234203
6429,-0.0741079675749674
6430,-0.17465867181507289
6431,-0.1130233792691886
6432,-0.15700373427975167
6433,-0.08338160024339958
6434,-0.09097176785376115
6435,-0.06136893884163319
6436,-0.051959732179657436
6437,-0.08338159734484951
6438,0.08338159734484951
6439,0.15984868124492913
6440,-0.12062797321985208
6441,0.21800212670144914
6442,0.0
6443,0.06967991369905313
6444,0.1262937139162097
6445,0.11211728913251973
6446,0.05167200672919181
6447,-0.029199152560634545
6448,-0.007434977934726472
6449,-0.015037876233830794
6450,0.0371790004768795
6451,0.30576572865581797
6452,0.042111483133077776
6453,0.0
6454,-0.042111483133077776
6455,-0.14434230038037832
6456,-0.2138698997176065
6457,-0.15800423597623592
6458,-0.07480120608541041
6459,-0.009756173993527906
6460,0.04785601659636374
6461,0.06336960819394433
6462,0.13899886342323642
6463,0.0
6464,-0.04688358223472866
6465,0.0
6466,-0.0325231890609321
6467,0.11686433102409532
6468,-0.04512043188680481
6469,0.10227884164178658
6470,-0.049832370199619724
6471,0.021661495217049964
6472,0.05556984729380732
6473,0.08419208576458237
6474,0.012345835060191046
6475,0.37852045353182673
6476,-0.03419136328682493
6477,0.10709813114060651
6478,0.07522341840697155
6479,0.025046031029892557
6480,-0.04332807519885673
6481,-0.04915923409876255
6482,-0.08489944035208374
6483,-0.060888367026056045
6484,0.0
6485,-0.004494389385843345
6486,0.11075135957023852
6487,0.2548922405562095
6488,-0.2629894504610033
6489,-0.004073325221715773
6490,0.07089581883952478
6491,0.04824683174845612
6492,0.032088313407335534
6493,0.08730372897720562
6494,0.009600073421812017
6495,0.0
6496,0.04056718372290602
6497,0.10444266033476701
6498,0.08953344406304709
6499,0.20842620404866263
6500,0.02024360586682894
6501,0.025718528779159033
6502,0.05324451350608106
6503,0.05494402875377524
6504,0.0
6505,0.0
6506,0.0
6507,0.0
6508,0.0
6509,0.0
6510,0.0
6511,0.0
6512,0.0
6513,-0.16649651247410757
6514,-0.23459603957192066
6515,-0.13129007310877316
6516,-0.09381875228151593
6517,-0.12188981335888505
6518,-0.10948422855641171
6519,-0.10444265881835202
6520,0.0
6521,0.29908469269163884
6522,0.256591477683934
6523,0.20401437654865262
6524,-0.13537244557225359
6525,-0.06864193097639903
6526,-0.05406721980828744
6527,-0.1367110414725463
6528,-0.31567097053302584
6529,-0.17103180650400507
6530,-0.10363488403256405
6531,-0.1028094876432184
6532,-0.07263917884108873
6533,-0.21292198099006088
6534,-0.09785578129157813
6535,-0.028437932624631568
6536,0.0918075408185759
6537,0.16164133846398432
6538,0.022141124243048704
6539,0.07723134251085728
6540,-0.03436764114170554
6541,0.020761990011509912
6542,-0.034846728901333
6543,0.034846728901333
6544,-0.09325748679176371
6545,0.172245892908383
6546,-0.08586128493201484
6547,0.020478529945591184
6548,0.06538275498642365
6549,0.0790685186640867
6550,0.10008345298750321
6551,0.07145896033317634
6552,0.05743204633641952
6553,0.0498969688807831
6554,-0.05455898176925045
6555,-0.16196931972897355
6556,-0.29873188950934804
6557,-0.12615127536736148
6558,0.10367842119880422
6559,0.24116204058312318
6560,0.005934735167602678
6561,0.07958743339155916
6562,0.1841413843206774
6563,0.05310982296285127
6564,-0.03063696812089356
6565,-0.09798040378504069
6566,-0.06584656246117326
6567,0.015584730207069075
6568,0.09811785114110361
6569,0.14745272473673987
6570,0.2947137335229111
6571,0.19821066422180111
6572,0.024332100067450124
6573,-0.17561333344400287
6574,-0.07124673775675383
6575,-0.20787607207386438
6576,-0.2726441832147848
6577,-0.319698267608834
6578,-0.33921569490627057
6579,-0.09051399843152108
6580,-0.14715762764822804
6581,-0.14403935132908896
6582,0.25910866785831055
6583,0.5216364956906872
6584,0.06252035307126569
6585,0.041549000446346795
6586,-0.017595760858316822
6587,0.0904571050377081
6588,-0.06706422683113189
6589,-0.04734611779460618
6590,0.04734611779460618
6591,0.10939858841711025
6592,0.17972751309348034
6593,0.18879406385182262
6594,-0.05526267663855533
6595,0.31569509842497645
6596,-0.22521751673557233
6597,-0.14496576485226198
6598,-0.028399473369434602
6599,-0.02079076880453057
6600,-0.04732065415401543
6601,-0.04967160755380462
6602,-0.11778302986934674
6603,-0.09270939304474402
6604,-0.12783336371767762
6605,-0.12429770808323104
6606,-0.037457559728434564
6607,0.08764730065294835
6608,-0.26236424348847187
6609,-0.14660345983780987
6610,0.0
6611,0.23361482925168264
6612,0.22314353464754433
6613,0.1013524878345855
6614,0.1863295679505299
6615,0.08157998307537229
6616,0.1375555370019419
6617,-0.02439145213253857
6618,-0.09489873772619006
6619,0.2472841862123052
6620,-0.025046031029892557
6621,0.007220247712826033
6622,-0.029199153626448204
6623,-0.2277839213961217
6624,-0.18885446816743068
6625,-0.14483093912316702
6626,-0.12429770808323104
6627,-0.13353138212032167
6628,-0.06062461656433449
6629,0.05218574863061898
6630,0.11211728913251973
6631,-0.30809091674778255
6632,0.13481920980625928
6633,0.00896866917838457
6634,0.1643030377631387
6635,0.07302512967984987
6636,0.04811924503575771
6637,0.06495789205376035
6638,0.44854867151203814
6639,-0.33566933015349054
6640,-0.2119702374514163
6641,-0.04255961139947262
6642,0.2375322734453995
6643,0.3725482753222451
6644,0.053652711435674405
6645,-0.03030534834722376
6646,-0.011605545671340423
6647,-0.03968774669191877
6648,-0.06697062330197001
6649,-0.0625203541884285
6650,-0.09163031842382319
6651,-0.1008812194929094
6652,-0.0634218227796084
6653,-0.09352605217515642
6654,0.01941808460018901
6655,0.2282586388988248
6656,-0.3953127119069806
6657,-0.03077165629932921
6658,-0.023716524742316558
6659,0.15529287289918692
6660,0.02033968285806642
6661,-0.013513718253606477
6662,0.020202705956975375
6663,-0.006688987703368898
6664,-0.07669261543858097
6665,0.04255961139947262
6666,0.2396728384657858
6667,0.3278480989023862
6668,0.053652711435674405
6669,0.054459915154636995
6670,0.048285239493806476
6671,-0.08060402958831281
6672,-0.1663907281146626
6673,-0.11401857319521058
6674,-0.05460413132362252
6675,-0.020619286139810455
6676,-0.08701137225478162
6677,0.055262675620308954
6678,0.24231345585258213
6679,0.2290333367332278
6680,-0.3987761035144155
6681,-0.18032354425104247
6682,0.0467921587693767
6683,0.06632263926415138
6684,0.0
6685,0.12074951053890937
6686,-0.0995847004667807
6687,0.18144856681971122
6688,-0.1454549660227764
6689,-0.04652001322989063
6690,0.1875986048443954
6691,0.23708104990041834
6692,0.10189430432926416
6693,0.08388148146633423
6694,0.03944173093997394
6695,0.07193512987530681
6696,0.03783553338823831
6697,-0.00995033060564321
6698,-0.020202706807315618
6699,0.03262522649723065
6700,0.048202100655931446
6701,-0.03837401196114909
6702,0.09107807424373426
6703,-0.05505977591955036
6704,-0.26898993216033684
6705,-0.24340924026791155
6706,-0.032002729805846286
6707,0.1294580623007664
6708,0.07894319962913432
6709,0.04831857571404807
6710,0.08727339453858551
6711,-0.011594332444844202
6712,-0.02958795630998523
6713,0.035401926006393136
6714,-0.0597192329178986
6715,0.027315809817851644
6716,0.10236200974847742
6717,0.07294899774476837
6718,0.06563716204376302
6719,-0.00945633501847798
6720,-0.0338196474227308
6721,-0.027398973505614155
6722,-0.007604599192451822
6723,-0.1419271307055241
6724,-0.01477131688392097
6725,0.005934735343708475
6726,-0.026988143908308615
6727,-0.21632791743843782
6728,-0.3016151534711464
6729,0.07374347061850628
6730,0.06424226577943326
6731,0.0561702690394168
6732,0.028987535672772236
6733,0.06326219427581625
6734,0.059497096651552006
6735,0.0036036073734386775
6736,-0.047891285939789086
6737,0.06924440965040235
6738,-0.2690768737490652
6739,0.8642695204578041
6740,0.06028190062230454
6741,-0.031571795289424553
6742,-0.2864249950040265
6743,-0.3096981938952088
6744,-0.1673654594010503
6745,-0.08885333359373337
6746,-0.02237229675345187
6747,0.026787314767644066
6748,0.03888178586422564
6749,-0.02141409358665447
6750,-0.04425500704521523
6751,-0.0751527188477259
6752,-0.024692611370859652
6753,-0.0253178067022386
6754,-0.02597548505373304
6755,-0.06524051832020472
6756,-0.05188483237718966
6757,-0.042302377133891955
6758,-0.044171215525403706
6759,0.02547908367793772
6760,0.11848159659336366
6761,0.21529156521064863
6762,0.28768206119052
6763,0.19296292823558803
6764,0.1303927641492475
6765,0.08660379394890949
6766,0.08999645190336159
6767,0.0692660568404313
6768,-0.0672189732606121
6769,-0.2815658387839717
6770,-0.35011500166373244
6771,-0.3189346015073715
6772,-0.08269171128390207
6773,0.005730674380577838
6774,0.08223809372569413
6775,-0.15327386263561005
6776,-0.031155165838349763
6777,0.12479076538857115
6778,0.03297001742570238
6779,-0.02185879261793433
6780,0.02185879261793433
6781,0.02139118883731639
6782,-0.016000340493052878
6783,-0.16315163115853704
6784,-0.18739769678107754
6785,0.08062972848676697
6786,0.2911969967682704
6787,0.02597548505373304
6788,0.03030534796452189
6789,0.09937246910700503
6790,0.04405998785243348
6791,-0.09015109292793433
6792,-0.19180029077545324
6793,-0.11492995971427034
6794,-0.17465867181507289
6795,0.0
6796,0.07356256176312526
6797,0.08167802545175862
6798,0.0994607873427591
6799,0.26826397267195157
6800,-0.09984533021858555
6801,-0.1508228815950492
6802,-0.23483957568752523
6803,0.021819045807674353
6804,0.04913268512834934
6805,0.02702867056143532
6806,0.006644542277167709
6807,0.02614527839528602
6808,-0.09466522013522205
6809,0.06851994173993603
6810,0.26592387645932103
6811,0.049515062075137894
6812,0.09662683123954263
6813,0.10404385543912209
6814,0.12957098660495614
6815,0.09594129056485423
6816,-0.05845819858751966
6817,-0.1282895366349246
6818,-0.07909258570776645
6819,-0.07696103784394737
6820,-0.20116463469205348
6821,0.04255961215430348
6822,0.16303961940895917
6823,-0.07820074370837293
6824,-0.12739848785488972
6825,-0.20430045119389018
6826,-0.04779066057294523
6827,0.06103588644577318
6828,0.13517477005004386
6829,0.11905935356513231
6830,0.11551288155598183
6831,0.1035406744699019
6832,-0.03758270957945831
6833,0.06187540116489609
6834,0.09531017616796156
6835,0.06340150911655229
6836,0.020270963688742594
6837,0.0
6838,-0.010084118727658353
6839,-0.0033840978697194934
6840,-0.030983544453237144
6841,0.03436764232295664
6842,0.020067562379608272
6843,0.06412452611285646
6844,-0.03154835673954448
6845,0.0253178071830078
6846,0.042819995873047745
6847,-0.3139727566400117
6848,-0.06782259346271857
6849,-0.1614874622043705
6850,-0.08607460413785972
6851,0.06524051832020472
6852,0.13287327483134392
6853,0.11316408486940333
6854,0.18369235202204548
6855,0.043557972879439966
6856,0.0757459717662119
6857,0.2346275031392162
6858,0.2076393602710329
6859,0.06977381515370906
6860,-0.157495669956226
6861,-0.18189520420742733
6862,-0.12226878160135524
6863,-0.008708327638999425
6864,-0.0883374585650718
6865,0.02204813652727644
6866,0.0456700354424453
6867,0.07453304972497143
6868,0.05377639533450562
6869,0.05351595197599268
6870,0.06717152654502545
6871,-0.6065225566082542
6872,-0.09360949494652715
6873,-0.13486739142030135
6874,-0.1373584081740673
6875,-0.1170164507703646
6876,0.18232154529970268
6877,0.1392620598622436
6878,0.09075435893056483
6879,-0.023095713727777856
6880,0.15548489611142324
6881,0.0769610381731658
6882,0.10202161080009065
6883,0.0033389011540316815
6884,-0.23572232466031062
6885,-0.1353413417546765
6886,-0.039413966598799366
6887,-0.05155780700605339
6888,0.0
6889,-0.11184829387502448
6890,-0.16008540507422664
6891,-0.057158409754981765
6892,-0.007380106752960192
6893,0.05756984767747397
6894,0.16111933873709194
6895,0.005934735167602678
6896,-0.09294610674597736
6897,-0.14660346393897106
6898,0.0724954967802538
6899,0.21893890628188428
6900,-0.17114824570893905
6901,0.07076906633334268
6902,0.06025918788592799
6903,-0.017699576055123956
6904,0.27419870783955425
6905,0.1352267814865904
6906,0.1869222811410851
6907,0.42387384619057666
6908,-0.008620742858112873
6909,0.015037877041480296
6910,0.004255325479599392
6911,-0.021460050559217514
6912,-0.1344614779280442
6913,-0.15539214074371177
6914,-0.24512244998145505
6915,-0.4054650895896468
6916,-0.13036181012766068
6917,0.06136894260896275
6918,0.14389417168265206
6919,0.09811785114110361
6920,-0.24201202282375567
6921,-0.09352605217515642
6922,-0.05370417536582117
6923,-0.1247034693414748
6924,0.1652495609954734
6925,0.07647035911636602
6926,0.24378786562178645
6927,0.15139963970075954
6928,-0.09077502071237875
6929,0.013483349731274963
6930,0.18306532027866362
6931,0.4407700396716412
6932,0.15483396989674958
6933,0.12323263804808704
6934,0.03296512243757643
6935,0.0
6936,0.0
6937,-0.10040640196920636
6938,-0.06195787330536762
6939,-0.11804079825043612
6940,-0.0846938767985983
6941,0.07536980014082273
6942,0.08094303903667788
6943,-0.43728346884900393
6944,-0.07642606454708112
6945,-0.07105791860711408
6946,-0.10622220891154965
6947,0.042200352709242495
6948,0.10577364929755984
6949,0.06128042900832753
6950,0.013889111678390798
6951,-0.05675281457885806
6952,-0.07579383649580507
6953,0.011741817417110223
6954,-0.072612530033211
6955,0.03696519271504828
6956,0.08128263028899729
6957,0.12231631752439842
6958,0.07293246717733481
6959,0.02118082143852673
6960,-0.02424361087526572
6961,-0.027995606618532065
6962,-0.009508787667634966
6963,-0.05903352964754305
6964,-0.02047853064456584
6965,0.0
6966,0.07632226502575667
6967,-0.29516472600488
6968,-0.03493804983529092
6969,-0.02702867117026342
6970,0.053345978333235955
6971,0.008620742672318382
6972,0.08629580990446017
6973,0.11865753939627233
6974,0.05443520470256491
6975,-0.013333530425001072
6976,0.003350086773051153
6977,-0.12449446581039858
6978,-0.0346855566509916
6979,0.3080612243911909
6980,0.03955317726840901
6981,0.024625046631585157
6982,0.07796153944268491
6983,0.039220712191742724
6984,-0.009661910678353536
6985,0.002424243552736627
6986,-0.05218575187344143
6987,0.0
6988,0.0
6989,0.017699576651853732
6990,0.06312775050130837
6991,-0.07320340223625088
6992,-0.038714511181356936
6993,-0.15021107755792773
6994,-0.14805309507918674
6995,0.0
6996,0.02451961631540156
6997,0.13870827632246252
6998,0.08096906019096295
6999,0.06193095606237309
7000,-0.03723834414950833
7001,-0.04716546713361014
7002,0.0
7003,0.11525458621038975
7004,0.03727139387101985
7005,0.07515272061353517
7006,0.09283900685390734
7007,-0.029290796308199862
7008,-0.01713103956333395
7009,0.010741241600662033
7010,0.02739897361061372
7011,0.04869115818155789
7012,0.029270381728902617
7013,0.059719233586795095
7014,0.016172858954971225
7015,-0.07205331630828171
7016,-0.2245813612601104
7017,-0.3495064444273299
7018,-0.1905183168594755
7019,0.008196766868241667
7020,-0.03742640396256203
7021,0.0
7022,-0.030109800176129742
7023,-0.10100320564781429
7024,-0.08569471678248286
7025,0.08085209254120551
7026,0.3104784875876647
7027,0.07537813359173517
7028,0.07009237458629869
7029,0.024317306911505465
7030,0.04405998849963266
7031,0.0057306745447816
7032,-0.08961215601111583
7033,-0.1773340092194826
7034,-0.053652711435674405
7035,0.003929277985497137
7036,0.10418334860481426
7037,0.048285239493806476
7038,0.010050335516801123
7039,-0.0618754015904277
7040,-0.21695704486484102
7041,-0.20459418240188754
7042,-0.038572272660518436
7043,0.011173299973905593
7044,0.021978905511045532
7045,0.07333126924277433
7046,-0.05715841086906348
7047,-0.010752791198143541
7048,-0.03297001742570238
7049,0.059638263085388665
7050,0.19971328997769344
7051,0.240237975468367
7052,0.09684982286084365
7053,0.07410796995591973
7054,0.03922071205438016
7055,0.01092907023357581
7056,-0.09694194242602405
7057,-0.01508324175631115
7058,0.053267027604794404
7059,0.033997607578128974
7060,0.03825603011003498
7061,0.04968341884719951
7062,0.08552217134716189
7063,-0.5929521892493375
7064,0.012631746374023312
7065,-0.1485873764392447
7066,-0.2527023395994443
7067,-0.02531780638172565
7068,0.09180754363009136
7069,0.07869226415018682
7070,0.1868159371707896
7071,0.1419043075025579
7072,0.05304273397434445
7073,-0.09273048066626322
7074,0.05129329236325919
7075,0.253448892198747
7076,0.0885027990479581
7077,0.0
7078,0.045401654566535665
7079,0.023226850010360067
7080,0.03509131893160822
7081,0.017094432941833215
7082,0.007237667125616909
7083,-0.10375923166264744
7084,-0.04360363629364539
7085,-0.033997607578128974
7086,-0.005780362748436296
7087,-0.15656905577874225
7088,0.010118129824326694
7089,-0.010118129824326694
7090,-0.15754626304416197
7091,-0.007968169331716624
7092,0.11332868102128923
7093,0.09855167037666979
7094,0.07779971365661487
7095,0.035297781042638476
7096,0.08315036602618076
7097,0.10589228646256199
7098,0.0
7099,0.018957913295347684
7100,0.11307714210915343
7101,0.006269612882567888
7102,-0.025317807450101704
7103,-0.11538207150555158
7104,0.08280590177847236
7105,0.11851859776812557
7106,0.0953101780217942
7107,0.016792263482605208
7108,0.0
7109,0.0
7110,0.0
7111,-0.7010662538516876
7112,-0.13605855586511995
7113,-0.15280205527198332
7114,-0.19180029077545324
7115,-0.12783336371767762
7116,0.03195159776461942
7117,0.055059773813755264
7118,0.07453304758737644
7119,0.18140031310896454
7120,0.04944827319068157
7121,0.2266461729707978
7122,0.1933329629804157
7123,0.427318699373334
7124,-0.07816477132112531
7125,-0.07818129588853928
7126,-0.01327453091500308
7127,-0.09330772952128985
7128,-0.20257415757585973
7129,-0.1207815348089758
7130,-0.06273833844598409
7131,-0.03663413183757047
7132,-0.018832947623711682
7133,0.11820541790726624
7134,0.13564064877113102
7135,0.011730339441483828
7136,-0.37814491962310903
7137,-0.3658352945408958
7138,-0.2417199201118394
7139,-0.007843176845868882
7140,0.053652709379028884
7141,-0.015037876233830794
7142,0.00754720506577744
7143,0.007490671168053353
7144,0.0
7145,0.0925927802281703
7146,0.33257737311295044
7147,0.30820178974476375
7148,-0.05526267663855533
7149,-0.12491064454094891
7150,-0.1280284685652595
7151,-0.03980624841948632
7152,0.015113637048626671
7153,0.019802626315787553
7154,0.038466278977999924
7155,0.09015109292793433
7156,0.11778303086711173
7157,0.0
7158,0.06310070402499068
7159,-0.05167200863675614
7160,-0.17778639425848253
7161,-0.07028652943335167
7162,-0.2464717902370066
7163,-0.11855972690628791
7164,-0.08004270184603124
7165,-0.09531017222856786
7166,0.05669533908336977
7167,0.023347362179910736
7168,0.08829260064513722
7169,0.0746108587281169
7170,0.2827680415509599
7171,0.12051601891949071
7172,-0.053824647598953224
7173,-0.04717855804886106
7174,0.04255961240591377
7175,0.004618945642947292
7176,0.004597709037239994
7177,-0.013857034021357961
7178,-0.033099946861049556
7179,-0.02433209947536996
7180,0.033901550033645034
7181,0.1902267280520995
7182,0.28571161868020223
7183,-0.3677247669760737
7184,-0.33135711916567656
7185,-0.3036823926768717
7186,-0.0666913689369375
7187,-0.017391741199467514
7188,0.0
7189,-0.01769957553298518
7190,0.008888946627107153
7191,0.06840272103345368
7192,0.24116203910732636
7193,0.387997394185573
7194,0.19545084041476857
7195,0.5237847536358395
7196,-0.08740161893704501
7197,-0.21034523268837013
7198,-0.22242126167103704
7199,-0.2533794676491312
7200,-0.22897445965709906
7201,-0.12438371194210296
7202,0.006600683595660239
7203,0.03236528240682546
7204,0.03135052791820403
7205,0.05406721802141323
7206,0.08408311249445033
7207,0.6603573317512921
7208,-0.028170876173045478
7209,-0.18460988151913416
7210,-0.12036367785444657
7211,-0.09337406698395734
7212,0.012685158990930923
7213,0.00419287808423352
7214,0.072612530033211
7215,-0.051907857528917134
7216,-0.033336418878317176
7217,-0.06115442048116693
7218,0.10265414966544473
7219,0.4000302987197579
7220,-0.20157936731299264
7221,-0.08338160604050016
7222,-0.05588045631216465
7223,-0.01544432183114397
7224,-0.011741817417110223
7225,0.00784317715344729
7226,-0.031748697054499786
7227,-0.06669137171780504
7228,-0.10919928699151704
7229,0.0
7230,0.13052205555098295
7231,-0.40546508701111916
7232,-0.14994013705264297
7233,0.09129141379409011
7234,0.06495789205376035
7235,-0.01904819376121214
7236,-0.04590969829254821
7237,-0.02033968285806642
7238,0.158056924780706
7239,0.1261945956275281
7240,-0.042111483133077776
7241,-0.13199646532018727
7242,0.12118554980035645
7243,0.556505342325853
7244,0.003110422317645245
7245,-0.003110422317645245
7246,-0.0031201272388914347
7247,-0.03497971778356712
7248,-0.05316866611344517
7249,-0.027683427790390347
7250,-0.0248680656945095
7251,-0.06310070402499068
7252,-0.05918886905410048
7253,-0.0414997291842778
7254,0.05762911046375496
7255,0.003992021110175159
7256,0.1305388668124663
7257,0.04779066220464667
7258,-0.18632957136418415
7259,-0.25995751251423593
7260,-0.17609099701485098
7261,-0.11855972690628791
7262,-0.02837069511683943
7263,-0.021819045807674353
7264,-0.014815084687686664
7265,0.07197349444266843
7266,0.16008540507422664
7267,0.40743553229394536
7268,0.06846779667208791
7269,0.1435909146946841
7270,0.009508787667634966
7271,-0.04187407112206376
7272,-0.08940658463909834
7273,-0.09028684327324488
7274,-0.032002729805846286
7275,0.03593200779134342
7276,0.038466279347958654
7277,0.02238899405799888
7278,0.06430786493443819
7279,0.12963105844600076
7280,0.09004627806742471
7281,-0.06010392234895834
7282,-0.18764543195804073
7283,-0.08927858111520903
7284,0.11040612679710105
7285,0.06082955879147045
7286,-0.11819295161422705
7287,-0.06872932952685806
7288,-0.06532934492398823
7289,0.04939275329612647
7290,0.17290655148249412
7291,0.04943345622573103
7292,0.04710446770797905
7293,0.09920664718637928
7294,0.07490130616853596
7295,-0.012970350106162876
7296,-0.09010183223541857
7297,-0.20194133727000052
7298,-0.12260231753167572
7299,-0.1172890816043477
7300,-0.11279548883854496
7301,0.0
7302,0.26121548782655024
7303,0.20067068849593772
7304,0.04295138587766667
7305,-0.1556533046541042
7306,-0.33436917249254616
7307,-0.27469486142844923
7308,-0.13077022216991274
7309,-0.06846779406671555
7310,-0.015873347896447676
7311,-0.05762910809087396
7312,0.05762910809087396
7313,0.20212416944961253
7314,0.1899178923804672
7315,0.21772347326907804
7316,0.07937358422389407
7317,-0.01212136004258113
7318,0.0
7319,-0.06291382277093227
7320,-0.0579226451511885
7321,-0.004597709037239994
7322,-0.028039218753977302
7323,0.0
7324,0.0
7325,0.009434031788350783
7326,0.0897462838263734
7327,0.15843333533084136
7328,0.07750355842312828
7329,0.03333641915617225
7330,-0.148157739193719
7331,-0.019194446519270603
7332,0.0
7333,0.08894748271779918
7334,0.0978858379344687
7335,0.006410278155459803
7336,-0.12943208845882737
7337,0.025135972368898862
7338,0.18113881866971093
7339,0.19797744855255406
7340,0.035760663026457085
7341,0.007001195295593732
7342,0.0717796807833384
7343,0.05269923088971051
7344,0.028341977428473886
7345,-0.018127384227433208
7346,-0.05429308123263832
7347,-0.0711410984429941
7348,-0.0765924436472365
7349,-0.05365271212122291
7350,0.0
7351,-0.053921415339707846
7352,-0.08073546602323844
7353,-0.12796987686371386
7354,-0.11565219750989053
7355,0.030190971139690603
7356,0.003710579258851876
7357,0.03636764284812344
7358,0.058942533589197765
7359,-0.016978335957876123
7360,0.02033968354759441
7361,-0.06947237040059129
7362,0.02837069612302745
7363,0.04445176105061499
7364,-0.006711434362769442
7365,0.05884049809893188
7366,0.064538519153444
7367,0.057819569216809086
7368,0.0
7369,0.008391657401514152
7370,0.02203945895909465
7371,0.05047552006903988
7372,0.06761022180254139
7373,0.08357529283986143
7374,0.11356727996648575
7375,-0.10912282830482756
7376,-0.05468332502779916
7377,-0.21034523268837013
7378,-0.14265629596992424
7379,-0.15082288430822688
7380,-0.11054186986947068
7381,-0.07177967917254646
7382,-0.09252336438836561
7383,-0.06862850276469556
7384,0.08381866748951872
7385,0.06328144686607562
7386,0.16487463602042274
7387,0.4749911556323969
7388,-0.20955470145308874
7389,-0.09992202180342957
7390,0.023451660249327766
7391,-0.013333530425001072
7392,-0.0658817023987921
7393,-0.003590668001799191
7394,0.059354240576264594
7395,0.0
7396,0.0
7397,0.07821574389468244
7398,0.20351645142800656
7399,-0.20665617133409597
7400,-0.3239720618252617
7401,-0.3141153134743888
7402,-0.24116204058312318
7403,-0.08701137010257787
7404,-0.05959209212757566
7405,0.008733679205978007
7406,0.025752493891655792
7407,-0.0344861730976338
7408,0.205443957924083
7409,0.20002112094431768
7410,0.15665380156584474
7411,0.20701416003473305
7412,0.032002729805846286
7413,0.12909241632589286
7414,0.02730544975822502
7415,0.07458885457103914
7416,0.04580953463204063
7417,0.029413884341054075
7418,0.03138631292505112
7419,-0.0284919549824596
7420,0.005763704550648008
7421,0.011428695497081698
7422,0.028013035442892242
7423,-0.17133243005578347
7424,-0.01652930140476272
7425,-0.2066142417127259
7426,-0.25542119830711396
7427,-0.17284280285638243
7428,-0.07847161030736682
7429,-0.03460552678215123
7430,-0.02857337040282326
7431,0.05635293258051455
7432,0.013605651130195628
7433,0.03322564542022999
7434,0.06942850204789597
7435,0.24246781101189363
7436,-0.039029342001381195
7437,0.029413883764227933
7438,0.08338160507431702
7439,0.03063696812089356
7440,-0.04405998785243348
7441,-0.004514680150702777
7442,-0.013667638105973268
7443,-0.01851904690982531
7444,0.004662012888467348
7445,-0.05743204633641952
7446,0.07128908035777748
7447,0.37755630556606956
7448,-0.003149608803695525
7449,0.01564977117728672
7450,-0.03154835673954448
7451,-0.05602782962263975
7452,-0.08117328717742156
7453,0.050189742724184416
7454,-0.01763714086395307
7455,0.02460580993723349
7456,-0.11778303131610546
7457,-0.08134563614357138
7458,-0.06115442048116693
7459,0.42036849815149324
7460,0.09045710759647996
7461,-0.0027063615244991013
7462,0.05791091442001539
7463,0.03764559867146122
7464,0.0362796732030759
7465,0.028104893661827557
7466,0.004608302980011469
7467,0.0
7468,-0.004608302980011469
7469,-0.0023121397049195025
7470,0.051871829536713765
7471,0.11018402633454905
7472,-0.04221732364705044
7473,-0.18932755685589253
7474,-0.2591436424270035
7475,-0.18683332065226788
7476,-0.18232154904201714
7477,-0.09252336438836561
7478,-0.04700603992040309
7479,-0.15593479259669607
7480,0.1233232087806182
7481,-0.10474682435798943
7482,-0.06331227540454343
7483,0.28768205611191267
7484,0.01941808491441721
7485,0.12204742891910936
7486,0.09724254361222595
7487,-0.05556984894852279
7488,-0.1589239515493528
7489,-0.17754826874533025
7490,-0.11492995971427034
7491,-0.0325761683120116
7492,0.06412452405617497
7493,-0.018809330778158717
7494,0.17915197165158991
7495,0.06652067893646008
7496,0.02445109466839268
7497,-0.009708813655651571
7498,-0.09726330044225406
7499,-0.20186614084089305
7500,-0.15634605925709177
7501,-0.07174389913729051
7502,-0.01666705109622635
7503,-0.04292504103134931
7504,0.15415066729593097
7505,0.1910552236865417
7506,0.2119004478794846
7507,-0.025446664366028493
7508,-0.11456655830847318
7509,0.05619455518498295
7510,0.058372003123490224
7511,-0.058372003123490224
7512,-0.022100345779553443
7513,-0.022599830640305463
7514,0.028170875379395
7515,-0.011173299973905593
7516,0.059963461497834825
7517,0.04145671152971486
7518,0.08277228225141364
7519,-0.21848152679783617
7520,0.08361413537753482
7521,-0.027101928308672196
7522,-0.12260231492558615
7523,-0.12557729907246928
7524,-0.0505522755112926
7525,0.014706146308322232
7526,0.02877896247932865
7527,-0.021506203679181546
7528,0.007220247452165207
7529,0.10895117636223839
7530,0.18232154604126727
7531,0.4232275458958319
7532,-0.12751331551022727
7533,-0.14156355823883793
7534,-0.14345538360197052
7535,-0.08315036372019158
7536,-0.011628037319054929
7537,0.023122416084178976
7538,0.08223809372569413
7539,0.06124362211409018
7540,0.00493828139671626
7541,0.08947139861445352
7542,0.16947664328325374
7543,-0.05470113357522788
7544,0.00800004234707119
7545,-0.1879148511941806
7546,-0.24994173081746274
7547,-0.243409231762032
7548,-0.19022671980313133
7549,-0.07924936379945313
7550,0.010256499115222084
7551,0.04000533061209888
7552,0.04785601659636374
7553,0.14745271833034934
7554,0.2295744251019043
7555,0.03154835574416337
7556,0.0
7557,-0.04445175974757065
7558,-0.026317306585772027
7559,-0.020202705956975375
7560,-0.0136988434198555
7561,0.027212561673461977
7562,0.05864872325855286
7563,0.08489943863488225
7564,0.08361413537753482
7565,0.15338643833012666
7566,0.2359057932883859
7567,0.2657031572788995
7568,0.005540180222146862
7569,-0.10781902635111207
7570,-0.19283819527467871
7571,-0.09381875154748132
7572,-0.054750512464971646
7573,-0.0625203541884285
7574,-0.17589065760155886
7575,-0.12260231492558615
7576,-0.132644465796111
7577,0.027973850085937446
7578,0.2859564293322667
7579,0.38628403265411704
7580,0.048119246689978024
7581,0.04269942427112383
7582,0.08325298073524223
7583,0.008836581540212496
7584,0.0029282596933413174
7585,-0.06648973925859902
7586,-0.018928009288385006
7587,0.02204813652727644
7588,0.02461662687784516
7589,0.0416726951599502
7590,0.07577255634483837
7591,-0.035767222874453886
7592,-0.22524659443447392
7593,-0.2634174398777689
7594,-0.30766734838233756
7595,-0.19860242875231915
7596,-0.09531017222856786
7597,-0.06899286553457085
7598,-0.00896866917838457
7599,0.00896866917838457
7600,0.03509131673245269
7601,0.19516968398689416
7602,0.38395888027439495
7603,0.361013330898186
7604,0.15270663148672536
7605,0.09636059741396164
7606,0.028462463927246606
7607,0.02767472145991201
7608,0.009876623252041306
7609,-0.11993522397890777
7610,-0.016760168389282182
7611,-0.06999941205588689
7612,-0.04321660016552098
7613,-0.061808285360570814
7614,0.013333530425001072
7615,-0.14208250855841698
7616,0.044783600955384806
7617,-0.14085742719613936
7618,-0.15906468738541024
7619,-0.25061093198476625
7620,-0.13534133869713383
7621,-0.09893994031867237
7622,-0.13696584333003914
7623,-0.1374709771085656
7624,0.031090583847690034
7625,0.18571712850004074
7626,0.2399506515514962
7627,0.5027934257246423
7628,0.13906042886880687
7629,0.11583181168740264
7630,0.05472489802504521
7631,-0.014903405058343644
7632,-0.039821492966701566
7633,-0.01574835647210726
7634,0.012618463561142157
7635,0.027822504739141163
7636,0.018127384044871686
7637,0.014859113962155224
7638,0.07115375823029302
7639,-0.1541506752485038
7640,0.09180754644160682
7641,-0.09823843656511455
7642,-0.21511137187501062
7643,-0.07472354309248841
7644,-0.09015109292793433
7645,-0.18610226998549084
7646,-0.2006706828358893
7647,-0.049832370199619724
7648,-0.17504878350105502
7649,0.2455004394861766
7650,0.3128723030043741
7651,0.3596555570478488
7652,0.027398973249676217
7653,0.05903352964754305
7654,0.09415142826147971
7655,0.014388737038021127
7656,-0.026050676445858123
7657,-0.06669137247622281
7658,-0.08501849098604719
7659,-0.08918562532247032
7660,-0.04972343345017727
7661,0.042232762001571444
7662,0.14984496288452132
7663,0.053556102781349146
7664,0.09642500430187795
7665,-0.1467500866061755
7666,-0.22718395262345004
7667,-0.18637834919491114
7668,-0.13562416621221995
7669,-0.11848159659336366
7670,-0.11307713708951805
7671,-0.2829982001039477
7672,0.0
7673,0.35105165871590227
7674,0.4814509899470205
7675,0.08191711927066381
7676,0.17480271837328498
7677,0.1675377557589215
7678,0.10828177380284698
7679,0.014218248665342603
7680,-0.1412925213130305
7681,-0.12389925909924404
7682,-0.11014357552669729
7683,-0.11607216703779111
7684,-0.10109611277971586
7685,-0.056908129780025796
7686,0.02666824589676553
7687,0.23361484204407823
7688,0.06388726530231903
7689,-0.06736552955766051
7690,-0.3076240697333956
7691,-0.21019456588723973
7692,-0.06648973724836571
7693,-0.012578781415720997
7694,0.025001300642673474
7695,0.09418720951108162
7696,-0.05781956754479234
7697,0.24667403571222302
7698,0.3163373155988345
7699,0.2238212809026736
7700,0.016129381496279294
7701,-0.07760124387177436
7702,-0.13889775827785078
7703,-0.23815633479917153
7704,-0.2904871092164214
7705,-0.2914344030621381
7706,-0.23638875801410686
7707,-0.1431008289886604
7708,-0.0335226882923898
7709,0.05526267256556805
7710,0.16788085602137093
7711,0.4115073918960026
7712,0.0
7713,-0.024391451636728068
7714,-0.018692131847465987
7715,-0.012658396070738043
7716,0.04969966546406601
7717,0.08144032720003569
7718,0.03836086576996589
7719,0.0775582303336777
7720,0.12604071500377056
7721,0.37578932622288086
7722,0.21831261813713754
7723,-0.13180337772402773
7724,0.16279513029346848
7725,0.1297095418124914
7726,0.11480035368225572
7727,0.014598799154741826
7728,-0.16081534841233758
7729,-0.23922968331540284
7730,-0.2610138173089278
7731,-0.2319541718362963
7732,-0.1894263731895518
7733,-0.1435122733697436
7734,-0.05715841020886714
7735,0.17904822073431825
7736,0.07878087371335596
7737,0.07770898055123787
7738,0.036701365166501354
7739,-0.004514680150702777
7740,-0.009090971288020722
7741,0.05766563929115698
7742,0.02132276855946591
7743,-0.01273902523647985
7744,0.0253178069159139
7745,0.4855077997560602
7746,0.34740129962832
7747,0.03296512243757643
7748,0.0
7749,0.0
7750,0.0
7751,0.0
7752,0.0
7753,-0.01323354092893414
7754,-0.13887423438884428
7755,-0.1905183197149385
7756,-0.20782931063738852
7757,-0.2050707633362192
7758,-0.12292683449506603
7759,-0.2640534413073743
7760,0.05348868208926483
7761,0.08961215422540159
7762,0.12095260499270788
7763,0.020877584149776585
7764,0.0
7765,0.032523190383245915
7766,0.05069311233833185
7767,0.04824683174845612
7768,0.10644687821145293
7769,0.19740804399201295
7770,0.24326068770020237
7771,0.17899667497791194
7772,0.0
7773,-0.08884557979088692
7774,-0.1618430220849798
7775,-0.1399871895831808
7776,-0.1065125866062635
7777,-0.062427396723748974
7778,0.03021377768355471
7779,0.06899286950282457
7780,0.03547438722553364
7781,0.04712913910734651
7782,0.06437866021880323
7783,0.2149566480711722
7784,-0.0974401040825481
7785,-0.22367673713116343
7786,-0.12480764704853442
7787,0.003016593448427418
7788,0.06133308622493816
7789,0.05511036119155843
7790,0.029064132175926627
7791,-0.0210534086437546
7792,-0.026955809261868247
7793,0.12805192357595407
7794,0.25531282883111395
7795,0.06051507369977527
7796,0.0
7797,0.0
7798,0.0
7799,0.0
7800,-0.09268435602437153
7801,-0.015504186235484774
7802,-0.05623971719296916
7803,-0.022989517744206545
7804,0.10430287200566069
7805,0.04287702355694778
7806,0.037605146504833264
7807,0.00263273512959028
7808,0.0
7809,0.0
7810,-0.004391750503828895
7811,-0.19365311904161686
7812,-0.16201628687510272
7813,-0.15750638338809386
7814,-0.14877300387521197
7815,-0.13499515960469743
7816,-0.052115999049251016
7817,0.3985827549572689
7818,0.3717540421891625
7819,0.08311490519137132
7820,-0.07552473606872301
7821,-0.21654908101834236
7822,-0.19650618668866082
7823,-0.13762137366059113
7824,-0.09269065973243684
7825,-0.03663413183757047
7826,0.0
7827,0.07197349703387834
7828,0.08004270500259647
7829,0.06213177917620616
7830,0.12445417094866862
7831,-0.15814801570297554
7832,0.07210329173420327
7833,0.08870076795634274
7834,0.08146996651947003
7835,0.09775218118294804
7836,0.053950513564196
7837,0.0
7838,-0.01055975999198333
7839,-0.027988909299593967
7840,0.006528858740376453
7841,0.18557006707583001
7842,0.02754505506616134
7843,0.0
7844,0.0
7845,0.0
7846,0.0
7847,0.0
7848,0.0
7849,0.0
7850,0.0
7851,0.0
7852,0.0
7853,0.0
7854,0.0
7855,-0.0679917439030433
7856,-0.042151833154394414
7857,-0.12047746221508726
7858,-0.04978403425248512
7859,-0.02585337821866629
7860,-0.019231361465566366
7861,-0.07822397224795141
7862,-0.021220954919952906
7863,0.05223119086108685
7864,0.09692811378262434
7865,0.09677876075552394
7866,0.08052638199808682
7867,0.09847029297982512
7868,0.0
7869,0.0
7870,-0.01323354092893414
7871,-0.24196974119954717
7872,-0.35473757496487623
7873,-0.423366301434386
7874,-0.4929243820526752
7875,-0.37763027211282685
7876,-0.22314352190244868
7877,-0.04512042849314035
7878,0.16941812798202616
7879,0.5003816134749401
7880,0.03861483314519809
7881,0.12783336241897647
7882,0.32208348081162663
7883,0.06544390519207433
7884,-0.07028652943335167
7885,0.00966191044497089
7886,-0.02433209947536996
7887,-0.05051578758451436
7888,0.06031978720053921
7889,0.11506932448256046
7890,0.20382775399765052
7891,0.06851994408834594
7892,0.22181816348575722
7893,0.08877815964816183
7894,0.031065818832457293
7895,-0.016607736005627594
7896,0.007151400987149614
7897,0.021152374508071503
7898,-0.030698986163805397
7899,0.0
7900,-0.012062872158245419
7901,-0.039609137114365645
7902,-0.01783486718161864
7903,-0.020779967951967127
7904,-0.04839653956035983
7905,-0.14500984405767303
7906,-0.2687540527467296
7907,-0.28768205856289253
7908,-0.1690763198100167
7909,-0.08940658156261261
7910,-0.029199152560634545
7911,0.1251631342394095
7912,0.16251891969385435
7913,-0.08096905784825914
7914,0.11912082173301553
7915,0.02638675378059263
7916,0.19782573398162961
7917,0.16869638419567767
7918,0.07307597777402997
7919,0.05547915050921359
7920,0.018868483710998696
7921,-0.02204813652727644
7922,-0.048949410919884695
7923,-0.07282245717364244
7924,-0.09423162140864827
7925,-0.09966748103085044
7926,-0.02655023091919384
7927,0.0692917774693469
7928,0.004175371236143199
7929,0.0684371587970678
7930,-0.20674182399402508
7931,-0.16618451074069718
7932,-0.058155916774009775
7933,-0.036589445200730264
7934,0.006191969864514757
7935,0.09418720951108162
7936,0.09121600337393776
7937,0.5077439368107295
7938,0.24270407051758136
7939,-0.026995503679465127
7940,0.07889394058254684
7941,0.029447200659224126
7942,0.08347088888005727
7943,0.07513413802277169
7944,-0.07103577171447295
7945,-0.14027331747094118
7946,-0.1385861597885314
7947,-0.11138462707675423
7948,-0.0785332709564237
7949,-0.0468312981172625
7950,0.023689770320645565
7951,-0.41217652563591756
7952,0.09622802746106318
7953,0.16068237488141435
7954,0.12470347392121583
7955,0.05370417716884113
7956,0.050966441968189446
7957,-0.07410796976480638
7958,-0.13976193735843667
7959,-0.208823488607635
7960,-0.14785143884758156
7961,0.1431008363146664
7962,0.06899286831234841
7963,0.06453851835979352
7964,0.16833530836381572
7965,0.20035053539282988
7966,0.16439037172737647
7967,0.059329376649199794
7968,-0.025672354454939317
7969,-0.05590763057895787
7970,-0.07526248254636903
7971,-0.08725644253964138
7972,-0.15906468955869357
7973,-0.1892419924546207
7974,-0.12878078413922678
7975,0.08622117153202513
7976,-0.017544308881382698
7977,0.013187003702288091
7978,-0.2026133768918399
7979,-0.22716229727096993
7980,-0.20815574481818544
7981,-0.14183018284575155
7982,-0.02898753407213217
7983,-0.029852960178796017
7984,0.17556475806673788
7985,0.46575730681001337
7986,0.40191268889949683
7987,0.01763714086395307
7988,0.030983544453237144
7989,0.006756782234608405
7990,0.01669487801471936
7991,0.026145279249804254
7992,-0.02283949122458706
7993,-0.033560195365909706
7994,-0.017212128288591977
7995,-0.00696866907328042
7996,0.030983544453237144
7997,0.06241762751726254
7998,0.12272479988904283
7999,0.2591086935778413
8000,-0.1753891158507046
8001,-0.18128581877125782
8002,-0.41796525475848556
8003,-0.36615366703587826
8004,-0.2282586345381068
8005,-0.11778302497262372
8006,-0.05942341458383105
8007,-0.031090583847690034
8008,0.061243618987462334
8009,0.22906654934759008
8010,0.23721726189751724
8011,0.5850222956182449
8012,0.18289808605079516
8013,0.12193705653536346
8014,0.0666090784878195
8015,-0.019277704961351283
8016,-0.12419037701407465
8017,-0.19062035382352605
8018,-0.1703929797363224
8019,-0.08235103176905678
8020,0.037899270994845136
8021,0.11686433558170295
8022,0.1372011168000613
8023,0.08594242716120748
8024,-0.0827424245329369
8025,-0.1042961160899285
8026,-0.08507900608953056
8027,-0.1723329916489278
8028,-0.18048836663879886
8029,-0.1670540746731568
8030,-0.116971668527869
8031,0.0
8032,0.14892326629248842
8033,0.5514966368357221
8034,0.3197703770871869
8035,-0.2165861444041015
8036,-0.1629034651550536
8037,-0.12260231707560987
8038,-0.05818195277804783
8039,0.04063764389666513
8040,-0.02237229675345187
8041,-0.10989566556703645
8042,-0.020408870589865735
8043,0.035446747200599926
8044,0.039029342001381195
8045,0.042160808848947795
8046,0.09614385634800948
8047,0.14698218465320245
8048,0.017825783317066524
8049,-0.17738674964970302
8050,-0.24770430419684564
8051,-0.3077009198669165
8052,-0.185267052057549
8053,-0.08299691191269787
8054,-0.12260230955052753
8055,-0.010929069337732855
8056,0.2340725989128143
8057,0.12260231205888816
8058,0.0953101728113186
8059,0.15514917210701817
8060,-0.10735851153407294
8061,0.05195973555518396
8062,0.10788895553822808
8063,0.060624618474188985
8064,0.036749540279197745
8065,0.04040953629643518
8066,0.04359043396327644
8067,0.03721359460916984
8068,0.04027389733548903
8069,0.06782259346271857
8070,0.07878087474829565
8071,0.0037807226969670538
8072,-0.0825615974452627
8073,-0.1644494247022612
8074,-0.20875480264747992
8075,-0.3036823926768717
8076,-0.14745271833034934
8077,0.0
8078,0.04567003266095915
8079,-0.04567003266095915
8080,0.17920141412476864
8081,0.4002431383580354
8082,0.19446393436710752
8083,0.552199171990821
8084,0.18932755685589253
8085,0.10330501446036777
8086,0.05231129362418496
8087,-0.08238874829601217
8088,-0.209402510951183
8089,-0.10144661382443498
8090,-0.07852476098496375
8091,-0.03438734132397103
8092,0.03156646506190297
8093,0.019581044651350243
8094,0.07212737936275726
8095,-0.018205964023049415
8096,-0.06506359158257657
8097,-0.235828703391737
8098,-0.17384692306988292
8099,-0.06538275641189939
8100,-0.06513929913908356
8101,0.04695698088240752
8102,0.08777560702763276
8103,0.0650635907003343
8104,0.1045728000104913
8105,0.02105340845906145
8106,0.07038079440203715
8107,0.19890390471300456
8108,0.06420689952143332
8109,0.06965599981096116
8110,0.04978403425248512
8111,-0.004424785882461535
8112,-0.10511417744335283
8113,-0.09827021888943088
8114,-0.0645385193259771
8115,-0.05664703397531268
8116,0.039102724837420944
8117,0.10624507709423447
8118,0.13386289933239448
8119,-0.023475255870253342
8120,0.030411699706528683
8121,-0.04235927284215446
8122,-0.2346275031392162
8123,-0.18292963827608855
8124,-0.07579383649580507
8125,-0.04427282189580373
8126,-0.05064373068097483
8127,-0.03077165731394027
8128,0.0
8129,0.23026100990121012
8130,0.045068283839018175
8131,0.06241762751726254
8132,-0.11818120009172794
8133,-0.1974897704412979
8134,-0.07713572538053803
8135,-0.028710104508553602
8136,-0.019608470427115332
8137,0.00985229595766901
8138,0.05251803177546677
8139,0.0974221086899334
8140,0.11166968039284741
8141,0.10044277942468893
8142,0.13693854657834903
8143,0.1643030467818969
8144,-0.057158412354505916
8145,0.023779191137806688
8146,-0.045401654566535665
8147,-0.150060690152106
8148,-0.16532397471823224
8149,-0.12766313915608274
8150,-0.10772737582791914
8151,-0.09436275675831673
8152,0.010362786498605114
8153,0.13481921630760496
8154,0.12277555205509705
8155,0.019724504569641255
8156,-0.13353138704416612
8157,-0.17520408047645875
8158,-0.14884561906065974
8159,-0.12475169677080267
8160,-0.0724954967802538
8161,0.007490671168053353
8162,0.022141124243048704
8163,0.09729890421926468
8164,0.12438371194210296
8165,0.12102662573616518
8166,0.1666554320957334
8167,0.157903023039343
8168,0.06524051950293686
8169,0.031090585995917408
8170,-0.048790162468751674
8171,-0.14172815439072384
8172,-0.11316408486940333
8173,-0.08157998307537229
8174,-0.030459205938316636
8175,-0.005167969891362922
8176,0.04061471709196285
8177,0.26884911239025877
8178,0.16763887413299727
8179,0.20300645703984488
8180,-0.17447837432964786
8181,-0.18859116332170123
8182,-0.20445140974161014
8183,-0.18232154753469576
8184,-0.13036181012766068
8185,-0.025642428969411935
8186,0.03822121038513293
8187,0.08388147895196685
8188,0.06130052244658568
8189,0.12197842067932241
8190,0.19500000657691485
8191,0.27977688333649375
8192,0.08004270538415925
8193,0.05088112018103841
8194,0.012970350106162876
8195,-0.12327488907601047
8196,-0.06628932203779536
8197,-0.08446576404453898
8198,-0.034486174881755094
8199,-0.07654007433126564
8200,-0.0746908896640508
8201,0.09345316541550686
8202,0.01841672610786027
8203,0.2561687984979417
8204,-0.09474536478205309
8205,-0.11855973081542137
8206,-0.11081436224282504
8207,-0.13353138704416612
8208,-0.12844231699848718
8209,-0.07371757201318019
8210,-0.0277026010143695
8211,0.02222313554998978
8212,0.03243527399958834
8213,0.0314161945882816
8214,0.15709185092454625
8215,0.28547698895318696
8216,-0.12693070411176866
8217,0.18794480790697987
8218,-0.08446576404453898
8219,-0.030983544453237144
8220,-0.07626198206281654
8221,-0.0825615974452627
8222,-0.1035406744699019
8223,-0.05608946402866577
8224,0.06513929913908356
8225,0.12277555205509705
8226,0.1235212944000521
8227,0.11307714085424436
8228,-0.13443026456485763
8229,-0.1304528833850518
8230,-0.1265301916375181
8231,-0.14489134716264873
8232,-0.15684246236332955
8233,-0.11307713708951805
8234,-0.08062972848676697
8235,-0.04688358223472866
8236,0.0
8237,0.04688358223472866
8238,0.18739769678107754
8239,0.09069655598314164
8240,-0.1360117492611579
8241,-0.026847248234143084
8242,0.0465200125427474
8243,0.03195159776461942
8244,-0.012658396070738043
8245,0.025158558053689273
8246,0.02454110741037674
8247,0.06453851734969263
8248,0.09220618886202381
8249,0.2746440656702589
8250,0.09028684327324488
8251,0.4126335854250778
8252,-0.20252425876647884
8253,-0.2964668919463467
8254,-0.19415600603759664
8255,-0.1653239718646562
8256,-0.12553773742928565
8257,-0.07263917884108873
8258,-0.034846728901333
8259,-0.007117467262278687
8260,-0.021661495217049964
8261,0.04286370136915174
8262,0.14914314840753073
8263,0.14550757551360816
8264,0.010362786498605114
8265,0.08399997025971162
8266,0.046304565897190564
8267,-0.080042703902798
8268,0.01459879871072367
8269,0.009615458237153263
8270,0.06034312710562384
8271,0.017857616602749093
8272,-0.004434596871209173
8273,0.2572228548868898
8274,-0.006896578821245836
8275,0.03735578527502614
8276,-0.26136475417769756
8277,-0.09531017547532095
8278,-0.058840497136930736
8279,-0.051825065178147334
8280,-0.054658409549578124
8281,-0.028491954170613454
8282,0.0
8283,0.011494378765124047
8284,0.022599830640305463
8285,0.03836086576996589
8286,0.05745705202276774
8287,0.025063967406745213
8288,0.02927038087208622
8289,0.004796172033459722
8290,-0.024214256947876933
8291,-0.20613219426631746
8292,-0.12838115839602082
8293,-0.10080469185754115
8294,-0.07878087164347747
8295,-0.03333641748904226
8296,0.07350245598732164
8297,0.38155956227789556
8298,0.19920333405762403
8299,0.12800956214704184
8300,-0.019570095428095513
8301,-0.011928570390965731
8302,-0.0965108963279806
8303,-0.09223121995971839
8304,-0.02445109466839268
8305,0.06237032773313578
8306,0.08040042184486484
8307,0.07042246137809105
8308,0.06578773799118665
8309,0.05819823712549388
8310,0.13529661367760015
8311,0.13005312448427153
8312,0.07565535926926747
8313,-0.1313800795543436
8314,-0.08052037425541325
8315,-0.05423976720601198
8316,-0.15963013991723107
8317,-0.14458122282820174
8318,-0.19574456751648617
8319,-0.11441034462573807
8320,-0.03704126939332797
8321,0.436427311469457
8322,0.338212869434098
8323,0.182321551963037
8324,0.07220830665824662
8325,-0.03895108569186778
8326,-0.06018663218570408
8327,-0.09630322603680774
8328,-0.1218898140672442
8329,-0.1143168239420187
8330,-0.07543970489021845
8331,-0.04191089401856418
8332,0.0
8333,0.06405201907869484
8334,0.09729890760303217
8335,0.22181816348575722
8336,0.04664057624436824
8337,-0.21056476317380568
8338,-0.24686006918152614
8339,-0.25360274725252685
8340,-0.298044841589276
8341,-0.21622309170718523
8342,-0.13846966146210216
8343,-0.13778368773659144
8344,-0.022989515581993025
8345,0.34967371416789517
8346,0.2773833003957966
8347,0.030583421501242825
8348,-0.14914314840753073
8349,-0.10303221830892584
8350,-0.0976384616132111
8351,-0.17720643955645476
8352,-0.17824821149591807
8353,-0.0892311223458302
8354,0.0
8355,0.039220708025077045
8356,0.09763845763785906
8357,0.13062016817881217
8358,0.22721685596184438
8359,0.293761097833412
8360,-0.03077165677281446
8361,0.012422519226952478
8362,0.12733941499603274
8363,0.047754428761545675
8364,-0.0809066342464968
8365,-0.07583807196521963
8366,-0.043350438188535456
8367,-0.05195973555518396
8368,0.013245225872827948
8369,0.31845371317595195
8370,0.2707938430727199
8371,0.39568506712819973
8372,-0.2754719007524149
8373,-0.3083912477259396
8374,-0.18320299356457115
8375,-0.13580153346305446
8376,-0.1292117231205503
8377,-0.10919928400743295
8378,-0.0800427012632805
8379,-0.04255961079560766
8380,0.008658061993489508
8381,0.07472353998904024
8382,0.18896608573778995
8383,0.15320414881624433
8384,-0.07061756305652578
8385,0.04762804615317995
8386,0.165711493349884
8387,0.01951281327167642
8388,-0.08569471678248286
8389,-0.032088312835253596
8390,-0.010929069934961344
8391,-0.03352269016551679
8392,0.07654007293573173
8393,0.25014414148474406
8394,0.14118643864412617
8395,0.11103831283445276
8396,-0.22394003878296598
8397,-0.1688666571305979
8398,-0.12547765151130186
8399,-0.1251631358238816
8400,-0.08866563146655171
8401,0.04531519327801625
8402,0.11918851015375509
8403,0.10142017302754969
8404,0.10129132916123895
8405,0.062242306109109524
8406,0.10233870903596776
8407,0.060395708009270965
8408,-0.05651220813368907
8409,-0.18232154904201714
8410,-0.09763846479349292
8411,-0.1670540753391574
8412,-0.17869177688566928
8413,-0.09097177130441603
8414,-0.0655972771051303
8415,0.02510591902994186
8416,0.04839653695737978
8417,0.2738067070982475
8418,0.5655859290552936
8419,0.27225759401927974
8420,0.10794783657185558
8421,0.11829969543436647
8422,0.07749655580759329
8423,-0.15702286620044825
8424,-0.2532338082196306
8425,-0.2435227057046001
8426,-0.20312467614337892
8427,-0.119473647417915
8428,0.07338254234241415
8429,0.22314354188024765
8430,0.1823215505046467
8431,0.22188489164938963
8432,0.015000280884471362
8433,-0.015000280884471362
8434,0.01747859683751818
8435,-0.07182573272798631
8436,-0.06595796597845105
8437,-0.11105853343552319
8438,-0.17662352954656102
8439,0.07654007433126564
8440,-0.02127739769271031
8441,0.007142887257275188
8442,0.1637637006676087
8443,-0.15667147260961656
8444,0.06828590553374303
8445,0.1181496680963603
8446,0.11876007202036387
8447,0.04580953486524919
8448,-0.015037876987637144
8449,-0.030771657877612046
8450,-0.03713954596409641
8451,-0.06417822389999417
8452,-0.1322970744643448
8453,-0.17969342791234322
8454,-0.11679926286854192
8455,0.40251088154874415
8456,-0.14972262353306354
8457,-0.034968596614819436
8458,-0.11290172594851322
8459,-0.1455555793490131
8460,-0.07162965271725374
8461,-0.07182573088471678
8462,-0.10064352014764744
8463,0.4287219497630792
8464,-0.03906746666444816
8465,0.054276884749649756
8466,0.04067103822696305
8467,-0.4330150402423585
8468,0.016620880315173725
8469,0.04826673838080087
8470,0.06584656246117326
8471,-0.04000533261289885
8472,-0.05236798277428312
8473,-0.00539084834426351
8474,-0.010869671646148937
8475,-0.03900215562989651
8476,-0.0524901795593391
8477,-0.049089607183681494
8478,0.055059773813755264
8479,0.3141153134743888
8480,-0.053584243740807835
8481,-0.07128908035777748
8482,-0.014888611754834802
8483,0.0
8484,-0.056570348578341534
8485,-0.1603426408734312
8486,-0.03797924566088895
8487,0.24484189976421078
8488,0.3248610616848353
8489,-0.014706146849008395
8490,-0.011173300181979151
8491,0.18730288074687618
8492,0.1708690581842771
8493,0.005221943844807786
8494,-0.2044393561403588
8495,-0.36630582286562685
8496,-0.431137438323256
8497,-0.35364001015546576
8498,-0.20067067301546482
8499,-0.07696103125958631
8500,-0.02702866873495169
8501,0.02702866873495169
8502,0.12516312726773338
8503,-0.06062461446349454
8504,0.13976192607081295
8505,0.0
8506,0.09333193010646879
8507,0.1806700123902103
8508,0.01639380843186178
8509,0.03984590537138688
8510,0.10379678597917907
8511,-0.014184633985920403
8512,0.04196419616361169
8513,0.32959933810138553
8514,0.40382170599808775
8515,-0.6800750669522659
8516,-0.1391127927709177
8517,0.007434977934726472
8518,0.014706146308322232
8519,-0.09166718151852526
8520,-0.16487462885061266
8521,-0.16362940701031503
8522,-0.18232153457173528
8523,-0.17435336174795601
8524,-0.11778301581511696
8525,-0.018018502255925606
8526,0.19735940159405008
8527,0.3700183129514747
8528,0.08872810685552412
8529,-0.08872810685552412
8530,-0.0529223958514744
8531,0.06317889496669649
8532,0.04976150460562678
8533,0.05661888865524878
8534,0.21392687854024217
8535,0.23638876246968987
8536,0.15665380156584474
8537,0.03440142502651122
8538,0.17261273500822183
8539,-0.0759859037686792
8540,-0.08701137300238937
8541,-0.1549484381050248
8542,-0.21065205032058598
8543,-0.26720351998366887
8544,-0.27871337351149483
8545,-0.21130906565600593
8546,-0.060624612625259644
8547,-0.11583179633652851
8548,-0.05406721152368865
8549,-0.07696102632131652
8550,0.16551440796910444
8551,0.3997993147173333
8552,0.14763598320891802
8553,-0.04000533061209888
8554,-0.031090583847690034
8555,0.128254322853115
8556,0.14618249758548973
8557,0.09893994031867237
8558,0.035590942569004635
8559,-0.11865753499122933
8560,0.07579383362207759
8561,0.39813904404299993
8562,0.4439313713628943
8563,-0.15257958241172132
8564,-0.17574978459263502
8565,-0.1454549660227764
8566,-0.15246858532579477
8567,-0.29951650955723563
8568,-0.4295626171010891
8569,-0.4554754583263636
8570,-0.2876820083492313
8571,-0.08004268630602085
8572,0.0
8573,0.05406720665039666
8574,0.2336147963569568
8575,0.4462870276284321
8576,0.3269027484255793
8577,0.046956978677044514
8578,0.05358424134750939
8579,0.13786978302417552
8580,0.17979309797416043
8581,0.11355469275289876
8582,0.11715508590474455
8583,0.10937255194157647
8584,0.16566711501171127
8585,0.21548067116993286
8586,0.22252797113330658
8587,0.34016000259833934
8588,0.0
8589,0.0
8590,0.0
8591,0.0
8592,-0.24619421238902506
8593,-0.23668777043440103
8594,-0.23241938634352888
8595,-0.26991960500587764
8596,-0.2798877855615185
8597,-0.2530906097939649
8598,-0.15548488938245209
8599,0.20997307042409785
8600,-0.015267470965287355
8601,-0.1401466201707442
8602,-0.07342746181229787
8603,0.1251631317495252
8604,0.10367842119880422
8605,-0.07061756167071609
8606,0.19845092408969256
8607,0.07076906633334268
8608,0.18128581362209317
8609,0.39679200988447016
8610,0.17240025600620346
8611,0.18914086701234156
8612,-0.1075203409560741
8613,-0.01634913755602918
8614,0.10178269165131049
8615,-0.05613718538715862
8616,-0.19659617888438508
8617,-0.151491805712475
8618,-0.16536574396247028
8619,-0.1666554320957334
8620,-0.16893997856190213
8621,-0.14499030085630205
8622,-0.043485108787650883
8623,0.48835273929440515
8624,-0.009132483146258252
8625,0.013667638105973268
8626,0.09900551951018688
8627,0.012220110836998366
8628,-0.012220110836998366
8629,0.04016604011180691
8630,0.06846779667208791
8631,0.057158411797464836
8632,0.05735129453612897
8633,0.31516964705390427
8634,0.1751186406567733
8635,0.06416194296935629
8636,-0.08649789645785955
8637,-0.12447891167304892
8638,-0.13952940779092238
8639,-0.02710192904323172
8640,0.005479465614502743
8641,-0.06490288440331193
8642,-0.07882867089743684
8643,-0.05845819858751966
8644,-0.03401688412099446
8645,0.0
8646,0.06042105744597892
8647,0.42588493582021325
8648,0.059873399810898675
8649,-0.07272154201361936
8650,-0.04405998882323203
8651,0.011198325059222025
8652,0.024203601208301784
8653,0.0065005644622351255
8654,-0.032933820948092496
8655,-0.0022346377514801397
8656,-0.03877338504151151
8657,0.04989697001270299
8658,-0.12723017154605953
8659,-0.03320867014825524
8660,-0.039740327596513136
8661,0.042334362706269335
8662,0.09389608344529687
8663,0.007050557830964976
8664,-0.19885085359294052
8665,-0.20194133727000052
8666,-0.1506602692021186
8667,-0.05859416181301125
8668,-0.008658062368301689
8669,0.004338401410380666
8670,0.04652001366716352
8671,0.1774889552355079
8672,-0.03880557305264798
8673,-0.2249437227445359
8674,-0.032039352278034006
8675,0.013857034021357961
8676,-0.04695698088240752
8677,-0.049271046578655664
8678,0.020000665706569443
8679,0.08080402857244628
8680,-0.00917437585519254
8681,-0.09669362012399896
8682,0.23825717836283689
8683,0.19556677643871234
8684,-0.04714677683768009
8685,0.006872879051578629
8686,0.050093943645630024
8687,0.0064935290997181205
8688,-0.06691458654569704
8689,-0.11346709903320074
8690,-0.027506644708886085
8691,0.027506644708886085
8692,0.04546237235410455
8693,0.029199153626448204
8694,0.12177186809352714
8695,-0.09340117197049969
8696,-0.24882002948172
8697,0.017778245231097944
8698,0.14720400866631245
8699,0.037317761614418465
8700,-0.018484813990706783
8701,-0.06553403885186837
8702,0.007936549280790572
8703,-0.040328043760400334
8704,0.17336523822169658
8705,-0.148973786089158
8706,0.17290655148249412
8707,0.06221318246382079
8708,-0.03883983205899533
8709,-0.11161398073259976
8710,-0.1553814430103122
8711,-0.20499034680006334
8712,-0.22446716492960617
8713,-0.09002614541911758
8714,0.014388736416902859
8715,0.02817087498256976
8716,0.07361181241493098
8717,0.11563017525041808
8718,0.1442496011245269
8719,0.4492677127613458
8720,-0.15786125379510496
8721,-0.09345316541550686
8722,-0.01232048388205298
8723,0.07558267815786923
8724,-0.08388148062821177
8725,-0.08247621824203621
8726,-0.03218668501579858
8727,0.08076135301893483
8728,0.10622220891154965
8729,0.12036367785444657
8730,0.22107956027730635
8731,0.4317466292311267
8732,0.02036369578642727
8733,-0.15415067690584427
8734,-0.1762053258361722
8735,-0.13842137429775425
8736,-0.1315325873018085
8737,-0.08324270763086705
8738,-0.04983237197374768
8739,-0.029631796508736485
8740,-0.03053672269437646
8741,0.12036367785444657
8742,0.17022114448111303
8743,0.22024078592655538
8744,-0.025914288154936127
8745,0.011862535028377419
8746,0.13441543273917667
8747,-0.10192997834854367
8748,0.04683129863954116
8749,-0.044550795992822856
8750,-0.027715399206386326
8751,0.027715399206386326
8752,0.018059181130718915
8753,0.04377066209724001
8754,-0.01727904723513607
8755,0.19171808038915605
8756,-0.24542225815900398
8757,-0.3039048997945262
8758,-0.2783796697898522
8759,-0.1798554561899408
8760,-0.14272197644653817
8761,-0.02298951690334583
8762,0.08894748106845096
8763,0.14805309263921052
8764,0.11267315761616015
8765,0.1123035655381881
8766,0.1271004979222603
8767,0.1467500866061755
8768,0.04892279762977747
8769,-0.010666767519742493
8770,0.01331577562114683
8771,0.0
8772,-0.08269171356450755
8773,-0.0714589618535797
8774,-0.03135052890113954
8775,-0.009600073421812017
8776,0.03164820994908846
8777,0.10629465550817985
8778,0.1011499804267344
8779,0.36762739661303634
8780,0.0
8781,-0.09460928439690264
8782,-0.13380668236593163
8783,-0.15451785074239277
8784,-0.16146096373684404
8785,-0.06232546125496796
8786,0.050167257144718036
8787,0.13962896850734596
8788,0.1130436874497116
8789,0.053191727519396714
8790,0.03540192626752381
8791,0.09333193785506877
8792,-0.0059583094652917445
8793,0.031375121952454066
8794,0.09653792526611182
8795,-0.0679917439030433
8796,-0.08411603141473512
8797,-0.01646127671534714
8798,-0.06647677312186095
8799,-0.06409515898868756
8800,-0.06595796617993432
8801,0.027398973505614155
8802,0.02427303576699691
8803,0.1694492916512207
8804,-0.17908792025672948
8805,-0.23348741569581488
8806,-0.18415809841759012
8807,-0.10863383678389482
8808,-0.033336418878317176
8809,0.033336418878317176
8810,0.0673521793600611
8811,0.05225068839333824
8812,0.03571808132616194
8813,0.03787027275147459
8814,0.04621284162941253
8815,0.24736397613885064
8816,0.00251572453395843
8817,-0.08109015510753892
8818,0.024227294683112355
8819,-0.07451721912991704
8820,-0.026126303833750253
8821,-0.0923733172847152
8822,-0.05639968659049677
8823,-0.024180797361872397
8824,0.010434876929620529
8825,0.047306115798161574
8826,0.03566017924271758
8827,0.17218542869807996
8828,-0.162676641030445
8829,-0.19438135978615279
8830,-0.019342962094806904
8831,0.05324451249334938
8832,-0.022472855010307935
8833,-0.0504961620526827
8834,-0.06586742227507125
8835,-0.07509044803670184
8836,-0.07128908035777748
8837,-0.030002248803461473
8838,0.049515062075137894
8839,0.39086629305757237
8840,-0.10681400060191182
8841,0.028675798948718967
8842,0.07486487641537032
8843,0.09381875228151593
8844,0.0380719468342936
8845,-0.017391742207735206
8846,0.0
8847,-0.011764841233553813
8848,-0.008915363393004583
8849,0.09666610946498544
8850,-0.07891416453176836
8851,0.193983491370874
8852,-0.23285235910795565
8853,-0.2715526810097022
8854,-0.20334091499842266
8855,-0.1363364363919639
8856,-0.1128793413585476
8857,-0.01904819376121214
8858,0.050010417447706956
8859,0.10961971868642229
8860,0.07878087371335596
8861,0.044451760374962124
8862,0.04717855804886106
8863,0.2690768737490652
8864,-0.09214617306289741
8865,-0.011650616767513444
8866,0.11778303131610546
8867,0.07038079440203715
8868,0.012861913228829902
8869,-0.009630892751778308
8870,-0.02283949122458706
8871,-0.013289231677167113
8872,-0.010084118727658353
8873,0.04298182115236093
8874,-0.03289770242470258
8875,0.0165841274654559
8876,0.0512932927428138
8877,-0.09156719052891527
8878,-0.07833184047944508
8879,-0.03774032655834603
8880,-0.03922071161481977
8881,-0.012072580748439421
8882,-0.02459140212937605
8883,-0.00833338121191618
8884,0.02886798281025449
8885,0.09678728119730096
8886,0.1247289223804171
8887,0.29659983701362114
8888,0.007237667125616909
8889,-0.021872074287105026
8890,0.09374540697231382
8891,-0.011248712282800888
8892,-0.10234846274961251
8893,-0.09731720250244003
8894,-0.04809979343321347
8895,-0.03240342310004696
8896,0.09149233780695099
8897,-0.07663322384479576
8898,0.12203487841133143
8899,0.2504437215272053
8900,0.03593200850870293
8901,-0.0816780293455146
8902,-0.15628060248605724
8903,-0.1883095934841692
8904,-0.1805213703486137
8905,-0.10216817068943884
8906,-0.03239149447960976
8907,0.004106781783996816
8908,-0.016529301268150665
8909,-0.012578781679434048
8910,0.04939275329612647
8911,-0.07071552185559238
8912,0.02553330091852324
8913,0.00836824932037672
8914,0.09531017601644631
8915,0.10422350212165599
8916,-0.04538300426322461
8917,-0.040078222106975314
8918,0.003710579258851876
8919,0.011049835779584516
8920,0.03597510116393021
8921,0.09112539675833009
8922,0.05948545142325212
8923,0.17264980440030486
8924,-0.20665617133409597
8925,-0.24459847760136766
8926,-0.22918585542576508
8927,-0.20067068423880707
8928,-0.18232154444827664
8929,-0.07696103521020303
8930,-0.008032171052102743
8931,0.03953083563085391
8932,0.05284247738441206
8933,0.0709517309360237
8934,0.14035734872558203
8935,0.255933360696341
8936,-0.061777356759584734
8937,0.10241500065624987
8938,0.15541409750503066
8939,0.12449446581039858
8940,0.11368695484031033
8941,0.008915363393004583
8942,-0.060994510842099725
8943,-0.08187877107995778
8944,-0.11949097366969408
8945,0.0
8946,0.19822013594595633
8947,0.39170098434521883
8948,0.027341345029247677
8949,-0.13057193211054852
8950,-0.18374099867975202
8951,-0.14331939461289123
8952,-0.1673521857129896
8953,-0.15028219676398313
8954,-0.13481921630760496
8955,-0.07490130416395413
8956,-0.028170875379395
8957,0.0
8958,0.06632263926415138
8959,0.3965124793313386
8960,-0.16378930226336896
8961,-0.008510689305747388
8962,0.10150694221683221
8963,0.1569047382030937
8964,0.03883983205899533
8965,-0.003179652816277745
8966,0.04056718372290602
8967,-0.0030627894367389885
8968,0.062427396723748974
8969,-0.014514042462931975
8970,-0.0029282596933413174
8971,-0.1314388997735274
8972,-0.17499062786308128
8973,-0.15481490433313105
8974,-0.10277986402957096
8975,-0.06936112409527562
8976,-0.09863059771463689
8977,-0.056441307364432536
8978,-0.02614527839528602
8979,-0.03367321283860303
8980,-0.027779562177691286
8981,-0.007067166723641716
8982,0.041672693505792946
8983,0.17435337626042502
8984,0.028170875379395
8985,0.05406721834629913
8986,0.14204765068653646
8987,0.31137183135690183
8988,0.08951659464279071
8989,0.04192230513073669
8990,0.03174869739815822
8991,0.07916819736623193
8992,0.036086388844157824
8993,0.12813711979639164
8994,-0.02480397680647295
8995,-0.3328259154521094
8996,-0.20812943338127488
8997,-0.23795862656379319
8998,-0.22190053071405602
8999,-0.19860242875231915
9000,-0.1914540243716849
9001,-0.0962280228275727
9002,-0.01015237043330286
9003,0.07847160774030204
9004,0.13235143978968056
9005,0.1740227407790771
9006,0.2396728384657858
9007,-0.20553983442667745
9008,0.20553983442667745
9009,-0.05619455518498295
9010,0.15991437600162461
9011,0.23587009550285476
9012,0.2192449032380468
9013,0.12055695898994001
9014,0.03804806660336535
9015,0.007968169437536421
9016,0.018349138187196523
9017,0.1779831509604608
9018,-0.06280089983001247
9019,-0.254295049716446
9020,-0.34185984598753194
9021,-0.25191483655590297
9022,-0.15145161401906604
9023,-0.07169192378163114
9024,-0.07723134251085728
9025,-0.044783599283796605
9026,-0.023167057492412102
9027,0.03077165629932921
9028,0.05884049569392946
9029,0.0887954927140373
9030,0.1228536655493353
9031,0.39966797138006127
9032,0.019194446519270603
9033,0.015094625652854798
9034,0.07917802686107533
9035,0.17130375360595096
9036,0.051147509713253214
9037,0.04336722793949743
9038,0.0
9039,-0.018742181307912276
9040,-0.008141157362770546
9041,0.0054347958382714445
9042,-0.04716546713361014
9043,-0.11105853343552319
9044,-0.20739518702960247
9045,-0.18859116170023915
9046,-0.10956219704975911
9047,-0.032088312835253596
9048,-0.05014978089044053
9049,0.005698020789962399
9050,0.03900215562989651
9051,0.04800921662488511
9052,0.03580945086463361
9053,0.04902942483595263
9054,0.11725125688564964
9055,0.3149660199029589
9056,-0.009360442467501784
9057,-0.03184982487260202
9058,0.038099845022458556
9059,0.17397948050192236
9060,0.07073654930401174
9061,0.10414025684037487
9062,0.04721907092372968
9063,-0.040647305904455866
9064,-0.09138774950004525
9065,-0.1438372169981208
9066,-0.05391376312962137
9067,0.05942341878880919
9068,-0.2552467887101617
9069,-0.19086860991495147
9070,-0.15272107993611916
9071,-0.1109315548413603
9072,-0.09978946474589767
9073,0.05989813799220878
9074,0.1306201752979379
9075,0.08786135149989827
9076,0.07644169206101381
9077,0.04652001366716352
9078,0.04839653890961504
9079,0.22156749903440698
9080,-0.009508787667634966
9081,0.015798116377419902
9082,0.08124766982665133
9083,0.18424648034026658
9084,0.04924793367916047
9085,-0.01150760658662664
9086,-0.009302392445976082
9087,0.009302392445976082
9088,0.01150760658662664
9089,0.2604261033855515
9090,-0.05622514163691816
9091,0.06237900710309541
9092,-0.009687437985057556
9093,-0.2231435468894314
9094,-0.20559923661328128
9095,-0.12118555330128977
9096,-0.053556102781349146
9097,0.0
9098,0.05967232961174318
9099,0.012121360165022299
9100,-0.024391452380443823
9101,-0.01869213242980905
9102,0.006269612817054515
9103,0.12608183476928803
9104,0.01639380932773804
9105,-0.02469261191286476
9106,-0.04837358290747451
9107,0.008708327638999425
9108,-0.05342516508751016
9109,-0.0341118334489261
9110,-0.04187407112206376
9111,-0.036855091154198494
9112,0.003407158205527061
9113,0.30035650452382034
9114,0.19400782892138135
9115,-0.18898269284496827
9116,-0.16001579493054852
9117,-0.14877300387521197
9118,0.0
9119,0.08187877107995778
9120,0.012500162373591195
9121,-0.025158558844921686
9122,-0.05903352964754305
9123,-0.0591476704441849
9124,-0.047715471287975486
9125,-0.03442022256995836
9126,0.019268418123310038
9127,0.2427964809877845
9128,-0.09740818440415033
9129,-0.10793073545196652
9130,0.021819046601156966
9131,0.0992266304986269
9132,0.0661658587114613
9133,-0.05967232961174318
9134,-0.046365919022080426
9135,-0.006802747091364747
9136,0.036855091154198494
9137,0.15509008334347163
9138,0.10676797257314785
9139,0.2377203308273672
9140,-0.3249618815948647
9141,-0.3543099330614652
9142,-0.1902267280520995
9143,-0.01923136100324596
9144,-0.029558800785233874
9145,-0.04604393614538571
9146,-0.05377639388820654
9147,-0.028013034658111113
9148,0.016901809850343064
9149,0.05436120626301877
9150,0.08126295994920119
9151,0.2491440422816824
9152,-0.1211155737164229
9153,-0.16783471698474584
9154,0.020101178310909962
9155,0.06733311682897103
9156,0.07609934013046749
9157,0.012848141927592316
9158,-0.10299923485552664
9159,-0.09389608112346703
9160,-0.0532040332321273
9161,0.08381866748951872
9162,0.17475530835347586
9163,0.1595609663326365
9164,-0.11016821303651003
9165,-0.21913552007731418
9166,-0.16841864245336602
9167,-0.174071646070876
9168,-0.17670355087865408
9169,-0.06959328574271906
9170,0.02666824471136975
9171,0.1000834502027641
9172,0.11247797498359757
9173,0.12014430381315977
9174,0.16220440521720958
9175,0.29434430864189975
9176,-0.03239149447960976
9177,-0.0725264409727382
9178,0.055928550252441145
9179,0.06871388976954806
9180,0.023167058386972972
9181,-0.05089160530368542
9182,0.027724546916712445
9183,0.04207121231137023
9184,0.04754094303010259
9185,0.1941560081384366
9186,0.0
9187,-0.1870385406228654
9188,-0.33860214858878734
9189,-0.23440069269700725
9190,-0.17106439053553713
9191,-0.1442495972645168
9192,-0.1584703261685716
9193,-0.06252035046455395
9194,-0.010810914935445393
9195,0.021506202908290195
9196,0.03141619294318421
9197,0.07924936379945313
9198,0.17435337190668365
9199,0.35907204440437734
9200,-0.08144032720003569
9201,-0.018349137545861982
9202,0.13275948217160005
9203,0.1641392295282702
9204,0.1723329916489278
9205,0.022901763412495058
9206,0.08669685899243706
9207,0.0861459478571569
9208,0.07637297645030694
9209,0.1699909397386068
9210,0.01722059732801906
9211,0.04062685255923082
9212,-0.2978822312248064
9213,-0.40231548358119884
9214,-0.23262228291475617
9215,-0.18232154488919372
9216,-0.18805221672461547
9217,-0.07145895759644949
9218,-0.04740223439979818
9219,-0.009756173993527906
9220,0.01941808397173217
9221,0.019048193156470994
9222,0.08149302686808291
9223,0.265703145443152
9224,-0.020202705956975375
9225,0.1033176073505091
9226,0.17410794845326505
9227,0.2615709165842435
9228,0.30538163910840854
9229,-0.017699576577262288
9230,0.10446725672835822
9231,0.03942691894300232
9232,0.04040953731715602
9233,0.00493828151864939
9234,-0.1091992891230067
9235,-0.002751033296207961
9236,-0.263191044149401
9237,-0.23758422585675287
9238,-0.1896208497850571
9239,-0.15415067066974952
9240,-0.13720111208663832
9241,-0.06846779406671555
9242,-0.032002728525518
9243,-0.02469261055785177
9244,0.0
9245,-0.03390154880211815
9246,0.03390154880211815
9247,0.4595322986766881
9248,-0.021277397315422775
9249,0.05745705202276774
9250,0.15051826772295218
9251,0.23615891024091695
9252,0.2382020078795657
9253,0.07836906506722174
9254,-0.015190165109399079
9255,-0.04968341884719951
9256,-0.06650649559774502
9257,-0.16471246274787799
9258,-0.06995858615881012
9259,-0.025689485172474047
9260,-0.29639400022852413
9261,-0.242071547505462
9262,-0.18104846950554698
9263,-0.10451269032560262
9264,-0.09785578129157813
9265,-0.04785601659636374
9266,-0.029852960178796017
9267,-0.020408869548524944
9268,-0.02083408473246795
9269,-0.010582108210716257
9270,0.03141619294318421
9271,0.22931004510430508
9272,0.05579135518058287
9273,0.007722045497607244
9274,0.06693947769447917
9275,-0.007220247452165207
9276,0.04948005376511899
9277,0.16492980359610154
9278,0.1261945956275281
9279,0.06001800672355051
9280,-0.009756174469446321
9281,0.061777356759584734
9282,0.05818195277804783
9283,0.07937358422389407
9284,-0.1655947557559192
9285,-0.28295391575611895
9286,-0.19370686557628503
9287,-0.1566984389562216
9288,-0.14378787898464385
9289,-0.06385146518920726
9290,0.0
9291,0.04301738045673931
9292,0.031090583847690034
9293,0.08786134720846261
9294,0.18698355396120325
9295,0.3441942601407999
9296,0.13353138575639134
9297,-0.03922071123020476
9298,0.029558800785233874
9299,0.05661889132737841
9300,0.004576666817952546
9301,-0.03248545363677735
9302,-0.038466278977999924
9303,-0.06584656246117326
9304,-0.005249355610585926
9305,0.14204765068653646
9306,0.04027389733548903
9307,-0.27605402051284367
9308,-0.10343558094914629
9309,-0.06624938115061463
9310,0.03367321283860303
9311,0.11261887105458168
9312,0.057487087612005716
9313,-0.016901809850343064
9314,-0.07061756305652578
9315,-0.06291382145111424
9316,-0.07410796715871726
9317,-0.0724954967802538
9318,0.007490671168053353
9319,0.23205889951689507
9320,-0.017910925497163888
9321,-0.24445332121884933
9322,-0.13133599126486617
9323,0.09211528118850776
9324,0.15529287289918692
9325,0.07263917884108873
9326,-0.012820687607199677
9327,-0.02614527839528602
9328,-0.040546091653998584
9329,0.033901549376830875
9330,0.3738597478977277
9331,-0.1641392295282702
9332,-0.11441034462573807
9333,-0.06899286715794739
9334,0.09884582852509771
9335,0.028987535192579905
9336,-0.16757368973468934
9337,-0.09937246675390599
9338,-0.06155788826122022
9339,-0.016000340066359087
9340,-0.016260519549728958
9341,0.032260859616088045
9342,0.11954514170723929
9343,0.1561607205737121
9344,-0.14914314840753073
9345,-0.0953101728113186
9346,0.03774032513384462
9347,0.1509710165300726
9348,0.15324033844365514
9349,0.021622462844292478
9350,0.010638397639172847
9351,-0.032260860483465326
9352,0.09381875032409015
9353,0.13041708941204222
9354,0.13079839841450802
9355,-0.023256861262757056
9356,-0.04409531809730405
9357,-0.05908891387535231
9358,0.021506204295894005
9359,-0.030239883883260266
9360,-0.1718502487029756
9361,-0.09270939304474402
9362,-0.04082199213930293
9363,-0.018018504420427295
9364,0.0
9365,0.0
9366,0.04734611779460618
9367,0.2804303949211153
9368,-0.053824647598953224
9369,-0.13287327483134392
9370,-0.026668245659686285
9371,0.042334361585978364
9372,0.05051578758451436
9373,0.01951281327167642
9374,0.03325722017627575
9375,0.036701365166501354
9376,0.017857616602749093
9377,0.210676774143586
9378,0.24652399212718423
9379,-0.0487901627688716
9380,-0.1834987140430453
9381,-0.19440843649477157
9382,-0.052875749717533616
9383,-0.004535154959715015
9384,-0.03704126996508306
9385,0.0
9386,0.014051752797466843
9387,0.018433700839310507
9388,-0.004576666817952546
9389,0.004576666817952546
9390,0.05766563929115698
9391,0.1516845812656542
9392,0.007380107025291238
9393,-0.02607223933863212
9394,0.02238899405799888
9395,0.029092959883589398
9396,0.017762455708814073
9397,-0.017762455708814073
9398,0.003577821219876043
9399,-0.021661495999115044
9400,-0.03717900185931633
9401,0.2989816179168141
9402,0.09121600582279976
9403,-0.36402790698464793
9404,-0.26458073000182925
9405,-0.13353138575639134
9406,-0.08004270309478212
9407,-0.0741079675749674
9408,-0.08701137116212454
9409,-0.021202206152101777
9410,0.04196419616361169
9411,0.05981849123388905
9412,0.050325080721079996
9413,0.04791335282573694
9414,0.05683347153225249
9415,0.3149316999731191
9416,0.016000340706399996
9417,-0.09570707997160133
9418,-0.053824647598953224
9419,0.004597709037239994
9420,0.044850564153441574
9421,0.02597548527865401
9422,0.01694955759553718
9423,-0.012685158990930923
9424,-0.0042643986046062565
9425,0.07013182087967751
9426,0.11290172594851322
9427,-0.2538595962602863
9428,-0.14274804069095381
9429,-0.15415067100891644
9430,-0.07696103619785744
9431,-0.033901549376830875
9432,-0.042259806312953785
9433,0.014285956227016339
9434,0.027973850085937446
9435,0.027212561673461977
9436,0.026491613692359195
9437,0.05096644034435238
9438,0.09474536197474004
9439,0.20834531958964497
9440,-0.032636927791217296
9441,-0.18137412901309835
9442,-0.09531017412250709
9443,-0.05129329109807701
9444,-0.02666824530406764
9445,-0.027398972311237557
9446,-0.057158409754981765
9447,-0.10863383256499493
9448,0.04800921534414826
9449,0.145181999287066
9450,0.23922967468975687
9451,0.24835495896299298
9452,-0.18149201717411145
9453,-0.22813108007649374
9454,-0.16251891846836397
9455,-0.13353138212032167
9456,-0.14439449182812947
9457,-0.08085208845331682
9458,-0.02127739618356106
9459,0.0
9460,0.05236798003125109
9461,0.07847160774030204
9462,0.13235143978968056
9463,0.09455857516835531
9464,0.172245892908383
9465,-0.019169914882730232
9466,0.044171215525403706
9467,0.006153865195676289
9468,-0.031155165838349763
9469,-0.032157109566193665
9470,0.00651468059678173
9471,-0.07410796715871726
9472,-0.02837069511683943
9473,0.10895117636223839
9474,0.10406935351761248
9475,-0.10406935351761248
9476,-0.03947880837582263
9477,-0.06230387902167811
9478,-0.021661495217049964
9479,-0.05244647144216685
9480,-0.12260231205888816
9481,-0.07210328739992233
9482,-0.06765864193175952
9483,-0.05129328912439313
9484,-0.03208831111900645
9485,0.03208831111900645
9486,0.15565329453872723
9487,-0.009049834700917359
9488,0.12783336060079487
9489,0.015873347896447676
9490,0.09745532883912755
9491,0.15822399476193327
9492,0.13124218153071476
9493,0.10642945744771914
9494,0.15552335671457085
9495,0.040328043760400334
9496,-0.03622126197640352
9497,-0.06782259346271857
9498,0.04711792095842471
9499,-0.012631746374023312
9500,-0.24347596826611317
9501,-0.2575111789424027
9502,-0.20067067992213694
9503,-0.15700373427975167
9504,-0.17435336809716073
9505,-0.11332867102129063
9506,-0.04082198896470013
9507,0.0
9508,0.027398970434361125
9509,0.06538275070999644
9510,0.15234070669539435
9511,0.10318422557879536
9512,0.06637506264877668
9513,0.0271509866085462
9514,0.11778302573574928
9515,0.2135740850355452
9516,0.25841167555405464
9517,0.12981160549530157
9518,0.09531017585175583
9519,0.09062801403520959
9520,-0.007246408258213766
9521,-0.05608946455314179
9522,-0.08004270446840822
9523,0.13248917787576264
9524,-0.22405636740581958
9525,-0.20728816900674119
9526,-0.17783723341230795
9527,-0.17563255575725334
9528,-0.2231435313142116
9529,-0.17435336809716073
9530,-0.08701136616712013
9531,0.012903403170906547
9532,0.07410796299621358
9533,0.09097176785376115
9534,0.1510402421751591
9535,0.34445097512024203
9536,-0.14208250350306129
9537,-0.015384917655977493
9538,0.09601464614274446
9539,0.21465692383253865
9540,0.2891015048410175
9541,0.16081534525168406
9542,0.010810915714625224
9543,-0.025409714602956157
9544,-0.01855340720727039
9545,-0.09418721136062125
9546,-0.12708542274198864
9547,0.1514768748745272
9548,-0.3699584016723634
9549,-0.3353100982797588
9550,-0.24783614103872997
9551,-0.11000088310192657
9552,-0.1368591656629361
9553,-0.05480822898325877
9554,-0.01418463297988426
9555,0.0
9556,0.028170872998442897
9557,0.06713929381887063
9558,0.12210268187330042
9559,0.2790239817226623
9560,-0.07210328739992233
9561,0.10629464922529364
9562,0.19068979187530344
9563,0.2666286470009944
9564,0.1929036567926521
9565,0.06371581167872176
9566,-0.025001301163587897
9567,-0.07898840785062289
9568,-0.07095173261477727
9569,-0.14763599100749092
9570,0.04445176010047813
9571,-0.02754995025013507
9572,-0.20377917150519043
9573,-0.13941952500273924
9574,-0.06506358805360613
9575,-0.06959328574271906
9576,-0.1043600054143341
9577,-0.030459204391925176
9578,0.020408869548524944
9579,0.03960913417232392
9580,0.05661888865524878
9581,0.0708260462955792
9582,0.14310083224466297
9583,0.37792892698690794
9584,-0.07371757201318019
9585,-0.022100345779553443
9586,0.059638263085388665
9587,0.10956219704975911
9588,0.09873483625092039
9589,0.0042643986046062565
9590,0.05384322979021272
9591,0.019960741765649104
9592,-0.040328043760400334
9593,-0.12242340985352129
9594,-0.07733319966354246
9595,0.3521420580031789
9596,-0.1482786667021183
9597,-0.13119220452598546
9598,-0.1242289937811285
9599,-0.10594857209590414
9600,-0.10536050912187944
9601,-0.060624617731467545
9602,-0.06453851650794196
9603,-0.03774032513384462
9604,-0.03922071007635841
9605,-0.0325231890609321
9606,0.024491018008829357
9607,0.350202405606137
9608,-0.11423818281375864
9609,-0.045610508279653406
9610,0.05826890435039145
9611,0.1885911589978022
9612,0.13157635136748658
9613,0.08739181829391374
9614,0.012474173706485736
9615,0.016393809103768753
9616,0.024097550611193785
9617,-0.0039761482215414645
9618,-0.10491793545234795
9619,0.030503452964081745
9620,-0.2692548900122955
9621,-0.22595647844806566
9622,-0.15180600132332733
9623,-0.0944908352980458
9624,-0.0944096755512649
9625,-0.040409534254994384
9626,0.010256499115222084
9627,0.020202705276703092
9628,0.009950329863069207
9629,-0.009950329863069207
9630,0.06765864193175952
9631,0.018519046052412946
9632,0.0708260462955792
9633,0.033616607973527834
9634,0.04839653695737978
9635,0.053652709379028884
9636,0.02941388304319581
9637,0.02857337040282326
9638,0.054808232739126606
9639,0.03278982067245373
9640,0.056441307364432536
9641,-0.0372713924817023
9642,0.06730367777656543
9643,0.13795943651504938
9644,-0.10880285392392697
9645,-0.1091992853336925
9646,-0.03922071058917931
9647,-0.006688987703368898
9648,-0.03413300403910835
9649,-0.013986240996649357
9650,-0.014184633985920403
9651,-0.0071684889647376515
9652,-0.007220247452165207
9653,0.0
9654,0.0
9655,0.42460442324846026
9656,0.004728140972392492
9657,-0.038466278977999924
9658,0.028987535472692283
9659,0.05556984858080849
9660,0.03540192548413179
9661,0.03419136328682493
9662,0.016667051790719256
9663,0.016393809103768753
9664,0.01212136004258113
9665,0.00800004234707119
9666,0.054276884749649756
9667,0.4533563820575459
9668,-0.10616019314253933
9669,-0.20334091800495813
9670,-0.17062551095081213
9671,-0.16846451502065918
9672,-0.1641392295282702
9673,-0.10236200683538454
9674,-0.06174800325441954
9675,-0.0590335277108931
9676,-0.041385213307886914
9677,-0.021353122950658054
9678,0.014285956227016339
9679,-0.07356256176312526
9680,0.015151803872694547
9681,0.022305755855740017
9682,0.09798040149745901
9683,0.045610508279653406
9684,0.0677181698844933
9685,0.029327613374178885
9686,0.011494378765124047
9687,0.03371105544807351
9688,0.010989120971785393
9689,-0.03900215562989651
9690,0.09220618886202381
9691,0.40027027413981164
9692,-0.18232154984951032
9693,-0.1576289370897621
9694,-0.09190135758837403
9695,-0.06632263926415138
9696,-0.0958817659530582
9697,-0.05826890435039145
9698,-0.02702867056143532
9699,-0.0068728788153955556
9700,0.0
9701,-0.006920442365646373
9702,0.006920442365646373
9703,0.0602188559626029
9704,-0.00651468059678173
9705,0.00651468059678173
9706,0.07503518124881348
9707,0.06979575787435355
9708,-0.011299554615527008
9709,-0.011428695170540237
9710,0.03390154975997284
9711,0.05406721834629913
9712,0.046280750183683494
9713,0.010000082834571433
9714,0.14773353867383587
9715,0.09413898705790746
9716,-0.023716525679816414
9717,-0.2691874774595959
9718,-0.18967838408454574
9719,-0.09278172729766121
9720,-0.08701137067649922
9721,-0.0229895164628946
9722,0.03053672152867204
9723,0.06547792461407242
9724,0.061452775016294314
9725,0.07031649392068973
9726,0.09978946474589767
9727,0.39986283414675716
9728,-0.00751883213136173
9729,-0.11589801632357988
9730,-0.047731400749627007
9731,0.004434596871209173
9732,-0.017857616602749093
9733,-0.009049835110417792
9734,-0.05608946402866577
9735,-0.05942341752731606
9736,-0.015424469532568263
9737,0.09860197193942533
9738,0.3491348378296708
9739,-0.27234769808599646
9740,-0.19633228443176165
9741,-0.04879016152392923
9742,0.011049835576084188
9743,-0.14776087297927543
9744,-0.18871134166391723
9745,-0.14903556679785135
9746,-0.06453851518519071
9747,0.028170874321193917
9748,0.08855338949461578
9749,0.09684981816723237
9750,0.10227884164178658
9751,0.3914788436373384
9752,-0.07808843315837244
9753,-0.2462511121507167
9754,-0.07410796715871726
9755,0.03436764114170554
9756,-0.013605651130195628
9757,-0.1160721628228285
9758,-0.03922071007635841
9759,-0.04082199118692209
9760,0.03278982013481935
9761,0.1701510085557496
9762,0.6263384792242626
9763,-0.1403075402576932
9764,-0.04274154655015305
9765,-0.06774598547153854
9766,-0.06267110394050368
9767,-0.1442496011245269
9768,-0.1484199959228718
9769,-0.08338160314194987
9770,-0.05205635808394371
9771,-0.015384917655977493
9772,0.007722045497607244
9773,0.007662872158370249
9774,0.037457559728434564
9775,0.34484046484565267
9776,-0.010471299319049887
9777,-0.15942772783128634
9778,0.06569525534046816
9779,0.039665254144519047
9780,-0.005571044739089537
9781,-0.022599830640305463
9782,-0.01729149611338343
9783,-0.0235304960259195
9784,-0.03636764196628928
9785,-0.018692131847465987
9786,0.37783314965644577
9787,-0.02178735323549219
9788,-0.11174403323139481
9789,-0.05051578758451436
9790,0.01030936912744096
9791,0.05487660748747247
9792,0.00966191044497089
9793,-0.05942341752731606
9794,-0.03636764228123024
9795,-0.032260860483465326
9796,-0.07368771161243881
9797,-0.07955262683121633
9798,0.07365290505209598
9799,0.33816140923455373
9800,-0.0974221086899334
9801,-0.08743429513988099
9802,-0.036179654707344966
9803,-0.048527038277620616
9804,-0.09255155200780374
9805,-0.10873319317495911
9806,-0.2967318846301774
9807,-0.12576937510534192
9808,-0.06385146518920726
9809,0.10426099944420164
9810,0.31935338922198
9811,-0.1722999848052975
9812,-0.06169356356633493
9813,-0.11551287599011983
9814,-0.07410796430442934
9815,-0.09201888812843517
9816,-0.11477549993922276
9817,-0.027398970434361125
9818,0.027398970434361125
9819,0.026668243525973967
9820,0.03871450718402247
9821,0.03727139016617276
9822,0.10414024719148873
9823,0.40179534285850727
9824,-0.022305755855740017
9825,-0.03831886136510665
9826,0.0077821398364346095
9827,-0.03953083563085391
9828,-0.08408311013640501
9829,-0.04485056214153138
9830,-0.02790878552057352
9831,-0.028710103134675258
9832,-0.009756173993527906
9833,0.17081771691788372
9834,0.26045524080120774
9835,-0.11460337500470041
9836,-0.17946847377003516
9837,-0.11778302497262372
9838,-0.039220709307127954
9839,-0.04082199035358869
9840,-0.13353137774357204
9841,-0.12675168955162963
9842,-0.05556984343280402
9843,-0.02898753267157228
9844,0.0
9845,-0.014815083590233202
9846,0.04380261626180548
9847,0.22884154320807215
9848,0.15739215720244593
9849,0.028710103134675258
9850,0.037041268249817794
9851,0.0
9852,-0.009132482729244273
9853,0.07933673523916518
9854,0.0655972771051303
9855,-0.016000340066359087
9856,-0.008097209576967579
9857,0.024097549643326666
9858,0.1809979167235336
9859,-0.20509546636686027
9860,-0.16779344137801333
9861,-0.1335313788882604
9862,-0.0335226882923898
9863,-0.03468555397719575
9864,-0.08594241924265633
9865,-0.039220708025077045
9866,0.0
9867,0.013245224995634963
9868,0.013072079858535535
9869,0.02564242732548694
9870,0.07320339508807594
9871,0.424883153241288
9872,0.10227884164178658
9873,-0.03533936394730741
9874,-0.07466152319208641
9875,-0.10622220456779141
9876,-0.08076134939341184
9877,0.0
9878,0.04567003266095915
9879,0.026433254738963186
9880,0.017241804948069817
9881,0.07410796604871628
9882,0.3227733703692377
9883,-0.3070250146411775
9884,-0.07290676489947501
9885,-0.07864312044363642
9886,-0.046520011305888787
9887,-0.07924936379945313
9888,-0.10880284799905526
9889,-0.05918886438164073
9890,-0.02469260954159136
9891,0.0
9892,0.012422518455347475
9893,0.03636763976170432
9894,0.0800426985160283
9895,0.43078287763091927
9896,-0.036367641525372196
9897,-0.06108768731375536
9898,-0.04839653695737978
9899,0.0
9900,-0.05959209212757566
9901,0.025975484154047823
9902,0.0898563217767765
9903,0.03831886136510665
9904,0.0724954967802538
9905,0.04779066057294523
9906,0.11332867816414671
9907,-0.2641515570460178
9908,-0.05579135518058287
9909,-0.06782259058667606
9910,-0.04485056214153138
9911,-0.07622735812110326
9912,-0.1264841337594711
9913,-0.06979575381316572
9914,-0.024391450149297444
9915,0.012270091086243884
9916,0.03593200492190318
9917,0.045985107954316096
9918,0.0963310986196988
9919,0.11551287599011983
9920,-0.05608946140628879
9921,0.019048193156470994
9922,0.06394871875622687
9923,0.07663321949255408
9924,0.008163309972761379
9925,-0.02469261055785177
9926,0.01652930058509039
9927,0.05579135518058287
9928,0.0
9929,0.05284247738441206
9930,0.08455738206621932
9931,0.14445127365051036
9932,-0.14445127365051036
9933,-0.145181999287066
9934,-0.08134563283319052
9935,-0.05218574863061898
9936,-0.08376987526379498
9937,-0.02955879932892369
9938,-0.020202705276703092
9939,0.0
9940,0.01015237043330286
9941,0.010050334843400233
9942,0.05826890246359895
9943,0.3538407145884026
9944,-0.013333529980536607
9945,-0.013513718253606477
9946,0.026847248234143084
9947,0.019672764308604318
9948,0.03195159776461942
9949,0.055059773813755264
9950,0.035091317758725094
9951,-0.029156582591122415
9952,-0.023953239588029973
9953,-0.10199916144708832
9954,-0.10610649848177678
9955,-0.04580953253316
9956,-0.023716524742316558
9957,-0.008032171052102743
9958,-0.016260519549728958
9959,-0.05908891138069805
9960,-0.11995930399628607
9961,-0.08167802267050517
9962,-0.06595796053841285
9963,-0.0465200102236385
9964,-0.06136893884163319
9965,-0.02564242732548694
9966,0.012903403170906547
9967,0.20763934073978563
9968,0.020619285076885596
9969,0.020202705276703092
9970,0.09531017071341674
9971,0.11170397997172454
9972,0.024097549643326666
9973,0.015748355728060215
9974,0.03077165629932921
9975,-0.015267470965287355
9976,-0.055350090705428734
9977,-0.01639380843186178
9978,0.05623971380324866
9979,0.28963327293757635
9980,-0.08541774593961726
9981,-0.10041874101878001
9982,-0.08829260064513722
9983,-0.11394425006539866
9984,-0.14841999132517136
9985,-0.10536050454671608
9986,-0.08096905316285152
9987,-0.06213177338380671
9988,-0.05264372655541605
9989,-0.04138521045291976
9990,0.0
9991,0.557601628363819
9992,-0.1017826856693902
9993,-0.0271509866085462
9994,0.07933673523916518
9995,0.02510591902994186
9996,0.14585186579650733
9997,0.02817087498256976
9998,-0.08701137067649922
9999,-0.08701137010257787
10000,-0.02510591902994186
10001,-0.06115441780900355
10002,-0.027398971685612228
10003,0.3351485833232797
10004,-0.11944002846231339
10005,-0.11871629743263501
10006,-0.06959328574271906
10007,-0.08455738007893832
10008,-0.15906467772637622
10009,-0.12210268187330042
10010,-0.09531016681731352
10011,-0.08961214529683192
10012,-0.06453851072090622
10013,-0.016807115491523028
10014,0.06559727172444818
10015,0.4620354008664074
10016,-0.08338160024339958
10017,-0.021978904303316504
10018,0.08515779927001299
10019,0.11551287599011983
10020,0.02690745050640908
10021,-0.008888946627107153
10022,0.0
10023,-0.018018503879301928
10024,-0.009132482729244273
10025,0.018182317430161632
10026,0.0862603368389454
10027,0.06402185363968327
10028,-0.08068890473590962
10029,-0.06959328574271906
10030,-0.009049834700917359
10031,-0.02765152878165722
10032,-0.07770897677515975
10033,-0.06252035046455395
10034,-0.021739984273178248
10035,-0.01104983496558365
10036,0.0327898192387619
10037,0.05236798003125109
10038,0.12456271069103719
10039,0.18830958317535407
10040,-0.11871629743263501
10041,-0.06062461656433449
10042,0.026433254738963186
10043,0.017241804948069817
10044,0.008510688943585976
10045,-0.017094431898166285
10046,0.008583742954580309
10047,-0.03478611305992585
10048,-0.04525658749110395
10049,0.009216654255450596
10050,0.12083646270096882
10051,-0.02469261055785177
10052,-0.07796153471295542
10053,-0.027398971685612228
10054,0.054067216396981976
10055,0.0344861730976338
10056,-0.017094431898166285
10057,-0.008658061993489508
10058,0.0
10059,-0.008733679205978007
10060,0.008733679205978007
10061,0.017241804948069817
10062,0.06613979703445994
10063,0.06952605727547656
10064,-0.06952605727547656
10065,0.015873347896447676
10066,0.0902868398743899
10067,0.0071684889647376515
10068,-0.014388736416902859
10069,-0.021978905108469338
10070,0.029199152560634545
10071,0.014285956227016339
10072,0.01408473888982309
10073,-0.05018974092451378
10074,0.1687494678308017
10075,0.1656196976958011
10076,-0.015915454461542744
10077,-0.18125259897842172
10078,-0.08701137116212454
10079,-0.035590942569004635
10080,-0.0674412757399212
10081,-0.03953083563085391
10082,-0.03278982013481935
10083,-0.01680711690395187
10084,-0.008510688943585976
10085,0.016949556877301486
10086,0.08068890473590962
10087,0.38721164291101484
10088,-0.048527038277620616
10089,0.04324998145525072
10090,0.04652001322989063
10091,0.005037793776162758
10092,0.029705152943147795
10093,-0.044895317667970946
10094,-0.07410796822907528
10095,-0.05651220706886262
10096,-0.05989813799220878
10097,-0.05064372961208541
10098,0.18340321178368546
10099,-0.17049980778027818
10100,-0.13720111208663832
10101,-0.20312466786304073
10102,-0.08455738007893832
10103,-0.04000533061209888
10104,-0.10763065259681914
10105,-0.05849619983604537
10106,-0.024391450149297444
10107,0.03636763976170432
10108,0.06899286355044465
10109,0.10536050454671608
10110,0.13102825012570385
10111,0.3757893124837155
10112,0.041303803703740094
10113,-0.10343558094914629
10114,-0.10821357731422632
10115,-0.13762136733740693
10116,-0.11267315272820744
10117,0.009132482729244273
10118,0.03571807941228711
10119,0.0344861730976338
10120,0.0
10121,0.10451269032560262
10122,0.3009523895339763
10123,-0.011363758004633073
10124,-0.12136084963099592
10125,-0.1234441826145507
10126,-0.029631795411102058
10127,-0.03831886136510665
10128,-0.10709812672484631
10129,0.008658061993489508
10130,0.042200350928108143
10131,0.040491358075188444
10132,0.023530495564494824
10133,0.007722045497607244
10134,0.06693947769447917
10135,0.30196801094830183
10136,-0.20600402926952688
10137,-0.21825355007868286
10138,-0.03306085952808813
10139,-0.06959328574271906
10140,0.00896866917838457
10141,0.008888946627107153
10142,0.0
10143,0.02620237010534554
10144,0.10622220456779141
10145,0.07466152319208641
10146,0.0
10147,0.22458135161265647
10148,-0.09015109157248036
10149,-0.06495789205376035
10150,-0.03413300403910835
10151,-0.1576289323472153
10152,-0.23747335507706646
10153,-0.19268432192228735
10154,-0.13353137476738186
10155,-0.08961214529683192
10156,-0.031748693274258555
10157,0.04725287740637785
10158,0.15634604812349062
10159,0.6596991829406749
10160,-0.1152352552689182
10161,-0.07940677129566076
10162,0.0325231890609321
10163,0.007968169014256343
10164,0.0
10165,-0.024097549643326666
10166,-0.02469261055785177
10167,-0.05129329000158567
10168,0.017391741199467514
10169,0.03390154880211815
10170,0.05669533908336977
10171,-0.11679925799083346
10172,-0.14242032649652892
10173,-0.10763065259681914
10174,-0.05849619983604537
10175,-0.07503517655471326
10176,-0.1242976994888858
10177,-0.060624612625259644
10178,-0.015748354487981064
10179,0.015748354487981064
10180,0.03077165393190584
10181,0.0444517559832196
10182,0.08338159734484951
10183,0.39204204453278546
10184,0.06115441780900355
10185,0.00843886793371551
10186,0.03306085952808813
10187,0.0
10188,-0.03306085952808813
10189,-0.025533299831881795
10190,0.0
10191,-0.017391741199467514
10192,0.0344861730976338
10193,0.04149972746180364
10194,0.16454937471286168
10195,0.13525403721141638
10196,-0.2067129960850047
10197,-0.134590143301077
10198,-0.043296802003511825
10199,-0.017857615805491722
10200,-0.06513929610720615
10201,-0.029270379444058747
10202,-0.009950329863069207
10203,0.0
10204,0.009950329863069207
10205,0.019608469465854483
10206,0.08376987526379498
10207,0.2014820382400182
10208,-0.022141124243048704
10209,0.03663413049536102
10210,0.08280589796695237
10211,0.06412452405617497
10212,0.042559611830804034
10213,0.0235304960259195
10214,-0.017595760858316822
10215,-0.017910925497163888
10216,-0.012121359797699238
10217,-0.06291382145111424
10218,0.14483093912316702
10219,0.038572272660518436
10220,-0.2645287511085841
10221,-0.2553466713222905
10222,-0.13613216106700543
10223,-0.0757118135428132
10224,-0.09418720396246316
10225,-0.012422518455347475
10226,0.04879015821705179
10227,0.057819564200758844
10228,0.08607459950447671
10229,0.0981178463236847
10230,0.16345305839670843
10231,0.5930636864975352
10232,-0.12604071500377056
10233,-0.06686294178888152
10234,-0.016086136889059688
10235,0.02139118883731639
10236,0.061557889840624824
10237,0.03423316996792147
10238,-0.02433209947536996
10239,-0.024938947103285702
10240,0.0100503353484509
10241,-0.10536051010227077
10242,0.11034805136455406
10243,-0.00498754126228329
10244,-0.1743533776209687
10245,-0.18232154488919372
10246,-0.08961215199325867
10247,0.0077821398364346095
10248,-0.03149866457875117
10249,0.0
10250,-0.016129380629070322
10251,-0.03306085952808813
10252,-0.0341913618253713
10253,0.017241804948069817
10254,0.10536050711081835
10255,0.43078288916937924
10256,-0.2678794297961251
10257,-0.060624617731467545
10258,0.09278172729766121
10259,0.10219093474826568
10260,-0.01729149611338343
10261,0.01729149611338343
10262,0.06096069641027135
10263,0.0
10264,-0.04959693840563828
10265,-0.07628330027119645
10266,-0.056441307364432536
10267,0.08647359265929566
10268,-0.1882562800567964
10269,-0.18805221672461547
10270,-0.08076134939341184
10271,-0.057708312068690315
10272,-0.09333193010646879
10273,-0.0791373116073184
10274,-0.06062461446349454
10275,-0.05129328780860387
10276,-0.04027389373058665
10277,-0.027779560248307078
10278,0.05480822898325877
10279,0.4098996603382772
10280,0.051735669937227335
10281,0.07290676489947501
10282,0.1384023127613303
10283,0.1033176073505091
10284,0.12660561697592376
10285,0.15028219550691224
10286,0.06308397258307119
10287,0.017316449261793654
10288,-0.03493804983529092
10289,-0.031605337988215965
10290,-0.04695698088240752
10291,0.2346159424223373
10292,-0.14720400866631245
10293,-0.1468353512833409
10294,-0.09633110377906506
10295,-0.07583807196521963
10296,-0.10873319317495911
10297,-0.04845238003152863
10298,-0.021506203679181546
10299,-0.0072727588001471055
10300,-0.022141124243048704
10301,0.0
10302,0.03663413049536102
10303,0.10247866227555669
10304,-0.033006294289140925
10305,0.09592011574025516
10306,0.13124218153071476
10307,0.15338643833012666
10308,0.10444265881835202
10309,0.044451760774211646
10310,0.06132188852334819
10311,0.025689485172474047
10312,0.017953802971900412
10313,-0.021583570890726822
10314,0.10681400060191182
10315,0.3878822270435083
10316,-0.24217042029326574
10317,-0.17893745327451782
10318,-0.12583904247097477
10319,-0.10493488893951941
10320,-0.11247797836083429
10321,-0.10008345354445147
10322,-0.04301738277021494
10323,-0.02222313554998978
10324,-0.011299554615527008
10325,0.011299554615527008
10326,0.038572272660518436
10327,0.08294907867794121
10328,0.13041708941204222
10329,0.12695962225470447
10330,0.24746085053340794
10331,0.06678823893144425
10332,0.01394722709179419
10333,-0.01394722709179419
10334,0.0304311163606088
10335,-0.0027285145787558918
10336,0.0
10337,-0.01098912127369056
10338,0.07706334611073329
10339,0.11806716407876605
10340,-0.15984869700250215
10341,-0.121791053600107
10342,-0.1181596087988459
10343,-0.09226397346156467
10344,-0.08128263028899729
10345,-0.04536860315833913
10346,-0.01273902523647985
10347,0.01694955759553718
10348,0.04518222093706914
10349,0.035506687055957276
10350,0.05284247937939579
10351,0.1404011194283319
10352,0.05591518309950816
10353,0.009022617328276805
10354,0.129030256119401
10355,-0.015915454883721036
10356,0.023779191137806688
10357,-0.056390775840226226
10358,-0.022347298067718402
10359,-0.05516637970654914
10360,-0.07112734181504843
10361,-0.01615543970027744
10362,-0.04667513701372705
10363,0.21698125196250828
10364,-0.1768420857149713
10365,-0.214980232811528
10366,-0.19212554827989825
10367,-0.2072604937962308
10368,-0.20067068199413862
10369,-0.09309041583927335
10370,-0.008163309972761379
10371,0.0242926906018317
10372,0.015873347896447676
10373,0.0
10374,-0.007905178882191333
10375,0.007905178882191333
10376,0.007843176845868882
10377,0.0077821398364346095
10378,0.0601685169397741
10379,0.0567528125652661
10380,0.0136988434198555
10381,-0.006825964604459944
10382,-0.020761990011509912
10383,-0.04286370136915174
10384,-0.0601685169397741
10385,0.045462370631451865
10386,0.18847540964395293
10387,0.030213776770612988
10388,-0.15415066990662396
10389,-0.11000088713939382
10390,-0.06402185363968327
10391,-0.05085841292159765
10392,-0.0909717699241539
10393,-0.02898753407213217
10394,0.01941808397173217
10395,0.03774032442159392
10396,0.04525658749110395
10397,0.043296802003511825
10398,0.07350245598732164
10399,0.2916113306750443
10400,0.005865119108400929
10401,0.1261945956275281
10402,0.17455954320211742
10403,0.0750351828135134
10404,0.05470113357522788
10405,0.029964787579491947
10406,0.036235847140864585
10407,0.03152625254234387
10408,0.02047853064456584
10409,0.023373350404825466
10410,0.08838556707587353
10411,0.014992784136565795
10412,-0.1506844670106009
10413,-0.13303719446129625
10414,-0.09097177444137516
10415,-0.0905595729424058
10416,-0.12074951053890937
10417,-0.10714463140345432
10418,-0.08053885749169298
10419,-0.052992526629429104
10420,-0.03460552678215123
10421,-0.014184633985920403
10422,0.03509131734821613
10423,0.3559850301884575
10424,-0.03440142502651122
10425,0.029558800785233874
10426,0.05661889132737841
10427,-0.013857034021357961
10428,-0.023530496302774484
10429,-0.0639037988371065
10430,-0.05209510916888771
10431,-0.07205331364472922
10432,-0.05918886788598554
10433,-0.030962223686494816
10434,0.01250016198295123
10435,0.11709265941818048
10436,-0.08050321421745021
10437,-0.049089607183681494
10438,-0.012658396070738043
10439,-0.0389659660024857
10440,-0.07563740900221472
10441,-0.05129329062815202
10442,-0.03831886136510665
10443,-0.023716524742316558
10444,-0.016129380629070322
10445,0.0
10446,0.032002728525518
10447,0.15302517613293487
10448,0.03322564542022999
10449,-0.013158083711822588
10450,0.019672764308604318
10451,-0.0602188559626029
10452,-0.08638460797636816
10453,-0.03831886136510665
10454,-0.03984590537138688
10455,0.03984590537138688
10456,0.10379678597917907
10457,0.041385213307886914
10458,0.18457126514017874
10459,0.15575452130638112
10460,-0.16705407592190813
10461,-0.18005139705038742
10462,-0.06317889718497449
10463,-0.02941388304319581
10464,-0.06155788826122022
10465,-0.032260859616088045
10466,-0.01652930058509039
10467,0.0
10468,0.03278982013481935
10469,0.06252035209374851
10470,0.13447790469614418
10471,0.08866563146655171
10472,-0.018349137545861982
10473,0.024391451636728068
10474,0.06979575787435355
10475,-0.03428907151887284
10476,-0.05989813799220878
10477,-0.03135052791820403
10478,-0.01929320169388138
10479,-0.00651468059678173
10480,0.05715841020886714
10481,-0.006191969864514757
10482,0.1550375889251745
10483,0.2145964804627174
10484,-0.16783471698474584
10485,-0.15330500540473935
10486,-0.04849434699840671
10487,-0.03797924566088895
10488,-0.08759805341158033
10489,-0.05798725344601907
10490,-0.03802739269672539
10491,-0.01562531668230349
10492,0.007843176845868882
10493,0.03831886136510665
10494,0.09325748679176371
10495,0.1462920838931847
10496,-0.030032285294863126
10497,0.05918886788598554
10498,0.1392620598622436
10499,0.16126814014931412
10500,0.05786737992800006
10501,-0.020284670348541756
10502,-0.008230498797808128
10503,-0.02935221078165018
10504,-0.06142280993072857
10505,0.0
10506,0.0
10507,0.27859108974823554
10508,-0.1593008998895069
10509,-0.19933289376152663
10510,-0.19415600393675625
10511,-0.16813691090327332
10512,-0.16833530190841772
10513,-0.09614385214311705
10514,-0.05661888865524878
10515,-0.02955879932892369
10516,-0.010050334843400233
10517,0.0
10518,0.04927104415052819
10519,0.5203950357711555
10520,0.028170875379395
10521,0.005540180068678513
10522,0.02724964096219784
10523,0.09726330044225406
10524,0.10194003361536996
10525,0.08038151504850344
10526,0.07439828713930208
10527,0.033398279162349276
10528,-0.048607697247550874
10529,-0.11778303086711173
10530,-0.15343253979400995
10531,-0.12851884390937762
10532,-0.3127556890217553
10533,-0.27731926044845334
10534,-0.04211148091602901
10535,-0.021739984273178248
10536,-0.10414024719148873
10537,-0.0629138174916597
10538,-0.0397403233845095
10539,0.0
10540,0.013423018530339004
10541,0.026317304854170498
10542,0.05064372640541581
10543,0.268989910322464
10544,0.09015108886157241
10545,0.11394425006539866
10546,0.10227884164178658
10547,0.013793321181041929
10548,0.0
10549,0.03367321283860303
10550,0.04531519327801625
10551,0.043350438188535456
10552,0.03571808047555125
10553,0.12102662573616518
10554,0.1354725060482651
10555,-0.06544390519207433
10556,-0.004842624241277349
10557,-0.029558800785233874
10558,-0.015113637048626671
10559,-0.005089069248484623
10560,-0.03636764228123024
10561,-0.016000340493052878
10562,0.0
10563,-0.010810915519830822
10564,-0.005449604470581626
10565,0.010869671646148937
10566,0.02139118883731639
10567,0.10058723184200602
10568,-0.07964405909334404
10569,-0.10939858841711025
10570,-0.029327613374178885
10571,-0.03636764196628928
10572,-0.018692131847465987
10573,0.01250016198295123
10574,0.030583421501242825
10575,0.023810647276284236
10576,-0.005899721779120348
10577,0.11184829387502448
10578,0.10058723184200602
10579,-0.06933468996590308
10580,-0.1610117612482913
10581,-0.1080414755379544
10582,-0.03413300403910835
10583,-0.049832370199619724
10584,-0.09166718151852526
10585,-0.06613979703445994
10586,-0.05264372886541757
10587,-0.04609110295073515
10588,-0.038466277128203163
10589,-0.009852295472326578
10590,0.04831857260052974
10591,0.518344418020174
10592,-0.06979575787435355
10593,-0.036813970863680545
10594,0.018576384422628767
10595,-0.031155165838349763
10596,0.018809330778158717
10597,0.06025918788592799
10598,0.0
10599,0.0
10600,-0.011764840887521277
10601,-0.042302377133891955
10602,0.13275948217160005
10603,0.19129021736551843
10604,-0.16989902852820205
10605,-0.15415067100891644
10606,-0.07696103619785744
10607,-0.07616135568978466
10608,-0.11419235882294032
10609,-0.05810762598235719
10610,-0.025975484154047823
10611,-0.01769957553298518
10612,0.0
10613,0.01769957553298518
10614,0.05129329000158567
10615,0.02469261055785177
10616,-0.03306085952808813
10617,0.008368248970236358
10618,0.08770557342165075
10619,0.08764730065294835
10620,0.027587954615969856
10621,-0.0136988434198555
10622,-0.042259806312953785
10623,-0.021819045807674353
10624,0.0
10625,0.021819045807674353
10626,0.02837069511683943
10627,-0.04286370136915174
10628,0.0072727588001471055
10629,0.035590942569004635
10630,0.04110167286957633
10631,0.006688987703368898
10632,-0.06187539946276832
10633,-0.050920086722377356
10634,-0.03030534719911815
10635,-0.03922071007635841
10636,-0.04082199118692209
10637,-0.03390154880211815
10638,0.0
10639,0.07472353998904024
10640,-0.04919024015715845
10641,-0.00843886793371551
10642,0.07350245598732164
10643,0.0
10644,-0.07350245598732164
10645,-0.043296802003511825
10646,0.008810628905878026
10647,0.0344861730976338
10648,0.04149972746180364
10649,0.10047052259223355
10650,0.09129141379409011
10651,-0.03413300403910835
10652,0.0
10653,0.0
10654,0.03413300403910835
10655,0.05864872325855286
10656,0.0
10657,0.012578781415720997
10658,0.006230549362437721
10659,-0.01250016198295123
10660,0.006269612620513509
10661,0.03077165677281446
10662,0.07583807196521963
10663,0.07571181763925461
10664,0.09909089773070923
10665,0.04157642492479807
10666,0.017937699882242697
10667,-0.08338160507431702
10668,-0.03440142502651122
10669,-0.06720874621751438
10670,-0.021622462844292478
10671,-0.0277026010143695
10672,-0.08191711767205279
10673,0.006079045706833153
10674,0.192371882041396
10675,0.048790161788479836
10676,-0.10536051036682137
10677,-0.07126301611336183
10678,-0.017192399555086446
10679,0.011494378765124047
10680,-0.04082199213930293
10681,0.011834456946723027
10682,0.028987535192579905
10683,0.016997575405489407
10684,0.005602255234816056
10685,0.03836086576996589
10686,0.12136085085987425
10687,0.24014111751691702
10688,-0.1066097308447751
10689,-0.13830466519695728
10690,-0.09531017501963612
10691,-0.032088312835253596
10692,-0.021978905511045532
10693,-0.04546237149277843
10694,-0.005830919970795545
10695,0.023122416084178976
10696,-0.011494378765124047
10697,0.017192399555086446
10698,-0.011428695170540237
10699,0.08269171128390207
10700,-0.22446716492960617
10701,-0.21325877633962165
10702,-0.06782259058667606
10703,-0.04485056214153138
10704,-0.08617768798417247
10705,-0.06187539733510938
10706,-0.0434851072116067
10707,-0.011173299349685806
10708,0.011173299349685806
10709,0.0434851072116067
10710,0.08167802267050517
10711,-0.06062461568898447
10712,0.07038078968251238
10713,0.08376987526379498
10714,0.07729166766056084
10715,-0.01666705109622635
10716,-0.016949556877301486
10717,0.033616607973527834
10718,0.04839653695737978
10719,0.0
10720,0.023347362179910736
10721,0.015267470965287355
10722,0.0
10723,0.08701137067649922
10724,-0.06453851650794196
10725,-0.007434977934726472
10726,0.007434977934726472
10727,-0.007434977934726472
10728,-0.053652709379028884
10729,-0.032002728525518
10730,-0.01639380843186178
10731,-0.00829880212598999
10732,-0.008368248970236358
10733,0.008368248970236358
10734,0.03278982013481935
10735,0.016000340066359087
10736,-0.10889407910864213
10737,-0.09265882189090213
10738,0.028710103134675258
10739,0.0
10740,0.02790878552057352
10741,0.036039933235653354
10742,0.08479652946531546
10743,0.016129380629070322
10744,-0.09211528118850776
10745,-0.0727593476621049
10746,0.0
10747,0.12405263766369057
10748,-0.04255961079560766
10749,-0.008733679205978007
10750,0.017391741199467514
10751,0.0
10752,-0.05310982061175462
10753,-0.01834913698469487
10754,0.009216654255450596
10755,0.009132482729244273
10756,0.018018503879301928
10757,0.0
10758,0.01769957553298518
10759,0.23361483290665275
10760,-0.141499551718145
10761,-0.04082199118692209
10762,0.1028573772943453
10763,0.05841075789043071
10764,-0.007117467262278687
10765,0.007117467262278687
10766,0.007067166723641716
10767,-0.007067166723641716
10768,-0.03610500203469069
10769,-0.014815084687686664
10770,0.02941388304319581
10771,-0.14813018047583082
10772,-0.06959328574271906
10773,-0.03670136348257458
10774,0.02765152878165722
10775,0.018018503879301928
10776,-0.04567003266095915
10777,-0.009389739468160574
10778,0.009389739468160574
10779,0.0
10780,0.00930239179696235
10781,0.009216654255450596
10782,0.036039933235653354
10783,-0.04525658749110395
10784,-0.07696103372872187
10785,0.0
10786,0.13102825012570385
10787,0.1000834502027641
10788,0.0
10789,0.007905178882191333
10790,0.04616203821097553
10791,0.03690455421124916
10792,0.035590942569004635
10793,-0.04286370136915174
10794,-0.044783599283796605
10795,0.037457559728434564
10796,-0.15048093899762316
10797,-0.1372011089443559
10798,-0.07109591445978891
10799,-0.08796876326658731
10800,-0.13517476173183596
10801,-0.08223808695877799
10802,-0.058840491364926084
10803,-0.015267469799786548
10804,0.0
10805,0.04512042849314035
10806,0.07095172589976362
10807,0.11625979108078188
10808,0.05918886438164073
10809,0.08796876326658731
10810,0.11895193105615265
10811,0.08076134939341184
10812,0.0
10813,-0.02620237010534554
10814,0.008810628905878026
10815,-0.03571807941228711
10816,-0.01834913698469487
10817,0.09699225742833129
10818,0.09607382239188711
10819,-0.10451269032560262
10820,0.049596937038771216
10821,0.02390551894855042
10822,0.031010234338280984
10823,-0.007662872158370249
10824,-0.055350090705428734
10825,-0.02469261055785177
10826,-0.025317805847537844
10827,-0.03478611305992585
10828,-0.036039933235653354
10829,-0.009216654255450596
10830,0.04525658749110395
10831,0.3288579618346614
10832,0.0
10833,0.025158558053689273
10834,0.0
10835,-0.097797736894778
10836,-0.10840929066445826
10837,-0.015384917655977493
10838,0.0229895164628946
10839,0.029852960921517457
10840,0.03610500203469069
10841,0.034846728901333
10842,0.097797736894778
10843,0.2938740268841977
10844,-0.1991286649094577
10845,-0.1391971217223107
10846,-0.08112553932489863
10847,-0.06547792461407242
10848,-0.1028573772943453
10849,-0.060103918907463694
10850,-0.036039933235653354
10851,-0.009216654255450596
10852,-0.00930239179696235
10853,0.00930239179696235
10854,0.0363676408639968
10855,0.1643030377631387
10856,0.015037876233830794
10857,0.050920086722377356
10858,0.08167802545175862
10859,0.03846627836140115
10860,-0.03846627836140115
10861,0.0
10862,0.03846627836140115
10863,0.030962223686494816
10864,0.06491954226656338
10865,0.044700176419858906
10866,0.04278727291642115
10867,0.19446393436710752
10868,0.02132276855946591
10869,-0.008474626631873594
10870,-0.012848141927592316
10871,-0.07609934013046749
10872,-0.12361394984722596
10873,-0.11122562891827403
10874,-0.11851859283370203
10875,-0.061452775016294314
10876,-0.02857337040282326
10877,-0.0072727588001471055
10878,0.03584612920297037
10879,0.16813691090327332
10880,0.011834456946723027
10881,0.017493156427455858
10882,0.03409420940542951
10883,0.005571044739089537
10884,0.011049835576084188
10885,0.016349137110528655
10886,0.00539084834426351
10887,0.016000340493052878
10888,0.08126295994920119
10889,0.04762804672039467
10890,-0.004662012888467348
10891,-0.13486739142030135
10892,0.0
10893,0.005333345690916147
10894,0.04167269422948694
10895,0.010152370948660394
10896,-0.06791120206720702
10897,-0.06706422683113189
10898,-0.05342516350143933
10899,-0.050010417447706956
10900,-0.01941808460018901
10901,0.01941808460018901
10902,0.043894190804354416
10903,-0.1170164507703646
10904,0.0068728788153955556
10905,0.02702867056143532
10906,0.03278982067245373
10907,-0.07361181241493098
10908,-0.02817087498256976
10909,0.007117467262278687
10910,0.027973850085937446
10911,0.027212561673461977
10912,0.019934213576196846
10913,0.0065574001161623485
10914,0.03846627836140115
10915,0.2142995143860973
10916,0.005063301700175771
10917,-0.04652001322989063
10918,-0.0268112560128837
10919,-0.005449604470581626
10920,-0.06782259250403788
10921,-0.06648973724836571
10922,-0.03174869629845123
10923,-0.02614527839528602
10924,-0.026847248234143084
10925,-0.006825964604459944
10926,0.07263917884108873
10927,0.6101808536719342
10928,-0.2819316140538599
10929,-0.11663689805092892
10930,-0.036749540279197745
10931,0.04189093951527578
10932,-0.02597548505373304
10933,-0.010582108770626597
10934,-0.005333345690916147
10935,0.036749540279197745
10936,0.030459205938316636
10937,-0.056570348578341534
10938,0.020943172748661976
10939,0.4410922672711779
10940,-0.26136475417769756
10941,-0.16941814396603938
10942,-0.1610117612482913
10943,-0.12838115839602082
10944,-0.09325748679176371
10945,-0.03831886136510665
10946,-0.023716524742316558
10947,0.0
10948,-0.016129380629070322
10949,0.016129380629070322
10950,0.07696103521020303
10951,-0.134590143301077
10952,0.02510591902994186
10953,0.18094318314472346
10954,0.23820200057072105
10955,0.08836914585350852
10956,0.03423316996792147
10957,0.023754084879541004
10958,0.03687053410883978
10959,0.02237229675345187
10960,0.0
10961,0.008810629294016437
10962,0.09610730615833152
10963,0.5452847721247571
10964,-0.2807775496188851
10965,-0.2565706732250814
10966,-0.20551331091994207
10967,-0.1979774432385999
10968,-0.174071646070876
10969,-0.08829260064513722
10970,-0.03922071007635841
10971,0.0
10972,0.08434114196316322
10973,-0.022305755855740017
10974,0.0724954967802538
10975,0.14914314840753073
10976,0.05279818246886414
10977,0.07696103690332423
10978,0.07637297489412909
10979,-0.00985229595766901
10980,-0.030153036655229837
10981,0.015190164724823152
10982,-0.046280750183683494
10983,0.010471299319049887
10984,0.020619286139810455
10985,-0.031090585458860343
10986,-0.11712535069739438
10987,0.40743553229394536
10988,-0.19979617861037458
10989,-0.13353138575639134
10990,-0.05651220706886262
10991,-0.05374427279653249
10992,-0.12393689313601097
10993,-0.10227884164178658
10994,-0.08841095023351686
10995,-0.06959328574271906
10996,-0.03670136348257458
10997,-0.03809984260283583
10998,0.05661888865524878
10999,0.1914540243716849
11000,-0.14660346223015353
11001,-0.04485056214153138
11002,0.05358424134750939
11003,0.05908891138069805
11004,0.04016603849827938
11005,0.053652709379028884
11006,0.07197349444266843
11007,0.04082199174247725
11008,0.019802625988990297
11009,-0.046831296550425616
11010,0.013605651130195628
11011,0.1502821936213059
11012,-0.24221968244048542
11013,-0.19574456111008054
11014,-0.06513929610720615
11015,-0.009661909978204264
11016,-0.08085208845331682
11017,-0.03208831111900645
11018,-0.021978904303316504
11019,0.0
11020,0.021978904303316504
11021,0.03208831111900645
11022,0.05129328912439313
11023,0.14841999132517136
11024,-0.10919928201804341
11025,0.03774032442159392
11026,0.2006706786271355
11027,0.08004270184603124
11028,0.020761990011509912
11029,0.02033968285806642
11030,-0.006734031727870793
11031,0.0
11032,-0.03436764114170554
11033,-0.10303221830892584
11034,-0.023530495564494824
11035,0.36221510019788905
11036,-0.2356523863244684
11037,-0.20067067992213694
11038,-0.11778302497262372
11039,-0.06967991369905313
11040,-0.09737415348159706
11041,-0.07061755889909893
11042,-0.03727139016617276
11043,-0.012739024154580392
11044,0.02531780477916179
11045,0.03681396860464492
11046,0.1661268524328645
11047,0.3053816226983379
11048,-0.1028573772943453
11049,0.11034804846239865
11050,0.1391127927709177
11051,0.06291382145111424
11052,0.030032285294863126
11053,0.011764840887521277
11054,0.11060986542045903
11055,-0.15240699160284343
11056,-0.04362061975723286
11057,-0.0590335277108931
11058,-0.09937246675390599
11059,0.2839437318940847
11060,-0.20504979508576993
11061,-0.14841999408379136
11062,-0.09211528118850776
11063,-0.10146945079678016
11064,-0.18038167278443895
11065,-0.1502821841932751
11066,-0.1144103347977301
11067,-0.07878086543384155
11068,-0.016529299218970506
11069,0.016529299218970506
11070,0.063513395634055
11071,0.15634604812349062
11072,-0.09662682234048448
11073,0.09662682234048448
11074,0.2018661288148622
11075,0.11179139461508214
11076,0.03774032442159392
11077,-0.00930239179696235
11078,0.018519046052412946
11079,-0.009216654255450596
11080,0.009216654255450596
11081,-0.05661888865524878
11082,-0.02955879932892369
11083,0.17395329115705316
11084,-0.15415066582165737
11085,-0.05026182972732096
11086,-0.02083408473246795
11087,-0.03208831111900645
11088,-0.06744127321211568
11089,0.01156082106453482
11090,0.03390154784426436
11091,0.054067215422322956
11092,0.061243618987462334
11093,0.057708312068690315
11094,0.10629464922529364
11095,0.32074291165466695
11096,-0.1300531197793635
11097,-0.1256262038216973
11098,-0.015873347896447676
11099,0.04688358223472866
11100,0.07356256176312526
11101,0.04845238003152863
11102,0.03974032601701172
11103,0.0
11104,-0.09531017331081904
11105,-0.07410796665921682
11106,-0.047252881128461155
11107,0.02390551894855042
11108,-0.23901687921065928
11109,-0.15082287345551526
11110,0.01156082106453482
11111,-0.01156082106453482
11112,-0.035506684254052345
11113,-0.01212135906305356
11114,0.0
11115,0.01212135906305356
11116,0.0
11117,0.011976189612406873
11118,0.0465200102236385
11119,0.0
11120,-0.12062797321985208
11121,0.09763845763785906
11122,0.2090917759191142
11123,0.18074797674706033
11124,0.1927655021499466
11125,0.10471094763349864
11126,-0.023669742685197726
11127,-0.036589445200730264
11128,-0.09097177229031805
11129,-0.0925927802281703
11130,-0.0775582283275793
11131,-0.11980118954869212
11132,-0.16788085602137093
11133,-0.0327898192387619
11134,0.0434851072116067
11135,0.021053406981520695
11136,-0.021053406981520695
11137,0.03141619294318421
11138,0.05026182972732096
11139,0.06637506264877668
11140,0.05358424134750939
11141,0.0341913618253713
11142,0.05715840917141479
11143,-0.032260859616088045
11144,-0.0082304984591004
11145,0.0
11146,0.09455857516835531
11147,0.0724954967802538
11148,0.013889111196114357
11149,-0.02090668336229573
11150,-0.02857337040282326
11151,-0.07522341557635581
11152,-0.0984400647313568
11153,-0.04405998591083726
11154,0.06959328574271906
11155,-0.19415599643375625
11156,-0.28090235237208727
11157,-0.1769306820038945
11158,-0.06669136337520376
11159,-0.09015108072884814
11160,-0.1416504883509737
11161,-0.044451752689412816
11162,0.08701135805023985
11163,0.11778301250823997
11164,0.12188979635828145
11165,0.1518059897786519
11166,0.1681369000045494
11167,0.5459168934951637
11168,0.08586128493201484
11169,0.11918851015375509
11170,0.10648347472772546
11171,0.029852961664238453
11172,0.004889985055072099
11173,-0.004889985055072099
11174,-0.014815085053504262
11175,-0.025190247559394585
11176,-0.04700603992040309
11177,-0.010752791198143541
11178,0.1362304427094454
11179,0.14874525474094558
11180,-0.09815976027960138
11181,-0.11890473510358257
11182,-0.06791120206720702
11183,-0.06706422683113189
11184,-0.07811777456742064
11185,-0.05789397469373725
11186,-0.05443520285011294
11187,-0.04286370136915174
11188,-0.0371790004768795
11189,-0.0229895164628946
11190,0.0229895164628946
11191,0.10080469185754115
11192,-0.0068728788153955556
11193,-0.013889111196114357
11194,-0.02837069511683943
11195,-0.0902868398743899
11196,-0.04839653695737978
11197,0.0
11198,0.0325231890609321
11199,-0.0242926906018317
11200,-0.041847106432628234
11201,0.016949556877301486
11202,0.041158069105055706
11203,0.3726752601955696
11204,-0.13036181012766068
11205,-0.04531519327801625
11206,0.019672764308604318
11207,0.0
11208,-0.053345977147207346
11209,-0.034846728901333
11210,-0.021506203679181546
11211,-0.014598798355509146
11212,0.0
11213,0.0073260395553620405
11214,0.03584612920297037
11215,0.3573789002790768
11216,0.02433209947536996
11217,0.019048194063582713
11218,0.04609110507550085
11219,0.017857616602749093
11220,0.055928550252441145
11221,-0.012631746374023312
11222,-0.030109800176129742
11223,-0.053824647598953224
11224,-0.056887371704512635
11225,-0.09190135758837403
11226,-0.06632263926415138
11227,0.20119003068445274
11228,-0.27837966479004495
11229,-0.14595390292290444
11230,0.007117467262278687
11231,0.007067166723641716
11232,-0.0505522755112926
11233,-0.030077452975474372
11234,-0.031010234338280984
11235,-0.007905178882191333
11236,0.0
11237,0.023530495564494824
11238,0.045462370631451865
11239,0.17612957458376188
11240,-0.018809330778158717
11241,0.018809330778158717
11242,0.08338160397010697
11243,0.03922071095547919
11244,0.07410796822907528
11245,0.04000533261289885
11246,-0.004914014560952751
11247,-0.030002248803461473
11248,-0.06284790036703125
11249,-0.05556984806600784
11250,-0.03488725697170025
11251,-0.11261887105458168
11252,-0.15746742115903878
11253,-0.03953083563085391
11254,0.008032171052102743
11255,0.0
11256,-0.04082199118692209
11257,0.0
11258,0.02469261055785177
11259,0.055350090705428734
11260,0.05971923024231396
11261,0.05635293258051455
11262,0.07898840611661928
11263,0.15234071563870621
11264,0.005420067175567311
11265,-0.010869671646148937
11266,0.016260519990412448
11267,0.010695288544796178
11268,0.010582108770626597
11269,0.010471299319049887
11270,-0.010471299319049887
11271,-0.021277397315422775
11272,-0.032789821030876354
11273,-0.039665254144519047
11274,-0.017493156427455858
11275,-0.011834456946723027
11276,-0.18232154488919372
11277,-0.12136084778767797
11278,-0.016260519549728958
11279,-0.041847106432628234
11280,-0.0800427005510298
11281,-0.04740223439979818
11282,-0.03960913417232392
11283,-0.020408869548524944
11284,-0.03141619294318421
11285,0.0
11286,0.05182506249170915
11287,-0.117783023030122
11288,-0.022989515581993025
11289,0.03428906955911337
11290,0.0963310986196988
11291,0.04000533061209888
11292,0.04785601659636374
11293,0.0
11294,0.0545589792880663
11295,0.043296802003511825
11296,0.049596937038771216
11297,-0.016260519549728958
11298,-0.01652930058509039
11299,0.04082199118692209
11300,-0.09211528118850776
11301,-0.01769957553298518
11302,0.01769957553298518
11303,-0.02666824471136975
11304,-0.06513929610720615
11305,-0.039220709307127954
11306,-0.05129328912439313
11307,-0.03208831111900645
11308,-0.05588045214758086
11309,-0.023256859459737544
11310,0.06820824226958555
11311,-0.044951382809848006
11312,-0.01156082106453482
11313,0.07825218814756107
11314,0.12136084471548214
11315,0.09962983191764341
11316,0.017094431898166285
11317,0.00843886793371551
11318,0.008368248970236358
11319,0.0
11320,-0.008368248970236358
11321,-0.07864312044363642
11322,-0.06575137138449305
11323,0.04740223439979818
11324,-0.10742023812064705
11325,0.010256499115222084
11326,0.020202705276703092
11327,-0.030459204391925176
11328,-0.0529223958514744
11329,-0.03315220365300231
11330,-0.03428906955911337
11331,-0.023530494641645472
11332,0.0
11333,0.03509131570618029
11334,0.13926205239098044
11335,0.21511136026210886
11336,-0.05810762598235719
11337,0.0
11338,0.05001041640538961
11339,0.03984590537138688
11340,0.03077165629932921
11341,0.12783336241897647
11342,-0.11279548618514568
11343,0.0
11344,-0.053652709379028884
11345,-0.09059688788548792
11346,-0.03509131673245269
11347,0.3690974363799726
11348,-0.1603426393398073
11349,-0.09097177130441603
11350,-0.048790160201178434
11351,-0.03390154880211815
11352,-0.017391741199467514
11353,0.05129329000158567
11354,0.11034804846239865
11355,0.06500482561220045
11356,0.04110167286957633
11357,0.05864872325855286
11358,0.16315163115853704
11359,-0.06096069641027135
11360,-0.2669461564885953
11361,-0.04580953253316
11362,0.21687392306869713
11363,0.11848159659336366
11364,0.09581791779273363
11365,-0.005089069248484623
11366,-0.010256499641205341
11367,-0.0529223986529086
11368,-0.033152205484951125
11369,-0.08191711767205279
11370,-0.07598590216405832
11371,0.2991294412831471
11372,-0.23541363095811763
11373,-0.212398997423751
11374,-0.09607382239188711
11375,-0.0341913618253713
11376,-0.035401923917347755
11377,-0.009049834700917359
11378,0.0
11379,0.018018503879301928
11380,0.05218574863061898
11381,0.11211728913251973
11382,0.2231435361626959
11383,0.07583807196521963
11384,-0.18457126514017874
11385,-0.027398972311237557
11386,0.07361181241493098
11387,0.10406935351761248
11388,0.005797117348259384
11389,-0.029327613374178885
11390,-0.018018504420427295
11391,-0.043350438188535456
11392,-0.07898840611661928
11393,-0.10840929066445826
11394,-0.04688358223472866
11395,0.16211883750364686
11396,-0.299084680833686
11397,-0.20271149188057436
11398,-0.08191711287621928
11399,-0.07598589735019523
11400,-0.09662682234048448
11401,-0.029413880880098997
11402,0.014815083590233202
11403,0.05715840567001518
11404,0.08004269698977717
11405,0.12062797321985208
11406,0.2675952872052041
11407,0.12260231205888816
11408,-0.26236424139057
11409,-0.11653380389640189
11410,0.054658406561292505
11411,0.1295340392668689
11412,0.11466289819553
11413,0.00829880212598999
11414,0.0325231890609321
11415,0.015873347896447676
11416,-0.10798862908495543
11417,-0.14107858496910408
11418,-0.10648346905300166
11419,0.21184397460981863
11420,-0.3060311785722818
11421,-0.16034262860443582
11422,-0.029413880880098997
11423,-0.04580952903502644
11424,-0.06453851072090622
11425,0.0
11426,0.03278981744664766
11427,0.0625203472061644
11428,0.07302512434481034
11429,0.1193467417874976
11430,0.2623642356213405
11431,0.05608946140628879
11432,-0.4809726044665834
11433,-0.060624612625259644
11434,0.15860500725997495
11435,0.2572228347265262
11436,0.152676825611751
11437,0.10092591009438578
11438,0.06952605727547656
11439,0.050920086722377356
11440,0.041672693505792946
11441,-0.1076306564620011
11442,-0.07061756167071609
11443,0.2504106596448765
11444,-0.30042107605026613
11445,-0.22957441958770586
11446,-0.13815032255091086
11447,-0.09038404978992531
11448,-0.0993724596946095
11449,-0.061557883523007506
11450,-0.01600033878627749
11451,0.01600033878627749
11452,0.031252538620100356
11453,0.07410796116471263
11454,0.2513143965348783
11455,-0.04546236890879918
11456,-0.1105418608087656
11457,0.03822120795006834
11458,0.20294082103750943
11459,0.19415599643375625
11460,0.08841095023351686
11461,0.04512043188680481
11462,0.021819045807674353
11463,0.0
11464,-0.03663413049536102
11465,-0.11871629743263501
11466,-0.08777560317288069
11467,0.07933673523916518
11468,-0.11672426381580969
11469,-0.06899286468423105
11470,0.04000533061209888
11471,-0.019802625335395785
11472,-0.08338160024339958
11473,-0.06744127321211568
11474,-0.023530494641645472
11475,-0.011976189612406873
11476,0.011976189612406873
11477,0.0465200102236385
11478,0.2047943916022441
11479,0.07145895759644949
11480,-0.34687090809779253
11481,-0.07598589735019523
11482,0.2018661288148622
11483,0.22099067663312555
11484,0.09059688788548792
11485,0.053652709379028884
11486,0.03663413049536102
11487,0.014285956227016339
11488,-0.014285956227016339
11489,-0.1222895683999079
11490,0.016129380629070322
11491,0.31918071765068845
11492,-0.3033073697542408
11493,-0.26947608360258446
11494,-0.15587035331764243
11495,-0.14217447037358388
11496,-0.14953171156953338
11497,-0.08408310306226996
11498,0.0
11499,0.0173917396870662
11500,0.08269170216148125
11501,0.10536049978481299
11502,0.2841042157736402
11503,0.0
11504,-0.3279068320354457
11505,0.08576680948999682
11506,0.1754486554624226
11507,0.2254397403751529
11508,0.17618655340639755
11509,-0.015504185334041853
11510,-0.007843176845868882
11511,-0.04839653695737978
11512,-0.10444265426910704
11513,-0.15874837329212665
11514,-0.11375887240161342
11515,0.48643412423398225
11516,-0.34092655687800333
11517,-0.19490031658520524
11518,-0.051959732179657436
11519,-0.05480822898325877
11520,-0.08829259414459689
11521,-0.031252538620100356
11522,0.0
11523,0.046520008419886905
11524,0.08701136436336898
11525,0.1659851162324335
11526,0.30228084118239984
11527,0.017241804948069817
11528,-0.31952264613046966
11529,0.03468555397719575
11530,0.12783335787352224
11531,0.14841999132517136
11532,0.07472353998904024
11533,0.03149866457875117
11534,-0.03953083563085391
11535,-0.09289373904228304
11536,-0.10241499588443004
11537,-0.09237331064334997
11538,-0.0327898192387619
11539,0.20972050996105018
11540,-0.1451819957679228
11541,-0.0757118135428132
11542,0.011173299349685806
11543,-0.022472853326806153
11544,-0.0465200102236385
11545,-0.011976189612406873
11546,0.035506684254052345
11547,0.08894747612040588
11548,0.09143419666403307
11549,0.09265882189090213
11550,0.17045196736986234
11551,0.08576681562371036
11552,-0.30147537048467665
11553,-0.06701070386565267
11554,0.08535984085034753
11555,0.14370670849724254
11556,0.07579383362207759
11557,0.014493006252312313
11558,-0.03663413049536102
11559,-0.10204924633640866
11560,-0.13235143978968056
11561,-0.13083958777155313
11562,-0.05526267256556805
11563,0.2140110458576947
11564,-0.10638039326087556
11565,-0.04167269205840629
11566,0.010582108210716257
11567,-0.02127739618356106
11568,-0.0899482265427638
11569,-0.08594241924265633
11570,-0.039220708025077045
11571,0.013245224995634963
11572,0.08810725641324879
11573,0.1661268524328645
11574,0.3276873785540779
11575,-0.15048093899762316
11576,-0.3677247421386167
11577,-0.037740323234509265
11578,0.09763845763785906
11579,0.19004358276264322
11580,0.18392282200708365
11581,0.09166718151852526
11582,0.04286370136915174
11583,-0.021202206152101777
11584,-0.08183001215682406
11585,-0.1413135213002441
11586,-0.10337834472964946
11587,-0.050772320216657896
11588,-0.18232153596062384
11589,-0.06453851280423883
11590,-0.013423018530339004
11591,-0.04138521045291976
11592,-0.08829259414459689
11593,-0.04725287740637785
11594,-0.016260518227677156
11595,0.016260518227677156
11596,0.04725287740637785
11597,0.15634604812349062
11598,0.41419874345449825
11599,-0.24512243387839794
11600,-0.15600422971756478
11601,-0.06713929381887063
11602,0.11778302022428644
11603,0.18026180346693987
11604,0.20441249554897833
11605,0.11122562626458166
11606,0.0724954967802538
11607,-0.01408473888982309
11608,-0.09672961925553736
11609,-0.1335313814638095
11610,-0.07410796528559072
11611,0.43078288243861085
11612,-0.2468600604315272
11613,-0.19358473198528792
11614,-0.08085208845331682
11615,-0.03208831111900645
11616,-0.021978904303316504
11617,0.01104983496558365
11618,0.03243527224602305
11619,0.08167802267050517
11620,0.11995930399628607
11621,0.12260231205888816
11622,0.29725150368771347
11623,0.17275209671187053
11624,-0.33359175471868907
11625,-0.0986715205470503
11626,0.09193748881917951
11627,0.1502821936213059
11628,0.11000088915812745
11629,0.07038079322215562
11630,0.05661889132737841
11631,-0.004597709037239994
11632,-0.06669137132053748
11633,-0.1258201665961951
11634,-0.08751937290686884
11635,0.13124218153071476
11636,-0.22047330956760103
11637,-0.15860501871830568
11638,-0.08134563283319052
11639,-0.0702042525099209
11640,-0.08535984085034753
11641,-0.061243618987462334
11642,0.0
11643,0.07109591445978891
11644,0.06637506264877668
11645,0.10444265426910704
11646,0.24116203910732636
11647,-0.0602188559626029
11648,-0.20604910217466532
11649,-0.025752493891655792
11650,0.08338160198252975
11651,0.12751331072149563
11652,0.11307713708951805
11653,0.06099450898135794
11654,-0.017910925497163888
11655,-0.0557419795549321
11656,-0.0590335277108931
11657,-0.07723134251085728
11658,-0.0371790004768795
11659,0.07302512967984987
11660,-0.15180600132332733
11661,-0.07663321949255408
11662,-0.008888946627107153
11663,-0.04567003266095915
11664,-0.06765864193175952
11665,-0.030459204391925176
11666,-0.02083408473246795
11667,-0.02127739618356106
11668,0.0
11669,0.07257068530795419
11670,0.26236424139057
11671,0.18232154397344313
11672,-0.13720111208663832
11673,-0.022305755855740017
11674,0.08638460797636816
11675,0.10467061571017355
11676,0.12260231492558615
11677,0.07410796822907528
11678,0.010152370948660394
11679,-0.04124295640752074
11680,-0.07654007293573173
11681,-0.10788895553822808
11682,-0.04531519327801625
11683,0.18672683898176112
11684,-0.3677247557052947
11685,-0.2824049894528611
11686,-0.15942771873447192
11687,-0.05064372640541581
11688,-0.053345973589122186
11689,-0.027779560248307078
11690,-0.01418463297988426
11691,0.028170872998442897
11692,0.09278172114435757
11693,0.1414116373576615
11694,0.28493101183441194
11695,0.11686433102409532
11696,-0.28768204794197905
11697,0.01941808397173217
11698,0.11778302497262372
11699,0.1356658543099365
11700,0.09937246675390599
11701,0.03322564542022999
11702,0.012987194683463432
11703,-0.012987194683463432
11704,-0.06759328656193553
11705,-0.0953101728113186
11706,-0.0800427012632805
11707,0.05669533908336977
11708,-0.30089227654576867
11709,-0.22580664178334198
11710,0.0
11711,0.013245224995634963
11712,-0.04027389373058665
11713,-0.05635292860989782
11714,-0.0444517559832196
11715,-0.015267469799786548
11716,0.03030534490290715
11717,0.07197348926024838
11718,0.2119702241867496
11719,-0.19817690395700116
11720,-0.10080468459311742
11721,0.029852958693353804
11722,0.16251890743895414
11723,0.19268432192228735
11724,0.17022113372360703
11725,0.0913497709967861
11726,0.054067217093166864
11727,0.0
11728,-0.06203538610742321
11729,-0.12783336060079487
11730,-0.14660345983780987
11731,0.3805970082094423
11732,-0.2997449197561255
11733,-0.2527023256431362
11734,-0.13353137476738186
11735,-0.07410796116471263
11736,-0.04725287740637785
11737,-0.06669136337520376
11738,-0.035091313653635714
11739,0.11778301581511696
11740,0.14732469301300433
11741,0.15219179600268506
11742,0.2668789172650521
11743,0.0862603368389454
11744,-0.14183018284575155
11745,-0.10008344853192108
11746,0.128254322853115
11747,0.1930660798202184
11748,0.20620702755923626
11749,0.14434230038037832
11750,0.021277397315422775
11751,-0.03753791730583522
11752,-0.06782259250403788
11753,-0.14445127365051036
11754,-0.04845238003152863
11755,0.08819270604854035
11756,0.04445175974757065
11757,-0.11159105807581993
11758,-0.02817087498256976
11759,-0.07410796665921682
11760,-0.06351340067819011
11761,-0.03333641748904226
11762,-0.017094431898166285
11763,0.03390154880211815
11764,0.06453851592923865
11765,0.07522341557635581
11766,0.17869177688566928
11767,-0.17869177688566928
11768,-0.21772346621854988
11769,-0.07480120608541041
11770,0.14439449182812947
11771,0.16963638415501237
11772,0.21029539538564013
11773,0.20692070506503057
11774,0.050124384898041274
11775,-0.08822422931559437
11776,-0.15739216547693724
11777,-0.08288765489555461
11778,0.21570856084954126
11779,0.13477439459113683
11780,0.141650511320615
11781,0.10724552651605368
11782,-0.010221553723267718
11783,-0.05998270248464932
11784,-0.10334234754264493
11785,-0.1152660397209413
11786,-0.06544390519207433
11787,-0.029413883764227933
11788,-0.020101178310909962
11789,-0.04145671152971486
11790,-0.010638397639172847
11791,-0.16851357401241707
11792,-0.20278261443705503
11793,-0.15028219047862867
11794,0.06959328574271906
11795,0.15535042792799603
11796,0.12812109124496862
11797,0.04939275227940154
11798,0.01197619032956121
11799,-0.030213776770612988
11800,-0.08980388909690262
11801,-0.10610649848177678
11802,0.014815084687686664
11803,0.14359090977711242
11804,-0.045610508279653406
11805,-0.02702867056143532
11806,-0.013793321181041929
11807,-0.09461596948341633
11808,-0.13899886342323642
11809,-0.11122562479030806
11810,-0.07109591445978891
11811,-0.03208831111900645
11812,-0.03315220365300231
11813,0.0
11814,0.1841924458281614
11815,0.09785578129157813
11816,-0.18571712850004074
11817,-0.020619285076885596
11818,0.050772320216657896
11819,0.12107792026263464
11820,0.12361394576725893
11821,0.08183001215682406
11822,-0.036367641525372196
11823,0.11860573412324715
11824,-0.10389958781492492
11825,0.0567528125652661
11826,0.11086258557468831
11827,0.3461256502615835
11828,0.11145543631970112
11829,-0.10709813114060651
11830,-0.04900757692285529
11831,-0.11095706522767612
11832,-0.10763065839459207
11833,-0.005698020789962399
11834,0.06632263926415138
11835,0.09190135758837403
11836,0.028848152950535333
11837,0.08186386635293053
11838,0.14222709380274257
11839,-0.2240909601556731
11840,0.009434031788350783
11841,-0.06798733768203391
11842,-0.04103139457309757
11843,-0.04278727291642115
11844,-0.016529301040463906
11845,-0.005571044739089537
11846,-0.016901809850343064
11847,-0.02298951690334583
11848,0.01729149611338343
11849,0.016997575405489407
11850,0.02222313554998978
11851,-0.10414025322204257
11852,0.030032285294863126
11853,-0.023953239588029973
11854,-0.10199916144708832
11855,-0.11359716964983013
11856,-0.07816476673649353
11857,-0.04149972746180364
11858,0.01680711690395187
11859,0.0
11860,0.01652930058509039
11861,0.008163309972761379
11862,0.16454937471286168
11863,0.040546091653998584
11864,-0.03367321283860303
11865,0.0
11866,0.046831296550425616
11867,0.06942850204789597
11868,0.030032285294863126
11869,-0.023953239588029973
11870,0.08701137193912523
11871,0.005540180068678513
11872,-0.051002551561456944
11873,0.005797117348259384
11874,0.15991437600162461
11875,0.42013528095733443
11876,0.08078925241560775
11877,-0.00899556263884227
11878,-0.1114028265642375
11879,-0.14465604866700765
11880,-0.0980376273215704
11881,-0.052875749717533616
11882,-0.046304565897190564
11883,-0.048553223059111694
11884,-0.061557889840624824
11885,-0.0268112560128837
11886,0.0529223986529086
11887,-0.15587036201221327
11888,-0.04939275227940154
11889,0.012578781415720997
11890,0.048790161193241754
11891,-0.024097550127260448
11892,0.2182535540640167
11893,-0.15333401179745332
11894,-0.028987535192579905
11895,-0.09237331443841601
11896,-0.03278982067245373
11897,-0.06187539946276832
11898,0.007067166723641716
11899,0.2645287511085841
11900,-0.10236200683538454
11901,-0.13438718209550826
11902,-0.12379420832043575
11903,-0.15028219047862867
11904,-0.1043600054143341
11905,-0.04082199035358869
11906,-0.010471298770804438
11907,0.0
11908,0.02083408473246795
11909,0.040409534254994384
11910,0.11226729135675662
11911,0.19259309161291105
11912,-0.0371790004768795
11913,0.05884049569392946
11914,0.11460337500470041
11915,0.09124866591041281
11916,0.01729149611338343
11917,-0.011494378765124047
11918,-0.011628037319054929
11919,0.051293291463573976
11920,0.04879016152392923
11921,-0.0053050519482567005
11922,0.061875400526598234
11923,0.07232065809125432
11924,-0.06237032773313578
11925,-0.0987815394199254
11926,-0.12808178038996587
11927,-0.1687494678308017
11928,-0.15048093899762316
11929,-0.09873483181615272
11930,-0.038466277128203163
11931,-0.019802625335395785
11932,0.009950329863069207
11933,0.057708312068690315
11934,0.1947055994588105
11935,0.16941813997003585
11936,-0.026317306585772027
11937,-0.04779066057294523
11938,0.06759328656193553
11939,0.05715841020886714
11940,0.024391451636728068
11941,0.023810647276284236
11942,0.057158410571974905
11943,-0.039665254144519047
11944,-0.05342516350143933
11945,-0.06942850204789597
11946,0.032157109566193665
11947,0.11918851015375509
11948,0.0277026010143695
11949,-0.06199167253324234
11950,-0.041549000446346795
11951,-0.08866563146655171
11952,-0.17309273784134227
11953,-0.19979616990353133
11954,-0.15575451320352984
11955,-0.06979575381316572
11956,-0.01212135906305356
11957,0.03593200492190318
11958,0.2301775537824775
11959,-0.018868482524231567
11960,-0.08961214976111664
11961,0.04082199035358869
11962,0.17395329115705316
11963,0.17670355087865408
11964,0.11307713708951805
11965,0.049089607183681494
11966,0.023669742685197726
11967,-0.017699576055123956
11968,-0.030213776770612988
11969,-0.024845997043142276
11970,0.024845997043142276
11971,0.5157215696585422
11972,-0.037317761614418465
11973,-0.10409388687135435
11974,-0.0431101217949581
11975,-0.013303965036369103
11976,-0.07410796871965575
11977,-0.07484788705988432
11978,-0.042334361585978364
11979,-0.016349137110528655
11980,0.09431067452618658
11981,0.09531017525887053
11982,0.16705407767015945
11983,0.0597192324719682
11984,-0.07132477814330862
11985,-0.16917872418231727
11986,0.004597709037239994
11987,0.12083646792212077
11988,0.07439828713930208
11989,0.029741968092925397
11990,0.1303211125185788
11991,-0.11217179467171512
11992,-0.24772375003845193
11993,-0.28003091082360143
11994,-0.17988548997898324
11995,0.32704312597124074
11996,-0.13503627619455827
11997,-0.08810726196175755
11998,-0.04027389643426327
11999,-0.0709517309360237
12000,-0.10047052259223355
12001,-0.05859415935996992
12002,0.0
12003,0.042200350928108143
12004,0.05623971380324866
12005,0.060624617220846666
12006,0.13720111208663832
12007,-0.08004270233165656
12008,-0.11000088713939382
12009,-0.03149866457875117
12010,0.05448818104164577
12011,0.029852960921517457
12012,-0.15048093899762316
12013,0.12817518314188314
12014,-0.015151803872694547
12015,-0.03891541322047232
12016,-0.0655972771051303
12017,-0.05218574863061898
12018,0.2854474124787463
12019,0.026491613692359195
12020,0.05096644034435238
12021,0.0
12022,-0.04445175974757065
12023,0.0
12024,-0.0602188559626029
12025,-0.06407885212062814
12026,0.014598798355509146
12027,0.035590942569004635
12028,0.020761990011509912
12029,0.05981849123388905
12030,0.16606102605085482
12031,-0.19885084672330855
12032,0.1368591741900662
12033,0.03428907151887284
12034,0.06524051832020472
12035,0.01566611592629208
12036,-0.12102662573616518
12037,-0.158056924780706
12038,0.0
12039,-0.0068728788153955556
12040,-0.07145895887358833
12041,-0.06108768731375536
12042,0.10457279610140624
12043,0.007067166723641716
12044,0.041385213307886914
12045,-0.03436764114170554
12046,0.0
12047,-0.08004270184603124
12048,-0.20997307042409785
12049,-0.11895193105615265
12050,0.010471298770804438
12051,0.030771655510188456
12052,0.010050334843400233
12053,-0.12783335787352224
12054,0.19549199980528176
12055,-0.08786134720846261
12056,0.04000533061209888
12057,0.0
12058,0.02898753407213217
12059,0.10821357487222372
12060,0.06613979703445994
12061,0.09166718151852526
12062,0.049832370199619724
12063,-0.03533936394730741
12064,-0.0902868398743899
12065,-0.07350245598732164
12066,0.03333641748904226
12067,0.25222474234210734
12068,0.11423818281375864
12069,0.03352269016551679
12070,-0.07410796792717944
12071,-0.06730367777656543
12072,0.025001300642673474
12073,0.01227009183902883
12074,0.05918886788598554
12075,0.06130052244658568
12076,0.047502331477341286
12077,0.08872811123210411
12078,0.20793412379504606
12079,0.12583904247097477
12080,-0.39705461313209645
12081,-0.16340610088107788
12082,0.005899721779120348
12083,0.07368771161243881
12084,0.07878087371335596
12085,0.049271046578655664
12086,0.0
12087,-0.08004270366712651
12088,-0.15154988960447424
12089,-0.19329057524117843
12090,-0.05284247738441206
12091,0.4284545993185356
12092,-0.03599360079693481
12093,-0.08178942854631766
12094,-0.07673378969987832
12095,-0.13090556196647896
12096,-0.06500482561220045
12097,-0.007490671168053353
12098,-0.07816476673649353
12099,-0.06725222135345943
12100,0.08338160198252975
12101,0.05448818104164577
12102,0.12783336241897647
12103,-0.09798040149745901
12104,-0.05284247738441206
12105,-0.0077821398364346095
12106,0.15191603101493678
12107,0.20006036896229773
12108,0.09431067452618658
12109,0.1354046306743255
12110,-0.06774598547153854
12111,-0.19549200989449034
12112,-0.18687736165484736
12113,0.16968496209976092
12114,0.31054019509724506
12115,0.10832222280208681
12116,0.018832947623711682
12117,0.029413884124744438
12118,0.028573371423439298
12119,-0.09989814956674792
12120,-0.16000434832712473
12121,-0.06119555814533095
12122,-0.08612914936357541
12123,-0.11184829387502448
12124,-0.07365290505209598
12125,0.025158558053689273
12126,0.08338160397010697
12127,0.19180029077545324
12128,0.03248545363677735
12129,0.06196672100555434
12130,0.008547060213194957
12131,0.08949056710837544
12132,0.12424717773002847
12133,0.08557850388726829
12134,0.04321660016552098
12135,-0.030677251305879505
12136,-0.23805162602945185
12137,-0.19585140047497118
12138,0.03774032620222023
12139,0.4996523049614572
12140,-0.07281235335337488
12141,-0.21862205921285938
12142,-0.1497742991533224
12143,-0.08661446888584567
12144,-0.043802620526196545
12145,0.014815085053504262
12146,-0.05542980214546711
12147,-0.0532040332321273
12148,-0.016529301040463906
12149,0.016529301040463906
12150,0.07371757201318019
12151,0.4037716107387155
12152,-0.09598837241383507
12153,-0.08565544124152069
12154,-0.05429308009861389
12155,0.09413898705790746
12156,0.20739518702960247
12157,0.187598608464556
12158,-0.029374607895422677
12159,-0.01364277603153008
12160,-0.12260231850895931
12161,-0.22159195291900158
12162,-0.05579135740449903
12163,0.4163347663884891
12164,-0.010869671941526438
12165,0.06862850457689573
12166,0.11551288433891305
12167,-0.020666636333975585
12168,-0.2139056047954977
12169,-0.05008410292156329
12170,-0.04321660016552098
12171,-0.03858999602872526
12172,0.003273325237822533
12173,0.009756174628085645
12174,0.016051708495182115
12175,0.3351064180988277
12176,-0.10308519934720906
12177,-0.1177830324998177
12178,0.008486613637241902
12179,0.05480823499264753
12180,0.05195973758050032
12181,0.005050515658529431
12182,0.02977887461657236
12183,0.12184973223408102
12184,0.09491655453676096
12185,-0.03607605575068584
12186,-0.19546882475225713
12187,0.11916063330720128
12188,-0.0589740011214972
12189,-0.05523612714838544
12190,-0.030077454483343313
12191,-0.010230267989166819
12192,-0.09994816531819906
12193,-0.12062798414642373
12194,-0.11179140219710515
12195,-0.12588024108089035
12196,-0.08479653306269563
12197,0.030503452964081745
12198,0.13245784989152876
12199,-0.22220413371790215
12200,-0.16279512614333802
12201,-0.028013034658111113
12202,0.11778302934325247
12203,0.17556476619890615
12204,0.15656905455054293
12205,0.09333193656363559
12206,0.0032948957882887875
12207,-0.14868319237192296
12208,-0.05089160530368542
12209,-0.07937358422389407
12210,-0.026433255903559605
12211,0.30866571289640055
12212,0.21458241268031708
12213,0.05155780833545176
12214,0.14041717553818067
12215,0.11729771413296586
12216,0.05661889293065592
12217,0.02715098857447007
12218,0.003565066100947867
12219,0.00885745367715085
12220,-0.00885745367715085
12221,-0.12291182146993274
12222,0.05290165718765838
12223,-0.13462249745676536
12224,-0.3430439928492781
12225,-0.29076372860615685
12226,-0.0814153879949151
12227,0.09774228061591028
12228,0.07034148660826434
12229,0.062177242677035505
12230,0.03826553674765343
12231,-0.04181793822582547
12232,-0.036235847140864585
12233,-0.10086060641901673
12234,-0.020619286352395516
12235,0.5083224769438628
12236,-0.17483088027670757
12237,-0.20100241879139258
12238,-0.192593099364347
12239,-0.20017916438769534
12240,-0.1899178923804672
12241,-0.18625082155316486
12242,-0.14370670849724254
12243,-0.05608946140628879
12244,0.046956978677044514
12245,0.13696584333003914
12246,0.24059044781101369
12247,0.16220440521720958
12248,-0.31845371106506004
12249,-0.060624617220846666
12250,0.0679506567762087
12251,0.11045698793108727
12252,0.14004606510442175
12253,0.060624618474188985
12254,0.05209510916888771
12255,0.030002248803461473
12256,-0.05571060419175655
12257,-0.10420377180986806
12258,-0.041303803703740094
12259,0.5120296936909154
12260,-0.17728012751866373
12261,-0.13846966786360326
12262,-0.1264841404342949
12263,-0.12553773742928565
12264,-0.07263917884108873
12265,-0.0709517309360237
12266,-0.037457559728434564
12267,-0.04688358223472866
12268,-0.05762910809087396
12269,0.01680711690395187
12270,0.14698217895775967
12271,0.06273833625854497
12272,0.07169192378163114
12273,0.018692131847465987
12274,0.03636764196628928
12275,0.1643030422725178
12276,0.21706449538318395
12277,0.16109514613173914
12278,0.09247508270851412
12279,0.031058396055271054
12280,-0.024769067345486118
12281,-0.23973815516038588
12282,-0.22214802116210208
12283,0.6705046795042349
12284,-0.2054886102707818
12285,-0.2192449032380468
12286,-0.150913377039104
12287,-0.16705407643609993
12288,-0.18125259897842172
12289,-0.15950686794237834
12290,-0.09455857516835531
12291,-0.05959209212757566
12292,0.017391741199467514
12293,0.11394425006539866
12294,0.12967781395302413
12295,0.22314353780069718
12296,-0.049871827276045444
12297,0.055262675620308954
12298,0.25905024750778916
12299,0.2355148344098663
12300,0.17409105241876333
12301,0.013680103529783771
12302,0.02150620464279518
12303,-0.1833859474966042
12304,-0.15895452663560228
12305,0.022223135961563667
12306,0.09097177502050613
12307,0.43728346884900393
12308,0.07487904010709245
12309,0.017875351471922762
12310,0.0
12311,-0.032002730446009764
12312,-0.10265415186276439
12313,-0.10436001284676522
12314,-0.08066790096718401
12315,-0.11473888998028947
12316,-0.22010864013540488
12317,-0.2726441832147848
12318,-0.13282090595398666
12319,-0.3582996151831046
12320,0.032002728525518
12321,0.06108768731375536
12322,0.11200505052758691
12323,0.22974422175197606
12324,0.25014414148474406
12325,0.15882357950807924
12326,0.0034904048179389413
12327,-0.08353310957772253
12328,0.011299554828328784
12329,0.07917802686107533
12330,0.10189430432926416
12331,0.2551265901303359
12332,0.10342158877413832
12333,0.13652907569099648
12334,0.08311490519137132
12335,0.0
12336,-0.20232753124574065
12337,-0.37899452145206647
12338,-0.5234440661631128
12339,-0.3001045739318209
12340,-0.028987534772412005
12341,0.021819045807674353
12342,0.2303120259932343
12343,0.167932810508177
12344,0.023867480267276253
12345,0.04609110507550085
12346,0.04836106956683084
12347,0.1019211271971523
12348,0.17062551095081213
12349,0.11122563167025179
12350,0.023122416752516806
12351,-0.13762137366059113
12352,-0.12188981335888505
12353,-0.1303618127061883
12354,-0.01273902523647985
12355,0.06613979976950235
12356,0.058268905859824915
12357,0.05505977516146432
12358,0.07894319962913432
12359,0.029270381348094787
12360,0.0
12361,-0.0032102755271892214
12362,-0.006451635073370099
12363,-0.013029499865908178
12364,-0.11819295161422705
12365,-0.03377431585103441
12366,0.01515180444664832
12367,0.15629659795789141
12368,-0.16384380330847126
12369,-0.06252035453754123
12370,0.023905519901052497
12371,0.027186139248254193
12372,-0.027186139248254193
12373,0.04239555733345579
12374,-0.15477980218780552
12375,-0.004415018014192196
12376,0.1591948202019977
12377,-0.062276927096720947
12378,0.06604340975033374
12379,0.1754054590473384
12380,0.04321660016552098
12381,0.05008410292156329
12382,0.1342495218999593
12383,-0.11433421276563571
12384,-0.26264598582943366
12385,-0.2204000563363957
12386,-0.20168591377192513
12387,-0.19695320690073048
12388,-0.1076306564620011
12389,0.015037876233830794
12390,0.11944002846231339
12391,0.3154389385344589
12392,0.05177626708610106
12393,-0.1587483811840067
12394,-0.08994823160285126
12395,0.11122562891827403
12396,0.1142680878657174
12397,0.07242983456457974
12398,-0.004376374408271655
12399,-0.044850564153441574
12400,-0.05177626708610106
12401,-0.08044536117189693
12402,-0.015831464381212523
12403,0.42998470669307043
12404,0.0034542347487702685
12405,0.06991198687029687
12406,0.07433761734223765
12407,0.03519424708949037
12408,0.0028776997448032304
12409,-0.0028776997448032304
12410,0.0
12411,0.00860837428958483
12412,0.016997575887029992
12413,0.02770260178185291
12414,0.026955809261868247
12415,-0.07738666147553275
12416,-0.141775458022654
12417,-0.04746653562928449
12418,0.04746653562928449
12419,0.10370351118836041
12420,0.0495006423313753
12421,0.014104605783655355
12422,0.07550755047096702
12423,-0.005208344971503909
12424,-0.056390775840226226
12425,-0.08050321653326042
12426,-0.06813780305605555
12427,0.2900830259188525
12428,-0.0316713430659914
12429,0.0
12430,0.022032714460482605
12431,0.0024183808057958167
12432,-0.017052787967283933
12433,-0.004926118214722663
12434,0.0
12435,0.012270092290700418
12436,0.03357629472826584
12437,0.0347659570373513
12438,0.07459597377936733
12439,-0.24289332007196895
12440,-0.08139132325924203
12441,-0.06961963216956413
12442,-0.02539818979923192
12443,0.06534205470339538
12444,0.12445417094866862
12445,0.033990199339748006
12446,0.0025673954393305998
12447,0.00511510053594888
12448,0.04489531878793107
12449,-0.06551460545920396
12450,-0.03444048906778052
12451,-0.10805956955113949
12452,0.08901137509879442
12453,0.14071704867921797
12454,0.15857320437263356
12455,0.08955396496971924
12456,-0.06540792315038368
12457,-0.12251588534230473
12458,-0.13449493531276335
12459,-0.10564618627049915
12460,-0.07410796995591973
12461,-0.05048390383876322
12462,0.05967232961174318
12463,0.1285648075815189
12464,0.018592832582753793
12465,0.04124295747078488
12466,-0.03861483513358577
12467,0.0259081841873936
12468,0.002554279739853005
12469,-0.01542446992909996
12470,-0.03425894891809955
12471,-0.11644344741649659
12472,-0.055741981281583364
12473,0.09415142826147971
12474,0.15539214074371177
12475,0.0809966312183068
12476,0.09801091681860319
12477,0.06038050977326925
12478,-0.04800921822580717
12479,-0.11496937226776094
12480,-0.12470347544779603
12481,-0.10131776986409058
12482,-0.08727339453858551
12483,-0.06831924175398463
12484,-0.02730544975822502
12485,0.02393276539333611
12486,0.1267517016172648
12487,-0.011976190688138377
12488,-0.0462331936139484
12489,0.00941922162075004
12490,0.05472489802504521
12491,0.12759665356057637
12492,-0.023716525992316217
12493,0.007968169437536421
12494,0.03891541523994002
12495,0.02512694944602467
12496,0.009876623252041306
12497,0.11148423091635262
12498,0.0679667026874986
12499,0.15824904321414301
12500,0.0
12501,0.0
12502,-0.006153865466177244
12503,-0.20047474758645745
12504,-0.25656215743454736
12505,-0.2923353985191426
12506,-0.23912883695485876
12507,-0.14785143884758156
12508,-0.050715089720603235
12509,0.017192399555086446
12510,0.14763599100749092
12511,0.17494144162898806
12512,-0.0814153879949151
12513,-0.031748696874488225
12514,0.10074156538524948
12515,0.1251631380520455
12516,0.09798040492883109
12517,0.061408626143272915
12518,0.009360442467501784
12519,-0.012500162373591195
12520,-0.061607807391215186
12521,-0.05146933346302918
12522,0.010507977230353127
12523,0.36396536657128165
12524,0.04959693996777137
12525,0.04944827430233145
12526,0.10995520475267728
12527,0.062817983692943
12528,-0.022388994475738944
12529,-0.07034148798325468
12530,-0.09106817575520987
12531,-0.12000278956764543
12532,-0.2516716277744071
12533,-0.12666480144915493
12534,0.021661495999115044
12535,-0.2734974262257537
12536,0.023202896002866513
12537,0.03603993485942514
12538,0.030503452964081745
12539,0.07042246137809105
12540,-0.004008021236896031
12541,0.035506687055957276
12542,-0.01562531729269212
12543,0.06108768964679667
12544,0.08175064711134805
12545,0.10672476889479432
12546,0.12930467752005903
12547,0.29238795665574013
12548,0.13792314061326083
12549,0.0
12550,0.0
12551,0.0
12552,0.0
12553,-0.32548981320924275
12554,-0.34085073047461156
12555,-0.3235863213049366
12556,-0.26898992488104545
12557,-0.12475169677080267
12558,0.03436764114170554
12559,0.536177186921531
12560,-0.007936549280790572
12561,-0.05739279564319766
12562,-0.02132276855946591
12563,0.1216071271592778
12564,0.13543796606049874
12565,0.009950330523135431
12566,0.009852296119449822
12567,0.03846627959459825
12568,-0.08529757771186075
12569,-0.08576681869056735
12570,0.2583377909410136
12571,0.08292040520790644
12572,0.1836469335848796
12573,0.11064454149222236
12574,0.10318423429769741
12575,0.016792263482605208
12576,-0.015011319143328095
12577,-0.04736768795976731
12578,-0.013145728965627601
12579,-0.013320843722163911
12580,-0.007692345475224904
12581,-0.027398973651863834
12582,0.0019821611647015125
12583,-0.1400590132231252
12584,-0.2584992989752397
12585,-0.16651788627614872
12586,-0.042711116572618835
12587,0.08701137395932657
12588,0.019802626642585253
12589,0.0571584120244073
12590,0.05406721964584449
12591,0.0
12592,0.0678225944213997
12593,-0.05619455676431251
12594,-0.1974645305869851
12595,-0.16003650589347318
12596,0.16355144787736942
12597,0.05129329263316462
12598,0.06453851905423802
12599,0.042819995873047745
12600,0.011904902151997465
12601,0.011764841233553813
12602,0.0029197100180877733
12603,0.02590072768672913
12604,0.008486613637241902
12605,0.013986241583503478
12606,0.0697333361436332
12607,-0.1597796142110579
12608,-0.12963105844600076
12609,-0.006944472111681588
12610,-0.021127545681892013
12611,-0.007142887257275188
12612,0.07257069032587493
12613,-0.1586050244474717
12614,-0.13800566723889496
12615,0.03524593750866911
12616,-0.03974032689451246
12617,-0.08455738405350077
12618,0.12861737190593425
12619,-0.004319660957921023
12620,-0.017467692277571167
12621,0.034635495163084506
12622,0.012685158990930923
12623,-0.06959328877095672
12624,-0.08455738405350077
12625,-0.04000533261289885
12626,-0.05236798277428312
12627,-0.0724550751753954
12628,-0.035297780004252655
12629,-0.006006023699487439
12630,0.10836803053487198
12631,0.19574456751648617
12632,-0.05480823399108248
12633,0.023202896002866513
12634,0.07509044803670184
12635,0.016878037075164443
12636,-0.11048753202169159
12637,0.1514768748745272
12638,-0.1514768748745272
12639,-0.17301915530505774
12640,0.1541506718907506
12641,0.17435337952573038
12642,0.2053868222982409
12643,0.142449161221875
12644,0.08394641887944854
12645,0.02817087624519532
12646,0.039609137114365645
12647,0.012062872158245419
12648,-0.1359323506703487
12649,-0.08302333343345536
12650,-0.07755823193855615
12651,-0.04959693949913202
12652,-0.024014875379956724
12653,0.027398973249676217
12654,0.11778303190262962
12655,-0.25906639620474836
12656,-0.14639869688840124
12657,-0.004514680150702777
12658,-0.013667638105973268
12659,0.044850564153441574
12660,0.008733679587366261
12661,0.021506204295894005
12662,0.06187540116489609
12663,0.007968169331716624
12664,-0.048790162185305075
12665,-0.04691691778629625
12666,0.11145543631970112
12667,0.3656191875987358
12668,0.0856554423538447
12669,0.01236109651797701
12670,-0.022361179602554238
12671,-0.09480779095998537
12672,-0.14864101958931597
12673,-0.15950687348508064
12674,-0.1629613028556105
12675,-0.1424203332691487
12676,-0.09633110377906506
12677,-0.04011999148966838
12678,0.07327219697461951
12679,0.06317889829411394
12680,-0.07410796822907528
12681,-0.08004270309478212
12682,0.017699576055123956
12683,0.08944505534833036
12684,-0.027101928308672196
12685,0.0
12686,0.07410796822907528
12687,0.05460413132362252
12688,0.01913933929488376
12689,0.11197366652906027
12690,0.04555652971531554
12691,-0.09328793046494255
12692,0.01324522616522561
12693,0.10404385543912209
12694,0.0575974895710778
12695,0.054459915154636995
12696,-0.0035398265798201045
12697,-0.039788248619036626
12698,-0.029964787579491947
12699,-0.026976586658515433
12700,-0.019724504569641255
12701,-0.003992021110175159
12702,0.023716525679816414
12703,-0.19331930267263164
12704,-0.11541616484799322
12705,-0.06029222695043446
12706,0.06559727889869116
12707,0.1195451446880873
12708,-0.009434031788350783
12709,0.0
12710,0.13707958660956931
12711,0.08701137354610378
12712,0.04806840126331746
12713,-0.10255658442617532
12714,-0.1508228832229559
12715,0.29232244021887777
12716,0.08004270500259647
12717,0.06513930014970937
12718,-0.02739897335394703
12719,-0.053895766496039776
12720,-0.07787350678801364
12721,-0.08445382773560395
12722,-0.10068859823837828
12723,-0.08393444777508297
12724,-0.06669137132053748
12725,0.004914014560952751
12726,0.08905177343934412
12727,0.24531739905320205
12728,-0.07654007433126564
12729,0.007547205350579844
12730,0.03690455557335026
12731,0.10318423268308541
12732,0.016207809701455744
12733,0.012779726238089761
12734,0.018868483710998696
12735,-0.03486882454540696
12736,0.0064308901235077265
12737,0.07410796986434454
12738,-0.0363676430685822
12739,0.49589996148211046
12740,0.003752349548149514
12741,-0.0018744147592157923
12742,-0.09025729931109971
12743,-0.25867497363083203
12744,-0.3961996417324274
12745,-0.38589499330022514
12746,-0.23483957568752523
12747,-0.08434114196316322
12748,0.007968169014256343
12749,0.046520012027389424
12750,0.015037876233830794
12751,0.08576681562371036
12752,0.10398970675929275
12753,0.030397475336215507
12754,0.0749630341487717
12755,0.06973333427259121
12756,0.025576840481228658
12757,0.11890473510358257
12758,0.1649822538974104
12759,0.11482132003754675
12760,0.08134563680564755
12761,0.1397619382990718
12762,0.09333193737078149
12763,0.08762999540895766
12764,-0.2960312592506349
12765,-0.21706449784684434
12766,-0.06252035453754123
12767,0.008032171374683372
12768,-0.016129381279477162
12769,0.00809720990479379
12770,0.031748697054499786
12771,0.019342962094806904
12772,0.00763362456370853
12773,-0.00763362456370853
12774,0.00763362456370853
12775,-0.16050797370268155
12776,-0.12337901529831141
12777,-0.05715841086906348
12778,0.2026133768918399
12779,0.17574978459263502
12780,0.07750355842312828
12781,0.046365919022080426
12782,0.028710104966512606
12783,0.021773798872250616
12784,-0.012384058816304666
12785,0.07210329173420327
12786,-0.026433256291757967
12787,-0.12001766966265759
12788,-0.09129141700174825
12789,-0.05672597925497769
12790,0.01544432183114397
12791,-0.01544432183114397
12792,-0.072612530033211
12793,-0.11987727193069109
12794,-0.17480271536996383
12795,-0.1579030198361111
12796,-0.07512062533559627
12797,-0.050920086722377356
12798,0.06500482561220045
12799,-0.5683954220607537
12800,0.16989901750527636
12801,0.07038078968251238
12802,0.27792587394845114
12803,0.21130907966160573
12804,0.10178268854957429
12805,0.0265267529260087
12806,-0.005249355610585926
12807,0.005249355610585926
12808,0.005221943708463961
12809,-0.1576289353113074
12810,0.06491954226656338
12811,0.49817448379179785
12812,-0.02105340845906145
12813,-0.058410760023422714
12814,-0.05406721918172108
12815,-0.07839063070980767
12816,-0.1135003687059144
12817,-0.0696799171685214
12818,-0.047502331477341286
12819,-0.027398972686612844
12820,-0.0224728545894326
12821,-0.017192399555086446
12822,0.06706422683113189
12823,-0.4163347524319114
12824,-0.08552216611966124
12825,0.11778302573574928
12826,0.1809979167235336
12827,0.1302146319128985
12828,0.03428907151887284
12829,0.08607460413785972
12830,0.10277986402957096
12831,0.004640379341170675
12832,-0.0719734961701417
12833,-0.07219628747979767
12834,0.12074951053890937
12835,-0.053540764321394985
12836,0.058268905293787476
12837,0.09015109292793433
12838,0.1216071271592778
12839,0.070010162991899
12840,0.021127545681892013
12841,-0.18721153491454556
12842,-0.10629465393745807
12843,-0.07267118677507511
12844,-0.046280750183683494
12845,-0.03753791730583522
12846,-0.016529301040463906
12847,0.12516313641805832
12848,-0.0606246187527093
12849,-0.05348868208926483
12850,0.016349137110528655
12851,0.03713954497873617
12852,-0.015748356141419784
12853,0.020943172748661976
12854,0.04061471709196285
12855,0.009901070492551511
12856,-0.05051578758451436
12857,-0.09220618886202381
12858,0.14272197644653817
12859,0.133531386466887
12860,0.07472354309248841
12861,0.08801087395275031
12862,-0.029741968092925397
12863,-0.062276927096720947
12864,-0.17034535828883435
12865,-0.1766235264801832
12866,-0.12062798050423273
12867,-0.06624938115061463
12868,-0.05635293258051455
12869,0.014388736416902859
12870,0.09531017331081904
12871,0.18340321178368546
12872,-0.13275948217160005
12873,-0.07696103619785744
12874,-0.013423019431239691
12875,0.08419208576458237
12876,0.1603426408734312
12877,0.1195451446880873
12878,0.07678713974367435
12879,0.04671762258297463
12880,-0.01673679165520703
12881,-0.060888367026056045
12882,-0.027274416679759383
12883,0.38215401460330956
12884,-0.01265839647133049
12885,-0.029081208361090294
12886,0.03226086117736804
12887,0.012618463561142157
12888,-0.012618463561142157
12889,-0.028987535939545506
12890,-0.06759328884723192
12891,-0.12656271859092483
12892,-0.11778303069606633
12893,-0.06931179668619603
12894,0.05582844695492106
12895,-0.06544390519207433
12896,-0.049515062075137894
12897,0.054334348278831435
12898,0.019048194063582713
12899,0.06394872167824994
12900,0.1009259143421728
12901,-0.032523190383245915
12902,0.004123717013811312
12903,-0.04632406972305381
12904,-0.09487923390032682
12905,-0.08916794015107454
12906,-0.047754428761545675
12907,0.0529223986529086
12908,0.06486063096482786
12909,0.028573371083234544
12910,-0.038282184738886116
12911,-0.16395467123310326
12912,-0.24640039742033082
12913,-0.15048093899762316
12914,-0.017241804948069817
12915,-0.017544308111856033
12916,-0.017857615805491722
12917,-0.07480120608541041
12918,-0.08085208845331682
12919,0.128254322853115
12920,-0.06701070386565267
12921,0.029270379444058747
12922,0.11778302497262372
12923,0.1206279780761057
12924,0.022472854168557266
12925,-0.06899286619594669
12926,-0.172842797864869
12927,0.20409533892697107
12928,0.0
12929,0.007662872158370249
12930,0.007604598806917107
12931,-0.08701137010257787
12932,0.024491018008829357
12933,-0.024491018008829357
12934,0.024491018008829357
12935,-0.041158069105055706
12936,-0.1347325818499252
12937,-0.06967991369905313
12938,-0.0529223958514744
12939,-0.03315220365300231
12940,-0.03428906955911337
12941,-0.05989813440334979
12942,-0.037740323234509265
12943,0.3346390190775468
12944,-0.15874837329212665
12945,0.18589935990067286
12946,0.1017826856693902
12947,0.07006755715952595
12948,0.15307597802565276
12949,0.16606102605085482
12950,-0.005479465464379718
12951,-0.12260231492558615
12952,0.12260231492558615
12953,0.14785143884758156
12954,-0.004750602532915149
12955,0.08223809447757402
12956,0.1197304509916357
12957,0.030653739916345568
12958,-0.0037807226969670538
12959,-0.022989517343796617
12960,-0.0764960299087929
12961,-0.10582551913322424
12962,-0.08237099343970522
12963,-0.06252035372294351
12964,-0.0958479533819716
12965,-0.11261887105458168
12966,-0.040546091653998584
12967,0.3064699681133196
12968,-0.15923974057234203
12969,-0.018018504420427295
12970,0.03571808047555125
12971,-0.005865119108400929
12972,0.005865119108400929
12973,0.14154016451721807
12974,0.15051826772295218
12975,-0.022075950724465
12976,-0.09352605363407296
12977,0.09352605363407296
12978,0.15287434913897302
12979,0.048607697247550874
12980,-0.05630004257484433
12981,0.022901763412495058
12982,0.04067103822696305
12983,-0.014598798888330933
12984,-0.06453851868659077
12985,-0.052325816895112176
12986,-0.037899270994845136
12987,-0.052875749717533616
12988,-0.046304565897190564
12989,-0.02398196353616111
12990,0.02398196353616111
12991,0.08622117153202513
12992,-0.017544308881382698
12993,-0.06867686265064243
12994,0.05081924604789334
12995,0.08626034056167597
12996,0.07558267815786923
12997,-0.05918886905410048
12998,0.0
12999,0.01212136004258113
13000,0.09567520625907022
13001,0.06362569363043669
13002,0.023689770320645565
13003,0.02640417332498446
13004,0.04147324688328524
13005,0.0155041860551961
13006,0.0
13007,0.0
13008,-0.018634078966161205
13009,-0.012618463561142157
13010,0.012618463561142157
13011,0.003129892910965104
13012,-0.03174869730651553
13013,-0.08058048395236916
13014,0.013889111678390798
13015,-0.24934591394320504
13016,-0.07820074370837293
13017,-0.11122562948117887
13018,-0.027101928308672196
13019,0.09431067452618658
13020,0.00498754126228329
13021,0.009901070492551511
13022,0.02433209947536996
13023,0.028437933972582208
13024,0.036701365166501354
13025,0.13858615745678815
13026,0.2547941967863965
13027,0.350271497921665
13028,0.20018390774844042
13029,-0.26201375097639934
13030,-0.40774559933935794
13031,-0.1878160690358568
13032,-0.008298802470342537
13033,0.05275056324455418
13034,0.07608230356178458
13035,0.03243527458411011
13036,-0.007117467515571185
13037,0.0
13038,0.06565396795196721
13039,0.07099754744716114
13040,-0.19171129056059266
13041,-0.12440870562932727
13042,-0.012903404280907083
13043,0.0750351828135134
13044,-0.06641444014119502
13045,-0.06196672100555434
13046,0.18308229472197723
13047,0.09080644465759002
13048,0.03748309197733457
13049,0.0033389011540316815
13050,0.04879016258213076
13051,0.15822400056913333
13052,-0.03867885349636824
13053,-0.06397529763395626
13054,-0.08129473984998681
13055,-0.0992266304986269
13056,-0.07466152598055276
13057,-0.035506687055957276
13058,-0.00806455951154339
13059,0.012072580748439421
13060,-0.032523190383245915
13061,-0.06840272395892688
13062,-0.16826156311742313
13063,-0.18336921528933825
13064,-0.03846627836140115
13065,0.06942850204789597
13066,-0.04362061975723286
13067,-0.18871134166391723
13068,-0.13133599126486617
13069,0.05129329000158567
13070,0.06453851592923865
13071,0.0077821398364346095
13072,-0.06402185363968327
13073,-0.02510591902994186
13074,0.21292198099006088
13075,0.32466105670466927
13076,0.15979243642306917
13077,0.11166968039284741
13078,0.011257154102218614
13079,-0.09792553333147813
13080,-0.10856637583216333
13081,-0.08119015085032899
13082,-0.061557889840624824
13083,-0.032260860483465326
13084,0.021622462844292478
13085,0.04700603992040309
13086,0.08786135149989827
13087,-0.04296603383192732
13088,-0.19904598899182835
13089,-0.15415066990662396
13090,0.0
13091,0.027398972311237557
13092,-0.06995858371071018
13093,-0.0072727588001471055
13094,-0.014706146308322232
13095,-0.03774032513384462
13096,-0.055350090705428734
13097,-0.008163309972761379
13098,0.06351340067819011
13099,0.3528213517537213
13100,0.05775883111854663
13101,-0.03636764228123024
13102,-0.016000340493052878
13103,-0.021739985454792166
13104,-0.09201889342434333
13105,-0.06856266716213177
13106,-0.012987194683463432
13107,0.05096644034435238
13108,0.09474536197474004
13109,0.08134563504011094
13110,0.0655146038077814
13111,0.17005145657391596
13112,-0.20985770499340228
13113,-0.03093029909675904
13114,0.07073654751624536
13115,0.08863606857900086
13116,0.0814153879949151
13117,-0.12708542274198864
13118,-0.009389739908999495
13119,0.02331107778158481
13120,-0.10178268937248358
13121,0.044895317667970946
13122,0.12372738685086215
13123,0.012848141927592316
13124,0.18586137628157662
13125,0.0035273403935467407
13126,0.09081867096110185
13127,0.08620719254539999
13128,0.0432968045033868
13129,0.04690514817925129
13130,-0.10506106664479331
13131,-0.1207815348089758
13132,-0.0772313452234239
13133,-0.07186455851030793
13134,-0.21825355645521682
13135,-0.029705152943147795
13136,-0.14001322267450167
13137,0.039665254144519047
13138,0.10536051010227077
13139,0.08617769211261228
13140,-0.013857034021357961
13141,0.013857034021357961
13142,0.062242306109109524
13143,0.03805956021467294
13144,0.06816264869687672
13145,-0.08068890799302642
13146,0.0125262592961497
13147,0.19195686153042635
13148,0.18971424874705178
13149,0.016854331081523455
13150,0.008321823106648196
13151,-0.05976173284105046
13152,-0.17939329125266035
13153,-0.18865736795787846
13154,-0.1262937196202505
13155,-0.05942341752731606
13156,-0.05236798277428312
13157,-0.06669137079084919
13158,0.0
13159,0.29198313979836277
13160,-0.030503452964081745
13161,-0.0498969688807831
13162,0.045462372009573926
13163,0.15984869437623983
13164,0.06595796537400256
13165,0.07840470299519042
13166,-0.11819295161422705
13167,0.14088436208069455
13168,0.053054561299744396
13169,-0.13309726630234087
13170,-0.07197349703387834
13171,0.19591039421726464
13172,0.006116226830394034
13173,0.024097550853160676
13174,0.040821993329779094
13175,0.030944802978824182
13176,-0.022409900771803493
13177,0.0
13178,-0.0028368812547205913
13179,-0.014306395241884928
13180,-0.05631116989335494
13181,-0.012270092215421524
13182,0.009216654821766479
13183,0.018182318532180552
13184,-0.21715550218618418
13185,-0.038027394142982285
13186,-0.011696039307194983
13187,-0.00787405612090053
13188,-0.015936591627861763
13189,0.06604340975033374
13190,0.10347904386244089
13191,0.08757618636218423
13192,0.015408624877984334
13193,-0.08951659464279071
13194,0.0165841274654559
13195,0.08810726473601216
13196,0.06133308622493816
13197,0.04432858587888955
13198,0.052782698184588916
13199,0.01783486718161864
13200,-0.010152371206339161
13201,-0.023226850010360067
13202,-0.03723834414950833
13203,-0.0414997297584363
13204,-0.04035129436039009
13205,-0.11191791272101348
13206,-0.09301019201253702
13207,-0.08275395791430906
13208,-0.015810605401691102
13209,-0.028284712695612946
13210,0.04016604011180691
13211,0.08306659556041884
13212,0.2318016065610724
13213,0.12668328170747145
13214,-0.12668328170747145
13215,-0.13517477420914803
13216,-0.08940658463909834
13217,-0.021819046601156966
13218,0.08117328717742156
13219,0.08446576404453898
13220,0.11743683175104858
13221,0.040711183951926966
13222,0.0210534086437546
13223,0.11314265331402851
13224,0.043237678070547236
13225,-0.033978352872090056
13226,-0.030411699706528683
13227,0.016490361510931972
13228,0.025376216907932125
13229,0.0
13230,0.029182766101910396
13231,-0.1048689919435053
13232,-0.06864193097639903
13233,-0.10536051273384972
13234,-0.08860754381333624
13235,-0.06944938597417805
13236,-0.06362569363043669
13237,-0.048607697247550874
13238,-0.03906746666444816
13239,0.023623144833304188
13240,0.04191089401856418
13241,0.07197349703387834
13242,0.08643250289721927
13243,0.025158558844921686
13244,0.030583422436661678
13245,0.029675767265400665
13246,0.04851165004106095
13247,0.0
13248,-0.06919185466761935
13249,-0.07755823193855615
13250,-0.06669137227397837
13251,-0.06776209968320845
13252,-0.07666587880764864
13253,-0.03239149447960976
13254,0.048202099881300864
13255,-0.06062461936545471
13256,-0.24953029467813614
13257,-0.03261158381607787
13258,0.11470894178842705
13259,0.13783246818128436
13260,0.0296004685245026
13261,0.02874941210514903
13262,0.035789106428255835
13263,0.10731173181430709
13264,0.09690380239901764
13265,0.05874950225508657
13266,0.020803127011498113
13267,0.3259124682258685
13268,-0.06581321712525723
13269,-0.09758032601460087
13270,-0.06720874795548237
13271,-0.12213741856395677
13272,-0.22616926456343922
13273,-0.15541409750503066
13274,-0.17351091872800906
13275,-0.23638876402914377
13276,-0.19035371451272498
13277,-0.03278982013481935
13278,0.04082199118692209
13279,-0.008032171052102743
13280,-0.008097209576967579
13281,0.07061756167071609
13282,0.2109482638125102
13283,0.14269175386498345
13284,0.04167269422948694
13285,0.044895317667970946
13286,0.019324271892804834
13287,-0.10589228379026272
13288,-0.04905615431476207
13289,-0.03409420940542951
13290,0.017192399555086446
13291,0.34696888476901755
13292,0.07353408119893956
13293,0.02578411620591803
13294,0.014440683633451634
13295,-0.03650040088709927
13296,0.08546122637019993
13297,-0.05255149348489985
13298,-0.06310070402499068
13299,-0.04305948777462332
13300,-0.028399473369434602
13301,-0.0593394372704501
13302,0.030109800176129742
13303,0.6206675884557238
13304,-0.33192676528254994
13305,-0.21523836418304976
13306,-0.04016604011180691
13307,0.03226086091715441
13308,-0.024097550611193785
13309,-0.02053460159833831
13310,0.052537331404184595
13311,0.011741817417110223
13312,0.0
13313,-0.023623144833304188
13314,0.1305388668124663
13315,0.13702179308706075
13316,0.07061756513523987
13317,0.04716546713361014
13318,0.05791091442001539
13319,0.017744444849252083
13320,-0.00251572453395843
13321,0.007528266231874969
13322,-0.0565703500333683
13323,-0.08845541811515556
13324,-0.14599519712395592
13325,-0.08367247280529488
13326,0.03571808132616194
13327,0.4205553417855099
13328,-0.12762392235729347
13329,-0.12237470971576858
13330,-0.033085723590524196
13331,-0.046956981617528815
13332,-0.07657649714625636
13333,-0.04602582076547401
13334,-0.007272759064613776
13335,-0.08767516391199903
13336,-0.11380688247452486
13337,0.0
13338,0.022075950724465
13339,0.23960125431339252
13340,-0.017331455750866365
13341,0.08701137407587689
13342,0.0253178071830078
13343,0.08388148146633423
13344,-0.020320001901076523
13345,-0.09854119734882483
13346,-0.11294040731117105
13347,-0.08701137369582224
13348,-0.0695576808547207
13349,-0.05218575090059474
13350,0.022075950724465
13351,0.33459897982141085
13352,-0.04147324688328524
13353,-0.16616611068342113
13354,-0.03522869050464461
13355,-0.003992021110175159
13356,-0.1009259143421728
13357,-0.0498969688807831
13358,-0.004662012888467348
13359,-0.03325722017627575
13360,-0.049515062075137894
13361,-0.1184177484330391
13362,0.03371105544807351
13363,0.2779665072580708
13364,0.13300823804248196
13365,0.18658594934551243
13366,0.1929036607920116
13367,0.06782259469530816
13368,-0.03091803866792464
13369,-0.06486063258343444
13370,-0.21161234764108228
13371,-0.2440614411726183
13372,-0.08923112993390481
13373,0.06036314712365032
13374,0.06479999060159791
13375,-0.14310083760749093
13376,-0.060624618988380785
13377,-0.03922071123020476
13378,0.11778303010082825
13379,-0.004454350150967734
13380,0.04367506159484735
13381,0.16507974385629032
13382,-0.22223815518241263
13383,-0.03687053410883978
13384,-0.19650618159141153
13385,-0.023122416084178976
13386,0.011628037319054929
13387,0.08315036372019158
13388,0.101096111756803
13389,0.019048194063582713
13390,-0.09389608112346703
13391,-0.0532040332321273
13392,-0.044700176419858906
13393,-0.10854016202379624
13394,-0.13626487022175038
13395,-0.12419037057945737
13396,-0.05959209212757566
13397,-0.12107792026263464
13398,-0.11531083440978529
13399,0.20972050996105018
13400,0.04405998591083726
13401,0.0
13402,0.10622220456779141
13403,0.2277839150797285
13404,0.1435122733697436
13405,0.015915454461542744
13406,0.05129329175597164
13407,-0.04082199243692175
13408,-0.13353138518404695
13409,-0.1472302275409776
13410,-0.02090668336229573
13411,0.0746108587281169
13412,-0.05370417536582117
13413,-0.03509131734821613
13414,-0.036367641525372196
13415,-0.030077452975474372
13416,-0.10451269032560262
13417,-0.07933673523916518
13418,-0.07622735812110326
13419,-0.050772320216657896
13420,-0.021053406981520695
13421,0.0
13422,0.06187539733510938
13423,-0.09431066958113243
13424,0.09431066958113243
13425,0.09531017071341674
13426,0.05310982061175462
13427,0.0666913689369375
13428,0.2295744251019043
13429,0.19716805343996446
13430,0.10956219704975911
13431,0.055059774656073035
13432,-0.05978791562846553
13433,-0.09436275675831673
13434,0.04580953369920504
13435,0.13041708941204222
13436,0.07970673926520133
13437,0.012024192484858531
13438,-0.036515211493421074
13439,-0.09986599200039947
13440,-0.20168591377192513
13441,-0.2674048628858521
13442,-0.19259309161291105
13443,-0.12221762121982582
13444,-0.09431066958113243
13445,-0.09201888812843517
13446,-0.024391450149297444
13447,0.22067133772193426
13448,0.12981159946861265
13449,0.05908891138069805
13450,0.07878087164347747
13451,0.08004270184603124
13452,0.03436764114170554
13453,-0.027398972311237557
13454,-0.08701137067649922
13455,0.14763598840796677
13456,0.09352605217515642
13457,0.0
13458,0.08004270309478212
13459,-0.11025647986539511
13460,0.042048233717336014
13461,0.011696039079196474
13462,-0.005830919970795545
13463,-0.06648973724836571
13464,-0.13353138369595197
13465,-0.09745532883912755
13466,-0.09925494987897743
13467,-0.0909717699241539
13468,-0.07924936379945313
13469,-0.010362785961663512
13470,0.04082199035358869
13471,0.16551442322333765
13472,0.12715516536635052
13473,0.022141124243048704
13474,0.09729890421926468
13475,0.1701059586665874
13476,0.1008812194929094
13477,-0.06791120206720702
13478,0.07796153741565792
13479,0.17814617722447856
13480,0.020704672504293864
13481,-0.1265301916375181
13482,-0.07232065809125432
13483,0.029558800785233874
13484,-0.18038168238028307
13485,-0.11705654820107592
13486,0.00651468059678173
13487,-0.013072080712944079
13488,-0.07512062533559627
13489,-0.05841075789043071
13490,-0.03053672152867204
13491,0.0
13492,0.0229895164628946
13493,0.015037876233830794
13494,0.050920086722377356
13495,0.09466522013522205
13496,-0.10895117636223839
13497,-0.10616018777083758
13498,0.05448818104164577
13499,0.015037876233830794
13500,-0.007490671168053353
13501,0.0724954967802538
13502,0.09340116885259864
13503,0.06174800325441954
13504,0.09694193965981723
13505,0.07333126924277433
13506,0.06359109966984589
13507,-0.014320053091190221
13508,-0.16705407592190813
13509,-0.2432302942353619
13510,-0.13976193150559446
13511,-0.07796153471295542
13512,-0.1043600054143341
13513,-0.07257068530795419
13514,-0.0327898192387619
13515,-0.022472853326806153
13516,-0.022989515581993025
13517,0.01156082106453482
13518,0.09844006203739175
13519,0.24783614103872997
13520,0.07061756167071609
13521,0.0
13522,0.14107858829180442
13523,0.11778302834644272
13524,0.1053605098098731
13525,0.10956219704975911
13526,-0.09389608112346703
13527,-0.042334361585978364
13528,-0.1389514520361148
13529,-0.06412452405617497
13530,-0.013333529980536607
13531,0.1493452792416945
13532,-0.06569525534046816
13533,-0.025001300642673474
13534,0.018809330778158717
13535,0.036589445200730264
13536,-0.049089607183681494
13537,-0.05826890435039145
13538,-0.11279548618514568
13539,-0.10204924633640866
13540,-0.09531017153986276
13541,-0.05608946140628879
13542,0.03774032442159392
13543,0.1776811621642409
13544,0.0601685169397741
13545,0.0704516559851216
13546,0.07847161030736682
13547,0.043083583484194055
13548,0.11912082173301553
13549,0.05209510916888771
13550,-0.10142017302754969
13551,-0.19135095166591443
13552,-0.0925927802281703
13553,0.11944002846231339
13554,0.18121718347435545
13555,0.3660233591224258
13556,0.059497096651552006
13557,-0.07884005874635891
13558,0.007782140139244831
13559,-0.05989813918849585
13560,-0.16518526715954174
13561,-0.11294040537645911
13562,-0.08503703786214079
13563,-0.06730367777656543
13564,-0.14994013705264297
13565,-0.20312466786304073
13566,-0.15565329453872723
13567,0.7036184272474206
13568,0.04082199243692175
13569,0.08617769211261228
13570,0.018182318256676044
13571,0.14639869688840124
13572,0.0
13573,0.026873017219378514
13574,-0.10788895769588036
13575,-0.07898840785062289
13576,0.09156718953005694
13577,0.13976193694037642
13578,0.042559612909133904
13579,0.060624619773951505
13580,0.028987535939545506
13581,0.0495457350168782
13582,-0.02756682898823426
13583,-0.14693042693844882
13584,-0.2249437227445359
13585,-0.2097205204715591
13586,-0.14953172501039091
13587,-0.08058048124539896
13588,-0.05756984767747397
13589,0.007380106752960192
13590,0.08455738206621932
13591,0.20679440069016852
13592,-0.12260231492558615
13593,0.07188722520498292
13594,0.10939858841711025
13595,0.030614634257391415
13596,0.10032271683115868
13597,0.004535154959715015
13598,0.09900551951018688
13599,-0.06344621905444692
13600,0.08373088940298867
13601,0.148973786089158
13602,0.09562469151220965
13603,-0.08529757771186075
13604,-0.06362569363043669
13605,0.0036429911457873665
13606,-0.010969030969504523
13607,-0.07637297586674041
13608,-0.16813691453618107
13609,-0.15728547063593235
13610,-0.11025647986539511
13611,-0.07647035911636602
13612,-0.10462494377462672
13613,-0.16772274394569298
13614,-0.18058391968527054
13615,0.35563270318632556
13616,0.14261409749728093
13617,-0.012739024966004653
13618,-0.0064308899167255795
13619,0.08647359265929566
13620,0.017595760858316822
13621,-0.03550668635548071
13622,0.05849620325882654
13623,0.049871827276045444
13624,0.026668245659686285
13625,0.15565330212525996
13626,0.008968669580572186
13627,0.12568820989071883
13628,0.11865753939627233
13629,-0.08004270475978359
13630,-0.07061756444233502
13631,-0.13935551483194608
13632,-0.08277228225141364
13633,-0.036179654707344966
13634,-0.048527038277620616
13635,-0.20806443170849853
13636,-0.1306201729248957
13637,0.0
13638,0.07466152319208641
13639,0.28588187405924215
13640,0.12675169920413776
13641,0.16228079877729096
13642,0.03968774669191877
13643,-0.023623144833304188
13644,0.054276884749649756
13645,0.0
13646,0.06571706925685561
13647,-0.06949779195382266
13648,-0.14222709380274257
13649,0.0
13650,0.11923757645894595
13651,0.011560821955562073
13652,0.011428695388234544
13653,0.029852962035599173
13654,0.010969030969504523
13655,-0.03704127030813664
13656,-0.0825615974452627
13657,-0.05043085150705062
13658,-0.013015367547396295
13659,0.017316449261793654
13660,0.0296004685245026
13661,0.02469261157411129
13662,0.02012140238965232
13663,0.3122774973480378
13664,0.020202706734429032
13665,0.04742869224763879
13666,-0.01648388926881461
13667,0.07982959952710145
13668,0.002554279739853005
13669,-0.023226850010360067
13670,-0.07591719764587657
13671,-0.12272479988904283
13672,-0.12177186809352714
13673,-0.010850015631652443
13674,0.03571808132616194
13675,0.22244154358554846
13676,-0.0284919549824596
13677,-0.07811777691568622
13678,-0.09156719052891527
13679,-0.10080469548975302
13680,-0.08701137354610378
13681,-0.05521572025663879
13682,-0.053824647598953224
13683,-0.056887371704512635
13684,-0.06031978720053921
13685,-0.06973333427259121
13686,-0.03390154975997284
13687,0.2790239957156637
13688,-0.07678713974367435
13689,-0.07808843315837244
13690,0.0639037988371065
13691,0.14183018914248446
13692,0.07174390199806568
13693,0.09880058112576062
13694,0.006944472111681588
13695,-0.07171530593794806
13696,0.007407441003509874
13697,-0.007407441003509874
13698,0.007407441003509874
13699,0.13445347195718682
13700,-0.042840157264523615
13701,-0.03077165761456513
13702,-0.03533936519630787
13703,-0.025502291881790207
13704,-0.041437188303004024
13705,-0.023347363088450646
13706,-0.023905519901052497
13707,-0.03696519271504828
13708,-0.02972617900275676
13709,-0.02178735323549219
13710,-0.07309188066483463
13711,-0.17007457439757134
13712,-0.10037917937559637
13713,-0.01250016198295123
13714,0.049089607183681494
13715,0.1652099072024158
13716,-0.020513538781052887
13717,-0.12102662573616518
13718,0.08944505534833036
13719,0.05715841086906348
13720,0.029852961664238453
13721,-0.029852961664238453
13722,0.09163031842382319
13723,0.2760944461614794
13724,-0.1753528807762299
13725,-0.19237188380907266
13726,0.0100503353484509
13727,0.06765864520278697
13728,-0.014117880881391986
13729,-0.053540764321394985
13730,-0.056570348578341534
13731,-0.07696103690332423
13732,-0.12136084963099592
13733,-0.10895117636223839
13734,-0.06693947769447917
13735,-0.20409533892697107
13736,-0.16362940701031503
13737,0.16362940701031503
13738,0.14874524822154234
13739,0.06301296286379898
13740,0.14208250350306129
13741,0.24021552107102595
13742,0.14967639219205342
13743,0.1419043075025579
13744,0.1208048336575529
13745,0.06346035179692677
13746,0.05048390383876322
13747,0.04512043392300358
13748,0.04598511191994614
13749,0.008391657401514152
13750,-0.019691212336244046
13751,-0.014306395241884928
13752,-0.04720640317676006
13753,-0.0495457350168782
13754,-0.03554493627070654
13755,-0.03344793294867143
13756,-0.020619286494119038
13757,-0.028170875974632636
13758,-0.06263556868295739
13759,0.09080644465759002
13760,0.07361181487908874
13761,-0.016260520342959772
13762,-0.07486487641537032
13763,-0.04332807519885673
13764,-0.045290757470493936
13765,0.13014728992854874
13766,-0.240237975468367
13767,-0.05766563929115698
13768,-0.08576681766828154
13769,0.076592441813089
13770,0.1375555370019419
13771,0.2725072648529432
13772,0.033085723590524196
13773,0.04058527893837072
13774,0.02247285522074538
13775,-0.03390155071782708
13776,-0.09330070308708427
13777,-0.10290995963813465
13778,-0.07249549940920375
13779,-0.03831886283362129
13780,-0.00784317715344729
13781,0.011741817417110223
13782,-0.011741817417110223
13783,0.11163996698385814
13784,0.017452449342034715
13785,-0.013937507358138479
13786,0.013937507358138479
13787,0.057158411917611396
13788,-0.003273325237822533
13789,0.03226086117736804
13790,0.07047325449715247
13791,0.02915658344128902
13792,-0.062242307031813215
13793,-0.10978755833153331
13794,-0.07805378536669005
13795,-0.026169716754965933
13796,0.026169716754965933
13797,0.05037035757629971
13798,0.06453851894458884
13799,0.06371581235556834
13800,0.03338701501928609
13801,-0.024170360197519614
13802,-0.024769067345486118
13803,-0.012618463561142157
13804,0.0
13805,0.0
13806,0.01574835647210726
13807,-0.05458818853110259
13808,-0.10060469562824936
13809,0.0036429911457873665
13810,-0.03704127030813664
13811,-0.019048194245005146
13812,0.045120433583637265
13813,-0.014815085236413505
13814,-0.026466572187420212
13815,0.022728250216563328
13816,-0.04207121231137023
13817,-0.09413898705790746
13818,-0.02169282367006531
13819,0.37578932622288086
13820,0.006006023879849387
13821,0.02366974338555128
13822,0.023122416752516806
13823,-0.011494379095429608
13824,-0.10343558409869402
13825,-0.12260231791173037
13826,-0.102947965323684
13827,-0.06641444014119502
13828,-0.004301081714397359
13829,0.03805956021467294
13830,0.08735709521614732
13831,0.11820541790726624
13832,-0.18502791152507525
13833,-0.05429308009861389
13834,0.07441448248826621
13835,0.11290172594851322
13836,0.05200478318690971
13837,0.09038405854868259
13838,0.03338701501928609
13839,-0.16164134631944327
13840,-0.08033514515579165
13841,-0.06276569308677127
13842,0.08532303966275334
13843,0.21941914489925285
13844,0.10744788477765432
13845,0.05223119086108685
13846,0.09923491982732546
13847,0.04505266292590049
13848,0.045217605019493234
13849,0.035163911730238695
13850,-0.06075166113300545
13851,-0.02625971400887872
13852,-0.02696792582141283
13853,-0.13646442056390828
13854,-0.11615250868127669
13855,0.23190272533439238
13856,-0.2144604231781191
13857,-0.2924967084557273
13858,-0.05556984894852279
13859,0.04781787244467228
13860,0.08213569385793384
13861,0.11179140219710515
13862,0.06813780305605555
13863,-0.009022617328276805
13864,-0.052725387833155946
13865,-0.10394608477646061
13866,-0.08476526350186075
13867,0.18552155301196915
13868,0.10312158627626822
13869,0.01997213261705877
13870,0.07350245999105809
13871,0.06108769042447726
13872,0.012270092290700418
13873,-0.009803999856322854
13874,-0.027467394014697
13875,-0.038714511181356936
13876,-0.08796877052611451
13877,-0.11240956417653125
13878,0.009600073421812017
13879,0.16411001490991017
13880,-0.23333038951853746
13881,-0.13499515960469743
13882,-0.023716525679816414
13883,0.03922071161481977
13884,0.1022788453811021
13885,0.14818050805865202
13886,0.041061485593286484
13887,0.0028694423456157025
13888,-0.20258273549935257
13889,-0.010582108957263081
13890,0.0978858379344687
13891,0.1518512951165052
13892,0.1269489993770545
13893,0.08172573561445429
13894,0.05241374153911105
13895,0.008474626811422858
13896,-0.012739025506954604
13897,-0.008583743507188935
13898,0.0
13899,0.02132276901414354
13900,0.014659948103659115
13901,0.014448135449168564
13902,-0.03758271036425054
13903,0.02728395837580644
13904,-0.22937409572711287
13905,-0.08134563724703181
13906,0.014025474961070206
13907,0.05684886269278877
13908,0.07354390145645873
13909,0.0685037527148169
13910,0.04683129863954116
13911,-0.0021810258987913222
13912,-0.04693598796936094
13913,-0.2106362765965235
13914,-0.05218575165725303
13915,-0.11332868173557475
13916,0.006644542497918238
13917,0.06412452611285646
13918,0.05144856027866629
13919,0.0432968045033868
13920,-0.025752495365495065
13921,-0.011661939407836996
13922,0.005847969711429091
13923,0.02590072768672913
13924,0.0307716578058721
13925,0.040491360261553755
13926,0.06652068063901151
13927,-0.21145470123533228
13928,-0.09622802900556016
13929,-0.1485546889306706
13930,0.03831886283362129
13931,0.16907632419598118
13932,0.15551029477117906
13933,0.09827021888943088
13934,0.09172112040587566
13935,-0.011299554998570827
13936,-0.2726441879637669
13937,-0.12039838920307977
13938,0.0
13939,-0.02730544975822502
13940,-0.013937507358138479
13941,-0.007042282377442977
13942,-0.03231879009450633
13943,-0.022141125060130662
13944,-0.022642475895254144
13945,-0.0794067744500353
13946,-0.09077502071237875
13947,-0.08495671846375075
13948,-0.09285014917049272
13949,-0.07869226415018682
13950,0.005830919970795545
13951,-0.35170390671162055
13952,0.19464202656457896
13953,0.1335313841211221
13954,0.13872620179128914
13955,0.3208061056573275
13956,0.044124803286176295
13957,-0.010850015631652443
13958,-0.03327478765452385
13959,-0.11966449897719267
13960,-0.017094432628733447
13961,0.03390155023889996
13962,0.11034805281563198
13963,0.10610650223816176
13964,-0.010118129824326694
13965,-0.017094432774846346
13966,0.043851881049391306
13967,0.03566017924271758
13968,-0.1435909146946841
13969,-0.1251631380520455
13970,-0.08247621824203621
13971,-0.0751527188477259
13972,-0.03980624841948632
13973,0.005063301700175771
13974,0.07770898055123787
13975,-0.19549200989449034
13976,-0.06453851734969263
13977,-0.018349137545861982
13978,0.1164103450610714
13979,0.1896208497850571
13980,0.05741090467724863
13981,0.037899270994845136
13982,-0.05085841507754418
13983,-0.053584243740807835
13984,0.04922693856171323
13985,0.0593394372704501
13986,0.14529322042812298
13987,-0.1289663278071278
13988,0.11101252483522739
13989,0.0900261485384184
13990,-0.006644542497918238
13991,-0.18632957136418415
13992,-0.19444290870645453
13993,-0.09190135758837403
13994,-0.07781701802927543
13995,-0.09704578325867219
13996,-0.07263917884108873
13997,0.006825964604459944
13998,0.04000533194596567
13999,0.06942850204789597
14000,-0.12313267741371714
14001,0.0
14002,0.04714677524965882
14003,0.19647529249662954
14004,0.2220618746794587
14005,0.1959369511090978
14006,0.11103831283445276
14007,-0.02580788312326776
14008,-0.17450901082639403
14009,-0.24080837689957102
14010,-0.12088188519947884
14011,0.21978595459649197
14012,0.08176595117583263
14013,0.09831092837443256
14014,0.054658410545673775
14015,-0.021506204450072453
14016,-0.13976193694037642
14017,-0.10074156538524948
14018,-0.076592441813089
14019,-0.020101178310909962
14020,0.005063301700175771
14021,0.049271046578655664
14022,-0.03423316996792147
14023,-0.025190247559394585
14024,-0.301380898864835
14025,-0.006920442365646373
14026,0.027398972311237557
14027,0.08419208576458237
14028,0.07188722520498292
14029,0.12991212719816314
14030,0.15921397431242745
14031,0.02141409358665447
14032,-0.02141409358665447
14033,-0.0905595729424058
14034,0.055313635433736685
14035,0.11028112032218251
14036,0.148973786089158
14037,0.07336622161906714
14038,0.04710446770797905
14039,0.02124510796891954
14040,-0.19137138598026615
14041,-0.23687373440679949
14042,-0.19811379315154864
14043,-0.19817691627037437
14044,-0.027779562177691286
14045,0.03460552678215123
14046,0.07216244151215934
14047,0.28926308455132643
14048,-0.3546458395377501
14049,-0.04845238003152863
14050,0.10109611005194763
14051,0.1758906561245417
14052,0.17241601928997996
14053,0.12729023220579982
14054,0.061795716881011487
14055,0.051106009067501734
14056,-0.032552601860231345
14057,-0.08434114519845703
14058,0.09166718502217419
14059,0.21875436372460966
14060,0.023189444246692226
14061,-0.023189444246692226
14062,-0.01477131688392097
14063,-0.0456700354424453
14064,-0.10156019681938533
14065,-0.09393181643817439
14066,-0.08288765653229246
14067,-0.0814153879949151
14068,-0.1335313862469718
14069,-0.09633110377906506
14070,-0.04011999148966838
14071,0.3306071007060898
14072,-0.11568439384645757
14073,-0.043380293538952674
14074,0.07586574717573003
14075,0.1080964907982076
14076,0.13762137260672702
14077,0.1304014952492718
14078,0.03994386490416346
14079,-0.10469139220146806
14080,-0.1951120302527336
14081,-0.08479653306269563
14082,0.12072854085403906
14083,0.1691634661133401
14084,0.136011753472006
14085,-0.014556297350428515
14086,0.0542215526189036
14087,0.03547438722553364
14088,-0.03270046041975494
14089,-0.05993233901174033
14090,-0.054394070421663
14091,-0.0347586322667337
14092,-0.0664696427978213
14093,-0.042111483872094624
14094,0.003577821219876043
14095,-0.21425459536346203
14096,-0.15267683291035405
14097,-0.1864537835134561
14098,0.06025918788592799
14099,0.13645109526873345
14100,0.1686227045188331
14101,0.1553814430103122
14102,0.11819295161422705
14103,-0.03333641915617225
14104,-0.14179790669606218
14105,-0.10709813114060651
14106,0.13786978862364796
14107,0.15089863913538304
14108,0.08429324275633299
14109,0.04393092793890219
14110,0.09296306443458446
14111,0.0754126018838015
14112,-0.01956052537621078
14113,-0.10125373107412639
14114,-0.14373155530074877
14115,-0.17165310956958946
14116,-0.21197024187297187
14117,-0.15492257484808292
14118,0.0
14119,0.16871589634622275
14120,-0.1961148690328356
14121,-0.04546237149277843
14122,-0.005830919970795545
14123,0.06782259250403788
14124,0.12805192029201162
14125,0.14725884720618998
14126,0.14282417467742947
14127,0.05255149348489985
14128,-0.23343522837700226
14129,-0.18924199065864356
14130,0.03077165708847085
14131,0.22516170528797774
14132,-0.03696519271504828
14133,-0.06481749727461805
14134,-0.07892725492334929
14135,-0.12323263408831808
14136,-0.1405819423729171
14137,-0.08529757491182677
14138,-0.05635293258051455
14139,-0.0444517592770266
14140,-0.015267470965287355
14141,0.04512043188680481
14142,0.11778302748644931
14143,-0.013158083711822588
14144,-0.04746653401964496
14145,0.020619285785501873
14146,0.15123096017624604
14147,0.21019456588723973
14148,0.046304565897190564
14149,0.04425500704521523
14150,-0.017467692277571167
14151,-0.11174403323139481
14152,-0.1258201665961951
14153,0.1258201665961951
14154,0.1548541550263529
14155,0.1595609663326365
14156,0.08280590082559236
14157,0.05162436373926527
14158,0.02484599781483654
14159,0.039102724837420944
14160,-0.14924630036411823
14161,-0.13157635297279446
14162,-0.06453851853340486
14163,0.0
14164,-0.01680711761016651
14165,0.01680711761016651
14166,0.09909089871341337
14167,0.05148195394158828
14168,-0.32294407075750486
14169,-0.29098784386606624
14170,0.0
14171,0.1701059586665874
14172,0.1644723191627553
14173,0.13293879411499976
14174,0.06427914882129482
14175,0.030653739916345568
14176,-0.08666837922925952
14177,-0.09038405757548729
14178,0.017857616602749093
14179,0.36636236852148096
14180,0.042048234980417654
14181,0.005865119280399345
14182,0.034486175079990744
14183,-0.0056657373751738405
14184,-0.11742798151815315
14185,-0.14778122645362313
14186,-0.1303618127061883
14187,-0.0974221086899334
14188,-0.09252336438836561
14189,-0.12482305794967852
14190,0.005763704384546209
14191,-0.440556396104987
14192,-0.14378787898464385
14193,0.14378787898464385
14194,0.19415599868465616
14195,0.26912864720639806
14196,0.19811379315154864
14197,0.26554953335551845
14198,-0.03231879009450633
14199,0.0
14200,-0.0036563110694238787
14201,-0.1123035655381881
14202,0.05579135740449903
14203,0.13062017767097966
14204,0.14830270525674294
14205,0.08162052605626746
14206,0.057758832635369295
14207,-0.04968341884719951
14208,-0.10446725672835822
14209,-0.16462197436873938
14210,-0.2187671681340082
14211,-0.06308397258307119
14212,0.018433700839310507
14213,0.04465027174376068
14214,0.07160952936040754
14215,-0.46837890923407643
14216,-0.32742237594627177
14217,0.02666824471136975
14218,0.22664616407618476
14219,0.26826397014054626
14220,0.22421248776222225
14221,0.2145597993705346
14222,0.1965871277986304
14223,0.08936931010965798
14224,-0.18439624108890307
14225,-0.21848153060135633
14226,-0.0891277762828162
14227,0.24659520308896132
14228,-0.026847249135165452
14229,0.11853860423625617
14230,-0.009104766716594881
14231,0.024097550853160676
14232,-0.048790162681336735
14233,-0.006269612817054515
14234,0.0
14235,-0.009478743655052746
14236,-0.02572489041117798
14237,0.01294516417308822
14238,0.006410278155459803
14239,0.0031897952663522133
14240,-0.1584059999310976
14241,-0.18830959090696542
14242,0.008968669580572186
14243,0.12568820989071883
14244,0.17309274409883724
14245,0.1616907671569776
14246,0.09658976791638363
14247,-0.012870190189246955
14248,-0.34270925248714645
14249,-0.21950055107751387
14250,0.018018504690989978
14251,0.38441168466261244
14252,0.03582472544852111
14253,-0.005882369730054737
14254,-0.039102724837420944
14255,-0.11014357552669729
14256,-0.10080469548975302
14257,-0.011428695388234544
14258,0.00763362456370853
14259,-0.0230779463948525
14260,-0.027615165943479347
14261,0.023716525679816414
14262,0.04207121231137023
14263,0.30439554359664767
14264,-0.17791140093741076
14265,-0.1415787683120917
14266,-0.038764541947366116
14267,0.08338160577699583
14268,0.08701137395932657
14269,0.07696103866699255
14270,0.0030816664424415663
14271,-0.04403226876539312
14272,-0.20245863794496
14273,-0.15743690676520705
14274,-0.04717855804886106
14275,0.5726430337279798
14276,0.11079530878607091
14277,0.01452810021112727
14278,0.021403908154103757
14279,0.020955364688050704
14280,-0.020955364688050704
14281,-0.06062462034584648
14282,-0.07796153944268491
14283,-0.0875028957863222
14284,-0.17000829109408766
14285,-0.1305388668124663
14286,-0.1688666571305979
14287,0.13647516265098814
14288,-0.0725264409727382
14289,-0.045256589539612424
14290,0.058443593241900516
14291,0.10754153715175097
14292,0.1389090587726476
14293,0.14877300387521197
14294,0.07641622828055494
14295,0.0
14296,-0.10022687626555626
14297,-0.19933289597626747
14298,-0.25394392219127226
14299,0.5342458783585027
14300,-0.19237188675520045
14301,-0.18030338598517037
14302,-0.12893367782691456
14303,-0.08119015085032899
14304,-0.08294907867794121
14305,-0.027398972686612844
14306,-0.005571044739089537
14307,0.0
14308,0.022100345779553443
14309,0.03753791730583522
14310,0.0905140029861764
14311,0.1262937196202505
14312,-0.1959736367887719
14313,-0.09737415875338673
14314,0.10763065839459207
14315,0.13798573639793954
14316,0.15605362355171382
14317,0.10459976631427903
14318,0.010221553723267718
14319,-0.020548667523616615
14320,-0.060624619653804945
14321,-0.11686433558170295
14322,-0.09531017567209377
14323,0.3715635423259007
14324,-0.07821574389468244
14325,-0.10724552651605368
14326,-0.07439828713930208
14327,-0.02886798281025449
14328,-0.04274154655015305
14329,-0.02655023091919384
14330,-0.0458796036453859
14331,-0.028573371083234544
14332,-0.009708813655651571
14333,0.024097550417620184
14334,0.07342746518355758
14335,0.24934591394320504
14336,-0.16049258034947167
14337,-0.1294909774903985
14338,0.11316408486940333
14339,0.18026181704294242
14340,0.17311550242370455
14341,0.08845541811515556
14342,0.0565703500333683
14343,0.031983045066125815
14344,-0.05730085240939031
14345,-0.11107481390899565
14346,-0.14133911234305252
14347,0.17791140093741076
14348,-0.13907156887841543
14349,-0.075818834056808
14350,0.043557972879439966
14351,0.016260520342959772
14352,-0.13077022667655358
14353,-0.1335313873724222
14354,-0.10629465393745807
14355,-0.06267110394050368
14356,-0.035446747200599926
14357,-0.026111142640024898
14358,0.03636764228123024
14359,0.3313571215640718
14360,-0.1845217702807309
14361,-0.08741193375602485
14362,0.04695698088240752
14363,0.09196848511186628
14364,0.08805685186435497
14365,0.05588045631216465
14366,0.039081348653792425
14367,-0.03186110094096639
14368,-0.13868338218285992
14369,-0.185632809668681
14370,-0.025190247559394585
14371,0.29783443077417937
14372,-0.18687736554650325
14373,0.02702867117026342
14374,0.10935253232355713
14375,0.0039761482215414645
14376,-0.07839063070980767
14377,-0.06196672100555434
14378,-0.03248545363677735
14379,-0.00947874350530764
14380,0.00947874350530764
14381,-0.053281364031504186
14382,0.029413883764227933
14383,0.33024167328362086
14384,-0.22488116245671197
14385,-0.18580587199880583
14386,0.09483409793386555
14387,0.10393091814763933
14388,0.046129769792653263
14389,0.024292691585437787
14390,-0.012072580748439421
14391,-0.04132819378458308
14392,-0.11147386148740024
14393,-0.10956219704975911
14394,-0.021277397315422775
14395,0.1541506721467667
14396,-0.05202118229013841
14397,0.00966191044497089
14398,0.004796172033459722
14399,-0.054067218612115386
14400,-0.03077165708847085
14401,0.0606246187527093
14402,0.08905177343934412
14403,0.08176595117583263
14404,0.032523190383245915
14405,-0.05762911046375496
14406,-0.13111300582394403
14407,0.2657031544608648
14408,-0.01869213231334088
14409,-0.054276884749649756
14410,-0.06586742227507125
14411,0.03758270957945831
14412,0.12323263567222575
14413,0.07669261811341732
14414,0.061808285360570814
14415,-0.08902084795974385
14416,-0.17271269118647004
14417,-0.06344621905444692
14418,0.008695706589475272
14419,0.3005854660489278
14420,-0.05264373175292025
14421,0.05903352964754305
14422,0.1367110414725463
14423,0.11283252753264517
14424,0.004950505037318642
14425,0.0
14426,-0.03262522649723065
14427,-0.028462463927246606
14428,-0.0026281223371991125
14429,0.03109058626444572
14430,0.07847161351619691
14431,-0.1525795837075954
14432,0.03243527487637099
14433,-0.09477840368326795
14434,0.08676768015109593
14435,0.11629249733501901
14436,0.12544388129878703
14437,0.07109592023894162
14438,0.0459851123605719
14439,-0.007518832272694453
14440,-0.17705244045934476
14441,-0.22652764357238553
14442,-0.2671780836022921
14443,0.33277536429454413
14444,0.0981920237050029
14445,0.023697790868211666
14446,-0.004694844193999792
14447,-0.019002946674211874
14448,0.01428595690732326
14449,-0.1072009236507192
14450,-0.04301738392695276
14451,0.008207980193258635
14452,-0.10324346971398368
14453,-0.036927271455736044
14454,-0.06809761407035575
14455,-0.1877051429486447
14456,-0.11122563034718524
14457,0.0
14458,0.12729023220579982
14459,-0.07441448248826621
14460,0.05429308009861389
14461,0.1506602692021186
14462,0.12475170087163923
14463,0.08288765735066139
14464,-0.07367100252889491
14465,-0.1339683556934057
14466,-0.02837069612302745
14467,-0.1680355929645101
14468,-0.02586350947498861
14469,0.02586350947498861
14470,0.04167269466370316
14471,-0.0040899850842448515
14472,-0.020704672504293864
14473,0.020704672504293864
14474,0.020284670348541756
14475,-0.004024150137787341
14476,0.008032171374683372
14477,0.0
14478,-0.004008021236896031
14479,-0.32449603017958495
14480,0.07490130416395413
14481,-0.047502331477341286
14482,-0.027398972686612844
14483,0.10536051010227077
14484,0.2110709605657708
14485,0.18434379535892642
14486,0.12931375259608435
14487,-0.06414411964579525
14488,-0.09594129056485423
14489,-0.09461597292913249
14490,-0.042891562956614226
14491,0.03522869050464461
14492,-0.19004359483777566
14493,-0.10794783392093388
14494,0.05542980214546711
14495,0.01459879871072367
14496,-0.167932810508177
14497,-0.058840496559730227
14498,-0.012195272350185693
14499,0.030213776770612988
14500,-0.01197619032956121
14501,0.017910925497163888
14502,0.07958743339155916
14503,-0.24664150729625378
14504,0.0
14505,-0.20925442287671725
14506,0.042200350928108143
14507,0.10948422427113513
14508,0.18232154444827664
14509,0.19051831329014668
14510,0.1556073369714368
14511,0.07160952936040754
14512,-0.14874525474094558
14513,-0.058268905293787476
14514,0.14410033726380078
14515,0.35059588506011163
14516,0.009104766716594881
14517,-0.040066991361825455
14518,-0.09217045676343938
14519,-0.14045183026931563
14520,-0.182321548857447
14521,-0.13217176637970507
14522,-0.07913731608302044
14523,-0.042048233717336014
14524,-0.012345835060191046
14525,0.0
14526,0.10037917937559637
14527,0.16055069333984084
14528,-0.16618451074069718
14529,-0.06416194047349721
14530,0.0
14531,0.05279818246886414
14532,0.044700176419858906
14533,0.15180600517155263
14534,-0.06798733768203391
14535,-0.07294899584336978
14536,0.07294899584336978
14537,0.10032271683115868
14538,0.1973594260173832
14539,0.029413884124744438
14540,0.08338160604050016
14541,-0.10536051195412233
14542,0.025595546253009527
14543,-0.04806840126331746
14544,-0.3395071250036663
14545,-0.30196801094830183
14546,-0.26164507715328966
14547,-0.1402293272397137
14548,-0.4054650543447307
14549,-0.06669136337520376
14550,0.050430845147526604
14551,0.54308641728789
14552,0.0822380907181759
14553,-0.01769957553298518
14554,-0.00896866917838457
14555,0.2533144087875545
14556,0.2575111789424027
14557,0.0
14558,-0.038572272660518436
14559,-0.022728249786067245
14560,-0.06530509452933808
14561,-0.08311490139353372
14562,0.1013524878345855
14563,0.3810736358953055
14564,0.09418721136062125
14565,0.17165310956958946
14566,0.11039513595933981
14567,0.0028208762620680616
14568,-0.18853801629214306
14569,-0.21974795395379587
14570,-0.18571713714756655
14571,-0.1306201752979379
14572,-0.08489943863488225
14573,-0.05195973555518396
14574,-0.02702867056143532
14575,-0.020761990011509912
14576,0.09975039612812919
14577,-0.04531519327801625
14578,-0.04746653401964496
14579,0.006920442365646373
14580,0.0136988434198555
14581,0.04000533194596567
14582,0.032157109566193665
14583,-0.025642428969411935
14584,0.03195159776461942
14585,0.1405819423729171
14586,0.08883120906180686
14587,0.34712951643089074
14588,0.0943460113546486
14589,0.028528082710197022
14590,0.0155041860551961
14591,-0.09009304062623524
14592,-0.21309320746407545
14593,-0.20763935516286036
14594,-0.18540321288501938
14595,-0.14595390292290444
14596,-0.10536050772131889
14597,-0.048790160201178434
14598,0.02469261055785177
14599,0.08565543790454688
14600,0.014815084687686664
14601,0.028987534772412005
14602,0.12726177107543846
14603,0.16220440521720958
14604,0.12074951053890937
14605,0.09918031561472418
14606,0.012793350914336088
14607,-0.012793350914336088
14608,0.012793350914336088
14609,-0.025752494997035136
14610,-0.053584243740807835
14611,0.3159484981748544
14612,0.10167479875304064
14613,0.05295354526717899
14614,0.03657228859435824
14615,0.03794493053555881
14616,0.0210534086437546
14617,-0.03984590748859551
14618,-0.12389925909924404
14619,-0.15927626237969417
14620,-0.12228957307909116
14621,-0.09368548008487254
14622,-0.04100802185860619
14623,0.37875494311609703
14624,-0.3881008050976056
14625,-0.048086184354910966
14626,0.029128271508829684
14627,0.16299727677106857
14628,0.03593200779134342
14629,0.0791373175749217
14630,0.11939204238454115
14631,0.03164820994908846
14632,-0.03486882454540696
14633,0.12705887426993145
14634,0.06062462014531178
14635,-0.23728043391437526
14636,-0.12629372076105883
14637,-0.007722045795758525
14638,-0.031498665819061245
14639,-0.12329821109562467
14640,-0.16705407643609993
14641,-0.13124218153071476
14642,-0.06942850204789597
14643,-0.05370417536582117
14644,-0.03509131734821613
14645,0.0
14646,0.11460337500470041
14647,-0.15840599446479908
14648,0.0
14649,0.08576681562371036
14650,-0.08576681562371036
14651,0.1391127927709177
14652,0.2462511121507167
14653,-0.09581791779273363
14654,-0.08751937290686884
14655,-0.11625979859832158
14656,0.08529757491182677
14657,-0.05162436207322374
14658,-0.03367321283860303
14659,0.16388784475150153
14660,-0.017595760858316822
14661,-0.030032285294863126
14662,-0.0372713924817023
14663,-0.07898840611661928
14664,-0.17142225352825724
14665,-0.10265414527080718
14666,-0.07480120608541041
14667,-0.04976150460562678
14668,-0.010256499115222084
14669,-0.02083408473246795
14670,0.061243618987462334
14671,-0.0301530351397723
14672,0.11551287599011983
14673,0.06169356356633493
14674,0.08201314493090761
14675,0.21205870384382797
14676,0.15324033844365514
14677,0.12323263408831808
14678,-0.12323263408831808
14679,0.0
14680,-0.11573594532977483
14681,0.04791335282573694
14682,0.04572224672448444
14683,0.31794571487609335
14684,0.2567198376439488
14685,0.08149303179014922
14686,-0.017544309137891734
14687,-0.08299691701821077
14688,-0.1372011168000613
14689,-0.10863383678389482
14690,-0.08552216977891192
14691,-0.11834122152214865
14692,-0.08929813295389843
14693,-0.06820824614805909
14694,0.017493156427455858
14695,0.12991212719816314
14696,-0.0902468730536441
14697,-0.18901053338621354
14698,-0.13641184568089493
14699,0.015267470965287355
14700,0.015037876233830794
14701,-0.04580953253316
14702,-0.04800921534414826
14703,0.0242926906018317
14704,0.0
14705,0.12044614399785392
14706,-0.014285956227016339
14707,-0.13868337683176968
14708,0.01639380843186178
14709,0.008097209576967579
14710,0.008032171052102743
14711,-0.09211528118850776
14712,-0.16148745451762903
14713,-0.09737415348159706
14714,-0.05849619983604537
14715,-0.04939274922922632
14716,-0.02564242732548694
14717,0.0
14718,0.07503517655471326
14719,0.3851803984219475
14720,0.0
14721,-0.041847106432628234
14722,0.07410796604871628
14723,0.167664386742997
14724,0.16083965800681854
14725,0.06096069641027135
14726,-0.00539084834426351
14727,-0.11441034462573807
14728,-0.04969966546406601
14729,0.1695008584340676
14730,0.10697211409790564
14731,0.2124586419675154
14732,0.04953393323449751
14733,-0.07325045891431392
14734,-0.004008021236896031
14735,-0.20918518971919564
14736,-0.31105540557447364
14737,-0.32438341341183463
14738,-0.25398819964132713
14739,-0.15616071039214252
14740,-0.07302512434481034
14741,0.029852958693353804
14742,0.22314352190244868
14743,0.16251891185071798
14744,-0.04082199035358869
14745,0.21477528151064185
14746,0.15535042792799603
14747,0.06947236798641576
14748,-0.03413300403910835
14749,0.020619285785501873
14750,-0.1076306564620011
14751,-0.0229895164628946
14752,0.09601464614274446
14753,0.08112553932489863
14754,-0.09531017331081904
14755,0.07563740900221472
14756,-0.040546091653998584
14757,-0.0567528125652661
14758,-0.1408574216756837
14759,-0.14439449182812947
14760,-0.12386946891005612
14761,-0.0800426985160283
14762,-0.03636763976170432
14763,0.0
14764,-0.025001299079928874
14765,-0.02564242732548694
14766,0.07503517655471326
14767,0.1661268524328645
14768,0.020202705276703092
14769,0.0
14770,-0.10536050454671608
14771,0.14458121385384404
14772,0.2755900035256089
14773,0.021661495217049964
14774,-0.0071684889647376515
14775,0.12812109124496862
14776,0.031155165838349763
14777,0.08803334431540533
14778,-0.06378973417486611
14779,0.21954425548124723
14780,-0.049271046578655664
14781,-0.12348105013321486
14782,-0.1409054444306217
14783,-0.19556676933345019
14784,-0.17435337190668365
14785,-0.08961214976111664
14786,-0.0317486949543655
14787,0.02127739618356106
14788,0.031090583847690034
14789,0.05942341458383105
14790,0.11778302497262372
14791,0.008510688943585976
14792,0.01680711690395187
14793,0.05669533908336977
14794,0.11163996282504796
14795,0.12557729907246928
14796,0.10037917937559637
14797,0.1363364363919639
14798,-0.00985229595766901
14799,-0.0987815394199254
14800,-0.07958743339155916
14801,0.12759665001644427
14802,0.14518200280621008
14803,0.3625137072154829
14804,0.14560553700799117
14805,0.03200273023262179
14806,-0.1497857625014718
14807,-0.24393751506622285
14808,-0.24577116599540627
14809,-0.1913171092128132
14810,-0.12838115839602082
14811,-0.06362569138066165
14812,0.014493006252312313
14813,0.06273833625854497
14814,0.13268643276298908
14815,-0.1259524010351183
14816,-0.11359716964983013
14817,-0.015151803872694547
14818,-0.031010234338280984
14819,0.21840793111935852
14820,0.17915197165158991
14821,0.1654247483334732
14822,0.08176595117583263
14823,-0.09077502071237875
14824,0.03991660563483457
14825,-0.13477439459113683
14826,-0.061557889840624824
14827,0.6984242110665266
14828,-0.19716805917545654
14829,0.0253178071830078
14830,0.027736754116736595
14831,-0.06921000100002184
14832,-0.11737594834549059
14833,-0.0642943482729339
14834,-0.00784317715344729
14835,-0.04427282189580373
14836,-0.054982132091355496
14837,-0.030907536098288446
14838,0.08588966818964394
14839,0.4471097945434095
14840,-0.28417943325133344
14841,-0.18793166245566395
14842,-0.01702168684506855
14843,0.11730604544488044
14844,0.155240592703084
14845,0.06331227740943479
14846,0.015220993546988915
14847,-0.08838556707587353
14848,-0.06475856514019629
14849,0.07787350678801364
14850,0.009724549576769714
14851,-0.35207722107660855
14852,-0.004597709037239994
14853,0.07542375846933558
14854,0.07013182087967751
14855,0.019724504569641255
14856,0.015504185935003356
14857,0.019048194245005146
14858,0.01869213231334088
14859,-0.11778303102675425
14860,-0.1527627476753879
14861,-0.014670189030399072
14862,0.10289441834599344
14863,-0.12783336544927915
14864,-0.005063301700175771
14865,-0.06826796754259856
14866,-0.005449604470581626
14867,0.04800921662488511
14868,0.14967639219205342
14869,0.1340917680709448
14870,0.0755075496560953
14871,0.046189380827960314
14872,0.010362786677585945
14873,0.04698850785854303
14874,-0.10354067536408929
14875,0.13262188372517958
14876,0.03443219534358111
14877,0.048057293510061605
14878,0.056995479424682305
14879,0.040711183951926966
14880,0.01844584530466742
14881,-0.005235613916886539
14882,-0.04564550626415187
14883,-0.07115375823029302
14884,-0.054558982596311534
14885,-0.03486882454540696
14886,0.04417121691927006
14887,-0.04417121691927006
14888,-0.09112539675833009
14889,-0.09637080917320118
14890,0.011605545671340423
14891,0.15963013991723107
14892,0.09082921352252304
14893,0.04393092793890219
14894,0.031032108372211376
14895,0.019257816074593315
14896,-0.12461832864600009
14897,-0.27541197007375784
14898,-0.10265414966544473
14899,0.14639869688840124
14900,0.0
14901,-0.03968774669191877
14902,-0.08885333359373337
14903,-0.216528301498224
14904,-0.18672683898176112
14905,-0.11944002846231339
14906,-0.11871629743263501
14907,-0.08777560317288069
14908,-0.009216654255450596
14909,0.04525658749110395
14910,0.15541409113603155
14911,-0.10367842119880422
14912,-0.06959328574271906
14913,0.035401923917347755
14914,0.12260231205888816
14915,0.20136973773465527
14916,0.15684246236332955
14917,-0.021739985454792166
14918,0.037740325947845044
14919,0.005277056822369897
14920,-0.1471576359922575
14921,-0.04362061975723286
14922,0.13671103740319124
14923,0.21421490985740244
14924,0.03524593750866911
14925,0.06291382277093227
14926,-0.016393809103768753
14927,-0.17081772461517675
14928,-0.2182535540640167
14929,-0.2095172853900853
14930,-0.13675892609646345
14931,-0.08076134939341184
14932,-0.10848063228534821
14933,-0.11000088310192657
14934,0.03428906955911337
14935,-0.13192752719697243
14936,-0.15201618625002555
14937,0.08576680948999682
14938,0.12838115014383544
14939,0.17627922286616737
14940,0.04927104415052819
14941,0.15963013140525195
14942,0.008163309972761379
14943,-0.10265414527080718
14944,0.2602830776180225
14945,-0.04255961139947262
14946,0.13534133869713383
14947,0.13036181012766068
14948,0.07490130416395413
14949,-0.08047234890304367
14950,-0.21757249268623235
14951,-0.23361483290665275
14952,-0.11122562479030806
14953,-0.04000533061209888
14954,-0.10763065259681914
14955,-0.07061755889909893
14956,-0.0629138174916597
14957,0.0
14958,0.09884582241356288
14959,0.03468555397719575
14960,0.04445175763012266
14961,0.13217175965092753
14962,0.03738752857664451
14963,0.13696584333003914
14964,0.17563255575725334
14965,-0.10610649848177678
14966,0.06500482561220045
14967,0.05443520285011294
14968,0.08866563146655171
14969,0.21706449341225564
14970,0.07061756388801088
14971,0.2482795145922001
14972,-0.06975303619852857
14973,-0.05470113357522788
14974,-0.04098934285283562
14975,-0.13412929396081408
14976,-0.27343003469838845
14977,-0.28978068796817213
14978,-0.17395329115705316
14979,-0.08338160024339958
14980,-0.05588045214758086
14981,0.0
14982,0.10880284799905526
14983,-0.06385146518920726
14984,-0.022223134315269455
14985,0.11653380389640189
14986,0.23901687921065928
14987,0.2556793236010608
14988,-0.06942850204789597
14989,0.03846627836140115
14990,0.29707179663751093
14991,0.2099730792742811
14992,-0.0346855566509916
14993,0.042232762001571444
14994,0.04052119591273762
14995,-0.10656460566307135
14996,-0.2651794562226999
14997,-0.13427960810565676
14998,-0.12756121749104832
14999,-0.16211883750364686
15000,-0.12783336060079487
15001,-0.09531017071341674
15002,-0.11653380389640189
15003,-0.09418720396246316
15004,-0.07696103125958631
15005,-0.04082198896470013
15006,0.15415065998599076
15007,0.29657098931698656
15008,-0.152676825611751
15009,0.18746293867167685
15010,0.1130233792691886
15011,0.09461596948341633
15012,0.08643250002213065
15013,0.025158558053689273
15014,0.0
15015,0.0
15016,0.12808178038996587
15017,0.010869671646148937
15018,-0.03297001742570238
15019,0.30978240457013273
15020,-0.054750512464971646
15021,-0.10487962603359602
15022,-0.0957910598085463
15023,-0.1603426408734312
15024,-0.20620702755923626
15025,-0.4092891659399207
15026,-0.32277334847542694
15027,-0.06559727172444818
15028,-0.14571178459449263
15029,-0.24294612468883292
15030,0.07232064413776995
15031,0.974998187862115
15032,0.205443957924083
15033,0.0
15034,-0.05884049569392946
15035,0.19860242875231915
15036,0.2798877855615185
15037,-0.08317750240685706
15038,-0.08515780380515947
15039,-0.051293291463573976
15040,-0.017699576055123956
15041,0.05781956754479234
15042,0.08607460413785972
15043,0.33056378542569265
15044,0.029199153626448204
15045,-0.05167200863675614
15046,-0.11636358432775395
15047,-0.16126814014931412
15048,-0.18032354425104247
15049,-0.15514917210701817
15050,-0.11081435814536045
15051,-0.0898563217767765
15052,-0.06169356356633493
15053,-0.037041268249817794
15054,0.02790878552057352
15055,-0.03738752857664451
15056,0.009478743056070993
15057,-0.07847160774030204
15058,0.01015237043330286
15059,0.10536050555681697
15060,0.2967318846301774
15061,0.02666824530406764
15062,0.0450236784775635
15063,0.06099450898135794
15064,-0.017910925497163888
15065,0.09201889342434333
15066,0.04826673838080087
15067,-0.21532081305395767
15068,-0.0602188559626029
15069,-0.0788939368083148
15070,-0.11034804846239865
15071,-0.1723712102642203
15072,-0.16077320331858447
15073,-0.1638878343978878
15074,-0.16332503179928182
15075,-0.08408310306226996
15076,-0.017699573966569515
15077,-0.018018502255925606
15078,0.08701136183811742
15079,0.3715635047083521
15080,0.10880284799905526
15081,0.10742023812064705
15082,0.1300531169564194
15083,0.17824821813271718
15084,-0.027587954615969856
15085,0.09340116885259864
15086,-0.09340116885259864
15087,0.006968668830467983
15088,0.08643250002213065
15089,-0.045610508279653406
15090,0.045610508279653406
15091,0.3003404527992495
15092,0.014051752797466843
15093,-0.07232065809125432
15094,-0.192371882041396
15095,-0.230748134969613
15096,-0.21175821108534132
15097,-0.22078781431431693
15098,-0.15219179600268506
15099,-0.07095172589976362
15100,-0.014815083590233202
15101,0.014815083590233202
15102,0.14994012681437274
15103,-0.2105647394396324
15104,0.08961214529683192
15105,0.20585202762607913
15106,0.3247761646125684
15107,0.16963638415501237
15108,-0.03610500203469069
15109,-0.022305755855740017
15110,0.07946416561072178
15111,-0.14953172277024773
15112,-0.0666913689369375
15113,0.05043084938720854
15114,0.06351340067819011
15115,0.3419516801075724
15116,0.021622462844292478
15117,-0.038151763884756384
15118,-0.005571044739089537
15119,-0.0634218227796084
15120,-0.106684135886979
15121,-0.06851994173993603
15122,-0.02877896247932865
15123,-0.022141124243048704
15124,-0.015037876233830794
15125,0.0
15126,0.015037876233830794
15127,0.1897565223830031
15128,-0.2277839150797285
15129,0.1169213295050402
15130,0.0666913700492846
15131,0.08647359265929566
15132,0.07958743339155916
15133,0.11839000984704073
15134,0.08376987916462664
15135,0.05218575090059474
15136,0.0695576808547207
15137,-0.007936549280790572
15138,-0.03239149447960976
15139,0.11274061856789164
15140,0.0
15141,0.0
15142,0.08793006941202997
15143,0.010050335516801123
15144,-0.04779066220464667
15145,-0.07626198206281654
15146,-0.05030073652810829
15147,-0.11332868054509859
15148,-0.17435337867916978
15149,-0.10008345298750321
15150,-0.017699576055123956
15151,0.3227733758426905
15152,-0.062242306109109524
15153,-0.18599802214620453
15154,-0.03371105544807351
15155,-0.023122416084178976
15156,0.011628037319054929
15157,0.05619455518498295
15158,0.0
15159,0.010869671646148937
15160,-0.06706422683113189
15161,-0.041303803703740094
15162,0.13503627619455827
15163,0.26236425232174243
15164,0.027945929274808545
15165,0.057377110387944796
15166,0.0471956896225465
15167,0.03484673011575046
15168,0.023689770320645565
15169,0.03612872290175417
15170,0.025479084489461012
15171,0.02790878725157553
15172,0.036039935400681955
15173,0.03193304617591286
15174,0.05826890650672523
15175,-0.08431958295258335
15176,-0.10829737197691047
15177,-0.2223268832710663
15178,-0.12597979738059228
15179,0.07145896078929681
15180,0.03390155023889996
15181,0.05275056324455418
15182,0.07608230356178458
15183,0.06728200469986056
15184,0.075818834056808
15185,0.11105853343552319
15186,0.07126301806742585
15187,0.41161896475600024
15188,0.0
15189,0.0
15190,-0.08311490519137132
15191,-0.058840498868532265
15192,-0.09753487275674111
15193,-0.06439005257861874
15194,-0.1593104410919186
15195,-0.20656857982857524
15196,-0.08950514066142423
15197,-0.011299554828328784
15198,-0.0037950708245260145
15199,0.16441825953667877
15200,0.009630892751778308
15201,-0.1007562895101084
15202,-0.08476526350186075
15203,-0.011605545671340423
15204,-0.06427914882129482
15205,-0.07762515868126307
15206,-0.004494389385843345
15207,-0.02278002729391604
15208,-0.04717855804886106
15209,0.04717855804886106
15210,0.19983246409866284
15211,0.27820331933281706
15212,0.05826890650672523
15213,-0.03846627977076977
15214,-0.03419136377397658
15215,-0.038409446979896344
15216,-0.09140216052430095
15217,-0.016639318450218266
15218,-0.02033968354759441
15219,-0.027779563142383612
15220,0.013986241485694606
15221,0.09594129056485423
15222,0.10756627983888656
15223,-0.17273591278917566
15224,-0.25131441866089643
15225,-0.2220618746794587
15226,-0.13275948217160005
15227,-0.10398970675929275
15228,-0.06362569138066165
15229,-0.0371790004768795
15230,0.05167200672919181
15231,0.2303120259932343
15232,-0.023122416084178976
15233,0.028820436874141375
15234,0.060624618474188985
15235,-0.038151763884756384
15236,0.016529301040463906
15237,-0.016529301040463906
15238,0.011049835576084188
15239,0.010929069934961344
15240,-0.06164415965556458
15241,-0.023392878206576206
15242,-0.017910925497163888
15243,0.0
15244,-0.0947079455574178
15245,-0.05443520285011294
15246,0.20763935166635727
15247,-0.22884155781845905
15248,-0.014388736416902859
15249,-0.05971923024231396
15250,0.015267470965287355
15251,-0.129211721030686
15252,0.008583742954580309
15253,-0.043675059687033
15254,-0.09352604925732289
15255,0.2192142538752635
15256,-0.05669533908336977
15257,-0.025317805847537844
15258,0.1722999848052975
15259,0.055958649732809285
15260,0.18005139705038742
15261,0.20015402278295769
15262,0.15481490433313105
15263,-0.01606460185861458
15264,-0.12489326845315851
15265,-0.17500890117441914
15266,-0.15324033844365514
15267,-0.08643250002213065
15268,-0.013986240996649357
15269,-0.021353122950658054
15270,0.1344302600401761
15271,0.16753775090812573
15272,-0.3311671635089364
15273,-0.2513144071168867
15274,0.0
15275,0.10821357487222372
15276,0.10536050711081835
15277,0.1160721628228285
15278,0.07263917884108873
15279,0.04969966546406601
15280,0.09806120751520941
15281,0.021739985454792166
15282,0.16332504800195924
15283,0.28768206103625626
15284,-0.15529287865261088
15285,-0.13696584920159793
15286,-0.12699968454953403
15287,-0.12759665001644427
15288,-0.11926341333174939
15289,-0.08338160314194987
15290,0.0
15291,0.02857337040282326
15292,0.027779562177691286
15293,0.02033968285806642
15294,0.08365002390122633
15295,0.4769240486760915
15296,-0.06326219427581625
15297,0.016194685264296904
15298,0.12799399635357656
15299,0.07813820165319285
15300,0.03531667079090273
15301,0.07590896087934906
15302,0.13389681925844243
15303,0.010178204656764223
15304,-0.17375079118060732
15305,0.017910926031846852
15306,0.0
15307,0.3275568646994236
15308,0.11469844198087609
15309,0.026267926327721902
15310,0.027398973687613903
15311,0.0
15312,-0.0036101121589355856
15313,-0.023788861528678318
15314,-0.07496303703189389
15315,-0.18592083674522009
15316,-0.17275210124483698
15317,-0.17435338170260106
15318,-0.059562259063865586
15319,-0.16018569488993029
15320,-0.30477649071269886
15321,-0.023256860812002067
15322,0.08994823160285126
15323,0.0775582303336777
15324,0.014815085053504262
15325,0.09352605363407296
15326,0.05218575090059474
15327,-0.012793350914336088
15328,-0.030503452964081745
15329,0.09691789310527676
15330,-0.0750351828135134
15331,0.4818380703406633
15332,-0.013459153011701641
15333,-0.02469261191286476
15334,0.005540180222146862
15335,-0.0027662534163681585
15336,-0.10198057399215799
15337,-0.17376926915713398
15338,-0.1794060956620589
15339,-0.08186386635293053
15340,-0.10483405607736662
15341,-0.021277397315422775
15342,0.05745705202276774
15343,0.11495896726721222
15344,-0.089894999860467
15345,-0.0987815394199254
15346,0.04278727291642115
15347,0.0900608194090502
15348,0.00477327852481535
15349,-0.024097550417620184
15350,0.07061756388801088
15351,0.026907451713166886
15352,-0.08299691574183266
15353,-0.17848277109244837
15354,0.15906468617803116
15355,0.30228085908521063
15356,-0.010929070134037655
15357,0.03243527458411011
15358,0.02105340845906145
15359,-0.02105340845906145
15360,-0.010695288735447228
15361,0.017762455708814073
15362,0.020906684090804983
15363,-0.07145896142786645
15364,0.032789821628247395
15365,0.10858112666991593
15366,0.12667514092833354
15367,-0.28673822153983775
15368,-0.33270573893000677
15369,-0.1471576359922575
15370,0.08191711767205279
15371,0.043963121004781947
15372,0.07257068907139441
15373,0.09075435893056483
15374,0.11625980110416823
15375,0.16109514613173914
15376,-0.20684116601715807
15377,0.05384322979021272
15378,0.1320181464913639
15379,0.3103904623926401
15380,-0.09790421231667867
15381,-0.09903137763186587
15382,-0.05511929743348798
15383,-0.09798040492883109
15384,-0.19415600656280674
15385,-0.11834122152214865
15386,-0.16340610088107788
15387,-0.1259524010351183
15388,-0.19176193638632366
15389,-0.3348475085586635
15390,-0.08288764998534282
15391,0.5683954220607537
15392,-0.06500482561220045
15393,-0.015037876233830794
15394,0.16705407300815578
15395,0.05608946315454011
15396,0.06453851734969263
15397,-0.05849620325882654
15398,0.0
15399,0.21588836873576378
15400,-0.1745845650320237
15401,0.02285813676975712
15402,0.10705399042840602
15403,0.05913052031229116
15404,0.1589239515493528
15405,0.09716374467435873
15406,0.04702493694351473
15407,-0.05819823712549388
15408,-0.026567026376366876
15409,0.011472400723512077
15410,0.04824683174845612
15411,-0.010929070134037655
15412,0.03950244155747695
15413,-0.035846130488053074
15414,-0.0036563110694238787
15415,0.3515335335814731
15416,-0.12619459909409825
15417,-0.19290365990326475
15418,-0.021506204450072453
15419,0.042559612909133904
15420,-0.09080644465759002
15421,-0.04670109122815669
15422,0.10575883869123803
15423,0.08581591663729915
15424,0.09111478570951537
15425,0.035401926006393136
15426,-0.026433256291757967
15427,-0.08376988046490386
15428,0.07779971365661487
15429,0.1316583784566001
15430,0.12330871193218407
15431,0.05418932762336848
15432,-0.015504186192558667
15433,-0.03174869759453447
15434,-0.05445131831474459
15435,-0.06275584345556817
15436,-0.05047552006903988
15437,-0.05315936679242039
15438,-0.05918886963815817
15439,-0.07270182947765136
15440,-0.05735129453612897
15441,-0.11000089117686063
15442,-0.11488027127985134
15443,0.11099677140426945
15444,0.08571351507780989
15445,0.06565396795196721
15446,0.0678774202082697
15447,-0.018928009288385006
15448,0.06473754392042563
15449,0.13390445361449377
15450,0.06077819472231338
15451,-0.17693070340359007
15452,0.10301171546558407
15453,0.11247798061232617
15454,0.08167802916009759
15455,0.030045177786544475
15456,-0.06327082467883471
15457,0.041902490729758934
15458,0.09668366964170838
15459,0.013632148524574283
15460,-0.07217560295500691
15461,-0.07779298625763165
15462,-0.07462668746404244
15463,0.06559728094847506
15464,-0.13320750275101645
15465,-0.16893998333001248
15466,-0.13090556625666672
15467,0.020761990729969426
15468,0.08843729761795016
15469,0.06375451288916478
15470,0.08185102411882639
15471,0.021448542832411377
15472,-0.0026560439875704667
15473,-0.008010723532172026
15474,0.01331577562114683
15475,-0.01331577562114683
15476,-0.03270046041975494
15477,-0.11432640943340333
15478,0.03957898507550395
15479,0.01775194493321708
15480,0.056995479424682305
15481,0.12971525279342266
15482,0.024039618608215907
15483,-0.02891767694267111
15484,0.019371065286937217
15485,-0.0072202477997129755
15486,0.02857337176364494
15487,0.041385215211198645
15488,-0.043735392500918735
15489,-0.24997078686528562
15490,-0.21113138776425355
15491,-0.07353408119893956
15492,0.00800004234707119
15493,0.08401885284257515
15494,0.10095521867245605
15495,0.10668413923765652
15496,0.04935689553679978
15497,0.18797128448164013
15498,0.013986241648709985
15499,-0.27236783023175004
15500,-0.1902556780998057
15501,-0.03745756113166765
15502,0.03745756113166765
15503,0.050189742724184416
15504,0.04445176105061499
15505,0.08951659464279071
15506,0.098917784555419
15507,0.03804806660336535
15508,0.05195973758050032
15509,-0.030850774927271285
15510,-0.03453198262500923
15511,0.20459418740248259
15512,-0.12913577811525956
15513,-0.10008345591880818
15514,-0.14908504170013703
15515,-0.0943460113546486
15516,-0.10418334860481426
15517,-0.00787405612090053
15518,-0.007936549280790572
15519,-0.12277555205509705
15520,-0.06513929913908356
15521,0.0
15522,0.18392283008400545
15523,0.31042154874678385
15524,0.1239548887625368
15525,0.012870190189246955
15526,0.0833816068930151
15527,0.020955364688050704
15528,-0.030411699706528683
15529,0.025792753956908054
15530,-0.03774032709253383
15531,-0.04927104779271918
15532,-0.030771657877612046
15533,-0.002607563339087182
15534,0.04841709820433637
15535,-0.015037876987637144
15536,-0.23841101664624142
15537,-0.1708491496601865
15538,-0.19225667057716977
15539,0.04944827319068157
15540,-0.136040797838342
15541,-0.07294899584336978
15542,0.2349652789603658
15543,-0.16705407689315876
15544,0.0100503353484509
15545,-0.04604393614538571
15546,0.025841229848274416
15547,-0.04167269422948694
15548,0.04676176347797156
15549,0.05913052031229116
15550,0.08261576172256513
15551,0.07630818982678766
15552,0.06708629056798232
15553,0.059276607732824615
15554,0.014285956737246419
15555,0.0035398265798201045
15556,0.007042282377442977
15557,-0.010582108957263081
15558,-0.010695288735447228
15559,-0.12182344054985261
15560,-0.08443831557954118
15561,-0.12663264498622961
15562,-0.1743533776209687
15563,-0.12001766586751561
15564,-0.06230387902167811
15565,0.0
15566,0.18232154488919372
15567,-0.06136894260896275
15568,0.0
15569,-0.032157109566193665
15570,0.10536050912187944
15571,0.2803019507750739
15572,0.11332868054509859
15573,0.08734200683624493
15574,0.10354067536408929
15575,0.060431737262229834
15576,0.042302378412290675
15577,0.06859831438126296
15578,0.03528181318699719
15579,-0.029772157527809373
15580,-0.050715091149809766
15581,-0.011628037657087198
15582,-0.060259189702062343
15583,-0.1505340343118875
15584,-0.01821543922771829
15585,-0.0724125748074913
15586,-0.1352267814865904
15587,-0.046304565897190564
15588,0.12041253481885006
15589,0.04919024217396517
15590,-0.07904320405040943
15591,-0.06713929983137579
15592,0.06713929983137579
15593,0.06697062330197001
15594,0.17419142423848033
15595,0.17149214950343517
15596,0.10593341454074734
15597,0.03045920671151281
15598,0.04162167367163461
15599,0.03533936561264195
15600,0.06713930133450186
15601,0.03195159912594159
15602,0.012500162503804368
15603,-0.025158559108666267
15604,-0.15097102344994306
15605,-0.2169896797563431
15606,-0.12047068932704619
15607,0.24436994842629023
15608,-0.09666610946498544
15609,-0.10370351118836041
15610,-0.1691634661133401
15611,-0.12961748787621596
15612,-0.21314900998345276
15613,-0.09863059771463689
15614,-0.19459163628730547
15615,0.029199152560634545
15616,0.0
15617,0.12812109124496862
15618,0.11918851015375509
15619,0.3827368391650099
15620,0.13257307442558197
15621,0.13771724623991988
15622,0.11060986848221477
15623,0.09006082166361518
15624,0.05129329319137854
15625,-0.07061756555098198
15626,0.0
15627,0.016929061691019154
15628,-0.0024009614798918832
15629,-0.024332100067450124
15630,0.0024600257803450987
15631,-0.24049218296884778
15632,-0.07122750698132085
15633,-0.285447423564555
15634,-0.19129021736551843
15635,-0.016349137110528655
15636,0.10426100488430512
15637,0.08535984490075199
15638,0.17471695012212907
15639,0.08414467342733412
15640,-0.032088313407335534
15641,-0.09893994408678797
15642,0.11689374705868838
15643,-0.032552601860231345
15644,0.050189742724184416
15645,0.10605956844183018
15646,0.1156843955641258
15647,0.016667052022216744
15648,-0.02510592043069826
15649,-0.11672427081069703
15650,-0.10712573759273836
15651,-0.09637080917320118
15652,-0.072612530033211
15653,0.012474173706485736
15654,0.11686433558170295
15655,0.10793073545196652
15656,-0.08971529622424823
15657,-0.2213401153710972
15658,-0.02739897293686333
15659,0.031893362322706675
15660,0.10221656081063912
15661,0.07034148660826434
15662,0.12071374311343153
15663,0.061607807391215186
15664,0.00938974005594595
15665,0.06044135232636627
15666,-0.03886886773708165
15667,0.041797127430422965
15668,0.09743444767083842
15669,0.13154001797021264
15670,0.08040042364145128
15671,0.04817685433989638
15672,0.06146632088147275
15673,0.07410797078009557
15674,0.01857638524427596
15675,0.0
15676,0.0
15677,0.0
15678,0.0
15679,0.0
15680,0.0
15681,-0.09268435602437153
15682,-0.18078427366436323
15683,-0.11203919174541
15684,-0.18956421111380584
15685,-0.12599422130373705
15686,-0.050735516202366604
15687,-0.030190971139690603
15688,-0.01544432183114397
15689,0.0
15690,-0.11535407658336405
15691,0.02586350947498861
15692,-0.16628068172160226
15693,-0.06755814749910627
15694,0.005361942853880031
15695,-0.038151763884756384
15696,-0.1690763198100167
15697,-0.14868318709872153
15698,-0.26007678368587106
15699,-0.23309385617728173
15700,-0.09156718153919052
15701,0.013605650204612685
15702,0.20679438806765793
15703,0.7040761955498565
15704,-0.02754995025013507
15705,0.06488761869597459
15706,-0.04826673838080087
15707,0.016349137110528655
15708,0.00539084834426351
15709,0.19920333405762403
15710,-0.06365784887648385
15711,-0.08829260281198437
15712,-0.11970795754455121
15713,-0.06569525534046816
15714,0.18026181364894134
15715,0.3489129234204884
15716,-0.03704127030813664
15717,-0.07439828713930208
15718,-0.02469261157411129
15719,-0.060103921488584344
15720,-0.07342746518355758
15721,-0.05380270336076798
15722,-0.03580945086463361
15723,-0.015748356141419784
15724,0.07637297489412909
15725,-0.024815167888075695
15726,0.14041717224661365
15727,0.09173093175005986
15728,-0.20244295105352572
15729,-0.09726330044225406
15730,0.021277397315422775
15731,0.020834085817655
15732,-0.020834085817655
15733,-0.032088312835253596
15734,0.08836914585350852
15735,0.12164510372394632
15736,-0.05897399978344264
15737,0.0893450963419209
15738,0.1168329121078342
15739,-0.09988335451229702
15740,0.0650635907003343
15741,-0.04016604011180691
15742,0.028284712695612946
15743,-0.03239149447960976
15744,-0.10398970901421078
15745,-0.1795855679923717
15746,-0.17253354013753652
15747,-0.16941813997003585
15748,-0.03922071007635841
15749,0.0
15750,0.12751331072149563
15751,0.007017572166181374
15752,-0.01408473888982309
15753,-0.0812254339214955
15754,-0.03922071007635841
15755,-0.016129380629070322
15756,-0.14874524822154234
15757,0.09015108886157241
15758,0.19516968398689416
15759,0.22738982777085104
15760,-0.0702042545643633
15761,0.04734611779460618
15762,-0.029327613374178885
15763,0.35667492608159046
15764,-0.06453851835979352
15765,-0.02702867117026342
15766,-0.03248545363677735
15767,0.01869213213863752
15768,0.0
15769,-0.01869213213863752
15770,-0.01425202203012299
15771,-0.029128271508829684
15772,-0.030002248803461473
15773,-0.02570835538829508
15774,0.05571060419175655
15775,0.2082549295593754
15776,-0.2587707171438898
15777,-0.03158157038783482
15778,-0.04932506385866198
15779,-0.03428907151887284
15780,-0.017595760858316822
15781,-0.023953239588029973
15782,0.06453851734969263
15783,0.07126301611336183
15784,0.0957910598085463
15785,-0.10642945744771914
15786,0.05209510916888771
15787,0.09669362012399896
15788,0.0
15789,0.018265347143213262
15790,0.02237229675345187
15791,-0.017857616602749093
15792,-0.08455738405350077
15793,-0.08167802684238579
15794,0.026248224696918676
15795,0.025576840481228658
15796,0.029852961664238453
15797,-0.014815085053504262
15798,0.08119015085032899
15799,0.2819316140538599
15800,-0.2547806262166117
15801,-0.05978791562846553
15802,0.08186386635293053
15803,-0.031044620305037185
15804,-0.10436001036928833
15805,0.07232065809125432
15806,0.018433700839310507
15807,-0.1058679959791915
15808,0.034916263364414224
15809,0.10683001867044206
15810,0.298635073097854
15811,0.2086600793410902
15812,-0.10329956695123776
15813,-0.017804624105151934
15814,0.06378973602509808
15815,0.07571181968747576
15816,0.035809451780671964
15817,0.014962872303559749
15818,0.007398307298994489
15819,0.009780028814514896
15820,-0.017178336113509385
15821,-0.05077232408423171
15822,-0.14550757959242322
15823,-0.0782872188764836
15824,-0.17001967985091104
15825,-0.07203112532514533
15826,-0.00833338121191618
15827,-0.07378616685519024
15828,-0.032039352278034006
15829,-0.10277986402957096
15830,0.010256499641205341
15831,-0.020619286139810455
15832,-0.02638675378059263
15833,0.036749540279197745
15834,0.010256499641205341
15835,0.4054650911013624
15836,-0.006825964837430032
15837,0.003418806631902971
15838,0.020270963688742594
15839,0.023141527796616934
15840,-0.0468312981172625
15841,-0.09325749013917317
15842,-0.09455857889668362
15843,-0.09077502071237875
15844,-0.07028652943335167
15845,-0.04976150708234517
15846,0.005089069248484623
15847,-0.454889962197111
15848,-0.0325231890609321
15849,0.05623971380324866
15850,0.1913948393907594
15851,0.1876834888951473
15852,-0.08944505534833036
15853,-0.029675766384685165
15854,0.03550668635548071
15855,0.07825219252365478
15856,0.1541506721467667
15857,0.1960517414016958
15858,0.12114437903734743
15859,-0.09867152402703949
15860,-0.08499320954784917
15861,0.008032171374683372
15862,0.11332868102128923
15863,-0.06263556868295739
15864,-0.07498580392376963
15865,-0.14058194443498495
15866,-0.2266875477471535
15867,-0.05472489636084443
15868,0.09531017412250709
15869,0.055262675620308954
15870,0.14022933427418138
15871,0.194705607726243
15872,0.045120433583637265
15873,0.0073260398237171565
15874,0.01449300677743981
15875,-0.007220247712826033
15876,-0.02197890591362217
15877,-0.04159389572583594
15878,0.17651320895062916
15879,0.08376988046490386
15880,0.13092382556519766
15881,0.172262425638666
15882,0.15446459914535815
15883,-0.07222650264349317
15884,-0.06913747274221471
15885,-0.0603535075467434
15886,-0.12240197851248569
15887,-0.09844007011928735
15888,-0.12535472834961947
15889,-0.12104567709978387
15890,-0.11274061856789164
15891,-0.09943389268590508
15892,-0.06090875023235931
15893,-0.029413883764227933
15894,0.024571259522950584
15895,-0.10212948985662829
15896,-0.0958479533819716
15897,0.05188483237718966
15898,-0.05781956754479234
15899,-0.11332867816414671
15900,-0.06899286672504701
15901,0.06230387902167811
15902,0.04590969829254821
15903,0.08004270274257008
15904,0.11712535069739438
15905,0.41940259792244383
15906,0.44725547924161724
15907,0.1382217004775863
15908,0.08492184641184508
15909,0.009687437985057556
15910,0.0
15911,-0.16856905203312555
15912,-0.19400782892138135
15913,-0.23136363530444237
15914,-0.2351197339463149
15915,-0.17034535828883435
15916,-0.10008345354445147
15917,-0.026668245659686285
15918,0.07294899584336978
15919,-0.025446664366028493
15920,-0.020834085817655
15921,-0.005277056822369897
15922,-0.032260860483465326
15923,-0.05619455518498295
15924,-0.011628037319054929
15925,0.011628037319054929
15926,0.011494378765124047
15927,0.03922071095547919
15928,0.13353138575639134
15929,0.1389254659942738
15930,0.240564140528444
15931,0.32084320948752776
15932,0.12754693145133755
15933,0.0411580716463944
15934,0.012024192725830218
15935,-0.03858346525554168
15936,-0.07969769991491749
15937,-0.09150576442896918
15938,-0.11441034819955975
15939,-0.1418301912413953
15940,-0.13217176862263091
15941,-0.08701137369582224
15942,0.031130917383657586
15943,0.13257307442558197
15944,-0.0033613475897182887
15945,0.023295561828225342
15946,0.025975485559806
15947,-0.12260231791173037
15948,-0.11506932536626513
15949,-0.06291382277093227
15950,-0.026317307162972536
15951,0.03063696812089356
15952,0.11394425470730818
15953,0.11607216703779111
15954,0.20935022271307657
15955,0.3905394489107037
15956,0.06986967869197702
15957,0.0
15958,0.0
15959,0.0
15960,-0.2757754357334359
15961,-0.4182485357408088
15962,-0.4002157349537194
15963,-0.2218354936507394
15964,-0.10318422913094016
15965,0.08338160314194987
15966,0.2623642490828768
15967,-0.18540321288501938
15968,0.09418720951108162
15969,0.15575452130638112
15970,0.14725884720618998
15971,0.016461276376622536
15972,-0.0588404975492165
15973,0.025642429517386933
15974,-0.047525139809150296
15975,-0.06394872167824994
15976,0.04609110507550085
15977,0.0
15978,0.02666824589676553
15979,0.48685641674752356
15980,-0.04973400429970454
15981,-0.23525626759824947
15982,-0.17162626096630929
15983,-0.15628059888703083
15984,-0.1558104228573325
15985,-0.1707607235668971
15986,-0.18094318314472346
15987,-0.13235143978968056
15988,-0.04831857260052974
15989,0.019608469465854483
15990,0.08376987526379498
15991,0.2087547970401653
15992,0.035590942569004635
15993,-0.06500482561220045
15994,0.050920086722377356
15995,-0.23922966989773142
15996,0.15800423597623592
15997,0.10919928400743295
15998,0.08586128493201484
15999,0.09646026036768784
16000,0.05588045527101837
16001,-0.010929069934961344
16002,0.03243527399958834
16003,0.2273898313770535
16004,-0.1457118045346677
16005,-0.014815085053504262
16006,-0.04580953369920504
16007,-0.11000088915812745
16008,-0.1368591741900662
16009,-0.12783336241897647
16010,-0.129211721030686
16011,-0.08076134939341184
16012,-0.057708312068690315
16013,0.019608469465854483
16014,0.24046831422001658
16015,0.3505493279396146
16016,-0.016260519990412448
16017,0.12323263408831808
16018,0.07445297472862045
16019,0.1182811626692537
16020,-0.028284712695612946
16021,0.0480092172652542
16022,-0.16068237488141435
16023,0.20649190916364146
16024,0.23501311905468558
16025,0.12464244175041861
16026,0.06551460545920396
16027,0.1215698915959087
16028,-0.01742963475553383
16029,-0.015504186192558667
16030,-0.04100802279299165
16031,-0.06733311844877932
16032,-0.06686294350900379
16033,-0.01879249884484091
16034,0.024097550933815715
16035,0.0312525426901038
16036,-0.015504186135324005
16037,-0.02638675447689387
16038,0.11361511963598625
16039,-0.18566843527837973
16040,-0.24640040544940334
16041,-0.05672597925497769
16042,0.05304273397434445
16043,-0.10495059150326158
16044,-0.13119220452598546
16045,-0.04296603383192732
16046,0.024097550417620184
16047,-0.043802620526196545
16048,0.053281364031504186
16049,0.02331107778158481
16050,0.21852459641200372
16051,-0.08903361892160522
16052,-0.012220110836998366
16053,-0.029108082947584712
16054,-0.0974221086899334
16055,-0.11314265052817607
16056,-0.07010956240443855
16057,-0.03409420940542951
16058,-0.023392878206576206
16059,-0.017910925497163888
16060,-0.0060423140908660855
16061,0.0060423140908660855
16062,0.09749835888872305
16063,-0.3419516801075724
16064,0.14310083338426383
16065,0.19337138125892883
16066,0.05868349869650702
16067,-0.047754428761545675
16068,-0.07327219697461951
16069,-0.011764840887521277
16070,0.0
16071,0.03488725697170025
16072,0.016997575405489407
16073,0.2820482409266316
16074,0.2791713724622733
16075,0.24846135224721788
16076,0.10436001284676522
16077,0.01785761700137778
16078,-0.0999670214634456
16079,-0.16727637653322125
16080,-0.15270663148672536
16081,-0.13305050299566723
16082,-0.09684982207857473
16083,-0.047731400749627007
16084,0.004434596871209173
16085,0.051735672168207625
16086,0.18372113009660662
16087,0.05443520470256491
16088,-0.07921523282379317
16089,0.05236798368862772
16090,0.05621314298128821
16091,-0.16763887413299727
16092,0.0
16093,0.04824683174845612
16094,0.017953802971900412
16095,-0.010733555259074379
16096,0.059354240576264594
16097,0.19912866898980885
16098,0.048790162846680474
16099,0.0714589621576609
16100,0.0
16101,-0.058318168941968285
16102,0.0
16103,0.005208344971503909
16104,-0.0026007816324167266
16105,-0.04800921790562285
16106,-0.12808178412346205
16107,-0.2372172702116937
16108,-0.23901688984057934
16109,-0.1508228815950492
16110,-0.0976384636008869
16111,-0.04590969829254821
16112,-0.10610649848177678
16113,-0.03802739269672539
16114,-0.07232065576567326
16115,-0.05129329000158567
16116,-0.02666824471136975
16117,-0.018182317430161632
16118,0.11267315272820744
16119,0.04800921534414826
16120,0.0679506567762087
16121,0.2158174970529667
16122,0.1268917448445661
16123,0.41406359579650065
16124,-0.13549025214074462
16125,0.007812539431613086
16126,0.030653739916345568
16127,0.03704127030813664
16128,0.046189380827960314
16129,0.024014875379956724
16130,0.016807117751409528
16131,0.023065272170952777
16132,0.04459337412217668
16133,0.057504492739308244
16134,0.1059485750526421
16135,-0.1728428078478963
16136,-0.022258469893142507
16137,-0.1157754020451538
16138,-0.16018569488993029
16139,-0.1408218194795956
16140,-0.10807421596208489
16141,0.058063797888986635
16142,0.09297645190502557
16143,0.09360949494652715
16144,0.12014430702472101
16145,0.047891285939789086
16146,0.20132449736011182
16147,-0.00294551014299671
16148,0.020438667080483253
16149,0.07781702019304149
16150,0.1064294601472251
16151,0.053814151554489875
16152,0.029182766101910396
16153,0.021882710770635416
16154,0.010764366355413113
16155,0.03368739527433284
16156,0.026559272529711464
16157,0.03369991777772885
16158,0.05499015522588424
16159,-0.2694000219099273
16160,-0.08569471894368297
16161,-0.256591477683934
16162,-0.23684238658252932
16163,-0.13846966786360326
16164,-0.25202187786358055
16165,-0.18871134166391723
16166,-0.12260231205888816
16167,0.05085841292159765
16168,-0.12296170032151998
16169,-0.04785601659636374
16170,0.12861736598977558
16171,0.8740308723486021
16172,0.08611168885080955
16173,0.04831857571404807
16174,0.012500162373591195
16175,-0.05752384229935048
16176,-0.040273897786101465
16177,-0.06728200469986056
16178,0.02173998584866288
16179,0.03174869719450868
16180,-0.02105340845906145
16181,-0.014285956737246419
16182,0.05595865169042691
16183,0.06262342113674801
16184,-0.17025408146393106
16185,0.040821993005103696
16186,-0.18304908680784626
16187,-0.04465027174376068
16188,0.013605651438723498
16189,0.03540192548413179
16190,0.09531017585175583
16191,0.0
16192,-0.024001151139405152
16193,-0.004056800531037741
16194,0.09678728119730096
16195,0.26434922748183887
16196,0.07633131611151134
16197,0.07579383745371482
16198,-0.04988565326632122
16199,-0.005128216235426475
16200,-0.01815873454080119
16201,-0.013175420811376348
16202,-0.018742181307912276
16203,-0.05556984961040934
16204,-0.09588176882817034
16205,-0.12014430782761121
16206,-0.036105003338403385
16207,0.1562493111660146
16208,-0.041739604832420785
16209,0.06964839208399631
16210,-0.06637506684617378
16211,-0.11778303157141634
16212,0.08117328717742156
16213,0.06241762751726254
16214,0.11990392362697477
16215,0.04690514817925129
16216,-0.03009803033367975
16217,-0.06899286950282457
16218,-0.17520408332600246
16219,0.22456097886280224
16220,0.14724709523077095
16221,0.14538022914090254
16222,0.10239629377142956
16223,0.028223886056861325
16224,0.05064373190256388
16225,0.006153865466177244
16226,0.0
16227,0.0
16228,0.0
16229,-0.009687437985057556
16230,0.009687437985057556
16231,-0.1769024334186562
16232,-0.06929177897036887
16233,-0.3541157519525542
16234,-0.36170811382838686
16235,-0.2785495741540083
16236,-0.19329057524117843
16237,-0.14197025005403718
16238,-0.06115441780900355
16239,0.017857615805491722
16240,0.09289373904228304
16241,0.24231345006790894
16242,0.2604149316007911
16243,0.2529391131062084
16244,0.12783336696443026
16245,0.15984869601765395
16246,0.13778369870643736
16247,0.04121795472172529
16248,-0.0637470672177729
16249,-0.05462996606507797
16250,-0.0353778381187877
16251,-0.06287784915473704
16252,-0.06709833145595301
16253,-0.10290995963813465
16254,-0.0838377755843096
16255,0.06975303619852857
16256,-0.014285956737246419
16257,-0.06310070402499068
16258,-0.0038387761598035475
16259,-0.003853569167489912
16260,-0.09724254361222595
16261,-0.07968815707394183
16262,0.053824647598953224
16263,0.21172488575656523
16264,0.20387787578637662
16265,0.07493101538719671
16266,0.057158412354505916
16267,-0.015267471742288041
16268,0.14974538279337146
16269,0.05997514333769294
16270,0.06440857376816478
16271,-0.003906254890770455
16272,-0.0836368937924763
16273,-0.10064352352687145
16274,-0.2931873870308066
16275,-0.20594218174171486
16276,-0.1547968769146859
16277,-0.0751527188477259
16278,0.06606174755970518
16279,0.49980621055511154
16280,-0.12682657180699453
16281,-0.1166044812477911
16282,-0.15238544848611513
16283,-0.10856637583216333
16284,-0.12180486794229184
16285,-0.03158157038783482
16286,-0.06632263926415138
16287,-0.01729149611338343
16288,0.02298951690334583
16289,0.14272197644653817
16290,0.2551385136261648
16291,0.19370687229768224
16292,0.14331046107580914
16293,0.12050412267737709
16294,0.09002614957818533
16295,0.053718605853868784
16296,0.022751756512811916
16297,-0.01027758254698119
16298,-0.05959209593357784
16299,-0.040273898236714345
16300,0.020339683777437223
16301,0.037325956793045734
16302,0.044264337778060714
16303,0.08305165596065445
16304,-0.09758981410473666
16305,-0.22419011862737204
16306,-0.17397948050192236
16307,-0.1084806394244957
16308,-0.03533936519630787
16309,0.07282245717364244
16310,-0.016863805483215533
16311,-0.024097550749460517
16312,-0.03186110094096639
16313,0.02837069612302745
16314,0.1400659353756213
16315,0.3630376284730734
16316,-0.1852857723190282
16317,-0.14780950043557883
16318,0.00294551014299671
16319,-0.057504492739308244
16320,-0.0946873177678067
16321,-0.03484673011575046
16322,0.0035398265798201045
16323,0.024434024484351724
16324,0.043851881049391306
16325,0.05770831576999402
16326,0.21249515159344368
16327,-0.2156152788323351
16328,-0.10189430432926416
16329,-0.2196893079447504
16330,-0.12372738685086215
16331,-0.03980624841948632
16332,0.010101095476338529
16333,0.07733319966354246
16334,0.04100802185860619
16335,0.05218575090059474
16336,0.10068859823837828
16337,0.08445382773560395
16338,0.1379231386690809
16339,0.3399717939066922
16340,-0.10827596712111154
16341,-0.1408574290362914
16342,-0.07561740420230034
16343,-0.08509067128758474
16344,-0.09301019201253702
16345,-0.04806840126331746
16346,0.011299554828328784
16347,0.011173300181979151
16348,0.0036968617446579977
16349,0.05387298800481766
16350,0.27359732420075167
16351,0.0890040688414957
16352,-0.35563272396896695
16353,-0.12562620846955275
16354,0.00784317715344729
16355,0.05694137423800738
16356,0.02189868450835153
16357,0.017889564110685097
16358,0.14499030564244775
16359,-0.012345835441245345
16360,-0.06412452611285646
16361,0.0033057880252171934
16362,0.07009237458629869
16363,0.5297228512940695
16364,0.010810915909420515
16365,-0.06286727689744653
16366,-0.031010236141490122
16367,-0.06296495541081937
16368,-0.06495789486776848
16369,-0.06230388189799596
16370,-0.033901550854662954
16371,-0.0557106056028811
16372,-0.06453851940146027
16373,0.0
16374,0.09278173098964437
16375,-0.07625242949380695
16376,-0.0504308522136645
16377,0.0
16378,-0.0653050964685522
16379,-0.1701262780113466
16380,-0.02578411620591803
16381,0.08233628371146429
16382,-0.05292239958671985
16383,-0.029413884124744438
16384,-0.09381875154748132
16385,-0.04184710818406456
16386,0.0976384655885636
16387,0.06744127826772672
16388,-0.03690455557335026
16389,-0.01897590073881439
16390,-0.019342962094806904
16391,-0.08559192684471251
16392,-0.10299923485552664
16393,-0.058268905293787476
16394,-0.005012541572288143
16395,0.010000082834571433
16396,0.014815085053504262
16397,0.05251803177546677
16398,0.19004359483777566
16399,-0.27747788997765666
16400,-0.17121593090190323
16401,-0.14217447957706275
16402,-0.23361483290665275
16403,-0.16148745451762903
16404,-0.0749013001547909
16405,-0.04546236890879918
16406,0.01156082106453482
16407,0.05588045214758086
16408,0.06317889496669649
16409,0.2108230475299826
16410,0.3040758605584406
16411,0.27077158583948346
16412,-0.09252336438836561
16413,-0.05775883111854663
16414,-0.06706422683113189
16415,-0.10986647086587187
16416,-0.10895117636223839
16417,-0.06693947769447917
16418,-0.015504185334041853
16419,0.023167057492412102
16420,0.08062972848676697
16421,0.14403936077601287
16422,0.31177960769808966
16423,0.0
16424,-0.2076393544760471
16425,0.016349137110528655
16426,0.20898979368171178
16427,0.1197304509916357
16428,0.05304273397434445
16429,0.036235847140864585
16430,-0.003565066037399145
16431,-0.0289875358228322
16432,-0.06846779667208791
16433,-0.032002729805846286
16434,0.18840059588996416
16435,0.29020413340337425
16436,-0.09229206642602694
16437,-0.1327424340270582
16438,-0.14213067139281454
16439,-0.11960286775339934
16440,-0.11267315761616015
16441,-0.09119023368490042
16442,-0.030614634257391415
16443,0.020513538781052887
16444,0.0639037988371065
16445,0.12095260499270788
16446,0.20182077413405475
16447,-0.12470347392121583
16448,-0.16068237488141435
16449,-0.10129132916123895
16450,-0.0791970374775599
16451,0.07410796822907528
16452,0.04000533261289885
16453,0.01459879871072367
16454,-0.009708813655651571
16455,0.024097550417620184
16456,-0.024097550417620184
16457,0.13657552877845447
16458,0.12014430702472101
16459,-0.15477980218780552
16460,-0.2209433195124162
16461,-0.1670540746731568
16462,-0.08819270604854035
16463,-0.0812254339214955
16464,-0.03922071007635841
16465,0.0
16466,0.023716524742316558
16467,0.0679506567762087
16468,0.10389958781492492
16469,0.1409054444306217
16470,0.2378913958509541
16471,-0.06513929913908356
16472,-0.18424647547699458
16473,-0.029327613374178885
16474,-0.055059773813755264
16475,0.03704126939332797
16476,-0.02454110741037674
16477,-0.05096644034435238
16478,-0.019802625988990297
16479,-0.07616135568978466
16480,0.06273833625854497
16481,0.34989523700483494
16482,0.3364722230157713
16483,0.17435338170260106
16484,-0.17095779281676338
16485,-0.11863084830908921
16486,-0.03891541473507276
16487,-0.007968169331716624
16488,0.027615165943479347
16489,0.06405201907869484
16490,0.08731546395108225
16491,0.10769891317497127
16492,0.1528628453859957
16493,0.09811785354981328
16494,0.11466290578898741
16495,0.11592946472660293
16496,-0.25184464567338694
16497,-0.13523758306471523
16498,-0.13431233367999873
16499,-0.12287409406484562
16500,-0.1482786667021183
16501,-0.11267315761616015
16502,-0.08119015085032899
16503,-0.07219628747979767
16504,-0.021622462844292478
16505,0.2711527575224286
16506,0.30010458164786913
16507,0.1515016673166829
16508,-0.08292040520790644
16509,-0.1063215889045388
16510,-0.05602782962263975
16511,-0.0738472473537044
16512,-0.06405201907869484
16513,-0.011741817417110223
16514,0.00784317715344729
16515,0.05324451249334938
16516,0.0953101764373212
16517,0.1322679644062421
16518,0.1729364498816035
16519,0.1147456151955466
16520,-0.12472076000360488
16521,-0.09455858013946017
16522,-0.11365931515653349
16523,-0.08029993982102424
16524,-0.12071374311343153
16525,-0.13299244895231332
16526,-0.16353363527034848
16527,-0.14154016451721807
16528,-0.023669742685197726
16529,0.3113518005170963
16530,0.3544795402848786
16531,0.5547688827720592
16532,-0.05073551712188218
16533,0.012927234262722909
16534,-0.012927234262722909
16535,-0.07926853253179189
16536,-0.060121728932184926
16537,-0.015070252596545597
16538,0.004329010995883564
16539,0.02769079955531728
16540,-0.034191364017552406
16541,-0.02866789423733751
16542,-0.006734032030186299
16543,0.2506886018758667
16544,-0.16649651247410757
16545,-0.3249447235007845
16546,-0.12822417069523517
16547,-0.1284257841250751
16548,-0.12615128034713097
16549,-0.07864312388137451
16550,-0.08535984490075199
16551,-0.03526813706035714
16552,-0.031252541876102935
16553,0.19633228443176165
16554,0.09925495398715922
16555,-0.10798863357452548
16556,0.14660346821101422
16557,0.23219337898536985
16558,0.17074327020710411
16559,0.105613645636637
16560,0.011325149100532617
16561,0.03540192626752381
16562,0.038384242189686724
16563,0.010405920944548619
16564,-0.020921264722924438
16565,-0.02136833394907578
16566,0.008602203397667374
16567,-0.07328472194029434
16568,-0.16496159179903547
16569,-0.2732933264593087
16570,-0.23211221196621112
16571,-0.09937246910700503
16572,0.0
16573,0.0
16574,-0.04061471709196285
16575,-0.020943172748661976
16576,-0.08845541566844828
16577,-0.04734611779460618
16578,0.16191267610307936
16579,0.10277986402957096
16580,0.2605737430243691
16581,0.24652399212718423
16582,0.19300194130633486
16583,0.13583819578903977
16584,0.07194549604135281
16585,0.027753862268619756
16586,-0.025879447509403963
16587,-0.049914390423265065
16588,0.005888142509654859
16589,0.038392430301154246
16590,0.04959694022812755
16591,0.0
16592,-0.1652635706688761
16593,-0.3155509636167153
16594,-0.3422861946558138
16595,-0.23856801064269684
16596,-0.25205487995543585
16597,-0.16644819556417456
16598,-0.22906654934759008
16599,-0.061243618987462334
16600,0.07109591445978891
16601,0.28768204794197905
16602,0.49899113723243493
16603,0.572290209378211
16604,0.2125078422850124
16605,0.11529067914061564
16606,-0.06369193345094626
16607,-0.18891967490450634
16608,-0.1429211293846695
16609,-0.08139132325924203
16610,-0.07590896087934906
16611,-0.02556049616281708
16612,0.06877709632833806
16613,0.1380528734476778
16614,0.13287327810565852
16615,0.2203747401888907
16616,-0.14281650756252917
16617,-0.2025677744779344
16618,-0.1828438811574995
16619,-0.1930370639322292
16620,-0.16050797370268155
16621,-0.1386464866520991
16622,-0.1255050748928106
16623,-0.08489943863488225
16624,-0.06538275498642365
16625,0.41888810531718335
16626,0.5081553775036358
16627,0.07715907856112558
16628,0.20918519439134897
16629,0.13591308972563976
16630,0.0
16631,0.0
16632,0.0
16633,0.0
16634,0.0
16635,0.0
16636,0.0
16637,0.0
16638,0.0
16639,0.0
16640,0.0
16641,-0.31103173038241305
16642,-0.3935743500490947
16643,-0.4379003643772572
16644,-0.33647221464319266
16645,-0.17618655340639755
16646,-0.11663689237609765
16647,-0.06385146518920726
16648,0.21652829080095826
16649,0.09289373904228304
16650,0.2673147507105824
16651,0.3804637863684457
16652,0.1595609663326365
16653,0.15312239699466668
16654,0.10257886968690544
16655,0.03287967321818108
16656,-0.044084271917183226
16657,-0.12591459515539505
16658,-0.04575961565353248
16659,0.02640417332498446
16660,0.05697743293848134
16661,0.0654995956663349
16662,0.0987102065250034
16663,-0.09296306443458446
16664,-0.04393092793890219
16665,-0.14818050805865202
16666,-0.19068979916988704
16667,-0.13955187411373382
16668,-0.11778302961773646
16669,-0.10294796335930467
16670,-0.1013524878345855
16671,-0.07616135568978466
16672,-0.03663413049536102
16673,0.3116463329084542
16674,0.3434734161950783
16675,0.578266887540964
16676,0.16034264685456767
16677,0.05494402875377524
16678,0.0
16679,0.0
16680,0.0
16681,-0.006153865466177244
16682,-0.10008345670049001
16683,-0.08118045503036475
16684,-0.07005051151099906
16685,-0.029921679176300398
16686,0.023095714261213818
16687,-0.11095706790682991
16688,-0.12771741928379976
16689,-0.19809751303794032
16690,-0.29358875210949575
16691,-0.21019456588723973
16692,-0.10471094763349864
16693,-0.08819270604854035
16694,-0.12847831504995666
16695,-0.0666913689369375
16696,-0.017391741199467514
16697,0.5965203054607566
16698,0.6461669486430308
16699,0.09646026385961193
16700,-0.06163087358451014
16701,-0.0841260105070405
16702,-0.07165598693075115
16703,-0.046792160138068084
16704,-0.02424361087526572
16705,-0.06004963188106727
16706,-0.05696682269720865
16707,0.0
16708,0.0
16709,-0.04948005551424428
16710,-0.029413884124744438
16711,0.13259811680782985
16712,-0.11045699174769918
16713,-0.09166718502217419
16714,-0.12329821109562467
16715,-0.10485787179087369
16716,-0.28266951421282727
16717,-0.22314353464754433
16718,-0.19237187497068975
16719,-0.05182506249170915
16720,0.03141619294318421
16721,0.4815347874464124
16722,0.19077825574949037
16723,0.8351948084154324
16724,0.24928293447978955
16725,0.015011319143328095
16726,0.0
16727,0.0
16728,-0.0679917439030433
16729,-0.26480626243489125
16730,-0.18183267388364976
16731,-0.20067068894537066
16732,-0.18017332117950424
16733,-0.13783246818128436
16734,-0.0402064184570734
16735,-0.3171724818220034
16736,-0.007067166723641716
16737,-0.10457279610140624
16738,-0.15283919122648681
16739,-0.03738752857664451
16740,0.046520011305888787
16741,-0.037041268249817794
16742,-0.05826890246359895
16743,0.048790159407527955
16744,0.15006068130485195
16745,0.3944759598139771
16746,0.2986711797623647
16747,0.1447388401222982
16748,-0.007117467515571185
16749,-0.1541506738748777
16750,-0.19743518550924843
16751,-0.22060868318130478
16752,-0.1950605689394478
16753,-0.1401466201707442
16754,-0.06394871875622687
16755,0.0
16756,0.037041268249817794
16757,0.0702042525099209
16758,0.12715516536635052
16759,0.12604071205797363
16760,0.08206494787089147
16761,0.0
16762,-0.043350438188535456
16763,-0.09975039612812919
16764,-0.02837069511683943
16765,0.0
16766,-0.03663413049536102
16767,0.007434977934726472
16768,0.2708749365585019
16769,0.563643155262572
16770,0.34698180530600453
16771,0.22858326996593759
16772,-0.0018099552124795082
16773,-0.05396658120765574
16774,-0.06517607167254624
16775,-0.12366766041565747
16776,-0.19580699215526032
16777,-0.22244154358554846
16778,-0.23638876870750547
16779,-0.19574456751648617
16780,-0.07869226415018682
16781,0.023122416084178976
16782,0.15822399685252542
16783,0.13657552877845447
16784,-0.02586350947498861
16785,0.013015367547396295
16786,-0.035091318271861294
16787,-0.05978791562846553
16788,-0.05855330589368313
16789,-0.005037793776162758
16790,0.015037876610734191
16791,0.029413883764227933
16792,0.05177626708610106
16793,0.24312604100121193
16794,0.2557012666815721
16795,0.290463708391838
16796,-0.05129329329105925
16797,-0.040273898236714345
16798,0.04465027274074984
16799,0.013015367829733115
16800,-0.010834341930941793
16801,-0.028731257405448574
16802,0.03524593828517153
16803,0.06697062470407689
16804,0.04357124743057028
16805,0.03989132826943109
16806,0.029359906474678343
16807,0.031155167225096925
16808,0.0
16809,-0.10234626674940195
16810,-0.00975617475499746
16811,-0.05232581794842606
16812,-0.05085841615551745
16813,-0.04900757801477473
16814,-0.0611955595861251
16815,-0.057444004295984286
16816,-0.1675215881648784
16817,-0.13657553055768235
16818,0.16946339641914543
16819,0.5175675398086423
16820,-0.02754505506616134
16821,-0.2367491985569563
16822,-0.2044831234166531
16823,-0.20785485232756518
16824,-0.14045183026931563
16825,-0.10889408367388942
16826,-0.04063764389666513
16827,0.018265347143213262
16828,0.031182926047468307
16829,0.05129329219456791
16830,0.0684371587970678
16831,0.3145550802014627
16832,-0.13028989474698305
16833,0.016051708495182115
16834,0.03750439428616703
16835,-0.03750439428616703
16836,-0.06922037460862729
16837,-0.06704450026233966
16838,-0.01841672610786027
16839,0.04364328814437446
16840,0.1142179656507305
16841,0.12516313921917854
16842,0.25131442205619425
16843,0.08355588394456115
16844,-0.1488208838481766
16845,-0.13952940779092238
16846,-0.06918387329677778
16847,-0.026126303833750253
16848,0.008784829298487118
16849,0.09716374575415498
16850,0.018349138187196523
16851,0.043208753232832464
16852,-0.007490671542122573
16853,0.032061931668851074
16854,0.031065818832457293
16855,-0.2775376158535199
16856,-0.15778044257010126
16857,-0.040821993005103696
16858,0.015037876799185668
16859,-0.0037383219708568838
16860,0.06524051950293686
16861,0.0412429571163635
16862,0.11740885044408689
16863,0.08050321653326042
16864,0.08216539786447363
16865,0.1464878036144186
16866,0.11802720364178532
16867,0.1081885422598563
16868,0.0
16869,-0.07363616141652196
16870,-0.0267702405526844
16871,-0.0640218574836191
16872,-0.05521572142954234
16873,-0.00877198588046646
16874,0.0639877073100088
16875,0.09643651554978216
16876,0.0679917439030433
16877,0.0
16878,0.0
16879,0.0
16880,0.0
16881,0.0
16882,-0.10040640196920636
16883,-0.17536903376422952
16884,-0.13584352902256436
16885,-0.040491360261553755
16886,-0.016667052022216744
16887,-0.008438868408481515
16888,0.005633817559556054
16889,0.10395503127565986
16890,0.24765089883273372
16891,-0.18866574526182545
16892,0.05343896091364675
16893,-0.02057215360495457
16894,0.06698932458732809
16895,0.07086297053284696
16896,0.039452847633435706
16897,0.024834131563303163
16898,0.011257154313426554
16899,0.061502198644937334
16900,0.0008768084581580737
16901,0.0
16902,0.0
16903,-0.606720242497039
16904,0.16284041639019575
16905,-0.019310944380338757
16906,-0.18287880950792967
16907,-0.1670540785822907
16908,-0.09097177444137516
16909,-0.03524593750866911
16910,0.0
16911,0.13800566723889496
16912,0.0345523801800085
16913,0.10724552651605368
16914,0.21838648506440217
16915,0.0027210900403171756
16916,0.013495481110623153
16917,-0.02993420700338678
16918,-0.03657228859435824
16919,-0.040941389179909304
16920,0.008915363393004583
16921,0.04907189257561262
16922,0.06805346139179091
16923,0.038714511181356936
16924,0.0299274197950421
16925,0.06423134712925949
16926,0.16528008742887845
16927,-0.03376686180004729
16928,-0.22567199255313275
16929,-0.31245906750306984
16930,-0.1774889552355079
16931,-0.2108230572280756
16932,-0.20921044513761267
16933,-0.1344302600401761
16934,-0.06693947769447917
16935,0.03774032513384462
16936,-0.007434977934726472
16937,-0.0226424750407479
16938,0.38229802457408724
16939,0.348306678949589
16940,0.04317217031177023
16941,-0.1315213367471233
16942,-0.19933289376152663
16943,-0.14763599100749092
16944,-0.08907962476006936
16945,-0.01250016198295123
16946,0.0
16947,0.07859026983967476
16948,0.10477894544966349
16949,0.13679829507595054
16950,0.16000434832712473
16951,-0.34506938178387614
16952,0.0
16953,-0.14776087297927543
16954,-0.3288579618346614
16955,-0.2730404946753411
16956,-0.2348395602976514
16957,-0.04512042849314035
16958,0.08829259414459689
16959,0.027779560248307078
16960,0.12838115014383544
16961,0.4094730890237792
16962,0.542324257336992
16963,0.5747825601452958
16964,0.01558473061188348
16965,0.12803953272611368
16966,0.15899799572820594
16967,0.09847029297982512
16968,0.0
16969,0.0
16970,-0.07552473606872301
16971,-0.07862594083712127
16972,-0.06986967848055903
16973,-0.09180754714448591
16974,0.007185659488761154
16975,-0.41747004183945213
16976,-0.08701137369582224
16977,-0.05692593448069738
16978,-0.055928550252441145
16979,-0.026907451713166886
16980,0.018018504690989978
16981,0.026433255903559605
16982,0.021506204295894005
16983,-0.06595796489044359
16984,-0.03704126996508306
16985,0.38320662249175186
16986,-0.08730372897720562
16987,-0.2408431188584732
16988,-0.013483349731274963
16989,0.09900551951018688
16990,0.09754315049975171
16991,0.11571563371089244
16992,-0.18896609262520636
16993,-0.21319321095609167
16994,-0.27782976015424365
16995,-0.3030500795439983
16996,-0.19478830652778
16997,-0.0439631185884477
16998,0.15575451320352984
16999,0.1758906509549809
17000,0.14256305393977975
17001,0.0
17002,-0.02837069511683943
17003,-0.021819045807674353
17004,0.021819045807674353
17005,0.014285956227016339
17006,-0.08894747941910275
17007,0.0
17008,0.2461330526255905
17009,0.44313058929908555
17010,0.3230416938387046
17011,0.30374947325135215
17012,0.1119912878533631
17013,0.043643288938140845
17014,0.01413451068517002
17015,0.0008768084581580737
17016,0.0
17017,-0.08121195508149714
17018,-0.1516190297929918
17019,-0.16826156717153928
17020,-0.1493628536240772
17021,-0.1506108481815822
17022,-0.13605855586511995
17023,-0.21608350213805894
17024,-0.07294899584336978
17025,-0.15145161401906604
17026,-0.1344302600401761
17027,-0.08244366302852102
17028,0.08244366302852102
17029,0.0
17030,0.40786029473856455
17031,-0.1165875723350589
17032,0.14489134716264873
17033,-0.037919233064743096
17034,-0.1016101712440256
17035,-0.016172858373710852
17036,0.06826796754259856
17037,-0.015345568889689964
17038,-0.058372003123490224
17039,-0.10961971868642229
17040,-0.19459163628730547
17041,-0.16034263719273278
17042,-0.13976192933168186
17043,-0.08338160024339958
17044,-0.03315220365300231
17045,0.0757118135428132
17046,0.17185024047929254
17047,0.300754131234902
17048,-0.08819270604854035
17049,-0.0812254339214955
17050,0.015267470965287355
17051,0.05167200672919181
17052,0.1531223918876421
17053,0.13275948217160005
17054,-0.12048939033257122
17055,-0.11625979859832158
17056,0.04027389643426327
17057,0.06371581032502949
17058,0.09978946474589767
17059,-0.4082622845615358
17060,0.13353138212032167
17061,0.057158409754981765
17062,0.0990908960928687
17063,0.0958817659530582
17064,-0.12783336371767762
17065,-0.033006294289140925
17066,0.04590969829254821
17067,0.09180754363009136
17068,0.1261945956275281
17069,0.13030453615690218
17070,0.1890859490868113
17071,-0.04207121231137023
17072,-0.011787955288850682
17073,-0.23507211170517595
17074,-0.5108255904326597
17075,-0.2876820446740056
17076,-0.08096905316285152
17077,-0.03681396860464492
17078,-0.05129328780860387
17079,0.02597548302944208
17080,0.09763845763785906
17081,0.3247761646125684
17082,0.43036263034108924
17083,0.04278727291642115
17084,0.07073654751624536
17085,0.1576289370897621
17086,0.06453851853340486
17087,0.007782140139244831
17088,0.0
17089,-0.035506687055957276
17090,-0.016194685264296904
17091,-0.03742640396256203
17092,-0.03888178586422564
17093,0.017467692277571167
17094,0.06291382277093227
17095,-0.12083646792212077
17096,-0.14805309263921052
17097,-0.2528353258199525
17098,-0.3784364042133985
17099,-0.3285040280831515
17100,-0.14953171156953338
17101,0.24231343271389094
17102,0.1414116373576615
17103,0.0842603347377322
17104,-0.07333126539999935
17105,0.14165050270699853
17106,0.018692131265122924
17107,0.543615407759833
17108,-0.02724964096219784
17109,-0.03944172982865135
17110,0.011428695170540237
17111,0.0224728545894326
17112,0.011049835576084188
17113,0.021739985454792166
17114,0.04725288236915581
17115,0.03030534796452189
17116,0.004962789095835252
17117,-0.030153036655229837
17118,0.16430304356091208
17119,0.1779831481371974
17120,-0.014598798888330933
17121,0.08117328717742156
17122,0.03660974439399478
17123,0.03531667079090273
17124,-0.12054710050208772
17125,-0.17029452159171088
17126,-0.3205656483762369
17127,-0.2722971354159598
17128,-0.07117627283656036
17129,0.15180600132332733
17130,0.11934674971003156
17131,0.09531017412250709
17132,0.09737415875338673
17133,-0.005167969891362922
17134,-0.042334361585978364
17135,0.010752791198143541
17136,-0.15593479259669607
17137,-0.11232917754385019
17138,-0.24434573960916994
17139,-0.13353137986942176
17140,-0.3508609311865978
17141,-0.19105520625165395
17142,0.11583179633652851
17143,0.7086512877689963
17144,0.0
17145,-0.007722045497607244
17146,-0.10622220456779141
17147,-0.02620237010534554
17148,0.10092591009438578
17149,0.141499551718145
17150,-0.11778302697582843
17151,0.15860501871830568
17152,0.11926341333174939
17153,0.14310083575112742
17154,0.16941814396603938
17155,0.2546757662506147
17156,0.08673169303651695
17157,-0.021773798872250616
17158,-0.07507602398859303
17159,-0.11482132003754675
17160,-0.1428083973864882
17161,-0.1666554320957334
17162,-0.17509384375757842
17163,-0.10398970675929275
17164,-0.0068728788153955556
17165,0.04714677524965882
17166,0.18012615538610088
17167,-0.08004270309478212
17168,0.04082199213930293
17169,0.022599830640305463
17170,0.04372280862384592
17171,-0.10714463140345432
17172,-0.1335313841211221
17173,-0.027587954615969856
17174,0.08701137116212454
17175,0.08004270274257008
17176,0.10120989623585164
17177,0.32185095335078584
17178,0.2122315104514998
17179,-0.18546127041073612
17180,0.029741968092925397
17181,-0.0036697287542932777
17182,0.036105003338403385
17183,0.08494067376138048
17184,0.09619814490833045
17185,0.0658320609648948
17186,-0.016760168389282182
17187,-0.08829260454546173
17188,-0.13485093972649498
17189,-0.12751331551022727
17190,-0.024292691585437787
17191,0.4109146990660357
17192,-0.0587581565775408
17193,-0.09675213819363826
17194,-0.07240002742490503
17195,-0.05977174119772588
17196,-0.03690455557335026
17197,0.0
17198,-0.03442022256995836
17199,0.0230779463948525
17200,0.108018572946182
17201,0.23333038951853746
17202,0.13386917002164278
17203,0.2947492336398452
17204,-0.07872315468754243
17205,0.06275120940494405
17206,0.02036369578642727
17207,0.0
17208,0.0
17209,0.0
17210,0.0
17211,0.0
17212,0.0
17213,0.0
17214,0.0
17215,0.0
17216,-0.14803445001310234
17217,-0.14169470016968333
17218,-0.12453882267461891
17219,-0.16705407984040255
17220,-0.23973815516038588
17221,-0.22214802116210208
17222,-0.22190053071405602
17223,-0.2138698997176065
17224,-0.11394425006539866
17225,0.6123857844375649
17226,0.46296958527114906
17227,0.5175675398086423
17228,-0.01323354092893414
17229,-0.11467950628963175
17230,0.011881327651473317
17231,0.031010236141490122
17232,0.01138532200908049
17233,-0.009478743774849363
17234,0.03922071242068048
17235,-0.018484814332404564
17236,-0.09998526817147857
17237,-0.2787870362535134
17238,-0.2286080387876699
17239,-0.15529287865261088
17240,-0.11428914155907854
17241,-0.15489833590051738
17242,-0.1402856318051442
17243,0.041303803703740094
17244,0.02285813676975712
17245,-0.011363758004633073
17246,-0.07103576890991592
17247,-0.08311490139353372
17248,-0.054808232739126606
17249,0.32737665147561534
17250,0.4172398273360933
17251,0.4980351299820094
17252,-0.06508067212888902
17253,-0.06961283274520058
17254,0.047682129732205425
17255,-0.09287412284849283
17256,-0.05244647406241709
17257,-0.03390155079150814
17258,-0.05450940418236616
17259,-0.05173567291186831
17260,-0.06709833145595301
17261,-0.009508787667634966
17262,0.052725387833155946
17263,0.17929583091846268
17264,-0.07333127116416183
17265,-0.019204979309131787
17266,-0.13630531546204727
17267,-0.04879016258213076
17268,0.006644542497918238
17269,0.04847475493556974
17270,0.012539348859641475
17271,0.01545625775889059
17272,0.018237586995416333
17273,0.14550757959242322
17274,0.14518200632535372
17275,0.19759471237602266
17276,-0.1322119545386471
17277,-0.2316181728064839
17278,-0.1962478607254341
17279,-0.07038079440203715
17280,0.07683242947540725
17281,0.13513781460834284
17282,0.1064834775650878
17283,0.05884049857993201
17284,0.05105516961519507
17285,0.028987536226839694
17286,0.03879796870460961
17287,-0.11172320694664206
17288,-0.021506204707036236
17289,0.04024211532570021
17290,-0.19681117192324216
17291,-0.10097591433858977
17292,-0.003129892910965104
17293,0.003129892910965104
17294,0.042819995873047745
17295,0.026589453403639052
17296,0.03156646506190297
17297,0.16138834291736304
17298,0.15963014204522574
17299,0.15619776048566347
17300,0.0
17301,0.0
17302,-0.07175114675628347
17303,-0.06617199385697736
17304,0.08482925111341677
17305,0.05309388949984406
17306,0.0
17307,-0.034778359528878866
17308,-0.1275859157456951
17309,-0.11110435441416078
17310,-0.05445131831474459
17311,-0.19554731375831746
17312,-0.09619814490833045
17313,-0.039872389922362306
17314,-0.030983544453237144
17315,0.010434876929620529
17316,0.05060101158645036
17317,0.06986967774059583
17318,0.05664703397531268
17319,0.04533354001684531
17320,0.040711183951926966
17321,0.1549102658685757
17322,0.26201375097639934
17323,0.0
17324,0.0
17325,0.0
17326,0.0
17327,0.0
17328,-0.06051507369977527
17329,-0.23626463431397537
17330,-0.2751819022165547
17331,-0.24909859762788766
17332,-0.20244295105352572
17333,-0.10265414878651757
17334,0.00539084834426351
17335,0.13554548518114018
17336,-0.038282184738886116
17337,-0.044895317667970946
17338,-0.09633110377906506
17339,-0.07583807196521963
17340,0.0
17341,-0.03704126939332797
17342,-0.07169192378163114
17343,0.006734031727870793
17344,0.16083965800681854
17345,0.19180029077545324
17346,0.19637330183948398
17347,0.4729063742985966
17348,0.04024211532570021
17349,-0.0846938767985983
17350,-0.20686265990669694
17351,-0.3854798011217082
17352,-0.4618180178576301
17353,-0.39465415694083816
17354,-0.21511135381049717
17355,-0.06899286196314303
17356,0.0
17357,0.01418463297988426
17358,0.09402893700833581
17359,-0.22957440855931055
17360,0.30368237155552413
17361,0.011834456246442748
17362,-0.048202096008147066
17363,-0.012422518455347475
17364,0.07232065285869727
17365,0.13062016817881217
17366,0.15996463460838495
17367,0.13786978302417552
17368,-0.007604598806917107
17369,0.10840929066445826
17370,0.02702867056143532
17371,0.3412228201065104
17372,-0.2398703322719249
17373,-0.2599575065528912
17374,-0.1698990223278063
17375,-0.14953171903667606
17376,-0.12588023146466698
17377,-0.07598589735019523
17378,-0.026668243525973967
17379,-0.013605650204612685
17380,-0.05635292860989782
17381,0.0
17382,0.10969890219902001
17383,0.5160069301572436
17384,0.1306201729248957
17385,0.04000533194596567
17386,-0.1251631342394095
17387,-0.07696103521020303
17388,-0.04082199118692209
17389,-0.060103918907463694
17390,-0.17351091034421895
17391,0.39488296443645865
17392,0.132644465796111
17393,0.1656196976958011
17394,0.2336148402165934
17395,-0.3389753500264665
17396,0.023122416084178976
17397,0.016997575405489407
17398,0.0809066342464968
17399,0.10794783392093388
17400,0.0674412777621658
17401,0.025752494997035136
17402,-0.05218575090059474
17403,-0.055059774656073035
17404,0.004705890815958291
17405,0.01860518696562652
17406,0.0
17407,0.22590470343729496
17408,-0.09641372594689646
17409,-0.18637834919491114
17410,-0.39575627029792493
17411,-0.42744397617960006
17412,-0.19574455310207428
17413,-0.06995857881451051
17414,0.06995857881451051
17415,0.1026541408761692
17416,0.024097548675460434
17417,0.23262227056075968
17418,0.3538407145884026
17419,0.2709871781594968
17420,0.08237099343970522
17421,0.13469350194347873
17422,0.20840126192990072
17423,0.15556410286969236
17424,-0.04625101631354456
17425,-0.20264502311978339
17426,-0.2544248401982112
17427,-0.11895193695875861
17428,-0.05406721834629913
17429,0.07490130416395413
17430,0.17887920416003844
17431,0.4748410316837095
17432,-0.12552066529295836
17433,-0.15415067476140232
17434,-0.16544351262659207
17435,-0.11048753202169159
17436,-0.06267110394050368
17437,-0.3060926164786384
17438,-0.006779686525735684
17439,-0.03460552678215123
17440,0.15011840648284602
17441,0.26003052724418296
17442,0.2723786431701116
17443,-0.43434796289908517
17444,0.09431067452618658
17445,0.1354046306743255
17446,0.034338136106862205
17447,0.008403410443290849
17448,0.04898938519990681
17449,0.0313751213371547
17450,0.13014728992854874
17451,0.10298481124016856
17452,0.038985445543678665
17453,0.04317217062245815
17454,0.06277640443018395
17455,0.34923995765290483
17456,-0.1771112697135493
17457,-0.16160227522938353
17458,-0.2416381267950518
17459,-0.29661069168636667
17460,-0.22538820983130803
17461,-0.09418720951108162
17462,-0.05064372961208541
17463,0.13353138450764002
17464,0.060624618474188985
17465,-0.07205331364472922
17466,0.011428695170540237
17467,0.4316348059237374
17468,0.3485237208493239
17469,0.1935430769554798
17470,0.08235103346543804
17471,-0.05066939815452942
17472,0.054614176367739464
17473,0.023347363542721045
17474,-0.05942341929340689
17475,-0.07630819144505585
17476,-0.015538603082846159
17477,-0.03413300559267496
17478,-0.03055466760377268
17479,0.04206227419039932
17480,-0.1292906393494917
17481,-0.2140702488921371
17482,-0.3160372862171834
17483,-0.20017916438769534
17484,-0.049871827276045444
17485,-0.017192399555086446
17486,-0.023392878206576206
17487,-0.011904901797676448
17488,0.06939198940968216
17489,0.35779162183538693
17490,0.22626367074060116
17491,0.15013729217080352
17492,-0.08676768015109593
17493,-0.10146945704216614
17494,0.056618892218088135
17495,0.23348741569581488
17496,0.1891584986174908
17497,0.0954923439328681
17498,0.03841472710614724
17499,-0.022154206528155918
17500,-0.04396312261567159
17501,-0.04794782148989851
17502,-0.038042624684052395
17503,0.11186989368335487
17504,-0.12625863083968403
17505,-0.1208934554102239
17506,-0.1483265478054845
17507,-0.09368548141568933
17508,-0.08053885998785226
17509,-0.02283949122458706
17510,-0.009950330523135431
17511,-0.010050335516801123
17512,0.01669487801471936
17513,0.1475061325674356
17514,0.32001095174260064
17515,0.16856905203312555
17516,0.0
17517,0.0
17518,0.0
17519,0.0
17520,0.0
17521,0.0
17522,0.0
17523,0.0
17524,-0.08693170364523217
17525,-0.02125683861462413
17526,-0.011787955520446314
17527,-0.024001151619474026
17528,-0.09997692044590378
17529,-0.2054047218756656
17530,-0.1967102882737657
17531,-0.1282895366349246
17532,-0.06276569308677127
17533,-0.05406721902106293
17534,-0.034786114572670446
17535,-0.12221762697203742
17536,-0.22941315143472396
17537,-0.05162436207322374
17538,0.22446716492960617
17539,0.2916424602835175
17540,0.0
17541,-0.05692593448069738
17542,0.13666454911190584
17543,0.05675281457885806
17544,0.07951206029210889
17545,0.08248948885364271
17546,0.005847969711429091
17547,-0.02359991464464617
17548,-0.07433761734223765
17549,-0.08730372897720562
17550,-0.046687112295666466
17551,0.2858421363893773
17552,0.02993420700338678
17553,-0.010781775312668884
17554,0.0027063615244991013
17555,-0.09639184294018843
17556,-0.154150674866941
17557,-0.1022788453811021
17558,0.07053014818659342
17559,0.10536051207359742
17560,0.13835842920466135
17561,0.2649538148360615
17562,0.2066286130526347
17563,-0.06986967869197702
17564,0.06986967869197702
17565,0.0
17566,0.0
17567,0.0
17568,0.0
17569,0.0
17570,0.0
17571,0.0
17572,-0.12393689891797566
17573,-0.06771817266479818
17574,0.033406028368630825
17575,0.05006050095428671
17576,-0.06453851983548775
17577,-0.135915180946784
17578,-0.10562572981527651
17579,-0.06577712871130093
17580,-0.03752243823993684
17581,0.026126303833750253
17582,0.07185410178135543
17583,0.021108962653229035
17584,0.1875298974364541
17585,0.16705408133316269
17586,0.04389419277069084
17587,-0.55961577478906
17588,-0.15568559437789498
17589,0.05236798368862772
17590,0.18005140265490116
17591,0.1402558877907092
17592,0.06915746534398215
17593,-0.018605187398330614
17594,0.03006006611066603
17595,-0.004566217875329404
17596,-0.004587163901695668
17597,-0.020906684333640957
17598,-0.08829260497883107
17599,0.3010538027519769
17600,-0.16688159307510553
17601,-0.14967639581219538
17602,-0.12759665356057637
17603,-0.21724382200811432
17604,-0.1004705264779342
17605,-0.05859416181301125
17606,-0.09962983643324197
17607,-0.11066556231507807
17608,-0.11247797709437046
17609,0.0235304960259195
17610,0.18522430662156042
17611,0.4693995640139961
17612,0.1380528734476778
17613,0.028536306524592714
17614,0.05474003161329444
17615,0.03333641947372046
17616,-0.014151179212477771
17617,0.04641204068723237
17618,-0.004545462268368272
17619,-0.06834225176561715
17620,-0.06812216879829114
17621,-0.05088112018103841
17622,-0.025036077464838158
17623,0.3988706331174612
17624,-0.1246591716797174
17625,-0.12046328110226989
17626,-0.13146313616684369
17627,-0.12921172768025313
17628,-0.07145896166007404
17629,-0.044757899100259735
17630,-0.04317217031177023
17631,-0.01855340720727039
17632,0.040372453808427355
17633,0.16233905181643316
17634,0.036039935400681955
17635,0.520513049951639
17636,-0.20018390774844042
17637,-0.20615800004595286
17638,-0.1687301247535573
17639,-0.07434763422021229
17640,-0.03066679734794331
17641,0.07657649714625636
17642,0.33004133728111507
17643,0.27346862968873475
17644,0.0
17645,0.0
17646,0.0
17647,-0.04572737381874603
17648,0.02536367803231876
17649,-0.07424558861047537
17650,-0.1382217004775863
17651,-0.0710493445207745
17652,-0.12643076787373753
17653,-0.15101095542880616
17654,-0.1304014952492718
17655,-0.1294580623007664
17656,-0.08038151504850344
17657,0.3496015150660434
17658,0.26570315848662895
17659,-0.1653239761450198
17660,-0.12553774118653083
17661,-0.1435909146946841
17662,0.09464150377479941
17663,0.10769891317497127
17664,0.15543684931491342
17665,0.3092976560887051
17666,0.07363616141652196
17667,0.0
17668,0.0
17669,0.0
17670,0.0
17671,-0.16649651247410757
17672,0.0102987519884441
17673,-0.1012705282223676
17674,0.006779686832164344
17675,-0.18232155228945013
17676,0.026668246370923576
17677,0.0026281223371991125
17678,0.018205964023049415
17679,0.03045920671151281
17680,0.04640637168050388
17681,0.09985613189602027
17682,0.2087861111461078
17683,0.0
17684,0.0
17685,0.0
17686,0.0
17687,-0.13390707103901534
17688,-0.13726006171440908
17689,-0.09393181757018398
17690,-0.02557684113543912
17691,0.1354725093305662
17692,0.2552032821284813
17693,0.0
17694,0.0
17695,0.0
17696,0.0
17697,0.0
17698,0.0
17699,-0.11997649778030262
17700,-0.2375752470977912
17701,-0.03831886332312662
17702,0.028243211588184103
17703,-0.025642429955767376
17704,-0.10104085175170407
17705,-0.07765093190979755
17706,0.033590943410164886
17707,0.3403257972746947
17708,-0.19263092191360176
17709,-0.14170683369575388
17710,-0.11034805368627865
17711,-0.13543796606049874
17712,-0.12592678811719882
17713,-0.021882710291763363
17714,0.060103921488584344
17715,0.1066097308447751
17716,0.2088090853070761
17717,0.1493628536240772
17718,0.14135411485499372
17719,0.1456732865573085
17720,0.019455866236823383
17721,-0.11417682674920515
17722,0.054635434240263514
17723,0.05568038392601915
17724,0.026719146223541657
17725,0.07175114675628347
17726,0.0
17727,-0.040237881634423545
17728,-0.0036563111362672984
17729,0.018149318176270413
17730,-0.06886440980248221
17731,-0.3657998432057781
17732,-0.2803019561672304
17733,-0.21673032758210242
17734,-0.10080469427901573
17735,-0.025576840481228658
17736,0.0
17737,0.09860197193942533
17738,0.13587605361902666
17739,0.21656457223586134
17740,0.07009237458629869
17741,0.003072198942585924
17742,0.018237586995416333
17743,0.31735783240724036
17744,0.01739174233376861
17745,-0.10440311732977836
17746,-0.0642195911475345
17747,0.015190165109399079
17748,0.10937255454468175
17749,0.0
17750,-0.02739897356248866
17751,-0.011641574744430283
17752,-0.03333641947372046
17753,-0.036995586764042354
17754,0.014962872303559749
17755,0.15768050691995672
17756,-0.12361395318538104
17757,-0.08483887781880739
17758,0.005194816742172925
17759,0.0179722419429873
17760,-0.007662872549836219
17761,0.076486092670633
17762,-0.076486092670633
17763,-0.03922071212764022
17764,-0.013423019971780192
17765,0.018742181307912276
17766,0.028760151423259828
17767,-0.08888754775203944
17768,-0.08215761616613682
17769,-0.12007924401501491
17770,-0.15645217097571562
17771,-0.14745272473673987
17772,-0.0380998444175531
17773,0.06119555814533095
17774,0.03587828605566479
17775,-0.02227263461694129
17776,-0.032039352278034006
17777,0.22034894318499942
17778,0.27548106743761913
17779,0.298949789977915
17780,-0.034191364017552406
17781,-0.1005412269225463
17782,-0.23767164542777675
17783,-0.22085956867137035
17784,-0.0956904764280635
17785,-0.00419287808423352
17786,0.028987535672772236
17787,0.05170137232025418
17788,0.041751793095252676
17789,-0.05344783240244766
17790,-0.048202099881300864
17791,0.3090569210957317
17792,-0.09833589759900896
17793,-0.15470638418380878
17794,-0.1877839111479438
17795,-0.014184634321265932
17796,0.03278982128689245
17797,0.004597709037239994
17798,-0.009216654680187286
17799,-0.1022788441346636
17800,-0.020726129443147112
17801,0.4037183653822374
17802,0.442082458853263
17803,-0.5451146809568432
17804,0.0342890721721254
17805,-0.14483094204159608
17806,-0.13415000690568224
17807,-0.1097706603917108
17808,-0.1359019901963392
17809,-0.09975039612812919
17810,-0.06500482561220045
17811,-0.03802739269672539
17812,0.0
17813,0.03802739269672539
17814,0.08576681562371036
17815,0.14035734872558203
17816,0.005934735167602678
17817,-0.11926341333174939
17818,-0.09798040149745901
17819,0.021819045807674353
17820,0.04913268512834934
17821,0.07263917884108873
17822,0.0557419795549321
17823,0.041303803703740094
17824,0.03409420940542951
17825,0.20168591377192513
17826,0.46886140757628736
17827,0.3466245997158226
17828,-0.022472855392921876
17829,0.026505118839564634
17830,0.10857465858047233
17831,-0.04996413728113103
17832,-0.1827011316624798
17833,-0.17641647051137088
17834,-0.12733941868631726
17835,-0.1143168239420187
17836,-0.09047758168940412
17837,-0.04255961277189213
17838,0.011787955288850682
17839,0.561845426471907
17840,-0.06676817492703169
17841,-0.019231361465566366
17842,-0.007308193128691798
17843,-0.014778593732100997
17844,0.0196566520665562
17845,0.028778963859805273
17846,0.021053408705318688
17847,0.0363676433441551
17848,0.050064860511426446
17849,0.11613033551405083
17850,0.07552473606872301
17851,0.0
17852,0.0
17853,0.0
17854,0.0
17855,0.0
17856,0.0
17857,-0.015011319143328095
17858,0.015011319143328095
17859,0.0
17860,0.0
17861,0.0
17862,0.0
17863,0.0
17864,0.0
17865,0.0
17866,0.0
17867,0.0
17868,0.0
17869,-0.11014357705743771
17870,-0.22265442928049684
17871,-0.16727637653322125
17872,-0.1327059654467888
17873,0.21319321412440795
17874,0.36833996725275364
17875,0.05124716694078302
17876,0.0
17877,0.0
17878,0.0
17879,0.0
17880,0.0
17881,0.0
17882,0.0
17883,0.0
17884,0.0
17885,-0.08693170364523217
17886,-0.15255857317141253
17887,0.2394902768166447
17888,-0.10040640196920636
17889,-0.2596547544513421
17890,-0.33046018462517823
17891,-0.3184537180066469
17892,-0.23159259327160076
17893,-0.17147152943350408
17894,-0.16378929586171154
17895,0.08912777266962513
17896,0.1169213295050402
17897,0.1994159776849136
17898,0.41483722875328644
17899,0.3700183475721799
17900,0.25759477421557886
17901,0.05804336852658887
17902,-0.042232762812422386
17903,-0.0753153356926326
17904,-0.09298729632797809
17905,-0.030626656857402956
17906,0.016607736005627594
17907,0.05493371756014076
17908,0.10558320577762936
17909,0.06591532713597203
17910,-0.03435452284635865
17911,-0.5470734000187609
17912,-0.07669261811341732
17913,-0.35771066123067774
17914,-0.36485036614058153
17915,-0.29266958858968817
17916,-0.12783335787352224
17917,-0.0465200102236385
17918,-0.024097548675460434
17919,-0.012270091086243884
17920,0.0
17921,0.3591409991840364
17922,0.8373967405110316
17923,0.10610650223816176
17924,0.06495789416426634
17925,-0.21297529042099228
17926,-0.1831000620549026
17927,-0.07267118677507511
17928,-0.11152126850388822
17929,-0.09418720951108162
17930,-0.07696103619785744
17931,-0.06187539946276832
17932,-0.043485108787650883
17933,0.0
17934,0.05756984767747397
17935,0.06759328656193553
17936,0.00651468059678173
17937,-0.1391127927709177
17938,-0.1442495972645168
17939,-0.017391741199467514
17940,0.08408311013640501
17941,0.09969935257062801
17942,0.09729890421926468
17943,0.05789397469373725
17944,0.0
17945,0.07232065721916126
17946,0.5858467743072184
17947,0.19890390471300456
17948,-0.10919928890439223
17949,-0.1428732819220575
17950,-0.034725710167833324
17951,-0.028675798948718967
17952,-0.022059717253647637
17953,0.10238210328589137
17954,0.2191085694991619
17955,0.2018951305061667
17956,0.12606970001343232
17957,0.058452073978711105
17958,0.01454571073790234
17959,0.029348482032788503
17960,0.0
17961,-0.00263273512959028
17962,-0.19969479611615037
17963,-0.08974628584132471
17964,0.025493848235336625
17965,0.04911701386815226
17966,0.04681705904874445
17967,0.05854345443043263
17968,0.05900855200455535
17969,0.05309388949984406
17970,0.0
17971,0.0
17972,0.0
17973,0.0
17974,-0.07552473606872301
17975,-0.1484956193176803
17976,-0.12604071794956795
17977,-0.09109023819211615
17978,-0.02203945895909465
17979,0.03287967321818108
17980,0.029218545222972736
17981,0.007822725477224513
17982,0.010336009063576679
17983,0.2805875507558251
17984,-0.14834233512646477
17985,-0.1068631430022271
17986,-0.06470561780002049
17987,-0.02985296233943968
17988,0.06660250358340924
17989,-0.007762005134658967
17990,-0.067139301033877
17991,-0.03677925046263031
17992,-0.017442302156273293
17993,0.10036270736417974
17994,0.06669137278736903
17995,-0.14386463590485654
17996,-0.023189444246692226
17997,-0.09531017687177323
17998,-0.0632490282015028
17999,0.037103748951698545
18000,0.02291425877275266
18001,0.03184982487260202
18002,-0.012618463561142157
18003,-0.04214562008421252
18004,0.02291425877275266
18005,0.00966191060055932
18006,0.15963014086300653
18007,0.35885834268124084
18008,-0.20236848445872901
18009,-0.1456201862809854
18010,-0.14206187838263373
18011,-0.061014103795211216
18012,0.09169135510109072
18013,0.06999941205588689
18014,0.06805346139179091
18015,0.03109058626444572
18016,-0.01801850503885616
18017,-0.028987536109310597
18018,-0.008053734590886652
18019,0.371656489187532
18020,-0.3217118139844275
18021,-0.30666451416189133
18022,-0.234532189068561
18023,-0.20459418240188754
18024,-0.14518200139855253
18025,0.036813970863680545
18026,0.10836803053487198
18027,0.11718224864586269
18028,0.1389254659942738
18029,0.05692593448069738
18030,0.21918314231845315
18031,0.1690057758818022
18032,-0.17537522396443217
18033,-0.09021137670414747
18034,0.017331455750866365
18035,0.13181169750121668
18036,0.1376644023364495
18037,0.07335778271517768
18038,0.03828218565495112
18039,0.018605187398330614
18040,-0.0023068060447011263
18041,-0.06192454108455836
18042,-0.027398973505614155
18043,-0.1643030467818969
18044,-0.21130908666440584
18045,-0.15048094496795938
18046,-0.0940289454349621
18047,-0.07302513145819667
18048,-0.08976999468514135
18049,-0.02234729744344044
18050,0.05495888125951831
18051,0.10642945744771914
18052,0.18392283008400545
18053,0.15871168528451385
18054,0.10978755833153331
18055,0.16068237715110056
18056,-0.24021552814194136
18057,-0.030254407340692513
18058,0.036855091154198494
18059,0.10897240257801677
18060,0.07115375823029302
18061,-0.008275909075555976
18062,-0.06287784915473704
18063,-0.07979691438994019
18064,-0.08672097188620853
18065,-0.08353310957772253
18066,0.08004270475978359
18067,0.1875526002319794
18068,0.042559613211066605
18069,0.0027739268057787037
18070,-0.03667547752360578
18071,-0.08388148146633423
18072,-0.11934675367129888
18073,-0.0882926038954075
18074,-0.02729214122385404
18075,0.046340335468859184
18076,0.11062962438577317
18077,0.12377107356796868
18078,0.15713130362485384
18079,-0.3187726499442971
18080,-0.03936107247194931
18081,-0.044783600955384806
18082,-0.042891562956614226
18083,-0.028284712695612946
18084,0.10495059150326158
18085,0.14088436208069455
18086,0.1005412261561025
18087,0.050858415796193324
18088,0.051017772971525766
18089,0.0780269823895221
18090,0.10777889404816321
18091,-0.4857795782433447
18092,-0.07329286277834868
18093,-0.06276569308677127
18094,-0.03292478334129223
18095,-0.016878037075164443
18096,-0.0390505131772767
18097,0.017544308881382698
18098,0.09531017585175583
18099,0.15358586198491286
18100,0.13013579948698428
18101,0.11247798026053024
18102,0.11066556510129866
18103,-0.07667536576155065
18104,-0.20467756390236502
18105,-0.09941955482019571
18106,-0.0034904048179389413
18107,0.11855973081542137
18108,0.204334213617269
18109,0.15451227447104499
18110,0.0445460701088658
18111,-0.06426193284136339
18112,-0.122217629848143
18113,-0.24846135224721788
18114,-0.1557545240073317
18115,-0.4167646439971002
18116,-0.18687736165484736
18117,-0.034846728901333
18118,0.007067166723641716
18119,-0.02857337040282326
18120,-0.0830665924222247
18121,-0.015873347896447676
18122,0.05448818104164577
18123,0.11441034298773678
18124,0.14445127365051036
18125,0.14660346621739384
18126,0.18400363448869594
18127,-0.0561702690394168
18128,-0.06424226577943326
18129,-0.08399997025971162
18130,-0.1261945956275281
18131,-0.12438371194210296
18132,0.06412452405617497
18133,0.2704537537731677
18134,0.18547612551918435
18135,0.023347363088450646
18136,-0.03522869050464461
18137,-0.07871556420266357
18138,0.07472354309248841
18139,-0.028399473369434602
18140,-0.10398970901421078
18141,-0.10080469427901573
18142,-0.04652001322989063
18143,-0.059963461497834825
18144,-0.1128793413585476
18145,-0.05162436207322374
18146,-0.013333529980536607
18147,0.04590969829254821
18148,0.09180754363009136
18149,0.1053605098098731
18150,0.1823215480220255
18151,0.059592094664910444
18152,-0.06840272395892688
18153,-0.017857616602749093
18154,0.04836106956683084
18155,0.2049533493007325
18156,0.27625336818832213
18157,0.09844007032651536
18158,0.019048194517138572
18159,0.29677970801375064
18160,-0.056797597368741126
18161,-0.12010483604991506
18162,-0.10582552146853574
18163,-0.0848994417258444
18164,-0.26845873973012546
18165,-0.17703752223424063
18166,-0.028057951670442893
18167,0.09678728119730096
18168,0.011009285104350397
18169,-0.01841672610786027
18170,0.007407441003509874
18171,0.05387298800481766
18172,0.08058048395236916
18173,0.0894278071417185
18174,0.1729364498816035
18175,-0.2559333668998143
18176,-0.09755628688183782
18177,-0.20302917916708996
18178,-0.16941814396603938
18179,-0.02597548505373304
18180,0.010471299319049887
18181,-0.015748356141419784
18182,-0.032260860483465326
18183,-0.005479465464379718
18184,0.016349137110528655
18185,0.08294907867794121
18186,0.45874645641639855
18187,0.07275935207565354
18188,-0.08541774854698403
18189,-0.02580788312326776
18190,0.01298719510513724
18191,-0.039478809674805326
18192,-0.05873881514151691
18193,-0.017953802971900412
18194,0.010810915714625224
18195,0.03174869719450868
18196,0.05735129453612897
18197,0.06658560264725732
18198,0.107505449771506
18199,0.264692547820522
18200,-0.2869775919891522
18201,-0.24449666798256997
18202,-0.06693948018479423
18203,0.08476526350186075
18204,0.16868362869688625
18205,0.0579872559686172
18206,-0.017045866788707897
18207,-0.040941389179909304
18208,-0.02111692280386457
18209,0.012121360165022299
18210,0.06416194234539141
18211,-0.1755647689096289
18212,-0.03077165761456513
18213,0.003466207856340109
18214,0.06691458654569704
18215,-0.01631357495924668
18216,-0.013245226311424219
18217,0.029558801270670898
18218,0.0412102673401038
18219,-0.03154835673954448
18220,0.037740326795762336
18221,0.024391452380443823
18222,0.038409446979896344
18223,0.49504964985416056
18224,-0.1585774215145208
18225,-0.25042750437086747
18226,-0.1550375933853303
18227,-0.05752384229935048
18228,0.009820045859528559
18229,0.019355442328548023
18230,-0.02589141309473808
18231,-0.05388508667978886
18232,-0.017452449342034715
18233,0.05146933346302918
18234,0.2238122173169974
18235,-0.008053734590886652
18236,-0.002699056896315888
18237,-0.09045710759647996
18238,0.03488725798607062
18239,0.05826890650672523
18240,-0.010840214259086434
18241,0.09109023819211615
18242,0.16896576174518074
18243,0.06506359202369794
18244,0.03481976448559543
18245,0.013220211178453845
18246,0.0
18247,0.0679917439030433
18248,0.0
18249,0.0
18250,0.0
18251,-0.17272706209534405
18252,-0.05129329329105925
18253,-0.02666824648946342
18254,-0.029716471649143372
18255,0.03645050367932967
18256,0.01112358497119148
18257,0.006615238972847326
18258,0.10029274905148267
18259,0.12592299685015895
18260,0.0
18261,-0.11014357705743771
18262,-0.16563185867599817
18263,-0.16265478575433434
18264,-0.1242577522438757
18265,-0.009273636498659421
18266,0.057330930008721026
18267,0.10828877242719104
18268,0.11191791341760782
18269,0.10064352352687145
18270,0.15354258921549047
18271,0.040237881634423545
18272,0.0
18273,-0.04206436612709741
18274,-0.14324147791139374
18275,-0.07216244466953992
18276,-0.0322608614747546
18277,-0.014151179212477771
18278,-0.009546611655733894
18279,-0.009638628605508792
18280,-0.014634407161488117
18281,0.057294903292984145
18282,0.16437335395791752
18283,0.07761699246094533
18284,-0.08949832011241865
18285,-0.16886666079518475
18286,-0.26283606677530935
18287,-0.21855287011251878
18288,-0.1884471423056273
18289,-0.08157998307537229
18290,-0.0253178067022386
18291,0.05001041807309825
18292,0.1280284685652595
18293,0.14738349955125685
18294,0.18540321706355645
18295,0.28691253799821004
18296,-0.2777241122252301
18297,-0.04681041638291328
18298,-0.07287992095328111
18299,-0.003442344072475567
18300,0.06669137227397837
18301,0.03486882454540696
18302,0.03369384475430692
18303,0.017910926031846852
18304,0.0
18305,-0.11261887458136499
18306,-0.06498011750852584
18307,0.15968806605804398
18308,-0.18473409708793653
18309,-0.13146313447003388
18310,-0.12296170572817733
18311,-0.10328582103246653
18312,-0.08654045164735313
18313,-0.04035129319721298
18314,-0.023810647276284236
18315,0.017910925497163888
18316,0.06305813235109525
18317,0.10034796852998262
18318,0.14911287883608892
18319,0.4436863054160969
18320,-0.12720225380491135
18321,-0.04187407112206376
18322,-0.030052344062833747
18323,-0.08117328717742156
18324,0.046687112295666466
18325,0.16462197436873938
18326,0.11778303234950505
18327,0.0565703500333683
18328,-0.0125787818904044
18329,-0.10958884883521591
18330,-0.15226920708140357
18331,-0.026668246193114253
18332,-0.32438342635702133
18333,-0.2661095729510161
18334,-0.15822399476193327
18335,-0.05129329062815202
18336,-0.054067217093166864
18337,0.023530495564494824
18338,0.08183001215682406
18339,0.12726177107543846
18340,0.11848159659336366
18341,0.09072884854424901
18342,0.10638039840972358
18343,0.14889441959256366
18344,-0.18153134738378096
18345,-0.048553223059111694
18346,-0.04580953369920504
18347,-0.010471299319049887
18348,0.08569471678248286
18349,0.23943522862603084
18350,0.09080644465759002
18351,-0.03174869719450868
18352,-0.07053014818659342
18353,-0.13573160794280037
18354,0.03888178586422564
18355,-0.1959736367887719
18356,-0.1679917218099125
18357,-0.11625979859832158
18358,0.02702867056143532
18359,0.1368591741900662
18360,0.18038168238028307
18361,0.11886119743648793
18362,0.02132276855946591
18363,0.10409388687135435
18364,0.12157810227215515
18365,0.1114028265642375
18366,0.08650924041310981
18367,0.2695631033420427
18368,-0.34409615306701413
18369,-0.140357353210252
18370,-0.045542018851197685
18371,-0.018083674779239
18372,-0.014706146849008395
18373,0.04348511036369462
18374,0.017575144203719972
18375,0.003478264255341479
18376,-0.03533936519630787
18377,-0.0036036073734386775
18378,0.0797649657011128
18379,0.006644542497918238
18380,-0.033673213972595484
18381,-0.0034305349791030615
18382,0.027120305299748626
18383,-0.03748309197733457
18384,-0.06084165707809808
18385,-0.007407441003509874
18386,0.06477083382626647
18387,0.10883877644094575
18388,0.10660973189814582
18389,0.10395503127565986
18390,0.10333314298991869
18391,0.0314632687486287
18392,-0.39009706732400584
18393,-0.32090770771479527
18394,-0.032039352278034006
18395,0.04100802185860619
18396,0.056414086831327204
18397,0.033198068031829564
18398,0.016194685264296904
18399,0.0
18400,-0.028515169146349884
18401,-0.07283732083013605
18402,0.03922071144387962
18403,-0.0042826616085887
18404,-0.16277141528457006
18405,-0.11778302934325247
18406,-0.04058527776166265
18407,-0.023953239588029973
18408,-0.02454110741037674
18409,0.04849434699840671
18410,0.07958743339155916
18411,0.07878087371335596
18412,0.049271046578655664
18413,0.051533647700360063
18414,0.09156718953005694
18415,0.8219800290512658
18416,-0.47073648745089347
18417,-0.1620015491457516
18418,-0.035091318579743014
18419,0.055569849224308854
18420,0.029952321286452754
18421,0.006535970766190058
18422,0.009724549576769714
18423,0.003220614596318505
18424,-0.02276521003261678
18425,-0.03344793294867143
18426,-0.024097550749460517
18427,-0.13402927163040523
18428,-0.21224695066955057
18429,-0.12024912185710557
18430,-0.04546237149277843
18431,0.005797117348259384
18432,-0.029327613374178885
18433,0.052185750143936005
18434,0.14197025379282024
18435,0.14994014046540016
18436,0.1450679595551967
18437,0.13307507960461473
18438,0.12872753645288304
18439,0.2541194729051197
18440,-0.2346473700339775
18441,-0.10444266033476701
18442,-0.050167257144718036
18443,-0.02276521003261678
18444,0.09111478570951537
18445,0.11343592644299338
18446,0.07487366704117582
18447,0.034233170805082036
18448,-0.009661910678353536
18449,-0.022086786860792795
18450,-0.04309919138901197
18451,-0.005194816742172925
18452,-0.14250005861892
18453,-0.10769891317497127
18454,-0.003350086773051153
18455,0.12890661681652382
18456,0.057322279464457004
18457,0.09809182016357365
18458,0.09163032063487364
18459,0.05818195408039184
18460,-0.0021762793752335696
18461,0.0021762793752335696
18462,0.0065005644622351255
18463,0.2087861111461078
18464,-0.2597384371910345
18465,-0.27563372672275976
18466,-0.11740885044408689
18467,-0.006756782234608405
18468,0.030052344062833747
18469,-0.019934214238507053
18470,-0.051646587083524764
18471,-0.04332807519885673
18472,-0.026169716754965933
18473,-0.06656076391129728
18474,-0.03292478334129223
18475,0.3900044914893943
18476,-0.0795706732203545
18477,-0.22237696640468485
18478,0.026466572187420212
18479,0.12274582068838003
18480,0.02283949122458706
18481,-0.08058048395236916
18482,-0.13853890915953748
18483,-0.11929018985872863
18484,-0.10485787179087369
18485,-0.07294899584336978
18486,0.026668245659686285
18487,0.40546509056430535
18488,-0.08796876971950018
18489,-0.08388148062821177
18490,-0.09156718953005694
18491,-0.04196419714208499
18492,0.018868483414307136
18493,-0.014117880881391986
18494,-0.01913933929488376
18495,-0.07002860085619078
18496,-0.2388096540826079
18497,-0.10389958781492492
18498,0.5480791845084001
18499,0.4096756264616199
18500,0.1286173744414314
18501,-0.1803530473532997
18502,-0.39665446406488547
18503,-0.1929036567926521
18504,-0.11247797709437046
18505,0.0
18506,0.029327613374178885
18507,0.017192399555086446
18508,0.005665737214670674
18509,0.0056338174008563335
18510,0.07048987393079065
18511,0.5588675425141698
18512,-0.08755588828470051
18513,-0.1629034651550536
18514,-0.03522869050464461
18515,0.027506644708886085
18516,0.06016851920311295
18517,0.060195158651333625
18518,0.053524478624733085
18519,0.04459337412217668
18520,0.04268940739314919
18521,0.020680204626558396
18522,-0.008810629423396055
18523,0.005882369730054737
18524,-0.1758906608241424
18525,-0.09147140014801813
18526,-0.05109165914930669
18527,-0.04536860315833913
18528,-0.02132276855946591
18529,0.03390155023889996
18530,0.08770557692037784
18531,0.08062973144343788
18532,0.10041874438291387
18533,0.05874950225508657
18534,0.0611544213718882
18535,0.07612369340222402
18536,-0.05654264875087378
18537,-0.03380603517799008
18538,-0.06511174937742892
18539,-0.02790878725157553
18540,0.003139719906089411
18541,-0.03184982487260202
18542,0.0
18543,0.047402237396321656
18544,0.045256590222448434
18545,0.11679926449444489
18546,0.07335778271517768
18547,0.22994960077281013
18548,-0.11270872017278499
18549,-0.04662331504904316
18550,-0.17597807849878144
18551,-0.19048486174650137
18552,-0.1330631135408642
18553,-0.07381990936587002
18554,-0.02036730199475123
18555,0.02036730199475123
18556,0.07381990936587002
18557,0.10648347661930035
18558,0.14981227354413384
18559,0.028573371627563127
18560,0.002812941297487992
18561,-0.0284919549824596
18562,0.0284919549824596
18563,-0.008462673680009303
18564,0.16901337118629245
18565,-0.03159436465030385
18566,-0.09309042065709905
18567,0.0027063615244991013
18568,-0.010869671941526438
18569,-0.024897550932927448
18570,-0.045853303181813576
18571,0.25716239151355325
18572,0.044353166566039715
18573,0.021460050559217514
18574,-0.008528836165666576
18575,-0.06639606110328833
18576,-0.118927852582416
18577,-0.11168055663116627
18578,-0.011594332444844202
18579,0.037200282621459024
18580,0.01394722709179419
18581,0.01375537469005872
18582,0.013568728837842325
18583,-0.4231406050688018
18584,-0.004123717013811312
18585,-0.020877584149776585
18586,-0.07898840785062289
18587,-0.11607216563280343
18588,-0.05264373071341932
18589,0.016086136889059688
18590,-0.07165598495506753
18591,-0.0467921587693767
18592,0.09149233518923561
18593,-0.06782259250403788
18594,0.13645109526873345
18595,0.7083373201591412
18596,-0.06487358395659859
18597,-0.05511036119155843
18598,0.002828856120453249
18599,-0.0056657373751738405
18600,-0.04652001428207919
18601,-0.014992784136565795
18602,0.006024114421930626
18603,0.02373998659855614
18604,0.020320001901076523
18605,0.0199153091343236
18606,-0.008486613637241902
18607,0.2826980750749857
18608,-0.12530590546080234
18609,-0.029558801513389188
18610,-0.010050335600976457
18611,0.02247285529089149
18612,0.09418721284025322
18613,-0.04129026799032198
18614,0.023149181331056923
18615,0.0
18616,0.02262539900604832
18617,-0.011248712282800888
18618,0.006764399936017629
18619,0.21728371496736676
18620,-0.1647552298372763
18621,-0.1616413478157206
18622,-0.10285738272458689
18623,-0.13353138865626857
18624,-0.08961215571349701
18625,0.03077165761456513
18626,0.06831924175398463
18627,0.12682657180699453
18628,0.07982959952710145
18629,0.09507764638260863
18630,0.10373127990928
18631,0.10724552822162847
18632,-0.04822535102401915
18633,-0.12846238441216107
18634,0.0309759272088872
18635,-0.01536802989091246
18636,-0.0950889631289904
18637,-0.1269489993770545
18638,-0.12332321240630817
18639,-0.1335313881602369
18640,-0.07026919324666592
18641,-0.023256861262757056
18642,-0.015810605401691102
18643,0.4759619237412043
18644,-0.048171542451814986
18645,-0.13613217053670157
18646,-0.1681369163526356
18647,-0.18091409004324976
18648,-0.22103605853715935
18649,-0.1471576359922575
18650,-0.08923112803688626
18651,-0.020202705956975375
18652,0.04000533194596567
18653,0.06942850204789597
18654,0.12588023867683473
18655,-0.3582122000979848
18656,0.015267470965287355
18657,0.022472854168557266
18658,0.021978905108469338
18659,0.007220247452165207
18660,-0.029199152560634545
18661,-0.06899286619594669
18662,-0.007968169014256343
18663,-0.016129380629070322
18664,-0.03306085952808813
18665,0.09607382239188711
18666,0.13543796122589358
18667,0.3738597478977277
18668,-0.11663689805092892
18669,-0.10307217954334913
18670,-0.0958817659530582
18671,-0.07847161030736682
18672,-0.08515780229344383
18673,0.007380106752960192
18674,0.07777769554048364
18675,0.09097177229031805
18676,0.07765092958952913
18677,0.09844006742532185
18678,0.14518200280621008
18679,0.27749521622943574
18680,-0.2291341466626049
18681,-0.02608843494988955
18682,0.034635495163084506
18683,-0.04793946019945361
18684,-0.18589936902125492
18685,-0.20186614084089305
18686,-0.07512062533559627
18687,-0.06595796295620815
18688,-0.05448818104164577
18689,0.0
18690,0.21511136413307597
18691,0.36374663486779335
18692,-0.1393136056934483
18693,-0.10880285392392697
18694,-0.07145895972501437
18695,-0.044171215525403706
18696,-0.05981849123388905
18697,0.006825964604459944
18698,0.07216244151215934
18699,0.11355469275289876
18700,0.11211729212858179
18701,0.09622802746106318
18702,0.12489326845315851
18703,0.1500938734890198
18704,-0.13005312340886377
18705,-0.007968169331716624
18706,-0.016129381279477162
18707,-0.004073325221715773
18708,-0.04167269466370316
18709,-0.09829334403956835
18710,-0.10379678854666752
18711,-0.11583180912892299
18712,0.08944505534833036
18713,0.036749540279197745
18714,0.2086053831627952
18715,0.5779757759710344
18716,-0.007067167056608703
18717,-0.1151269887137305
18718,-0.046141154745276136
18719,-0.011173300286015486
18720,-0.005633817559556054
18721,-0.0056657373751738405
18722,-0.014306395241884928
18723,-0.011594332444844202
18724,-0.005847969711429091
18725,0.03458557865287881
18726,0.10734155205264528
18727,0.10840929589294257
18728,-0.19334094717378436
18729,-0.2684770840846782
18730,-0.11506932536626513
18731,-0.09368548008487254
18732,-0.013483349731274963
18733,0.009009069536546122
18734,-0.0411957545523447
18735,-0.09811785114110361
18736,0.07447608920198112
18737,0.009523881057730499
18738,0.018779893769859335
18739,-0.028303774827589834
18740,0.12149754758679077
18741,0.07350245899012409
18742,0.06108768964679667
18743,-0.04934587222968645
18744,-0.03564733731816272
18745,-0.016260520210754414
18746,-0.008230498797808128
18747,0.07174390199806568
18748,0.17589066026019085
18749,0.15783053207580355
18750,0.1458518732738776
18751,0.15415067642589797
18752,-0.020619286777565637
18753,-0.1649729147226502
18754,-0.19170202028751104
18755,-0.008968669714635169
18756,0.017857616868501403
18757,-0.045256590222448434
18758,-0.12475170087163923
18759,-0.12656271859092483
18760,-0.052965533421448274
18761,-0.05151353223824895
18762,0.13573160794280037
18763,0.07410796940646946
18764,-0.003577821219876043
18765,-0.05148195394158828
18766,-0.07034148660826434
18767,-0.13875030247451647
18768,-0.14489134716264873
18769,0.016000340493052878
18770,0.10058723184200602
18771,0.10440311495805732
18772,0.07472354309248841
18773,0.06578773799118665
18774,0.1131949109820698
18775,0.15175890167460393
18776,-0.33074155064786037
18777,-0.23319387666266111
18778,-0.1008812194929094
18779,-0.039891326753688894
18780,-0.07859026983967476
18781,-0.07847161030736682
18782,-0.04879016076807163
18783,0.0
18784,0.03509131734821613
18785,0.07951205765648428
18786,0.2320212121570111
18787,0.268561019109991
18788,0.10959862240493212
18789,0.09562469151220965
18790,0.08727339453858551
18791,0.014306395241884928
18792,0.041730671295338695
18793,0.07857443057358049
18794,0.024876904136512668
18795,0.02666824643558119
18796,0.0
18797,0.021302580199627386
18798,0.06570879479638236
18799,0.2240203553864033
18800,-0.17272706209534405
18801,-0.22575110944496357
18802,-0.13689399237348665
18803,-0.13096837977006004
18804,-0.18300437686995163
18805,-0.23447802555845199
18806,0.1666554320957334
18807,-0.23638876636832462
18808,-0.11155247934950197
18809,0.06609010785672353
18810,0.17062550791083675
18811,-0.08701137253330193
18812,0.14878872929288667
18813,0.07114109686074688
18814,0.01702168684506855
18815,0.0
18816,-0.060888367026056045
18817,-0.009009069536546122
18818,0.03991660563483457
18819,-0.0674412777621658
18820,-0.018779893769859335
18821,0.09918031561472418
18822,0.15476360657654809
18823,0.17494144359582364
18824,-0.31691169925803564
18825,-0.3221682324163
18826,-0.26646621544516425
18827,-0.1130233792691886
18828,-0.0800427005510298
18829,-0.09716373900542497
18830,-0.1661268524328645
18831,-0.06213177338380671
18832,0.012739024154580392
18833,0.1844290178144008
18834,0.3289250014802505
18835,0.10080469185754115
18836,0.097797736894778
18837,0.08907962476006936
18838,0.055262675620308954
18839,-0.06096069641027135
18840,-0.22314353702849665
18841,-0.1709577848264492
18842,-0.16551442322333765
18843,-0.09431066958113243
18844,0.0
18845,0.10426099944420164
18846,0.15556409336026844
18847,0.3230655529450299
18848,-0.024845997043142276
18849,-0.21687392306869713
18850,-0.1980698966490002
18851,-0.07924936379945313
18852,-0.03141619294318421
18853,0.010582108210716257
18854,0.010471298770804438
18855,-0.010471298770804438
18856,-0.02127739618356106
18857,0.09237331064334997
18858,0.450200966410343
18859,0.012422519226952478
18860,-0.1897565223830031
18861,0.014815084687686664
18862,0.21130907966160573
18863,0.26966355287983923
18864,0.004535154959715015
18865,0.06989743656260217
18866,0.10788895769588036
18867,0.15739216823510116
18868,0.07480121075026869
18869,0.04979066304441426
18870,0.05556984961040934
18871,-0.556916710823474
18872,-0.06831924064223838
18873,-0.14660346621739384
18874,-0.22900865571672968
18875,-0.3379438776693
18876,-0.2842515034614779
18877,-0.11607215439290397
18878,0.0
18879,0.04512042849314035
18880,0.0979803946347153
18881,0.24686004876486267
18882,0.5536455766624955
18883,0.5239132341021131
18884,0.11066556417255846
18885,0.064538519153444
18886,0.04935689553679978
18887,-0.05233752358609589
18888,-0.1651562883033395
18889,-0.10379678983041085
18890,-0.06871388976954806
18891,-0.04711792095842471
18892,-0.031182926047468307
18893,0.03555930045573996
18894,0.0593394372704501
18895,0.02439145213253857
18896,-0.1655947557559192
18897,-0.05855330589368313
18898,-0.07294899584336978
18899,-0.10836803053487198
18900,-0.0815498618455952
18901,-0.09596398167877496
18902,-0.07466152319208641
18903,-0.06402185363968327
18904,-0.05959209212757566
18905,0.2610138052178903
18906,0.26547789938667554
18907,-0.036943513241714854
18908,0.1308395943651819
18909,0.03248545363677735
18910,-0.07095173261477727
18911,-0.12516313641805832
18912,-0.11155247934950197
18913,0.018462061703543586
18914,0.10961971868642229
18915,0.16579224649423185
18916,0.21197024187297187
18917,0.1557545240073317
18918,0.07112734181504843
18919,0.16980574420029448
18920,-0.4584833269036861
18921,-0.2679575548613071
18922,-0.16989902715033622
18923,-0.025001300642673474
18924,-0.04531519327801625
18925,-0.04746653401964496
18926,-0.02817087498256976
18927,-0.014388736416902859
18928,0.014388736416902859
18929,0.11460337500470041
18930,0.16411001008980408
18931,0.07796153741565792
18932,-0.07257068907139441
18933,-0.08408311249445033
18934,-0.017699576055123956
18935,-0.018018504420427295
18936,-0.08206494787089147
18937,-0.04714677524965882
18938,-0.03509131734821613
18939,-0.014388736416902859
18940,0.014388736416902859
18941,0.06230387902167811
18942,0.09592011574025516
18943,-0.1370217886098315
18944,0.013889111196114357
18945,0.033901549376830875
18946,-0.04082199174247725
18947,-0.09461596948341633
18948,0.015151803872694547
18949,0.04412480166341437
18950,-0.014493006252312313
18951,-0.022141124243048704
18952,0.007434977934726472
18953,0.08515780229344383
18954,0.2135740872159042
18955,-0.03352269016551679
18956,-0.25782909259087106
18957,-0.185267052057549
18958,-0.06394871875622687
18959,-0.04831857260052974
18960,-0.07182572719817859
18961,-0.010695287972844802
18962,0.05236798003125109
18963,0.06899286468423105
18964,0.0822380907181759
18965,0.11583180593082432
18966,0.1652495609954734
18967,0.08258658575971856
18968,-0.06291382145111424
18969,-0.03974032601701172
18970,0.0
18971,0.0200675617084074
18972,0.11851859283370203
18973,0.10594857209590414
18974,-0.032260860483465326
18975,-0.06782259250403788
18976,-0.15123096017624604
18977,-0.08515780229344383
18978,0.0505522755112926
18979,0.04811924503575771
18980,-0.12114437471560757
18981,-0.046520012027389424
18982,-0.024097549643326666
18983,-0.09368547609242261
18984,-0.13353137986942176
18985,-0.020619285076885596
18986,0.04082199035358869
18987,0.05826890246359895
18988,0.02790878552057352
18989,0.04485056214153138
18990,0.1000834502027641
18991,0.35667492012921054
18992,-0.06305813235109525
18993,-0.05472489636084443
18994,-0.05129329109807701
18995,-0.07512062533559627
18996,-0.043485108787650883
18997,-0.045462370631451865
18998,0.0
18999,-0.023530495564494824
19000,0.0
19001,0.11247797498359757
19002,0.28234870903036935
19003,0.27422290625224743
19004,-0.06291382277093227
19005,-0.07177967917254646
19006,-0.042761857306020445
19007,-0.039609136133684775
19008,-0.07878087371335596
19009,-0.07368771161243881
19010,-0.05439406877752706
19011,-0.018809330778158717
19012,-0.019169914882730232
19013,-0.012987194683463432
19014,0.012987194683463432
19015,0.20359894335669004
19016,-0.07087433572106105
19017,-0.11355469275289876
19018,-0.10676796829431057
19019,-0.10379678597917907
19020,-0.08134563283319052
19021,-0.043296802003511825
19022,-0.017857615805491722
19023,0.00896866917838457
19024,0.043675059687033
19025,0.1722999848052975
19026,0.2473096013987237
19027,0.2118439853350469
19028,0.009049835110417792
19029,-0.004514680150702777
19030,0.013483349731274963
19031,0.008888947022176907
19032,-0.06867686265064243
19033,-0.06359109966984589
19034,-0.03599360079693481
19035,-0.005249355610585926
19036,0.020834085817655
19037,0.025446664366028493
19038,0.05380270336076798
19039,0.3053816370198539
19040,-0.22314354254227986
19041,-0.1875986048443954
19042,-0.05436120626301877
19043,-0.005602255234816056
19044,0.2343168401770046
19045,-0.17435337867916978
19046,0.015748356141419784
19047,-0.03174869663447266
19048,-0.016260519990412448
19049,-0.010989120971785393
19050,0.0641931542039127
19051,0.3431118623423468
19052,-0.06846779667208791
19053,-0.056695341379957576
19054,-0.060103921488584344
19055,-0.07342746518355758
19056,-0.0844173376181594
19057,-0.026248224696918676
19058,0.051825065178147334
19059,0.14107859161450476
19060,0.10404385543912209
19061,0.1120574047257148
19062,0.0943460113546486
19063,-0.13399084127287209
19064,-0.1764564302466134
19065,-0.19823700248356824
19066,-0.07205331364472922
19067,0.01709443238521091
19068,0.06559727889869116
19069,0.1195451446880873
19070,0.0458796036453859
19071,-0.009009069536546122
19072,-0.060624618988380785
19073,-0.03922071123020476
19074,0.07232065809125432
19075,0.0974221086899334
19076,-0.0974221086899334
19077,-0.05743204633641952
19078,-0.024938947103285702
19079,-0.04652001322989063
19080,-0.12375319567270093
19081,-0.08755588554508265
19082,-0.03322564542022999
19083,0.006734031727870793
19084,0.006688987703368898
19085,0.026317306585772027
19086,0.06291382145111424
19087,0.05342516350143933
19088,-0.07188722520498292
19089,-0.09097177229031805
19090,-0.006825964604459944
19091,-0.027779562177691286
19092,-0.03584612920297037
19093,0.021661495217049964
19094,0.007117467262278687
19095,0.0
19096,-0.007117467262278687
19097,0.06899286672504701
19098,0.23111170720677388
19099,0.17435337867916978
19100,-0.01342301973153992
19101,-0.09937246910700503
19102,-0.10480787129587554
19103,-0.08650923791693765
19104,-0.1147755072658252
19105,-0.07723134251085728
19106,-0.0371790004768795
19107,0.0444517592770266
19108,0.09002614541911758
19109,0.14750612802628194
19110,0.21511136855703805
19111,-0.013921337872585315
19112,-0.18419245527896333
19113,-0.028491954170613454
19114,-0.06569525534046816
19115,-0.18232154444827664
19116,-0.16034263719273278
19117,-0.06280089560295998
19118,-0.018692131265122924
19119,-0.038466277128203163
19120,0.14571179788794186
19121,0.08134563283319052
19122,0.21687392306869713
19123,0.17811985967875232
19124,0.26236425232174243
19125,0.1500938734890198
19126,-0.11430476706076398
19127,-0.17920142179123966
19128,-0.14022933427418138
19129,0.05236798277428312
19130,0.04000533261289885
19131,0.09798040378504069
19132,0.15605362355171382
19133,0.06620063472035653
19134,0.12369670930578325
19135,0.060994510842099725
19136,-0.23954957869313365
19137,-0.28019138856536463
19138,-0.1500133055090731
19139,-0.09704578325867219
19140,-0.02580788229066311
19141,-0.046831296550425616
19142,-0.05635293258051455
19143,0.021506203679181546
19144,0.06851994173993603
19145,0.06412452405617497
19146,0.3257673892069044
19147,0.2730008268435924
19148,-0.017212128288591977
19149,0.06388726530231903
19150,0.15925627906744655
19151,0.13491931439343796
19152,0.0611955595861251
19153,-0.013793321815237736
19154,-0.04740223777088737
19155,-0.007308193128691798
19156,0.0
19157,-0.014778593732100997
19158,-0.030229001199765015
19159,-0.5006474022315901
19160,-0.08356507466857543
19161,-0.08617769211261228
19162,-0.13353138548166577
19163,-0.10219093474826568
19164,0.025001300642673474
19165,0.03636764196628928
19166,-0.11332867816414671
19167,-0.04779066057294523
19168,0.04110167286957633
19169,0.12001766586751561
19170,0.23262228291475617
19171,0.11568439384645757
19172,-0.08319894020968022
19173,-0.004576666817952546
19174,0.062242306109109524
19175,0.13299244895231332
19176,-0.0037807226969670538
19177,0.09047758168940412
19178,0.09247508270851412
19179,0.08464264059384474
19180,0.06181742928565992
19181,0.02688333867068282
19182,-0.010666767519742493
19183,0.10910683784625785
19184,-0.15856746665529498
19185,-0.26264598582943366
19186,-0.38372510433835494
19187,-0.42172560077617494
19188,-0.29316151029351234
19189,-0.11641033827773262
19190,0.03636763976170432
19191,0.03509131570618029
19192,0.07738665505587106
19193,0.1295340392668689
19194,0.25442482970112446
19195,0.021506203679181546
19196,0.11383513501795228
19197,0.07320339955568578
19198,0.13205971473592903
19199,0.11663689805092892
19200,0.1329578279647019
19201,0.1455075782328179
19202,0.05735129453612897
19203,0.02589141309473808
19204,0.08567928411999493
19205,0.06527138850023828
19206,0.09929821838537478
19207,-0.015037876987637144
19208,-0.1177830324998177
19209,-0.25782910094648503
19210,-0.1764564302466134
19211,-0.2308485862996461
19212,-0.18786172575152316
19213,-0.12028615735319903
19214,-0.06203538610742321
19215,0.0
19216,0.08434114196316322
19217,0.05018974092451378
19218,0.18464983476301144
19219,0.02298951690334583
19220,-0.028820436874141375
19221,0.0
19222,0.051293291463573976
19223,0.07490130416395413
19224,-0.005167969891362922
19225,0.030614634257391415
19226,0.07733319966354246
19227,0.10582551913322424
19228,0.09948554725258951
19229,0.10422350212165599
19230,0.11588513801374889
19231,-0.12963105844600076
19232,-0.2240089689026714
19233,-0.15415067261225168
19234,-0.176279232602079
19235,-0.14914314840753073
19236,-0.0724954967802538
19237,-0.04616203821097553
19238,-0.032002728525518
19239,0.11506932094774269
19240,-0.021978905108469338
19241,-0.08499320626230578
19242,0.12847831504995666
19243,0.0
19244,-0.05841075789043071
19245,-0.07816476673649353
19246,-0.02469261055785177
19247,-0.025317805847537844
19248,-0.05264372886541757
19249,0.0
19250,0.0
19251,-0.018182317430161632
19252,-0.03738752857664451
19253,-0.02898753407213217
19254,0.009756173993527906
19255,0.27792587394845114
19256,-0.060624617220846666
19257,-0.11583180593082432
19258,-0.0727593476621049
19259,-0.07847160774030204
19260,-0.05236798003125109
19261,-0.010810914935445393
19262,-0.010929069337732855
19263,-0.01104983496558365
19264,0.01104983496558365
19265,0.12386946891005612
19266,0.2631107892607645
19267,0.32251600455460316
19268,-0.049871827276045444
19269,-0.028820436874141375
19270,0.023122416084178976
19271,0.022599830640305463
19272,-0.016901809850343064
19273,-0.017192399555086446
19274,-0.029327613374178885
19275,0.0
19276,0.04082199213930293
19277,0.005698020789962399
19278,-0.005698020789962399
19279,0.15822399685252542
19280,-0.11352382043266651
19281,-0.07958743339155916
19282,-0.06099450898135794
19283,-0.05162436207322374
19284,-0.061452775016294314
19285,-0.08062972848676697
19286,-0.09607382239188711
19287,-0.09699225742833129
19288,-0.06701070386565267
19289,0.08535984085034753
19290,0.21950054211932013
19291,0.573080485671988
19292,-0.1603426429182644
19293,-0.1016101712440256
19294,-0.038151763884756384
19295,-0.0749630341487717
19296,-0.12078153096531263
19297,-0.06273833625854497
19298,-0.007220247452165207
19299,0.035590942569004635
19300,0.04110167286957633
19301,0.052299495983022304
19302,0.09124866591041281
19303,0.09425253301670766
19304,-0.032260860483465326
19305,-0.12808178038996587
19306,-0.05096644034435238
19307,0.012987194683463432
19308,0.06856266716213177
19309,0.05279818246886414
19310,0.005698020789962399
19311,-0.02298951690334583
19312,-0.005830919970795545
19313,-0.005865119108400929
19314,0.13720111397200707
19315,0.26038991840741454
19316,-0.1172890816043477
19317,-0.06899286831234841
19318,-0.033901550033645034
19319,-0.030002248803461473
19320,-0.07371757201318019
19321,-0.050430850800436744
19322,-0.029156582591122415
19323,-0.005934735167602678
19324,0.005934735167602678
19325,0.03488725697170025
19326,0.10307217954334913
19327,0.04534781769315144
19328,-0.10371982081664166
19329,-0.10961971868642229
19330,-0.09592011574025516
19331,0.019934213576196846
19332,0.03871450968235601
19333,0.043350438188535456
19334,0.0
19335,-0.018349137545861982
19336,-0.025001300642673474
19337,0.1844290284739598
19338,-0.08223809372569413
19339,0.21049242291409076
19340,0.04082199266840325
19341,0.03493804983529092
19342,0.04202298800865645
19343,-0.0814153879949151
19344,0.03939239998625865
19345,0.23593689375396965
19346,0.15656905577874225
19347,0.12516313954394676
19348,0.11122563241807182
19349,0.0959340729168967
19350,0.04073883014916291
19351,-0.05751071141136288
19352,-0.2729913504056487
19353,-0.3487697528393183
19354,0.019493793920960734
19355,-0.0313751213371547
19356,-0.10050291743815576
19357,-0.1519504516884682
19358,-0.0968498207747941
19359,-0.0702042545643633
19360,0.04734611779460618
19361,0.06706422683113189
19362,0.37806611690303393
19363,-0.02626792583483395
19364,0.059057747463081345
19365,0.0658817023987921
19366,0.07745805653785753
19367,0.042559613124800055
19368,-0.05192005559230184
19369,-0.022187914272042697
19370,0.08004270520805301
19371,0.14821594023184925
19372,0.012674440575440649
19373,0.005025136076413084
19374,0.04412480382709649
19375,-0.05420045556203901
19376,-0.32289394443269037
19377,-0.2760944461614794
19378,-0.11203918901368892
19379,-0.16191267610307936
19380,-0.1292117231205503
19381,-0.0939318130421456
19382,-0.015267470965287355
19383,0.03030534719911815
19384,0.0
19385,0.2951170318679903
19386,0.4489501999533414
19387,0.2742949831625068
19388,-0.041271330619695235
19389,-0.043048252332888115
19390,0.011661939407836996
19391,-0.1265167117159085
19392,-0.14107859327585448
19393,-0.08288765653229246
19394,-0.07696103784394737
19395,-0.01342301973153992
19396,0.056908129780025796
19397,0.06187540116489609
19398,0.10975085980141319
19399,-0.08603433412159678
19400,0.007782140139244831
19401,-0.1916674110235257
19402,-0.13554548518114018
19403,-0.043963121004781947
19404,0.0
19405,-0.04011999148966838
19406,0.011628037319054929
19407,0.02285813676975712
19408,0.03333641841522583
19409,0.08381866748951872
19410,0.4905203381232206
19411,0.35390186258553813
19412,-0.16901949012369277
19413,-0.20038655851704146
19414,-0.08134563680564755
19415,0.03333641915617225
19416,0.03226086117736804
19417,0.028170876084861796
19418,-0.006191970056217855
19419,0.1031842331905346
19420,0.10367842671616234
19421,0.0846938767985983
19422,0.0737764604723754
19423,-0.33174205376750576
19424,0.05548868399671436
19425,-0.028820437704816904
19426,-0.09180754644160682
19427,-0.0032102755271892214
19428,-0.03934933749807268
19429,-0.010084118727658353
19430,0.010084118727658353
19431,0.03612872290175417
19432,-0.009724549576769714
19433,-0.039872389922362306
19434,0.16234941852717855
19435,0.39095105589864376
19436,-0.2024049208754608
19437,-0.05393463791237885
19438,0.06579717294075627
19439,-0.01664723303724669
19440,-0.0669394810148991
19441,0.007662872549836219
19442,0.06406130647393216
19443,0.04206227419039932
19444,-0.004587163901695668
19445,0.070983225004984
19446,0.088081466244041
19447,0.015564516238287585
19448,-0.1144103488377417
19449,-0.0717796807833384
19450,-0.050070051450742614
19451,0.050070051450742614
19452,-0.007001195295593732
19453,-0.05784744988724988
19454,-0.0379312213641092
19455,0.07208088038314742
19456,-0.08244366715022311
19457,0.012936790695993405
19458,0.13449493531276335
19459,0.24843888219246368
19460,-0.029348482032788503
19461,0.0
19462,0.016114941103854363
19463,-0.017921626296162785
19464,-0.04059597953118654
19465,0.018657257256439408
19466,0.03986034857090992
19467,0.0035461029438765834
19468,-0.08685048728105427
19469,-0.05556985005166659
19470,0.012170535373382307
19471,0.06818609318811264
19472,-0.09681790527684209
19473,-0.10951852340522983
19474,-0.054710430899579165
19475,-0.04500759493186601
19476,-0.015464225299003154
19477,-0.010443958888390448
19478,-0.037437526070893234
19479,-0.05028992444680469
19480,-0.049936951818751574
19481,-0.03369384475430692
19482,0.22501095921197933
19483,-0.20649191201634975
19484,-0.27653141499073053
19485,-0.166321208151047
19486,-0.10536051036682137
19487,0.0
19488,-0.037740325947845044
19489,0.027101928308672196
19490,0.06720874621751438
19491,0.11778303010082825
19492,0.14458122282820174
19493,0.1629034651550536
19494,0.1708177271809408
19495,0.10204925168158274
19496,-0.13851893043975494
19497,-0.12136085331763136
19498,-0.009724549576769714
19499,0.09619814490833045
19500,0.02915658344128902
19501,0.11650507705070723
19502,0.06677387088738751
19503,0.0023894873402849903
19504,-0.02905773377586618
19505,-0.06864193097639903
19506,-0.0079260650630113
19507,-0.13618743281270085
19508,-0.41156267249986067
19509,-0.21970907759427805
19510,-0.028987535192579905
19511,0.017493156427455858
19512,-0.011628037319054929
19513,0.051293291463573976
19514,0.0902468730536441
19515,0.1058679959791915
19516,0.13638120349382055
19517,0.15130085754243572
19518,0.14629208855396048
19519,-0.03922071196984911
19520,-0.20409534937689733
19521,0.01869213231334088
19522,0.04702493694351473
19523,0.1805532039000486
19524,0.12203487841133143
19525,0.0754126018838015
19526,0.03333641947372046
19527,-0.03091803866792464
19528,-0.08569471894368297
19529,-0.187598608464556
19530,0.028170876084861796
19531,0.009216654821766479
19532,-0.25262589508967803
19533,-0.11679926286854192
19534,-0.02237229675345187
19535,-0.03687053410883978
19536,-0.06297479610974577
19537,-0.030459205938316636
19538,-0.005167969891362922
19539,0.015424469532568263
19540,0.020202706297111295
19541,0.03440142502651122
19542,0.07445297472862045
19543,-0.09890406939701313
19544,-0.030153036655229837
19545,0.025190247559394585
19546,0.009901070492551511
19547,0.08947139861445352
19548,0.09038405757548729
19549,0.10164993228374852
19550,-0.04563529297083457
19551,-0.1419043075025579
19552,-0.08416178838427202
19553,-0.06031978720053921
19554,0.015424469532568263
19555,0.37787713553396296
19556,-0.15882357950807924
19557,-0.08106781962794418
19558,-0.03620304702545596
19559,-0.04235927184516752
19560,-0.054334348278831435
19561,-0.015345568889689964
19562,0.0
19563,0.010256499641205341
19564,0.030153036655229837
19565,0.06701070707430645
19566,0.1136593134985393
19567,0.052325816895112176
19568,-0.048202099881300864
19569,-0.03774032640006775
19570,0.01273902523647985
19571,-0.025642429517386933
19572,0.04652001366716352
19573,-0.033616609386256435
19574,-0.021599110870382354
19575,-0.022075950724465
19576,-0.022574321019295684
19577,0.0
19578,0.09572519950582992
19579,0.3529335013360284
19580,-0.07882867089743684
19581,-0.0651696329502891
19582,-0.048285239493806476
19583,-0.054459915154636995
19584,-0.09381875154748132
19585,-0.07663322275673501
19586,-0.04063764389666513
19587,-0.013921337872585315
19588,0.004662012888467348
19589,0.032039352278034006
19590,0.07796153809133344
19591,0.06062461936545471
19592,-0.11191791156002262
19593,-0.03571808100718332
19594,0.0
19595,-0.013730192183498247
19596,0.004597709037239994
19597,0.0
19598,0.004576666817952546
19599,0.0
19600,-0.018433700839310507
19601,0.022989517167616214
19602,0.09116938317752421
19603,0.12467485683056578
19604,-0.025975485439312607
19605,0.01492564965972809
19606,0.03993270888552258
19607,0.007092228057992145
19608,-0.05819823712549388
19609,-0.04991438946481752
19610,-0.019881369763265155
19611,0.03162318718037538
19612,0.08927858111520903
19613,0.15160549655735878
19614,0.1632831587835173
19615,-0.03166491380834335
19616,-0.33059142862917756
19617,-0.23440069598246627
19618,-0.08358671199602608
19619,-0.06351340235956826
19620,-0.03333641841522583
19621,-0.02285813676975712
19622,-0.005797117348259384
19623,-0.017595760858316822
19624,-0.023953239588029973
19625,0.018018504420427295
19626,0.179340918883252
19627,0.4202801768218003
19628,-0.14008878825643567
19629,-0.15415067356159406
19630,-0.04027389733548903
19631,-0.051533647700360063
19632,-0.0905140029861764
19633,-0.08223809372569413
19634,-0.07718963410559221
19635,-0.03135052791820403
19636,0.006349227275530556
19637,0.04939275227940154
19638,0.14550757551360816
19639,0.2273015508733165
19640,-0.24835495896299298
19641,-0.2947995219835642
19642,-0.12136084778767797
19643,-0.1289336722779364
19644,-0.018519046052412946
19645,-0.028437932624631568
19646,-0.04927104415052819
19647,-0.06252035046455395
19648,-0.021739984273178248
19649,0.04301738045673931
19650,0.1646219637171118
19651,0.3934888880167007
19652,-0.1013524878345855
19653,-0.08338160314194987
19654,-0.13146312937960447
19655,-0.10444265426910704
19656,-0.0962280228275727
19657,-0.020408869548524944
19658,0.030459204391925176
19659,0.05826890246359895
19660,0.05505977212911972
19661,0.06062461656433449
19662,0.12615127536736148
19663,0.11200505052758691
19664,0.019672764308604318
19665,-0.0465200125427474
19666,-0.10008345139622365
19667,-0.04616203821097553
19668,0.031010234338280984
19669,0.015151803872694547
19670,0.0724954967802538
19671,0.10605956492333668
19672,0.06099450898135794
19673,0.0904571050377081
19674,0.10265414878651757
19675,0.3571626152278644
19676,0.0881483838970123
19677,0.23803215718850268
19678,0.2589480475168422
19679,0.018832947978401737
19680,-0.018832947978401737
19681,0.05005678785640022
19682,0.014362903742491717
19683,0.016792263482605208
19684,0.0
19685,0.0
19686,0.0
19687,0.0
19688,-0.08884557979088692
19689,-0.3018302116681606
19690,-0.1065125866062635
19691,0.0
19692,0.01997213261705877
19693,-0.05516637970654914
19694,-0.005988041665339061
19695,-0.03670136572781013
19696,-0.18045413645837405
19697,-0.20649190916364146
19698,0.0579226451511885
19699,0.6556565508263139
19700,0.12648414443918954
19701,0.12195473775327415
19702,0.0
19703,0.0
19704,-0.07175114675628347
19705,-0.14789283412608434
19706,-0.21607253480744815
19707,-0.12697145804182997
19708,-0.02492340767594614
19709,0.11321601222140787
19710,0.013986241583503478
19711,-0.09920664718637928
19712,-0.23393778836024692
19713,-0.11923757645894595
19714,-0.2632379953660289
19715,-0.04058527776166265
19716,-0.10601818745892144
19717,-0.03344793182980332
19718,-0.03460552678215123
19719,-0.021353122950658054
19720,0.21302052987985087
19721,0.09425253301670766
19722,0.5234440661631128
19723,0.09844006987438103
19724,0.2344431006309624
19725,0.11453181115344835
19726,0.07896304228524009
19727,0.05494402875377524
19728,0.0
19729,0.0
19730,0.0
19731,-0.007919090959586761
19732,-0.04702493779418848
19733,-0.07496303703189389
19734,-0.10513875936931738
19735,0.03913542809261328
19736,-0.1079699323328902
19737,-0.42950471455093053
19738,-0.43134453641256076
19739,-0.36150196022166403
19740,-0.19530873492671308
19741,-0.07109591445978891
19742,0.02083408473246795
19743,0.06001800372084887
19744,0.11020313000275817
19745,0.18954178975336733
19746,0.25291185663353977
19747,0.14049035562659418
19748,0.13595563006522138
19749,0.17452285752244334
19750,0.13619687167937444
19751,0.11155248262762463
19752,0.046141154745276136
19753,0.03901665132745702
19754,0.04489531878793107
19755,0.07288771403398542
19756,0.08056585528937488
19757,0.06479999191425678
19758,0.00586511933773215
19759,-0.10254878897944053
19760,-0.30878142866253455
19761,-0.3651137996234808
19762,-0.17556476619890615
19763,-0.176279232602079
19764,-0.12155519379156088
19765,-0.08515780229344383
19766,-0.06108768731375536
19767,0.0
19768,0.06108768731375536
19769,0.1053605082504192
19770,0.3738597478977277
19771,0.24671670900301113
19772,-0.22853439074633508
19773,-0.12456271666639962
19774,-0.05775883111854663
19775,-0.010869671646148937
19776,-0.016529301040463906
19777,0.06453851766534902
19778,0.12240197551229404
19779,0.13353138686415456
19780,0.08499320954784917
19781,0.06800472667909618
19782,0.12658691615744022
19783,-0.15465893395101382
19784,-0.30081657714269383
19785,-0.13353138575639134
19786,-0.1164103450610714
19787,-0.11086258557468831
19788,-0.0567528125652661
19789,-0.0371790004768795
19790,0.022472854168557266
19791,0.029199152560634545
19792,0.014285956227016339
19793,0.1811388127945177
19794,0.20763935368357078
19795,0.29008302188361945
19796,-0.2159750531639637
19797,-0.15937261609524622
19798,-0.07612369133164698
19799,-0.04035129319721298
19800,-0.0482020989130123
19801,-0.012422519226952478
19802,0.006230549362437721
19803,0.030583421501242825
19804,0.041303803703740094
19805,0.05619455518498295
19806,0.06862850276469556
19807,0.12004803651569684
19808,-0.0751527188477259
19809,-0.029705152943147795
19810,-0.06219620464522624
19811,-0.06632263926415138
19812,-0.01729149611338343
19813,-0.041549000446346795
19814,0.018018504420427295
19815,-0.01197619032956121
19816,-0.012121359797699238
19817,0.07061756305652578
19818,0.11778302934325247
19819,0.35364002519952153
19820,-0.19948935258726985
19821,-0.12429771094801323
19822,-0.07109591807175919
19823,-0.05406721834629913
19824,-0.051293291463573976
19825,-0.017699576055123956
19826,-0.030213776770612988
19827,-0.031155165838349763
19828,-0.006349227275530556
19829,0.025158558053689273
19830,0.06609010785672353
19831,0.06744127700382396
19832,-0.15868994291423677
19833,-0.10041874101878001
19834,-0.03584612920297037
19835,0.02877896247932865
19836,0.027973850085937446
19837,0.0068728788153955556
19838,-0.0068728788153955556
19839,-0.04948005376511899
19840,-0.05205635808394371
19841,0.0226424750407479
19842,0.2895459871289008
19843,0.16920046013514778
19844,-0.07847161159089877
19845,-0.04167269422948694
19846,0.026248224696918676
19847,-0.005194816607242192
19848,-0.04800921662488511
19849,-0.016529301040463906
19850,0.032789821030876354
19851,0.07257068907139441
19852,0.11332867994986051
19853,0.11380688247452486
19854,0.1305388668124663
19855,-0.09147140014801813
19856,-0.035091318442906694
19857,0.003960401059249108
19858,0.0
19859,0.011787955288850682
19860,-0.011787955288850682
19861,-0.015936591627861763
19862,-0.028515169146349884
19863,-0.037899270994845136
19864,-0.03939239998625865
19865,-0.013483349731274963
19866,0.12729023220579982
19867,-0.1182811626692537
19868,-0.060064237966651834
19869,0.037387530324132445
19870,0.062242306109109524
19871,0.03390155023889996
19872,-0.021053408311307642
19873,0.012685158990930923
19874,0.00836824932037672
19875,0.020619286352395516
19876,0.04391923218100935
19877,0.04953393323449751
19878,0.09564807133128417
19879,0.13268643696097326
19880,-0.13268643696097326
19881,-0.0772313452234239
19882,-0.08767516391199903
19883,-0.08737362657096526
19884,-0.0674412777621658
19885,0.009259324984117967
19886,-0.03278982128689245
19887,-0.033901550033645034
19888,-0.014888611754834802
19889,0.08157998307537229
19890,0.17693070068616779
19891,0.21772347629073296
19892,-0.08419208849246473
19893,-0.1220149461788087
19894,-0.0794067744500353
19895,-0.05085841507754418
19896,-0.06280089842099512
19897,-0.009302392229638023
19898,0.03218668501579858
19899,0.052875749717533616
19900,0.0254250972883594
19901,0.04898938519990681
19902,0.09494792297661281
19903,0.010810915714625224
19904,-0.1422740501846591
19905,-0.09986599200039947
19906,-0.16332504800195924
19907,-0.11980119297000158
19908,-0.043350438188535456
19909,-0.025642428969411935
19910,-0.019672764308604318
19911,0.019672764308604318
19912,0.08104120494830092
19913,-0.012048337790353525
19914,0.07583807196521963
19915,0.15093523510268758
19916,-0.029413883764227933
19917,-0.00498754126228329
19918,-0.005012541572288143
19919,-0.030614634257391415
19920,-0.042334361585978364
19921,-0.05556984806600784
19922,-0.01729149611338343
19923,0.028655254118016504
19924,0.03333641841522583
19925,0.032260860483465326
19926,0.10058723184200602
19927,-0.07964405909334404
19928,-0.08654045164735313
19929,0.016807117374761926
19930,0.011049835576084188
19931,-0.05651220706886262
19932,-0.005830919970795545
19933,0.005830919970795545
19934,0.0
19935,0.05651220706886262
19936,0.021739985454792166
19937,0.1495317265038194
19938,0.12188981229634743
19939,0.3139727566400117
19940,0.14986434247964953
19941,0.007702220164344187
19942,0.05474003161329444
19943,-0.0344861752215877
19944,-0.06738299549905324
19945,-0.01621657115094033
19946,-0.07347936869349692
19947,-0.002936859587058027
19948,0.02898753603291615
19949,-0.014388737038021127
19950,0.01152750483885523
19951,-0.26782325500228943
19952,-0.35614002552291124
19953,-0.24750198012903635
19954,-0.14732470388493057
19955,-0.048790160201178434
19956,0.00829880212598999
19957,0.040491358075188444
19958,-0.032260859616088045
19959,-0.0082304984591004
19960,0.0
19961,0.01639380843186178
19962,0.17142225352825724
19963,0.38703138443780505
19964,-0.04762804672039467
19965,0.009708813655651571
19966,0.06544390519207433
19967,0.017937699882242697
19968,-0.07376614683716376
19969,-0.019324271892804834
19970,0.04296603383192732
19971,0.09360949494652715
19972,0.13140146112693962
19973,0.10610650223816176
19974,0.09286668141584187
19975,-0.264507222505872
19976,-0.24733826872149667
19977,-0.14821593615625472
19978,-0.09294610674597736
19979,-0.09531017331081904
19980,-0.021661495217049964
19981,0.021661495217049964
19982,0.02817087498256976
19983,0.020619285785501873
19984,-0.0136988434198555
19985,0.08586128493201484
19986,0.12479076538857115
19987,0.280674321622548
19988,-0.03871451051513386
19989,-0.031182926047468307
19990,0.013483349731274963
19991,0.056414086831327204
19992,-0.004228335930732463
19993,-0.004246290701141131
19994,0.004246290701141131
19995,0.033336418878317176
19996,0.024292691585437787
19997,0.023716525679816414
19998,0.045809534282227116
19999,-0.038027394142982285
20000,-0.2851014130715881
20001,-0.1261945956275281
20002,-0.06025918788592799
20003,-0.018809330778158717
20004,0.025001300642673474
20005,0.006153865195676289
20006,-0.03750439311388032
20007,-0.052299495983022304
20008,-0.11359716964983013
20009,0.014925649102779825
20010,0.0986715205470503
20011,0.2993585847507676
20012,-0.11034805136455406
20013,-0.1240526413324532
20014,-0.09217045372722232
20015,-0.0567528125652661
20016,-0.044783599283796605
20017,0.12874897352252468
20018,0.20553983442667745
20019,0.10371982081664166
20020,0.01951281327167642
20021,0.17666953553925957
20022,0.31661175976516853
20023,-0.21287199399455492
20024,-0.15780698479167654
20025,-0.0893450963419209
20026,-0.1456201826184449
20027,-0.0904571050377081
20028,-0.042302377133891955
20029,-0.03135052791820403
20030,0.0
20031,-0.02580788229066311
20032,0.01941808460018901
20033,0.15963013613412924
20034,0.16115186715306118
20035,0.2748088583396364
20036,0.06498011750852584
20037,0.009884758906844482
20038,-0.029952321286452754
20039,0.010084118727658353
20040,0.04575961565353248
20041,0.04375697898925823
20042,0.033085723590524196
20043,0.05188483387310061
20044,0.09887887837263598
20045,0.14428758275322595
20046,0.15289123069411126
20047,-0.118255734781191
20048,-0.10536051329376006
20049,-0.245253797098397
20050,-0.1709065879248839
20051,-0.09782228941044746
20052,-0.06532934492398823
20053,-0.060888367026056045
20054,-0.060064237966651834
20055,-0.024097550417620184
20056,0.0751527188477259
20057,-0.1886765392803924
20058,0.1376213708502867
20059,0.3958956415242487
20060,0.006389797894622795
20061,-0.05903352964754305
20062,-0.08088765629284778
20063,-0.12053406433599623
20064,-0.09077502071237875
20065,0.013483349731274963
20066,0.06481749727461805
20067,0.12933850928818869
20068,0.18415809841759012
20069,0.19649182893177253
20070,0.2059104795147042
20071,-0.45902120066456487
20072,-0.19207772488609276
20073,-0.09452616960435467
20074,-0.09962983643324197
20075,-0.10008345354445147
20076,-0.05406721834629913
20077,0.10536051010227077
20078,-0.09431067452618658
20079,-0.016620880315173725
20080,-0.016901809850343064
20081,0.049871827276045444
20082,0.09776416373144547
20083,0.24640040277304598
20084,0.00763362456370853
20085,0.051863472087843476
20086,0.03894297256974655
20087,-0.09080644465759002
20088,0.06263556868295739
20089,0.05218575135458936
20090,0.08134563680564755
20091,0.08388148146633423
20092,0.0057306745447816
20093,0.07165598693075115
20094,0.07182573272798631
20095,0.017178336113509385
20096,-0.17504879281026797
20097,-0.26381458229479593
20098,-0.1591948202019977
20099,-0.05924283086229165
20100,-0.014184634321265932
20101,0.014184634321265932
20102,0.01860518696562652
20103,-0.013921337872585315
20104,0.023095713727777856
20105,-0.00917437585519254
20106,0.013730192183498247
20107,0.3746934352368658
20108,-0.10189430432926416
20109,-0.14496576485226198
20110,-0.04082199285358845
20111,-0.004175371236143199
20112,-0.012631746374023312
20113,0.004228335930732463
20114,0.10409388687135435
20115,0.10459976631427903
20116,0.1253645690736862
20117,0.09503548952072505
20118,0.15021830757767196
20119,-0.18374099867975202
20120,-0.17665581376906347
20121,-0.2664403467180514
20122,-0.17878797555037895
20123,-0.032260860483465326
20124,0.005449604470581626
20125,0.010810915519830822
20126,0.05745705202276774
20127,0.025063967406745213
20128,0.00985229595766901
20129,0.0
20130,0.08455738405350077
20131,0.5427432078672618
20132,-0.01849458214750843
20133,-0.05762911125471559
20134,-0.03741443477333206
20135,-0.0888792867482655
20136,-0.11538207019890434
20137,-0.08635756528774774
20138,-0.052325816895112176
20139,-0.02935221078165018
20140,0.021053408311307642
20141,0.05275056324455418
20142,0.08338160577699583
20143,-0.0599430337206317
20144,-0.1723329916489278
20145,-0.18048836663879886
20146,-0.044951385336057026
20147,-0.05918886788598554
20148,0.10961971868642229
20149,-0.1856056208504806
20150,-0.013245225872827948
20151,-0.02702867056143532
20152,-0.027779562177691286
20153,0.007017572166181374
20154,0.14914314840753073
20155,0.3560723347317176
20156,-0.07898840785062289
20157,0.013605651438723498
20158,0.02227263461694129
20159,-0.017778245231097944
20160,-0.055313635433736685
20161,-0.028848152950535333
20162,0.014528099859345112
20163,0.03774032620222023
20164,0.058443593241900516
20165,0.09173093175005986
20166,0.15812682237986575
20167,-0.3703737730494163
20168,-0.3159936869711899
20169,-0.07723134251085728
20170,-0.05244647144216685
20171,-0.0800427012632805
20172,-0.03390154880211815
20173,-0.017391741199467514
20174,-0.02666824471136975
20175,-0.009049834700917359
20176,0.009049834700917359
20177,0.07796153471295542
20178,0.24946084123331635
20179,0.34294473227471567
20180,-0.04717855804886106
20181,-0.03440142502651122
20182,-0.0100503353484509
20183,0.015037876610734191
20184,0.01970507010857636
20185,0.024097550417620184
20186,0.0
20187,0.0
20188,0.03278982128689245
20189,0.07114109686074688
20190,0.13994852134013458
20191,-0.11034805281563198
20192,-0.37469343050201775
20193,-0.13613216548619667
20194,0.013793321181041929
20195,0.006825964604459944
20196,-0.0704516559851216
20197,-0.0073260395553620405
20198,0.03610500203469069
20199,-0.043485108787650883
20200,-0.053244510467886474
20201,-0.0317486957944193
20202,0.09969935257062801
20203,0.3783364177272124
20204,-0.10536051010227077
20205,-0.0224728545894326
20206,-0.028820436874141375
20207,-0.07275934986887922
20208,-0.05826890435039145
20209,0.013245225872827948
20210,0.06986967552070578
20211,0.08803334431540533
20212,0.06524051832020472
20213,0.08569471678248286
20214,0.16853940978650606
20215,-0.18805222305818248
20216,-0.21333953950306395
20217,-0.08258658575971856
20218,-0.03367321283860303
20219,-0.034846728901333
20220,0.08819270604854035
20221,-0.013072080712944079
20222,0.013072080712944079
20223,-0.026317306585772027
20224,-0.04082199174247725
20225,0.013793321181041929
20226,0.03367321283860303
20227,-0.03367321283860303
20228,0.07263917884108873
20229,0.1028094876432184
20230,0.18805222165072344
20231,0.17834540063590554
20232,0.0913181550577864
20233,0.05998270248464932
20234,0.02033968354759441
20235,0.05229949769293585
20236,0.08248948885364271
20237,0.056995479424682305
20238,0.04336722793949743
20239,-0.37541711366363373
20240,-0.46923170334879805
20241,-0.25131441064422333
20242,-0.007968169014256343
20243,0.03149866457875117
20244,0.03053672152867204
20245,0.05129329062815202
20246,0.02817087498256976
20247,0.06713929832824928
20248,0.14483093912316702
20249,0.038572272660518436
20250,0.0
20251,0.37435553764418206
20252,0.15786125379510496
20253,0.18232155150294904
20254,0.0981920237050029
20255,0.09814026544265442
20256,0.09925495604125034
20257,0.11603171956709257
20258,0.0
20259,0.0
20260,0.0
20261,0.0
20262,0.0
20263,0.0
20264,-0.5000743828711558
20265,-0.2857571344823926
20266,-0.10109611277971586
20267,-0.06142280993072857
20268,-0.018265347143213262
20269,-0.009259324984117967
20270,0.11000089036936744
20271,-0.22836548460600747
20272,-0.03191760127027221
20273,-0.12048939033257122
20274,0.10961971868642229
20275,0.3239033207669828
20276,0.06503246778220007
20277,0.061060254567414596
20278,0.11195890367983719
20279,0.07210329173420327
20280,0.053609449092401285
20281,0.066425474216119
20282,0.045233840687232796
20283,0.06423134712925949
20284,0.06468251854262697
20285,0.056678335828329374
20286,0.0822380966258014
20287,-0.03831886356787928
20288,-0.4483644430924647
20289,-0.22543975584142384
20290,-0.10068859823837828
20291,-0.10724552555666778
20292,-0.043380293538952674
20293,0.00980399961602485
20294,-0.004889985055072099
20295,0.01459879871072367
20296,-0.009708813655651571
20297,0.024097550417620184
20298,-0.048790161788479836
20299,0.26620302908883353
20300,-0.10068859823837828
20301,-0.07476007191989043
20302,-0.06606174755970518
20303,-0.03474294671931055
20304,-0.015267471353787698
20305,-0.015504185734683151
20306,0.02570835538829508
20307,0.06865440137002166
20308,-0.053540764321394985
20309,-0.015113637048626671
20310,0.1373312640206641
20311,0.08885333359373337
20312,-0.11122563034718524
20313,-0.1886765392803924
20314,-0.05619455518498295
20315,-0.04734611779460618
20316,-0.02454110741037674
20317,0.06609010785672353
20318,0.02298951690334583
20319,-0.05849620325882654
20320,0.0753980131091696
20321,-0.04572224672448444
20322,0.14154016451721807
20323,0.5279372434174108
20324,0.17782041903570045
20325,-0.278534391465068
20326,-0.28989200696737916
20327,-0.0498969688807831
20328,0.08040042184486484
20329,0.050219754876898115
20330,-0.008196766868241667
20331,-0.03347592779546149
20332,0.06586742227507125
20333,0.17499062786308128
20334,0.39763069780264804
20335,-0.2750283795693331
20336,-0.25852547943194804
20337,-0.2174128673003537
20338,-0.24116204382987583
20339,-0.15718557320648774
20340,-0.0812254339214955
20341,-0.047252881128461155
20342,-0.008097209576967579
20343,0.016129380629070322
20344,0.023716524742316558
20345,0.07522341557635581
20346,0.3859522706819001
20347,0.15062581909562045
20348,0.0
20349,-0.02141409358665447
20350,-0.026317307162972536
20351,-0.06424226577943326
20352,-0.08399997025971162
20353,-0.026111142640024898
20354,0.010526412432955823
20355,0.07073654751624536
20356,0.11071201930346586
20357,0.09173093175005986
20358,0.054276884749649756
20359,-0.16362941707320688
20360,-0.11279548883854496
20361,-0.0775582303336777
20362,-0.06096069641027135
20363,0.016997575405489407
20364,0.033152205484951125
20365,0.07333126924277433
20366,-0.03599360079693481
20367,-0.02116481007212867
20368,0.04700603992040309
20369,0.0350913180519461
20370,0.13783246818128436
20371,0.11730604544488044
20372,-0.05089160530368542
20373,-0.06213177853260632
20374,-0.048149341789576194
20375,-0.0411957545523447
20376,0.004662012888467348
20377,0.058707598174799536
20378,0.09610730615833152
20379,0.08034912408828188
20380,0.07095173345415384
20381,0.08843729761795016
20382,0.2237703078197133
20383,-0.11966450057015843
20384,-0.35990856426855533
20385,-0.17185024933556603
20386,-0.07484788705988432
20387,-0.09790420965198621
20388,-0.06491954226656338
20389,-0.018462061703543586
20390,0.006191969864514757
20391,0.03636764196628928
20392,0.029327613374178885
20393,0.039665254144519047
20394,0.2793138092425158
20395,0.34185984598753194
20396,-0.15813871589092532
20397,-0.1795282520123731
20398,-0.158343550908691
20399,-0.14197025379282024
20400,-0.07628330027119645
20401,0.0
20402,0.08191711767205279
20403,0.10142017302754969
20404,0.14174628203485629
20405,0.20983957734926983
20406,0.2623642562257329
20407,-0.20342172263653513
20408,-0.2910547455554089
20409,0.01342301973153992
20410,0.08106781962794418
20411,0.10863383678389482
20412,0.04317217031177023
20413,-0.028573371423439298
20414,-0.08306659556041884
20415,-0.12568820989071883
20416,-0.14895585577954007
20417,-0.0532040332321273
20418,0.14237197338320184
20419,0.22787168285264015
20420,-0.16362941707320688
20421,-0.15860502253775
20422,-0.1885911589978022
20423,-0.12014430381315977
20424,-0.014285956227016339
20425,0.04913268512834934
20426,0.02702867056143532
20427,0.019802625988990297
20428,0.05096644034435238
20429,0.12808178038996587
20430,0.1795855679923717
20431,-0.16871589634622275
20432,-0.15145161401906604
20433,-0.05826890435039145
20434,-0.013423019431239691
20435,-0.027398972311237557
20436,-0.021053407720291073
20437,0.06187539946276832
20438,0.013245225872827948
20439,0.0065574001161623485
20440,0.012987194683463432
20441,0.044171215525403706
20442,0.03636764196628928
20443,0.23262228291475617
20444,-0.06831924064223838
20445,-0.11778302934325247
20446,-0.12705887042095831
20447,-0.08058048124539896
20448,-0.0724954967802538
20449,-0.06203538610742321
20450,-0.0325231890609321
20451,0.0325231890609321
20452,0.12751331072149563
20453,0.24817961399805544
20454,0.2849310254571509
20455,-0.07283732083013605
20456,-0.28620167255419426
20457,-0.1462920838931847
20458,-0.16332504395128966
20459,-0.08408311013640501
20460,-0.04485056214153138
20461,0.009132482729244273
20462,0.009049834700917359
20463,0.05264372886541757
20464,0.016949556877301486
20465,0.01666705109622635
20466,0.13868337683176968
20467,0.03533936394730741
20468,-0.07197349444266843
20469,0.0
20470,0.014815084687686664
20471,0.0
20472,-0.060624617220846666
20473,-0.05623971380324866
20474,0.0
20475,0.05623971380324866
20476,0.09672961925553736
20477,0.19873457365283453
20478,0.2641515615449097
20479,-0.15937261609524622
20480,-0.21532081305395767
20481,-0.13167781483619123
20482,-0.09309041583927335
20483,-0.05859415935996992
20484,-0.062242303340998895
20485,-0.02790878552057352
20486,-0.10956219158799207
20487,0.128254322853115
20488,0.20821788369291294
20489,0.0
20490,0.14660346393897106
20491,0.5352014028518854
20492,0.07682020317189542
20493,0.19457017264439358
20494,0.025752495365495065
20495,0.07350245999105809
20496,0.048665170734562224
20497,0.027128666719152594
20498,-0.05244647406241709
20499,-0.04456831831125063
20500,-0.04664768751154913
20501,0.03857227372337935
20502,0.10994458450881073
20503,-0.3130205666866557
20504,-0.4121096339394166
20505,-0.33547271635806064
20506,-0.15066026351674733
20507,0.0
20508,-0.09368547609242261
20509,-0.05505977212911972
20510,0.21175821108534132
20511,-0.07940677129566076
20512,-0.042200350928108143
20513,0.07472353998904024
20514,0.22793205174027564
20515,0.4652150888196722
20516,0.27459682329826274
20517,0.14411349787571215
20518,0.005249355748365048
20519,0.01815873454080119
20520,0.057444004295984286
20521,0.07028653108076144
20522,-0.09984533259415063
20523,-0.0125787818904044
20524,-0.09556337387414571
20525,-0.2812035585633623
20526,-0.1090573732872584
20527,-0.23556606038169736
20528,-0.21407024267573993
20529,-0.1992380162366283
20530,-0.032002728525518
20531,-0.02469261055785177
20532,0.00829880212598999
20533,0.0082304984591004
20534,-0.01652930058509039
20535,-0.01680711690395187
20536,-0.0344861730976338
20537,0.0
20538,0.2196285919100034
20539,0.396031052845637
20540,0.12878078413922678
20541,0.08770557692037784
20542,0.20620703467127344
20543,0.19415600896050478
20544,0.057158412419090254
20545,0.07669261900502988
20546,0.11803157299552147
20547,0.12592299685015895
20548,0.0
20549,0.0
20550,0.0
20551,-0.24619421238902506
20552,-0.6665969272192278
20553,-0.2689360161559913
20554,-0.17435337626042502
20555,-0.04879016076807163
20556,-0.07410796665921682
20557,-0.12260231205888816
20558,0.025752493891655792
20559,0.0655972771051303
20560,0.03125254106210207
20561,0.022814676031064796
20562,0.09325748679176371
20563,0.396290709421923
20564,0.16917872418231727
20565,0.17450901082639403
20566,0.1400460693750687
20567,0.14518200600543185
20568,0.13107136376535955
20569,0.09844007079277839
20570,0.03266380619113329
20571,0.07552473606872301
20572,0.0
20573,0.0
20574,0.0
20575,-0.07931261931391953
20576,-0.47418692864474643
20577,-0.2556793324833331
20578,-0.11679926286854192
20579,-0.10241500065624987
20580,-0.06584656246117326
20581,-0.02116481007212867
20582,0.1805374261673749
20583,-0.15415067238678226
20584,0.0
20585,-0.03713954497873617
20586,0.29307290735518476
20587,0.27653141499073053
20588,0.13962896850734596
20589,0.1503440479932463
20590,0.09385290675638469
20591,0.018576385189499778
20592,0.004081638236349772
20593,0.03403731910240193
20594,0.053652712463997165
20595,0.05798725659926651
20596,0.004391750503828895
20597,0.0
20598,0.0
20599,0.0
20600,-0.3625768809545069
20601,-0.33848937289718073
20602,-0.19440843649477157
20603,-0.08040042184486484
20604,0.06308397258307119
20605,0.02586350947498861
20606,0.0
20607,-0.02586350947498861
20608,-0.08186386635293053
20609,0.009434031788350783
20610,0.26272532963063977
20611,0.2537182675024221
20612,0.143287563830528
20613,0.09707384644640848
20614,0.034635495912920256
20615,-0.004264398695531746
20616,0.006389797962671917
20617,0.04969966752287025
20618,0.09070823711912057
20619,0.05124716694078302
20620,0.0
20621,0.0
20622,0.0
20623,-0.16442825945282546
20624,-0.39212472589949554
20625,-0.2725072648529432
20626,-0.09691789310527676
20627,-0.03603993485942514
20628,0.031605337988215965
20629,0.03063696812089356
20630,-0.004319660957921023
20631,-0.1000834540001363
20632,-0.10058723184200602
20633,0.0957910598085463
20634,0.19979617861037458
20635,0.1081126265903114
20636,0.1166044812477911
20637,0.0
20638,-0.232622287032755
20639,-0.044632152209532094
20640,0.06427914882129482
20641,0.04563529297083457
20642,0.0471956896225465
20643,0.08494067376138048
20644,0.03520363406623073
20645,-0.1380338719382963
20646,-0.09062801403520959
20647,0.25350788378834244
20648,-0.053556102781349146
20649,-0.07038079440203715
20650,-0.046189380827960314
20651,0.03571808132616194
20652,-0.07654007433126564
20653,-0.04255961277189213
20654,0.031130917383657586
20655,-0.027186139248254193
20656,0.1045728000104913
20657,0.20741770236619672
20658,0.2532338082196306
20659,0.24395456984568042
20660,0.0
20661,0.0
20662,0.0
20663,0.0
20664,0.0
20665,0.0
20666,0.0
20667,0.0
20668,0.0
20669,0.0
20670,0.0
20671,0.0
20672,0.0
20673,-0.2780875754383554
20674,-0.04740223777088737
20675,-0.057444004295984286
20676,-0.020779967951967127
20677,-0.01321023138778088
20678,-0.005333345833139269
20679,-0.08944505785012868
20680,-0.11778303200141282
20681,-0.05406721944279047
20682,0.0
20683,0.5476395822468065
20684,0.0355066877564334
20685,0.03802739486611095
20686,0.043802621858819446
20687,0.0106572942846892
20688,0.007919090959586761
20689,0.0
20690,0.0
20691,0.0
20692,0.0
20693,0.0
20694,-0.02754505506616134
20695,0.02754505506616134
20696,-0.11997649778030262
20697,-0.581089756071385
20698,-0.1401153563961577
20699,0.02012140238965232
20700,0.027506644708886085
20701,0.0038684766282686134
20702,0.20207370511344624
20703,-0.4456957771201515
20704,-0.009901070492551511
20705,-0.10480787129587554
20706,0.09480778846130411
20707,0.5844309348150958
20708,0.03846627977076977
20709,-0.2258426014537691
20710,-0.09564807133128417
20711,-0.01876227575145606
20712,0.14107859327585448
20713,0.003284075093338501
20714,-0.07486487641537032
20715,-0.09248730929761928
20716,-0.0038834998755818972
20717,-0.023623144833304188
20718,0.019724504569641255
20719,-0.3690276944710593
20720,-0.2561687902501797
20721,-0.21045070741840277
20722,-0.0944096755512649
20723,-0.040409534254994384
20724,-0.02083408473246795
20725,-0.03208831111900645
20726,0.36101331259925695
20727,0.2231435361626959
20728,-0.10199916144708832
20729,0.05864872325855286
20730,0.2845124820184113
20731,0.2326222853855553
20732,0.48637824958353315
20733,0.12420731303934662
20734,0.15619776048566347
20735,0.0
20736,0.0
20737,0.0
20738,0.0
20739,-0.15619776048566347
20740,-0.03545731109711037
20741,-0.16589667329531999
20742,-0.12533023794533227
20743,-0.39136048831890724
20744,-0.3724042268884742
20745,-0.4847458729486509
20746,-0.1724692417137872
20747,-0.09884582241356288
20748,0.05064372640541581
20749,-0.012422518455347475
20750,0.06062461446349454
20751,0.0571584073040019
20752,0.11531083440978529
20753,0.06701070386565267
20754,0.23052363954865296
20755,0.4152212580678083
20756,0.004842624241277349
20757,0.00481928620369354
20758,0.1389254659942738
20759,0.10326626994955657
20760,0.09702397279278596
20761,0.056587472745348144
20762,0.06271647190030372
20763,0.1675215881648784
20764,0.11863956388210939
20765,0.10192997834854367
20766,0.12939915283699754
20767,-0.8497162169945467
20768,-0.382427420302228
20769,-0.19860242875231915
20770,-0.20997307042409785
20771,-0.1510402421751591
20772,-0.021978904303316504
20773,0.0
20774,0.021978904303316504
20775,0.21440985036910343
20776,0.025975484154047823
20777,-0.008583742954580309
20778,0.23001641288822716
20779,0.480225157197006
20780,0.32306556464306313
20781,0.10198057399215799
20782,0.20016691208887094
20783,0.05083967565539638
20784,-0.06914682268080119
20785,-0.04729013392307024
20786,0.028641575279720666
20787,0.11332868278599495
20788,0.10178269227687098
20789,0.07931261931391953
20790,0.0
20791,-0.06051507369977527
20792,-0.5855545062953365
20793,-0.38723757853263185
20794,-0.2827680415509599
20795,-0.21825355007868286
20796,-0.06725222135345943
20797,0.0913497709967861
20798,-0.18232154092094
20799,0.13353138071976156
20800,-0.025317805847537844
20801,-0.08934509234799215
20802,0.26164507715328966
20803,0.20718960990905533
20804,0.17154241332067954
20805,0.23975359537843666
20806,0.19324359880772768
20807,0.1315325873018085
20808,0.12615128200705383
20809,0.09867152518703648
20810,0.03083944770368907
20811,0.004329010995883564
20812,-0.07394184374108415
20813,-0.13154001797021264
20814,-0.18604199148417466
20815,-0.36630582286562685
20816,-0.17041119213717915
20817,-0.21227386615454824
20818,-0.2436220640184228
20819,0.4111957537531121
20820,-0.4826547113495616
20821,-0.00930239179696235
20822,-0.028437932624631568
20823,-0.039220709307127954
20824,-0.030459204391925176
20825,0.030459204391925176
20826,0.2231435313142116
20827,0.5922212262177751
20828,0.04329680387841783
20829,0.012631746374023312
20830,0.060870712616100775
20831,0.023347363088450646
20832,0.06693948018479423
20833,0.059354240576264594
20834,-0.024014875379956724
20835,0.013793321656689006
20836,0.027028671474677246
20837,0.023065272170952777
20838,0.03834335397232014
20839,-0.4421811062139116
20840,-0.39575627029792493
20841,-0.26381456916928503
20842,-0.1975309548545794
20843,-0.01156082106453482
20844,0.022989515581993025
20845,0.022472853326806153
20846,0.01104983496558365
20847,0.22533891970683628
20848,0.13133599126486617
20849,0.05244647144216685
20850,0.1859645356858164
20851,0.15674470621171643
20852,0.005167969891362922
20853,0.08399997025971162
20854,0.09918031561472418
20855,-0.06654338782350688
20856,-0.09119023368490042
20857,-0.015190164724823152
20858,0.025190247559394585
20859,0.039029342001381195
20860,0.11725125688564964
20861,0.11636358432775395
20862,-0.1914540323644558
20863,-0.3872827673289674
20864,-0.2787133807508755
20865,-0.11332867459271867
20866,0.05826890246359895
20867,-0.038466277128203163
20868,-0.15906467772637622
20869,0.33811289310336035
20870,0.032260859616088045
20871,0.12656271387342066
20872,0.04779066057294523
20873,-0.006688987703368898
20874,0.17783723341230795
20875,0.43498752755834813
20876,0.05310982343307069
20877,-0.02797385106417183
20878,-0.014285956737246419
20879,-0.01449300677743981
20880,-0.048607697247550874
20881,0.022728250216563328
20882,0.07917802686107533
20883,0.07977649977452694
20884,0.10023558147042344
20885,0.16237440605316156
20886,0.11367962143159094
20887,-0.34794125484390204
20888,-0.5328045086306146
20889,-0.3290921087042329
20890,-0.16772274394569298
20891,-0.05358424134750939
20892,-0.05661888865524878
20893,0.14439449182812947
20894,0.05715840917141479
20895,0.015748355728060215
20896,-0.015748355728060215
20897,0.09819201875658123
20898,0.28588187405924215
20899,0.06284790036703125
20900,0.1548755729020468
20901,0.23180160506182235
20902,0.23275240326049262
20903,0.09878154198985456
20904,-0.002478315953046817
20905,0.06484864518284361
20906,0.18038168813778999
20907,0.10234626674940195
20908,0.0
20909,0.0
20910,0.0
20911,-0.5750720325479506
20912,-0.36876372736533947
20913,-0.30281093811751747
20914,-0.08923112803688626
20915,-0.006688987703368898
20916,0.03947880837582263
20917,-0.04621284010369342
20918,0.0590335277108931
20919,0.13671103740319124
20920,0.07490130416395413
20921,0.22107955686928094
20922,0.2825033868036635
20923,0.23244593751523368
20924,-0.17788695491892215
20925,-0.014859113962155224
20926,-0.18712348062839856
20927,-0.04428767856635041
20928,-0.030653739916345568
20929,0.0038834998755818972
20930,-0.24965466587098817
20931,-0.03030534796452189
20932,0.0402064184570734
20933,0.07128908035777748
20934,0.10856637583216333
20935,-0.5658077268718409
20936,0.007220247452165207
20937,0.0
20938,0.0
20939,0.17751384352437016
20940,0.20613219426631746
20941,0.17081772461517675
20942,0.201421720628844
20943,0.14445127819452708
20944,0.09743444767083842
20945,0.13386289933239448
20946,0.18386714825889827
20947,0.05081055144736579
20948,0.04572737381874603
20949,0.0
20950,0.0
20951,0.0
20952,0.0
20953,0.0
20954,0.0
20955,0.0
20956,0.0
20957,0.0
20958,0.0
20959,0.0
20960,-0.03841472710614724
20961,-0.1447836346371938
20962,0.024949318529198017
20963,-0.048379569838491676
20964,0.12731599373871516
20965,0.05176756424775819
20966,-0.15987272213087067
20967,-0.12122446584509605
20968,-0.06406130647393216
20969,-0.07940677550149378
20970,0.11441034819955975
20971,0.3119551022235738
20972,-0.02734901490542363
20973,0.03630162601723885
20974,0.016792263482605208
20975,0.0
20976,0.0
20977,0.0
20978,0.0
20979,0.0
20980,0.0
20981,0.0
20982,0.0
20983,0.0
20984,0.0
20985,-0.3062584517436764
20986,-0.3166696004548184
20987,-0.04341249148535953
20988,0.023609864842774275
20989,-0.1090710912129742
20990,-0.08937984019379108
20991,-0.19212554827989825
20992,0.004914014560952751
20993,0.07095173261477727
20994,0.2385493741832594
20995,0.5398953621908422
20996,0.09968405566399241
20997,0.07931261931391953
20998,0.0
20999,0.0
21000,-0.05865460808146894
21001,-0.15663206752687397
21002,-0.09097177613533347
21003,-0.043802621592294866
21004,-0.06952606085756541
21005,-0.05480823499264753
21006,0.07330281714015596
21007,-0.29293141942821643
21008,-0.41604719933493195
21009,-0.2666286470009944
21010,-0.2876820493036347
21011,-0.2513144018258826
21012,0.0465200102236385
21013,0.4279379243979369
21014,0.06453851650794196
21015,-0.03533936394730741
21016,0.02837069511683943
21017,0.027587954615969856
21018,0.27742555580377415
21019,0.13030453615690218
21020,0.06142280993072857
21021,0.21029540076592834
21022,0.24091571367751996
21023,0.15762894025146057
21024,0.038597298621710685
21025,-0.05023887336614097
21026,-0.06782259469530816
21027,-0.07816477081172213
21028,-0.01639380932773804
21029,-0.10138922294111197
21030,-0.04681041638291328
21031,-0.8335482632235736
21032,-0.10047052259223355
21033,-0.27958483599309547
21034,-0.13815032255091086
21035,-0.05064372640541581
21036,0.02564242732548694
21037,0.1414116373576615
21038,0.19867067499546653
21039,0.2533144087875545
21040,0.11232917754385019
21041,0.1343123297524036
21042,0.22423583973613237
21043,0.5527299831877044
21044,0.14041717553818067
21045,0.12695962485799628
21046,0.06333587399158302
21047,0.029348482032788503
21048,0.0
21049,0.0
21050,-0.08884557979088692
21051,0.01709443303460345
21052,0.03333641965013623
21053,0.03841472710614724
21054,0.0
21055,-0.5353721639137943
21056,-0.5693939549471256
21057,-0.2929871066695422
21058,-0.09672961925553736
21059,-0.15154988534311142
21060,0.0702042525099209
21061,0.2399506515514962
21062,-0.033901549376830875
21063,-0.16454937471286168
21064,-0.02469261055785177
21065,0.161268135184776
21066,0.4172161004506707
21067,0.2099730792742811
21068,0.1377836974875657
21069,0.12107792778970161
21070,0.0
21071,0.09477840368326795
21072,0.09143420363573229
21073,0.06802152450121168
21074,0.13551355095475692
21075,0.12195473775327415
21076,0.0
21077,0.0
21078,0.0
21079,-0.24619421238902506
21080,-0.23385088917968044
21081,-0.22102115228298214
21082,-0.04332807519885673
21083,0.011009285104350397
21084,0.07045165846786672
21085,0.11247797980822183
21086,0.07606003648392123
21087,0.20322823643275978
21088,0.0773866619035104
21089,-0.08894748403727792
21090,0.16866280425346591
21091,-0.2870274014123022
21092,-0.034623963643787725
21093,0.09061823157282722
21094,0.1534432125342149
21095,0.10854016639140251
21096,0.08048217006178104
21097,0.00263273512959028
21098,0.0
21099,-0.05309388949984406
21100,-0.06097126113388196
21101,-0.1012215249746169
21102,-0.02866789423733751
21103,-0.4223859738381739
21104,-0.14283833675814472
21105,0.027186139248254193
21106,-0.170892853829963
21107,0.07443259152231718
21108,0.04939275329612647
21109,0.011976190568612655
21110,0.061557890630326906
21111,0.2923353985191426
21112,0.1988965168640644
21113,0.17736254997788548
21114,0.07724426566017462
21115,0.009687437985057556
21116,-0.09460928439690264
21117,0.0884554189307254
21118,0.006153865466177244
21119,-0.056797597368741126
21120,-0.14552993387699953
21121,-0.1087041991366724
21122,-0.04401688434021889
21123,0.029558801513389188
21124,0.09707384644640848
21125,0.08847872681843816
21126,0.08684335044455205
21127,0.05309388949984406
21128,0.0
21129,-0.12195473775327415
21130,-0.2281063355826971
21131,-0.13851893043975494
21132,-0.0438026213790752
21133,0.05516637970654914
21134,0.07612369340222402
21135,0.0780269823895221
21136,0.10777889404816321
21137,-0.03315220658412077
21138,0.12846238441216107
21139,-0.03622126270536086
21140,-0.03758271036425054
21141,-0.08894748403727792
21142,-0.08237099543641646
21143,-0.007604599192451822
21144,0.047213736306817466
21145,0.06575137601820824
21146,0.026907452316545566
21147,0.039050514024574934
21148,0.01478379587200207
21149,0.0
21150,0.0020942415592557495
21151,-0.18567444753585072
21152,-0.035901290585800716
21153,-0.13689399237348665
21154,-0.13096837977006004
21155,-0.09667629677107614
21156,-0.03442022256995836
21157,0.0038834998755818972
21158,0.14077254879142576
21159,0.0033613475897182887
21160,0.14934528389700708
21161,0.10939859141210828
21162,0.20536994742055636
21163,0.18530584403849115
21164,0.0
21165,0.0
21166,0.0
21167,0.0
21168,0.0
21169,0.0
21170,0.0
21171,0.0
21172,0.0
21173,0.0
21174,0.0
21175,0.0
21176,0.0
21177,-0.06051507369977527
21178,-0.25531282883111395
21179,-0.17561333344400287
21180,-0.06205831198377387
21181,-0.009188425772979958
21182,-0.0408219932382039
21183,-0.04927104738803134
21184,0.0331156076877539
21185,0.09619814490833045
21186,0.08231595023370941
21187,0.27672305207526193
21188,0.1635514509946674
21189,0.0008768084581580737
21190,0.0
21191,0.0
21192,0.0
21193,0.0
21194,0.0
21195,-0.12592299685015895
21196,0.01577941979272124
21197,0.02702867186606639
21198,0.06275120940494405
21199,-0.05516104028229574
21200,-0.2048803374562871
21201,-0.14185228915310422
21202,-0.04932506521058189
21203,-0.10660973189814582
21204,0.0031201272388914347
21205,0.01851904719562958
21206,0.015174797558677344
21207,-0.018237586995416333
21208,0.02124510796891954
21209,0.08073546602323844
21210,0.18416657110816725
21211,0.27346862968873475
21212,0.0
21213,0.0
21214,0.0
21215,0.0
21216,0.0
21217,0.0
21218,0.0
21219,0.0
21220,0.0
21221,0.0
21222,0.0
21223,-0.8954746903464592
21224,-0.17803888663835776
21225,-0.08004270340003217
21226,-0.06899286751869793
21227,-0.06136894260896275
21228,0.14141164570374487
21229,0.037740325947845044
21230,-0.10594857209590414
21231,0.16750646193652896
21232,-0.015037876610734191
21233,0.18819651257292946
21234,0.32867140526445615
21235,0.5413781877936437
21236,0.0
21237,0.0
21238,0.0
21239,0.0
21240,-0.029348482032788503
21241,0.021429391073201742
21242,0.007919090959586761
21243,0.0
21244,0.0
21245,0.0
21246,0.0
21247,-0.28738996788433147
21248,-0.1456201862809854
21249,-0.15145161843857968
21250,-0.08872811269096381
21251,-0.05292239958671985
21252,-0.02197890591362217
21253,0.07490130550034202
21254,0.22931005918801706
21255,0.06094600860161625
21256,-0.02340809028916624
21257,0.16238733794871285
21258,0.06075620810233939
21259,0.18319836174334103
21260,0.0
21261,0.0
21262,0.0
21263,0.0
21264,0.0
21265,0.0
21266,0.0
21267,0.0
21268,0.0
21269,0.0
21270,0.0
21271,0.0
21272,0.0
21273,-0.05124716694078302
21274,-0.14679770260466274
21275,-0.09873483846830489
21276,0.007050557830964976
21277,-0.05289694484993124
21278,0.012270092290700418
21279,0.13870093115924265
21280,-0.06581321712525723
21281,0.03782430782566326
21282,0.09966748310206519
21283,-0.09748645720327387
21284,0.09748645720327387
21285,0.007874056275903207
21286,-0.09668366964170838
21287,-0.06238102160731662
21288,0.04714677736702111
21289,0.10008345646842765
21290,0.12393689891797566
21291,0.0
21292,0.0
21293,0.0
21294,0.0
21295,-0.21528667560834291
21296,-0.16251892566145765
21297,-0.020672570270507062
21298,-0.13092382556519766
21299,-0.05192005559230184
21300,-0.006289328709784936
21301,-0.08214796890816523
21302,0.06303910781871824
21303,-0.036010436344041
21304,0.023065272170952777
21305,0.142449161221875
21306,0.3392931048349914
21307,0.13792314061326083
21308,0.0
21309,0.0
21310,0.0
21311,0.0
21312,0.0
21313,0.0
21314,0.0
21315,0.0
21316,0.0
21317,0.0
21318,0.0
21319,0.0
21320,-0.11997649778030262
21321,-0.34321427270687943
21322,-0.22733057055854466
21323,-0.06500482796059792
21324,0.0
21325,0.029413884124744438
21326,0.007220247712826033
21327,0.049132686852996876
21328,0.040273897786101465
21329,0.06986967774059583
21330,0.2604747906453859
21331,0.02797385139024966
21332,0.2199199658126414
21333,0.05124716694078302
21334,0.0
21335,0.0
21336,0.0
21337,0.0
21338,-0.187417777197032
21339,-0.21892413059736127
21340,-0.09373247507676252
21341,0.16727637653322125
21342,0.0685037527148169
21343,-0.1988965168640644
21344,-0.143529472009857
21345,-0.10858112666991593
21346,-0.11375888103830922
21347,-0.09691789310527676
21348,0.013187003702288091
21349,0.11535407658336405
21350,0.06405201907869484
21351,0.0036429911457873665
21352,0.14528028019651007
21353,0.2015279550986695
21354,0.10946518781649228
21355,0.18653692604350258
21356,0.08693170364523217
21357,0.0
21358,0.0
21359,0.0
21360,0.0
21361,0.0
21362,0.0
21363,0.0
21364,0.0
21365,-0.00263273512959028
21366,0.00263273512959028
21367,-0.18530584403849115
21368,-0.17224590083960267
21369,-0.2269100277258027
21370,-0.1166044812477911
21371,-0.09248730929761928
21372,-0.031498665819061245
21373,-0.012072580748439421
21374,0.14310083824256292
21375,0.013937507358138479
21376,0.07977649977452694
21377,0.11172996056585305
21378,0.16309019056648344
21379,0.32548981320924275
21380,0.0
21381,0.0
21382,0.0
21383,0.0
21384,0.0
21385,-0.15824904321414301
21386,-0.17210695952787347
21387,-0.09457873763513058
21388,0.01331577562114683
21389,0.12422899687166877
21390,0.11882091585120591
21391,-0.08663423009535576
21392,0.004514680252614589
21393,-0.1068631430022271
21394,0.05367141548283039
21395,0.1206819676519224
21396,-0.24981179242197582
21397,-0.24362207520201906
21398,0.2382020078795657
21399,-0.11506932647089574
21400,0.07628330251041371
21401,0.09684982338235582
21402,0.09996134854088634
21403,0.2804050735250101
21404,0.0
21405,-0.022154206528155918
21406,-0.051481954888366044
21407,-0.03650741564091575
21408,-0.05842547497568784
21409,-0.04889390295045093
21410,-0.05370417776984793
21411,-0.08388148196920753
21412,-0.11653381316606426
21413,-0.06378973602509808
21414,-0.0029985029063461788
21415,0.07796153921745974
21416,-0.38893579295112524
21417,0.0
21418,0.0
21419,0.0480092172652542
21420,0.096729622857044
21421,0.0978858379344687
21422,0.10375150168329172
21423,-0.1265167117159085
21424,-0.006600683813505981
21425,0.026145279249804254
21426,0.0715701902732171
21427,0.005988041665339061
21428,0.09937247098948454
21429,0.0829490808293456
21430,0.13259811835239477
21431,0.09748645720327387
21432,-0.005946499069856337
21433,-0.001990050368406937
21434,0.03330376282166325
21435,0.04888191057815661
21436,-0.011070223549995095
21437,-0.07911549235689863
21438,-0.07071552332699493
21439,-0.17887920838151006
21440,-0.14687480372065664
21441,-0.16164134631944327
21442,-0.0689928689806858
21443,-0.20821789239522293
21444,-0.12825432918839663
21445,-0.026668245659686285
21446,-0.010869671646148937
21447,0.032260860483465326
21448,0.20499034680006334
21449,0.13299244895231332
21450,-0.007575793521493068
21451,0.15143106443154153
21452,0.10536051238985245
21453,0.026126303833750253
21454,0.055724720285076135
21455,0.13183618629455252
21456,0.048677047266782125
21457,-0.027524672758710622
21458,-0.009345862199873434
21459,0.025493848235336625
21460,0.031534143696742234
21461,0.032718293909245855
21462,0.05834988184596401
21463,-0.2415301720343681
21464,-0.03942691894300232
21465,0.010666767519742493
21466,-0.10919928890439223
21467,-0.10601819076785901
21468,-0.11860573826554655
21469,-0.10125372975860358
21470,-0.11267315761616015
21471,0.06654338782350688
21472,0.2188424609791233
21473,0.11394425563569
21474,0.23233197098962943
21475,-0.02719574213607734
21476,0.20748270620859932
21477,0.1500690386694945
21478,0.0
21479,0.0
21480,0.0
21481,0.0
21482,0.0
21483,0.0
21484,0.0
21485,0.0
21486,0.0
21487,0.0
21488,0.0
21489,-0.22841596676283427
21490,-0.1752978186943599
21491,-0.07633131611151134
21492,-0.05233752358609589
21493,-0.027233149634258602
21494,0.08239952934080774
21495,0.1296396453782167
21496,-0.02767472145991201
21497,0.017699576651853732
21498,0.23559700712481968
21499,0.12195473775327415
21500,0.0
21501,0.0
21502,0.0
21503,0.0
21504,0.0
21505,0.0
21506,0.0
21507,0.0
21508,0.0
21509,0.0
21510,0.0
21511,0.0
21512,0.0
21513,-0.04206436612709741
21514,-0.24532560175723406
21515,-0.12953404896064358
21516,-0.01879249884484091
21517,0.013459153011701641
21518,-0.008053734590886652
21519,-0.024557850111532886
21520,0.05899833917931341
21521,0.13840231949318937
21522,0.029052321945196802
21523,0.22841596676283427
21524,0.0
21525,0.0
21526,0.0
21527,0.0
21528,0.0
21529,0.0
21530,0.0
21531,0.0
21532,0.0
21533,0.0
21534,0.0
21535,0.0
21536,-0.1419554040599036
21537,-0.11778303313113092
21538,-0.220306664377671
21539,-0.12346486540114432
21540,0.12911459778366563
21541,-0.037307051342058806
21542,-0.017699576577262288
21543,0.011834457296862944
21544,-0.11191791272101348
21545,-0.0165841274654559
21546,0.11069741608131745
21547,0.27335841293739493
21548,0.1808017958949022
21549,0.08121195508149714
21550,0.0
21551,-0.022154206528155918
21552,-0.06286727689744653
21553,-0.09817687831773858
21554,-0.12544388129878703
21555,-0.3407774237260348
21556,-0.18366473357488866
21557,-0.024491019008562542
21558,0.06402185620230716
21559,-0.5490132506217558
21560,-0.03413300403910835
21561,-0.141499551718145
21562,0.07696103521020303
21563,0.07833183768898389
21564,0.17544866648430713
21565,-0.017391741703601138
21566,0.051293291463573976
21567,0.09531017475381987
21568,0.08237099343970522
21569,0.07609934013046749
21570,0.21622310008841028
21571,0.154150674866941
21572,0.19660399076757074
21573,-0.05787778512111297
21574,0.09153480731537345
21575,0.08602586200168272
21576,-0.05805201061143306
21577,0.006872879130306764
21578,0.08109589187977662
21579,0.18232155328518296
21580,0.0008768084581580737
21581,0.0
21582,0.0
21583,-0.26429425362311765
21584,-0.2562187963285214
21585,-0.05767910983520297
21586,0.018576384997782025
21587,0.039102724837420944
21588,0.07663322384479576
21589,0.050609999538039574
21590,0.048171542451814986
21591,0.057708316232657264
21592,0.06992701290075498
21593,-0.0065574004028268185
21594,0.061656080111829326
21595,0.16236427527457398
21596,0.0
21597,0.0
21598,0.0
21599,0.0
21600,0.0
21601,0.0
21602,0.0
21603,0.0
21604,0.0
21605,0.0
21606,0.0
21607,0.0
21608,0.0
21609,-0.11603171956709257
21610,-0.1713582483172389
21611,-0.04540803845360308
21612,-0.0527098150962102
21613,0.04534781883580541
21614,0.029128272215926287
21615,-0.02666824643558119
21616,-0.0581706313832262
21617,-0.03444048906778052
21618,0.1841168848799759
21619,0.1102811226633853
21620,0.13591308972563976
21621,0.0
21622,0.0
21623,0.0
21624,0.0
21625,0.0
21626,0.0
21627,0.0
21628,0.0
21629,0.0
21630,0.0
21631,-0.29914098414367407
21632,-0.21548969607791024
21633,-0.1181496680963603
21634,-0.023373350404825466
21635,-0.06634194581942277
21636,0.04930575924733249
21637,0.101228275064555
21638,0.12260231850895931
21639,0.11656128538341148
21640,-0.014778593732100997
21641,0.04131814832635916
21642,0.16228080234389974
21643,-0.120316604223341
21644,0.040273898236714345
21645,0.09809735853624435
21646,0.11268945592122481
21647,0.01323354092893414
21648,0.0
21649,0.0
21650,0.0
21651,0.0
21652,0.0
21653,0.0
21654,0.0
21655,-0.08121195508149714
21656,-0.2965936461883034
21657,-0.20665617133409597
21658,-0.06831924175398463
21659,0.01669487801471936
21660,0.1616907671569776
21661,0.011204598699002144
21662,0.10061388953267514
21663,0.005025136076413084
21664,-0.03571808169070989
21665,-0.13613217053670157
21666,0.13872620564645777
21667,-0.2928768805133988
21668,0.16892199175086198
21669,0.11615250868127669
21670,0.09933718739663355
21671,0.052946771754649014
21672,0.06299585064568403
21673,0.07696103957667377
21674,-0.003906254890770455
21675,-0.08151149452533613
21676,-0.1051246364309768
21677,-0.0990909001874698
21678,0.033293727246713534
21679,-0.19092266700415905
21680,0.018127384044871686
21681,0.026589453403639052
21682,-0.09152725383142402
21683,-0.11499140482537573
21684,-0.09387751127504407
21685,-0.03607605502756206
21686,0.04781787244467228
21687,0.18749620593153127
21688,0.003220614596318505
21689,0.11240956417653125
21690,0.10104085175170407
21691,0.1380665444403224
21692,0.17018179870287886
21693,0.08502148342560245
21694,0.0
21695,0.0
21696,0.0
21697,0.0
21698,-0.006153865466177244
21699,-0.0750580896153199
21700,-0.08115232019307683
21701,-0.04642183587153381
21702,0.02769079955531728
21703,-0.053950513564196
21704,-0.05937816922179895
21705,-0.22020668584479886
21706,-0.14490711637090525
21707,-0.18164381365535576
21708,-0.15347339571333807
21709,-0.06359109966984589
21710,-0.06791120206720702
21711,0.00539084834426351
21712,0.0
21713,0.1587483811840067
21714,0.2784654061975198
21715,0.32600092709435247
21716,0.1313359989764522
21717,0.1121505952679156
21718,0.09548876538945006
21719,0.01857638524427596
21720,-0.031155167225096925
21721,-0.0987518985605722
21722,-0.1321066851907302
21723,-0.1183526710894971
21724,-0.08282434842128561
21725,-0.1087708397431233
21726,-0.02197890602864394
21727,0.1418301912413953
21728,-0.16755508165257327
21729,-0.1816702966184245
21730,-0.11145543631970112
21731,-0.02655023091919384
21732,0.0
21733,-0.14448157558481123
21734,0.07002860085619078
21735,0.07445297472862045
21736,0.08588966818964394
21737,0.22396624980814694
21738,0.2843871684126671
21739,0.017178336113509385
21740,0.09950398124064508
21741,0.12022742450297796
21742,0.1081885422598563
21743,0.0
21744,0.0
21745,0.0
21746,0.0
21747,0.0
21748,0.0
21749,0.0
21750,0.0
21751,0.0
21752,-0.14397764939977664
21753,-0.34460235437594955
21754,-0.17435338170260106
21755,0.026847249135165452
21756,-0.023451660249327766
21757,-0.059354240576264594
21758,-0.07466152598055276
21759,0.02677024004076367
21760,0.02607223933863212
21761,0.11778303157141634
21762,0.22705744399727434
21763,0.2818054575674944
21764,0.11406515063372602
21765,0.0
21766,0.0
21767,0.0
21768,0.0
21769,0.0
21770,0.0
21771,0.0
21772,0.0
21773,0.0
21774,0.0
21775,0.0
21776,0.0
21777,0.0
21778,-0.11014357705743771
21779,-0.19373675233782572
21780,-0.15375487140163857
21781,-0.12997618061069005
21782,-0.01269858293398718
21783,0.10312158627626822
21784,0.20511456097824565
21785,0.18388527482720907
21786,0.07703337503475938
21787,0.031155167225096925
21788,0.0
21789,0.0
21790,0.0
21791,0.0
21792,0.0
21793,0.0
21794,0.0
21795,0.0
21796,0.0
21797,0.0
21798,0.0
21799,0.0
21800,-0.07931261931391953
21801,-0.2608473832844198
21802,-0.20423477864373174
21803,-0.10167479875304064
21804,0.0033389011540316815
21805,-0.013423019881690035
21806,-0.0882406303277743
21807,-0.0036968617446579977
21808,0.04348511036369462
21809,0.1840930304798687
21810,0.2898920106791141
21811,0.23062103927252497
21812,0.0
21813,0.0
21814,0.0
21815,0.0
21816,0.0
21817,0.0
21818,0.0
21819,0.0
21820,0.0
21821,0.0
21822,0.0
21823,-0.11997649778030262
21824,-0.23008457555566864
21825,-0.16164134719227174
21826,-0.17532851569954477
21827,-0.09496180496595708
21828,-0.18462304601346124
21829,-0.009259324984117967
21830,0.054311986894975295
21831,0.0431101217949581
21832,0.17738674964970302
21833,0.18643557363010332
21834,0.15958206549895237
21835,0.3418150737936978
21836,0.01323354092893414
21837,0.0
21838,0.0
21839,0.0
21840,0.0
21841,-0.034778359528878866
21842,-0.11529067914061564
21843,-0.0695749422128733
21844,-0.015401844272618703
21845,-0.006674106939213775
21846,-0.034055503639235596
21847,-0.2536265613720694
21848,0.037960761130613196
21849,-0.10886872836668715
21850,-0.10784851756810054
21851,-0.07767303544386861
21852,-0.08004270446840822
21853,-0.05129329219456791
21854,-0.08223809447757402
21855,-0.014388736761968612
21856,0.11831965490960794
21857,0.13994852134013458
21858,0.1773340092194826
21859,0.2156152788323351
21860,0.22062147689460332
21861,0.13226796607484603
21862,0.009687437985057556
21863,0.0
21864,0.0
21865,-0.05865460808146894
21866,-0.05344783342293047
21867,-0.01183445741357625
21868,-0.0446321531151499
21869,-0.023086019549648285
21870,0.021009175647941802
21871,0.014448135449168564
21872,-0.13822623389112199
21873,-0.2469541934168582
21874,-0.37578932622288086
21875,-0.20359894533744827
21876,-0.08408311249445033
21877,-0.08541774593961726
21878,-0.045610508279653406
21879,-0.033901549376830875
21880,0.0666913700492846
21881,0.2697808468674965
21882,0.133531386466887
21883,0.38514509183927226
21884,0.1720045851888674
21885,0.27087494827643344
21886,0.07175114675628347
21887,0.0
21888,0.0
21889,0.0
21890,0.0
21891,0.0
21892,0.0
21893,0.0
21894,0.0
21895,-0.029348482032788503
21896,-0.18811447295078798
21897,-0.3060043067782203
21898,-0.24331606134674644
21899,-0.10745914803379009
21900,-0.10629465393745807
21901,0.22501095607346677
21902,-0.21108961820088146
21903,0.09656619414910628
21904,0.04898938519990681
21905,0.1547196641743387
21906,0.3012415933602459
21907,0.13888320442196678
21908,0.07001798541597815
21909,0.04800921822580717
21910,0.1081885422598563
21911,0.0
21912,-0.04572737381874603
21913,-0.1501830232436272
21914,0.1032260410380017
21915,0.0669394814299511
21916,0.02574487459442043
21917,0.0
21918,0.0
21919,-0.1081885422598563
21920,-0.12464244261463264
21921,-0.2001791692908279
21922,-0.14518200562152517
21923,-0.04147324688328524
21924,0.0320540252625352
21925,0.027995606618532065
21926,0.027233149634258602
21927,0.0
21928,-0.04580953463204063
21929,0.03379737854477094
21930,0.10596455975430086
21931,0.07333127116416183
21932,-0.10367842671616234
21933,0.02762606551168334
21934,0.018893948849973086
21935,0.01854357722092015
21936,-0.02929636870812269
21937,0.052643732099420415
21938,0.025317807343264498
21939,0.14842000166999725
21940,0.0787155658340688
21941,0.07111544984982476
21942,0.009233675776422867
21943,-0.2827920811496982
21944,-0.1610852332328756
21945,-0.1783181143408652
21946,-0.11223339087798756
21947,-0.13517477282277968
21948,-0.09662683123954263
21949,-0.044451760374962124
21950,0.005037793776162758
21951,0.05855330589368313
21952,0.046304565897190564
21953,0.1928242710576682
21954,0.10945658901121291
21955,0.16885333454685947
21956,0.1685740024061242
21957,0.16060779302902572
21958,0.11868596798031383
21959,0.029348482032788503
21960,0.0
21961,0.0
21962,0.0
21963,0.0
21964,0.0
21965,0.0
21966,0.0
21967,0.0
21968,0.0
21969,-0.21094827410385353
21970,-0.2522424963833285
21971,-0.13074974577176723
21972,-0.06221318246382079
21973,-0.08088765629284778
21974,-0.1414116484857728
21975,-0.05195973668035947
21976,0.02197890575259187
21977,0.245500448950831
21978,0.2272168697885113
21979,0.029374607895422677
21980,0.03363835827833306
21981,0.1376577243610737
21982,0.03913542809261328
21983,-0.05929288506610808
21984,-0.09984533259415063
21985,-0.06453851947090472
21986,-0.04360363629364539
21987,-0.005586606552588691
21988,0.035767222874453886
21989,0.052643732099420415
21990,0.07410797032222005
21991,-0.05631842921083052
21992,-0.1374975019166489
21993,-0.15607931585161428
21994,-0.1688985302455981
21995,-0.1009259143421728
21996,-0.04063764389666513
21997,-0.02331107778158481
21998,0.055059774656073035
21999,0.03939239998625865
22000,-0.012959144082699048
22001,0.09925495398715922
22002,0.16310930044688732
22003,0.07410796976480638
22004,0.3280070403846249
22005,0.23603547888609366
22006,0.007919090959586761
22007,0.0
22008,0.0
22009,-0.06986967869197702
22010,-0.17185025340222326
22011,-0.19671028939356994
22012,-0.10294796630587344
22013,-0.003016593448427418
22014,0.02092751948027427
22015,-0.24331606134674644
22016,-0.022901763412495058
22017,-0.09724254361222595
22018,-0.06142280993072857
22019,-0.009090971288020722
22020,-0.004576666817952546
22021,-0.004597709037239994
22022,-0.0375630998117078
22023,0.06034312710562384
22024,0.004494389385843345
22025,0.08588966818964394
22026,0.3180795384240085
22027,0.046792160138068084
22028,0.14100340370569064
22029,0.1147456151955466
22030,0.11679926530739637
22031,0.08306659712951614
22032,-0.033152206706251075
22033,-0.08599044617395091
22034,-0.08072320955671053
22035,-0.1073290177238504
22036,-0.10371982350850395
22037,-0.05330855195846773
22038,0.03955317726840901
22039,-0.12997618061069005
22040,-0.08557850388726829
22041,-0.15186234367350782
22042,-0.07472354309248841
22043,-0.23725120728352866
22044,0.16579224649423185
22045,0.02739897293686333
22046,0.06538275641189939
22047,0.029108082947584712
22048,-0.029108082947584712
22049,-0.056414086831327204
22050,-0.031748696874488225
22051,0.27259181573296143
22052,0.12206236124393932
22053,0.057330930008721026
22054,0.06252035520403032
22055,0.013680103529783771
22056,-0.061644161383385576
22057,-0.07499764967679479
22058,-0.1330864493617292
22059,-0.06240556389583052
22060,0.05167200863675614
22061,0.08611168885080955
22062,0.05458818853110259
22063,-0.22314354350170973
22064,-0.039845906959293576
22065,-0.1872115337189455
22066,-0.05542980214546711
22067,-0.026248224696918676
22068,0.036557593824359635
22069,0.07410796849071843
22070,0.05105516843010571
22071,0.03991660563483457
22072,0.008658062368301689
22073,0.09844006877230482
22074,0.332558326248781
22075,0.12120077696973519
22076,0.12136085416839393
22077,0.07206506899579734
22078,0.04400709984840656
22079,-0.009832920722864902
22080,-0.10843946898253165
22081,-0.15451785074239277
22082,-0.12003492330852028
22083,-0.05358424453857369
22084,0.012158204110249926
22085,0.05581477746634489
22086,0.09531017720692248
22087,-0.11843259395943928
22088,-0.08860754381333624
22089,-0.1552162046647454
22090,-0.1187163021360087
22091,-0.22524659089621668
22092,0.04124295640752074
22093,0.044451760374962124
22094,-0.009708813655651571
22095,0.024097550417620184
22096,0.11247797836083429
22097,0.1239107896783338
22098,-0.01515180444664832
22099,0.23679045710793512
22100,0.09749836168680037
22101,0.06351340404094685
22102,0.030305348729925186
22103,-0.007490671542122573
22104,-0.08632808122874946
22105,-0.05908891470690403
22106,-0.017544309137891734
22107,-0.008888947153866233
22108,0.01477131688392097
22109,0.03741443477333206
22110,0.08394641887944854
22111,-0.17869178366150162
22112,-0.11506932599748243
22113,0.003478264255341479
22114,-0.042559612909133904
22115,0.021506204450072453
22116,-0.039788248619036626
22117,0.036235847140864585
22118,0.10143823941264074
22119,-0.1946154607915127
22120,-0.0480092172652542
22121,0.0480092172652542
22122,0.04207121231137023
22123,0.4215645141591873
22124,-0.01236109651797701
22125,-0.08025002393302971
22126,-0.10207152788580043
22127,-0.05522875625279067
22128,-0.04847475493556974
22129,-0.023451660249327766
22130,0.0
22131,-0.0738472473537044
22132,-0.033398279162349276
22133,-0.046340335468859184
22134,-0.05275056324455418
22135,0.0723206586726497
22136,-0.16846451502065918
22137,-0.23700057370766148
22138,-0.05989813799220878
22139,0.0
22140,0.0
22141,-0.05715841020886714
22142,0.05715841020886714
22143,0.01227009183902883
22144,0.006079045706833153
22145,0.25064078733518347
22146,0.23440069598246627
22147,0.5093319566172996
22148,0.24619421238902506
22149,0.0
22150,0.0
22151,0.0
22152,0.0
22153,-0.11014357705743771
22154,-0.22755639976055653
22155,-0.19170202028751104
22156,-0.06771817196972174
22157,0.02204813652727644
22158,0.06628932203779536
22159,-0.4764382636626774
22160,-0.043172169793958215
22161,-0.07637297489412909
22162,-0.08845541566844828
22163,0.050715089720603235
22164,0.06899286782394798
22165,-0.01030936912744096
22166,0.020513538781052887
22167,-0.015345568889689964
22168,0.09811785114110361
22169,0.09785578564766828
22170,0.20259487531601694
22171,0.42034802692507167
22172,0.193621108047207
22173,0.06611732914382751
22174,0.0
22175,-0.05309388949984406
22176,-0.0531434326668232
22177,-0.047913354739177016
22178,-0.018576385189499778
22179,-0.027456845653096362
22180,-0.07559152798499547
22181,-0.052144512270043464
22182,0.019277704961351283
22183,-0.04640637168050388
22184,-0.22627343797517518
22185,-0.061408626143272915
22186,-0.13543796606049874
22187,-0.18384943326838732
22188,-0.013857034021357961
22189,0.018433700839310507
22190,0.09986599200039947
22191,0.09831092837443256
22192,0.1131949109820698
22193,0.05212906373616244
22194,0.0495457350168782
22195,0.36119641949873005
22196,0.18319836174334103
22197,0.0
22198,0.0
22199,0.0
22200,0.0
22201,0.0
22202,0.0
22203,0.0
22204,0.0
22205,0.0
22206,0.0
22207,-0.21746295498357648
22208,-0.24017224581332552
22209,-0.12682657180699453
22210,-0.13443026456485763
22211,-0.059276607732824615
22212,-0.1346224947066741
22213,0.017316449261793654
22214,0.06239029000340768
22215,0.019960741765649104
22216,0.04255961277189213
22217,0.06949779195382266
22218,0.20675557553117985
22219,0.39777275305439597
22220,0.09653792526611182
22221,0.0
22222,-0.04206436612709741
22223,-0.1732223094812455
22224,-0.12487332698999642
22225,-0.07942713159519732
22226,-0.010723963075464304
22227,0.03183292572869334
22228,0.07298835833106487
22229,0.02871010519549211
22230,0.02561257526032623
22231,-0.2946025074206631
22232,-0.047402237396321656
22233,-0.01631357495924668
22234,-0.13353138792527464
22235,-0.11966449897719267
22236,-0.1408218194795956
22237,0.07061756388801088
22238,0.0
22239,0.09943389268590508
22240,0.12370964953739616
22241,-0.0599430337206317
22242,0.04159389572583594
22243,0.43466424974420503
22244,0.11964647020108332
22245,0.0538432309055179
22246,0.017982502191121963
22247,-0.02811430091622036
22248,-0.08055200060303047
22249,-0.04054609348089944
22250,0.009153381777025071
22251,0.0068104688479180275
22252,0.044255008024627784
22253,0.118263918079482
22254,0.09268435602437153
22255,-0.44935929172134603
22256,-0.01104983588133468
22257,-0.01680711784557154
22258,-0.289567077660291
22259,-0.058268905859824915
22260,0.09166718502217419
22261,-0.044783600955384806
22262,-0.007662872451969616
22263,-0.011605545671340423
22264,-0.08101594047650185
22265,0.04939275329612647
22266,0.24773819750745707
22267,0.30785342300907237
22268,0.1998324682722128
22269,0.03522143431037472
22270,0.03841472710614724
22271,0.0
22272,0.0
22273,0.0
22274,-0.022154206528155918
22275,-0.0290929604126271
22276,0.030883471154355746
22277,-0.09173874571797214
22278,0.070038075377302
22279,0.04206436612709741
22280,-0.21094827410385353
22281,-0.11697167389962582
22282,-0.07055822353682828
22283,-0.11615250868127669
22284,-0.04498509456747568
22285,-0.06004963188106727
22286,-0.18558419578637464
22287,-0.11191791156002262
22288,-0.07275935097226638
22289,0.04157642492479807
22290,0.1071688298161475
22291,0.4027513887600751
22292,0.08338160676513828
22293,-0.043429556817675685
22294,-0.08440381128311847
22295,-0.09219004972452449
22296,-0.054413419981705236
22297,-0.006600683813505981
22298,0.013158084144667015
22299,0.028987535939545506
22300,0.0495457350168782
22301,0.06717853579381883
22302,0.06029222860327721
22303,-0.12445417094866862
22304,-0.0782872188764836
22305,-0.10644687821145293
22306,-0.08306659556041884
22307,-0.134656879471291
22308,-0.17693069944068274
22309,-0.04959693840563828
22310,0.04420609006137477
22311,0.09285014917049272
22312,0.15062581909562045
22313,0.2366117594370114
22314,0.28600842357456324
22315,0.18941526048571644
22316,0.17064589593483204
22317,0.0
22318,-0.02574487459442043
22319,-0.04224686930862287
22320,-0.03435452284635865
22321,-0.019608471003872197
22322,-0.07822916999516627
22323,-0.13261409858949413
22324,-0.1002121478273823
22325,-0.058431081809575236
22326,-0.03202602578690472
22327,0.06859831438126296
22328,0.021858793215217
22329,-0.21305942582979487
22330,-0.11694726045981874
22331,-0.1239107896783338
22332,-0.13657552877845447
22333,-0.024692611370859652
22334,0.20701416003473305
22335,0.04374454722295651
22336,-0.03968774669191877
22337,0.01606460185861458
22338,-0.07441448248826621
22339,0.1019211271971523
22340,0.1030322221035802
22341,-0.007017572412414186
22342,-0.0035273403935467407
22343,-0.014235115315267333
22344,-0.014440683633451634
22345,0.018018504853327677
22346,0.003565066037399145
22347,0.03152625254234387
22348,0.07951206029210889
22349,0.0883374585650718
22350,0.05667238549260123
22351,0.28354127298442844
22352,-0.2351447334240686
22353,-0.3008922949743136
22354,-0.3587033268996973
22355,-0.23334770814730943
22356,-0.11538206627896397
22357,0.08280589796695237
22358,0.0947079455574178
22359,-0.04939275227940154
22360,0.006309168795207487
22361,0.07859026983967476
22362,0.13570924454642252
22363,0.2813166661374602
22364,0.14921239287580024
22365,0.07316457352888461
22366,0.006116226830394034
22367,-0.043620621116561065
22368,-0.07263918124053026
22369,-0.08950514066142423
22370,-0.16229863431916725
22371,-0.16745463742315136
22372,-0.09270939304474402
22373,-0.05279818246886414
22374,0.006006023699487439
22375,0.02950066265599327
22376,0.05651220706886262
22377,-0.011049835576084188
22378,0.038151763884756384
22379,-0.04372280862384592
22380,-0.08751937290686884
22381,-0.01227009183902883
22382,0.018349137545861982
22383,0.0702042545643633
22384,0.1019649211799214
22385,0.05942341752731606
22386,0.028437933972582208
22387,0.10208412157840074
22388,-0.01702168684506855
22389,-0.008620742672318382
22390,0.01716780288551334
22391,0.03758270957945831
22392,0.012220110836998366
22393,0.0
22394,-0.008130125752753514
22395,-0.0040899850842448515
22396,-0.004106781783996816
22397,-0.016597890720297048
22398,-0.016878037075164443
22399,-0.11725125688564964
22400,-0.039029342001381195
22401,-0.015037876610734191
22402,-0.05715841086906348
22403,-0.005361942853880031
22404,-0.055262675620308954
22405,-0.04058527776166265
22406,-0.030032285294863126
22407,-0.08258658575971856
22408,0.21916211298134947
22409,0.1295340457293852
22410,0.05455898176925045
22411,0.11679926286854192
22412,-0.019881369763265155
22413,-0.020284670348541756
22414,0.024292691585437787
22415,0.011928570390965731
22416,-0.03622126197640352
22417,-0.054750512464971646
22418,-0.06713929983137579
22419,-0.04740223664719112
22420,-0.014670189030399072
22421,0.00980399961602485
22422,0.033576293922927825
22423,-0.06831924064223838
22424,-0.020408870589865735
22425,0.025446664366028493
22426,0.010000082834571433
22427,-0.035446747200599926
22428,-0.042111483133077776
22429,0.036943513241714854
22430,0.015424469532568263
22431,0.0350913180519461
22432,0.08947139861445352
22433,-0.013605651438723498
22434,0.1323891823836454
22435,0.6333971573855943
22436,0.19165507158277384
22437,0.0
22438,0.0
22439,0.0
22440,0.0
22441,-0.2196439808823678
22442,-0.22971531083897823
22443,-0.12571274082660455
22444,-0.08108166617481949
22445,-0.03436764232295664
22446,0.03436764232295664
22447,0.13858615891412773
22448,-0.011834457296862944
22449,-0.24495711952453103
22450,-0.1428083973864882
22451,-0.044850564153441574
22452,-0.04695698088240752
22453,0.009569450558275072
22454,0.00947874350530764
22455,0.0
22456,0.11147386148740024
22457,0.13774191973147953
22458,0.18415809841759012
22459,0.45031566318565375
22460,0.10536051370850918
22461,-0.037537918647989166
22462,-0.08750826974401171
22463,-0.13381544034087556
22464,-0.14660347060335877
22465,-0.08509932818049881
22466,0.01985880808619589
22467,0.05199529369515954
22468,-0.005347606183610409
22469,-0.03547438722553364
22470,-0.013986241583503478
22471,-0.12591459515539505
22472,-0.10784851756810054
22473,-0.08539508123962714
22474,-0.06816264869687672
22475,-0.10030186632378246
22476,-0.032636927791217296
22477,-0.06865440137002166
22478,-0.06826796754259856
22479,0.005420067175567311
22480,0.03713954497873617
22481,0.12699968454953403
22482,0.25029453022288717
22483,0.19121049799543988
22484,0.12724322338283534
22485,0.10587985868447225
22486,0.1332392909784872
22487,0.09177166980274887
22488,0.020314640975998
22489,-0.01845070757267786
22490,-0.1418124575459654
22491,-0.2333889844440753
22492,-0.20036962065334585
22493,-0.1344779094623485
22494,-0.04652001383114124
22495,0.750966730492824
22496,-0.22595648794323786
22497,-0.07302513323654303
22498,-0.1914540350287126
22499,-0.056618892218088135
22500,0.003231020477051594
22501,0.04417121691927006
22502,-0.037740326795762336
22503,0.10919928864934203
22504,0.06130052415519094
22505,0.10509020616183751
22506,0.07271666587499803
22507,-0.1175002673875789
22508,-0.11587645425966597
22509,-0.023122416752516806
22510,-0.04485056482407801
22511,-0.0762273629656236
22512,-0.12274582068838003
22513,-0.10204925034528944
22514,-0.05521572025663879
22515,0.0
22516,0.030109800176129742
22517,0.0414997291842778
22518,0.07061756444233502
22519,0.15739216823510116
22520,-0.02291425877275266
22521,-0.1344779094623485
22522,-0.12491064454094891
22523,-0.04836106956683084
22524,-0.013605651438723498
22525,0.02702867117026342
22526,0.026317307162972536
22527,0.14107859256384714
22528,-0.1239107896783338
22529,-0.030239883883260266
22530,0.03871451051513386
22531,0.13774191973147953
22532,0.09798040492883109
22533,0.03922071187123022
22534,0.07410796986434454
22535,0.05218575165725303
22536,-0.01709443287225554
22537,-0.041061485593286484
22538,-0.03969986863415631
22539,-0.006250020149856539
22540,-0.018987911643772115
22541,-0.003200002628270582
22542,-0.025975485559806
22543,-0.33713033467755027
22544,-0.19811379315154864
22545,-0.04011999148966838
22546,-0.17185024596174792
22547,0.06713929832824928
22548,-0.013072080712944079
22549,0.19647529249662954
22550,-0.03297001742570238
22551,0.03297001742570238
22552,0.11718224864586269
22553,0.04235927184516752
22554,0.1455555793490131
22555,0.0
22556,0.08034912408828188
22557,0.046687112295666466
22558,0.006993035246456891
22559,-0.039081348653792425
22560,-0.07132477814330862
22561,-0.03162318718037538
22562,-0.020284670348541756
22563,0.008163310305960625
22564,0.016129381279477162
22565,0.031498665819061245
22566,0.06016851920311295
22567,-0.13666454911190584
22568,-0.04711792095842471
22569,-0.058707598174799536
22570,0.009259324984117967
22571,-0.08659252464766043
22572,-0.11152126850388822
22573,0.1264841404342949
22574,0.04359043396327644
22575,-0.15336109435498724
22576,0.08976999468514135
22577,0.12783336544927915
22578,0.15984869437623983
22579,0.044451760923930106
22580,0.042559612909133904
22581,0.060624619773951505
22582,0.04160599950068766
22583,-0.015798116377419902
22584,-0.05903352964754305
22585,-0.06273833844598409
22586,-0.07466152598055276
22587,-0.0723206586726497
22588,-0.08247621824203621
22589,-0.089894999860467
22590,-0.009950330358118542
22591,0.09075435893056483
22592,0.009090971288020722
22593,-0.07028652943335167
22594,-0.004866189414374222
22595,-0.01970507010857636
22596,-0.04580953369920504
22597,-0.07010956240443855
22598,0.07530437901168074
22599,0.07484788705988432
22600,-0.10642945744771914
22601,0.04189093951527578
22602,0.16941814396603938
22603,0.7187895889802864
22604,0.09646026424760423
22605,0.005730674599515595
22606,-0.058840498868532265
22607,-0.15482430395384705
22608,-0.21200300249640458
22609,-0.17130375360595096
22610,-0.07917802686107533
22611,-0.0037523494777489397
22612,0.0074906714486058235
22613,0.022141125060130662
22614,0.035846130488053074
22615,0.11621686076033377
22616,-0.0647475272973046
22617,-0.19105522972169586
22618,-0.05406721902106293
22619,-0.03922071144387962
22620,-0.13289666714945492
22621,0.0
22622,-0.005089069248484623
22623,-0.031090585458860343
22624,0.2168077226064269
22625,0.22314354283963356
22626,0.14783537606424657
22627,-0.017699576577262288
22628,0.18182539703546974
22629,0.12136085416839393
22630,0.008752790918065134
22631,-0.06992701290075498
22632,-0.08531358163172875
22633,-0.057607547752940746
22634,-0.041271330619695235
22635,-0.043048252332888115
22636,-0.03886886773708165
22637,-0.01846206227163938
22638,0.012345835441245345
22639,-0.04710446770797905
22640,0.006410278155459803
22641,-0.13307507960461473
22642,-0.1200666583916088
22643,-0.06371581167872176
22644,-0.022173856510922185
22645,-0.0792955989698978
22646,0.033415995324511893
22647,0.0046838490930412036
22648,0.04567003474707354
22649,0.0814153879949151
22650,0.15591278887966187
22651,0.1740716516963441
22652,-0.011904902151997465
22653,-0.018127384044871686
22654,-0.08923113088241408
22655,-0.12405264426746321
22656,-0.10745914803379009
22657,-0.04292504287419119
22658,0.008733679587366261
22659,0.05085841507754418
22660,0.08321630272157776
22661,0.09427265251393013
22662,0.12658691615744022
22663,0.21087345292594906
22664,-0.06371581276167637
22665,-0.09662683301935404
22666,-0.18058393115869897
22667,-0.11388439105244252
22668,-0.011741817417110223
22669,0.011741817417110223
22670,-0.051907857528917134
22671,0.03622126197640352
22672,0.08338160577699583
22673,0.08367247280529488
22674,0.05845819858751966
22675,0.34812110459094736
22676,0.09551262741686806
22677,0.07786032025594913
22678,0.036768847111039005
22679,-0.02559554672098674
22680,-0.07097896809638371
22681,0.011857846216432932
22682,-0.02991249876605062
22683,-0.024591402633348913
22684,-0.002076843901706482
22685,0.026668246535055395
22686,0.09273048245899362
22687,0.032670781696507056
22688,-0.24116205194675855
22689,-0.19237188782651948
22690,-0.20404337370521608
22691,-0.02393276539333611
22692,0.047306115798161574
22693,0.02283949122458706
22694,0.0
22695,-0.04621284162941253
22696,-0.13739986442653684
22697,-0.06402185620230716
22698,0.1878160690358568
22699,0.1783181143408652
22700,0.18756090657962865
22701,0.13945206994243797
22702,0.1440645636663982
22703,0.02036369578642727
22704,0.0
22705,0.0
22706,0.0
22707,0.0
22708,0.0
22709,-0.02754505506616134
22710,0.0
22711,-0.04044668883688196
22712,-0.18269685797282342
22713,-0.20418034550466713
22714,-0.09558645828957157
22715,-0.01531423450398206
22716,0.024391452380443823
22717,0.00899556263884227
22718,0.011869575203162341
22719,0.03193304617591286
22720,-0.026050676445858123
22721,-0.05113895995250317
22722,0.03338701501928609
22723,0.19222262255646205
22724,-0.11470894478219451
22725,-0.16805910481796094
22726,-0.03660974439399478
22727,-0.048620685317190215
22728,-0.09317722137887197
22729,-0.0480092172652542
22730,0.0
22731,0.012220110836998366
22732,0.012072580748439421
22733,0.027615165943479347
22734,0.07132477814330862
22735,0.14792012509473818
22736,-0.24686006918152614
22737,-0.16960277699281523
22738,-0.20436364591644418
22739,-0.07232065721916126
22740,0.012422519226952478
22741,0.030397475336215507
22742,0.00597016663007377
22743,0.0
22744,-0.08053885749169298
22745,0.19832188653432015
22746,0.25542119830711396
22747,0.27115276076696393
22748,0.12608183476928803
22749,0.04839653956035983
22750,-0.04839653956035983
22751,-0.047964057853601805
22752,-0.017493156937486543
22753,-0.017804624105151934
22754,-0.04594988878401285
22755,-0.0647475272973046
22756,0.023141527796616934
22757,0.022618087856915547
22758,0.07090796723607395
22759,-0.11666758288960644
22760,-0.18299067021015247
22761,-0.1375555370019419
22762,-0.06669137132053748
22763,-0.04534781769315144
22764,0.010256499641205341
22765,0.005089069248484623
22766,0.0
22767,-0.015345568889689964
22768,-0.12036367565673256
22769,0.1255050748928106
22770,0.22416865643101103
22771,-0.016529301268150665
22772,0.11407245176790237
22773,0.03650040088709927
22774,0.11818120009172794
22775,0.05874950225508657
22776,0.017857616868501403
22777,0.07663322384479576
22778,0.09630322603680774
22779,0.0855628490936362
22780,0.07459597377936733
22781,0.0
22782,0.07922923493717571
22783,-0.007843177307236271
22784,-0.25667182994896764
22785,-0.22760641482551902
22786,-0.22875028586368495
22787,-0.14681486198605986
22788,0.03653374166387735
22789,0.06509889938511337
22790,0.07680540811744452
22791,0.0230779463948525
22792,-0.011472400723512077
22793,-0.007722045795758525
22794,0.041751793095252676
22795,0.26891978723062815
22796,0.14518200600543185
22797,0.20978692959942835
22798,0.06739797351879062
22799,0.06051507369977527
22800,0.0
22801,0.0
22802,0.0
22803,0.0
22804,0.0
22805,0.0
22806,0.0
22807,0.0
22808,0.0
22809,-0.28738996788433147
22810,-0.18700540130185273
22811,-0.06397529763395626
22812,-0.10769891317497127
22813,0.00998344365194992
22814,-0.023451660249327766
22815,-0.09972669438469195
22816,0.014870161926637149
22817,0.14088436208069455
22818,0.24846135224721788
22819,0.35504861472263194
22820,0.0
22821,0.0
22822,0.0
22823,0.0
22824,0.0
22825,0.0
22826,0.0
22827,0.0
22828,0.0
22829,0.0
22830,0.0
22831,0.0
22832,-0.17064589593483204
22833,-0.41696548547276
22834,-0.1604798093876103
22835,-0.007434978211122267
22836,0.007434978211122267
22837,0.014706146849008395
22838,-0.048607697247550874
22839,0.08796876971950018
22840,0.1735109215226056
22841,0.07936173842355165
22842,0.07352391491505106
22843,0.30711232291326107
22844,0.06051507369977527
22845,0.0
22846,0.0
22847,0.0
22848,-0.05309388949984406
22849,-0.1492336417458966
22850,-0.10393092049793573
22851,-0.031441525074317855
22852,0.017052787967283933
22853,0.05635293522759266
22854,0.03587828686028338
22855,-0.22369435825471973
22856,-0.10138922294111197
22857,-0.1945916428365364
22858,-0.12195840226289745
22859,-0.10582551913322424
22860,0.0498969688807831
22861,-0.02237229675345187
22862,-0.05582844695492106
22863,0.09574505258975563
22864,0.10318423197265636
22865,0.13205971716164155
22866,-0.0638514697207575
22867,-0.060395708009270965
22868,0.0038834998755818972
22869,0.06381151034890031
22870,0.07358835407763653
22871,0.020067562379608272
22872,-0.026847249135165452
22873,-0.04522509643135253
22874,0.014134510435435121
22875,-0.010582108957263081
22876,-0.058410760023422714
22877,0.0037523494777489397
22878,0.1131949109820698
22879,-0.29776617991817833
22880,0.01342301973153992
22881,0.06453851835979352
22882,-0.19237188380907266
22883,-0.1008812194929094
22884,-0.1701059586665874
22885,0.21382876729043332
22886,0.010638397639172847
22887,0.08126295994920119
22888,0.0
22889,0.2260660958868299
22890,0.1712356855885715
22891,0.2277232058960097
22892,0.007802380081260107
22893,0.1399871895831808
22894,0.10671095247609008
22895,0.04743972413366482
22896,-0.06995858720799575
22897,-0.05752384291229573
22898,-0.07275935262734734
22899,-0.06579717294075627
22900,-0.02293094047963784
22901,0.002574003928917712
22902,0.05986824784872091
22903,-0.05474003161329444
22904,-0.14566166049199625
22905,-0.16356367446599096
22906,-0.17884328559416884
22907,-0.21794872429030132
22908,-0.09790420965198621
22909,0.06632263926415138
22910,0.11599890800599422
22911,0.060064237966651834
22912,0.048149341789576194
22913,0.07806837016046808
22914,0.1120574047257148
22915,0.07158080132203182
22916,0.10008345542415054
22917,0.04652001428207919
22918,0.041730671295338695
22919,0.045280703326866956
22920,-0.002607563339087182
22921,-0.0026143805057206038
22922,-0.013175420811376348
22923,-0.005319161336132083
22924,-0.032523190824017334
22925,-0.0364696787581722
22926,0.0
22927,-0.7459453344573821
22928,-0.13525403721141638
22929,0.0602188559626029
22930,0.06291382145111424
22931,0.030032285294863126
22932,-0.017910925497163888
22933,-0.043083583484194055
22934,0.16220440521720958
22935,0.0
22936,0.05209510916888771
22937,0.1104238123074972
22938,0.20479440422850548
22939,0.486077439818803
22940,0.1808017958949022
22941,-0.01725833789832798
22942,0.030478549076781825
22943,0.04762804811661603
22944,-0.014414663742451594
22945,0.01976704038555077
22946,0.015011319143328095
22947,0.0
22948,-0.07175114675628347
22949,-0.026719146223541657
22950,-0.011673284077612589
22951,0.11014357705743771
22952,-0.10040640196920636
22953,-0.3910348340056857
22954,-0.3336109929934761
22955,-0.22815608288649836
22956,-0.07836906301893709
22957,-0.07327219697461951
22958,-0.09823843354681694
22959,-0.006472514086681702
22960,0.07503518124881348
22961,0.041303803703740094
22962,0.2032946695405773
22963,0.32699347951046365
22964,0.18288828390962175
22965,0.1149461512450971
22966,0.13226796544911945
22967,0.041175913291715105
22968,-0.021460050559217514
22969,-0.006528858740376453
22970,-0.07478001349441765
22971,-0.04573600822155388
22972,-0.0402064194675571
22973,-0.018111749474411187
22974,-0.05088112018103841
22975,-0.6088868139096832
22976,-0.22567198488148055
22977,0.14141164570374487
22978,0.09929821578846987
22979,-0.13282090595398666
22980,-0.12705887042095831
22981,-0.006472514086681702
22982,0.12210268933709978
22983,0.23910739008082915
22984,0.22945840289523867
22985,0.27774072564066676
22986,0.1814128743370529
22987,-0.3730419111269101
22988,0.1298116075041973
22989,0.12771741928379976
22990,0.1290571091409225
22991,0.017778245626190792
22992,-0.020022915429629418
22993,-0.01814108665926506
22994,0.01814108665926506
22995,-0.03428907269472825
22996,-0.14220678548995513
22997,-0.20455071215250875
22998,-0.1260407164766688
22999,-0.27778098952141894
23000,-0.009901070492551511
23001,-0.179340918883252
23002,-0.09352605217515642
23003,-0.3030500795439983
23004,-0.07342746181229787
23005,0.2438794291821602
23006,0.4004775419702611
23007,0.14410033726380078
23008,-0.15415067261225168
23009,0.039609136133684775
23010,0.004842624241277349
23011,-0.09627682555310946
23012,0.026248224696918676
23013,0.05542980214546711
23014,0.07095173261477727
23015,0.009090971288020722
23016,-0.08495671846375075
23017,-0.08745930082622921
23018,-0.021739985454792166
23019,0.08426033917773568
23020,0.13226796232048832
23021,0.1009259143421728
23022,0.13453088792264145
23023,-0.0838377755843096
23024,-0.042724943006615224
23025,-0.140357351715362
23026,-0.1795855679923717
23027,-0.16606102605085482
23028,-0.02614527839528602
23029,-0.04746653401964496
23030,-0.057158409754981765
23031,0.09129141379409011
23032,0.3092596552433191
23033,0.18396223797393763
23034,0.16231398432601818
23035,-0.09496180496595708
23036,0.10536051182640893
23037,0.12313268140866995
23038,0.07345444638996046
23039,0.03068580984735947
23040,0.01092907023357581
23041,0.018843087294233563
23042,0.015873348736342496
23043,-0.07350245999105809
23044,-0.0611544213718882
23045,-0.02124510796891954
23046,0.027233149634258602
23047,-0.09381875228151593
23048,-0.08195710447336246
23049,-0.1289663278071278
23050,-0.18637834919491114
23051,-0.07598590312683129
23052,-0.03753791730583522
23053,-0.07958743339155916
23054,-0.10601818745892144
23055,-0.06103588644577318
23056,0.027587954615969856
23057,0.24600936121549255
23058,0.2273898313770535
23059,0.3826069565609673
23060,-0.008708327638999425
23061,-0.02958795630998523
23062,-0.0030075209735032082
23063,0.026747507572059348
23064,-0.03886886773708165
23065,-0.0341118334489261
23066,0.0
23067,0.00941922162075004
23068,-0.003129892910965104
23069,-0.006289328709784936
23070,0.01564977117728672
23071,0.15769363737290076
23072,-0.18604199148417466
23073,-0.17785868055999954
23074,-0.11302338383629174
23075,-0.00858374332298606
23076,-0.035091318271861294
23077,0.11380688247452486
23078,0.17164054109003013
23079,0.1140475028543686
23080,-0.009022617328276805
23081,0.009022617328276805
23082,0.08050321653326042
23083,0.3388372278134413
23084,0.06846779797477431
23085,0.027200225805890987
23086,0.02036369578642727
23087,0.0
23088,0.0
23089,0.0
23090,0.0
23091,0.0
23092,0.0
23093,0.0
23094,0.0
23095,0.0
23096,0.0
23097,-0.2240203553864033
23098,-0.21440986610136692
23099,-0.10596455975430086
23100,-0.06877709632833806
23101,-0.019608470747535467
23102,0.009852296119449822
23103,0.04473589241165277
23104,-0.003129892910965104
23105,0.08124766982665133
23106,0.06706422870583895
23107,0.2540134791874049
23108,0.028927636308417437
23109,-0.037348738527537506
23110,-0.012766130551408406
23111,0.03781963247386644
23112,-0.002063984178251488
23113,-0.07506201736381923
23114,-0.07633762571424452
23115,-0.04674897842361769
23116,-0.04376502683988637
23117,-0.12604071736040812
23118,-0.12377107356796868
23119,-0.017036186572090273
23120,0.020408870936979184
23121,0.10838623311581008
23122,0.06434967967336558
23123,-0.01714327649660552
23124,-0.09042300334228104
23125,-0.04516896691035255
23126,-0.009950330523135431
23127,0.0
23128,0.10436001202093959
23129,0.06397529763395626
23130,0.06805346139179091
23131,-0.38334317872664503
23132,0.1569047382030937
23133,0.04516896691035255
23134,-0.02556049616281708
23135,-0.1536114455381341
23136,-0.2567198358031755
23137,-0.26676415887632166
23138,-0.08643250002213065
23139,0.09278172729766121
23140,0.1468911111681246
23141,0.15648985426459383
23142,0.15548489611142324
23143,0.09893994408678797
23144,-0.11101252483522739
23145,-0.12489326845315851
23146,-0.08119015085032899
23147,0.03423316996792147
23148,0.023754084879541004
23149,0.009345861981508552
23150,0.02752467212733123
23151,0.03991660563483457
23152,-0.09097177406494028
23153,0.07784248319774978
23154,0.19545084041476857
23155,0.032088313407335534
23156,0.14962919023217358
23157,0.10867826555225513
23158,0.0856554423538447
23159,-0.022642476180088966
23160,-0.0877055780866205
23161,-0.07496303631111356
23162,-0.058568352345155006
23163,-0.12136085290800569
23164,-0.025409714602956157
23165,0.0036697287542932777
23166,0.10426100669767324
23167,-0.07894319962913432
23168,-0.043802621059245705
23169,-0.11452342405177518
23170,-0.158343550908691
23171,-0.12516313641805832
23172,-0.09309041764595838
23173,-0.030962223686494816
23174,0.34274183138458447
23175,0.056414086831327204
23176,0.11166968039284741
23177,0.08669685899243706
23178,0.16545578389452187
23179,0.26843646783255926
23180,0.24619421238902506
23181,0.0
23182,0.0
23183,0.0
23184,0.0
23185,0.0
23186,0.0
23187,-0.2087861111461078
23188,-0.16391743836995243
23189,-0.0877055780866205
23190,-0.07796153921745974
23191,-0.02739897335394703
23192,-0.2918057791775266
23193,-0.30715416100714066
23194,-0.3942917803564834
23195,-0.16251891479189373
23196,0.01941808397173217
23197,-0.09051399843152108
23198,0.061243618987462334
23199,0.22116137046539874
23200,0.06155788826122022
23201,0.15840599446479908
23202,0.12553773742928565
23203,0.04932506385866198
23204,-0.04932506385866198
23205,-0.11918851015375509
23206,0.025001300642673474
23207,0.06569525534046816
23208,0.0
23209,0.011494378765124047
23210,-0.03488725697170025
23211,-0.04849434699840671
23212,-0.07076906633334268
23213,-0.020202705956975375
23214,-0.0136988434198555
23215,0.1292117231205503
23216,0.13049648151479776
23217,-0.016086136889059688
23218,-0.027398972686612844
23219,-0.2951170318679903
23220,0.11279548618514568
23221,0.045610508279653406
23222,-0.0590335277108931
23223,0.1502821936213059
23224,0.11000088915812745
23225,-0.010471299319049887
23226,-0.08223809372569413
23227,0.06632263926415138
23228,0.02638675378059263
23229,-0.005221943708463961
23230,0.08526464737559047
23231,0.09180754503584909
23232,-0.01324522616522561
23233,-0.031605337988215965
23234,-0.19710924695397258
23235,-0.1767505009437551
23236,-0.11279548618514568
23237,-0.015037876233830794
23238,0.08004270184603124
23239,0.2575111789424027
23240,-0.049871827276045444
23241,0.11778302934325247
23242,-0.10648347472772546
23243,-0.07583807196521963
23244,-0.13613216548619667
23245,-0.03533936394730741
23246,0.04913268512834934
23247,0.046831296550425616
23248,0.23742022385780848
23249,0.269476095778896
23250,0.011741817417110223
23251,0.19712709868330958
23252,0.0
23253,0.040694189552519244
23254,0.04498509456747568
23255,0.03174869739815822
23256,-0.09531017696341593
23257,-0.07122750698132085
23258,-0.07669261811341732
23259,-0.04824683174845612
23260,-0.00763362456370853
23261,0.07026919324666592
23262,0.04538300426322461
23263,0.12496235589021065
23264,-0.21414798121268097
23265,-0.09381875154748132
23266,-0.13119220452598546
23267,-0.08786135149989827
23268,-0.09072884854424901
23269,-0.005602255234816056
23270,0.06524051832020472
23271,-0.015915454461542744
23272,0.14416978364993938
23273,0.10951852100396975
23274,0.19878282636785638
23275,0.312872312142356
23276,0.2060834239361946
23277,0.10919928987089778
23278,0.034778359528878866
23279,-0.03841472710614724
23280,-0.07368771439825217
23281,-0.088081466244041
23282,-0.1156439947824488
23283,-0.09579106222511102
23284,-0.06842613681270526
23285,-0.031657318959537495
23286,0.059592095510689
23287,-0.027934776551151508
23288,-0.09814705821813652
23289,-0.2508680904184222
23290,-0.3300670749186745
23291,-0.11221198397285015
23292,-0.04473589098191466
23293,-0.10318422913094016
23294,-0.03690455421124916
23295,0.12693069963036674
23296,0.2608348072108364
23297,0.005089069248484623
23298,-0.02570835538829508
23299,0.2798388822775011
23300,0.053652711435674405
23301,0.02578411620591803
23302,0.014440683633451634
23303,0.010695288735447228
23304,-0.12044614853686042
23305,-0.22314354131421021
23306,-0.21691298945177273
23307,-0.11855972690628791
23308,-0.02837069511683943
23309,0.021353122950658054
23310,0.08112553932489863
23311,0.2513144138508925
23312,-0.14660346621739384
23313,-0.0790685186640867
23314,-0.07898840611661928
23315,-0.06362569138066165
23316,-0.0073260395553620405
23317,0.11778302748644931
23318,-0.04000533194596567
23319,0.2927711246934641
23320,0.1848564038298144
23321,0.1414116484857728
23322,0.0741079695372906
23323,-0.2498577541299256
23324,0.017316449261793654
23325,0.0254250972883594
23326,-0.0254250972883594
23327,-0.08506243473333219
23328,-0.17301915530505774
23329,-0.10536050948498721
23330,-0.025001300642673474
23331,0.006309168795207487
23332,-0.006309168795207487
23333,-0.006349227275530556
23334,0.04362061975723286
23335,0.05342516350143933
23336,-0.017493156427455858
23337,-0.011834456946723027
23338,-0.06136894260896275
23339,-0.012739024966004653
23340,0.03154835574416337
23341,-0.018809330778158717
23342,0.16851357401241707
23343,0.010638397639172847
23344,0.19197497925266704
23345,0.013015367547396295
23346,-0.035091318271861294
23347,0.23380083648103023
23348,0.1291046436213823
23349,0.16561970243591206
23350,0.10956219978064263
23351,-0.019048194517138572
23352,-0.17275210124483698
23353,-0.08961215601111583
23354,-0.01574835647210726
23355,-0.028987535939545506
23356,-0.07109591927574987
23357,-0.05037035757629971
23358,-0.05694137423800738
23359,-0.363393877070203
23360,-0.06378973417486611
23361,-0.024243610140539218
23362,-0.1959103875786794
23363,-0.0775582283275793
23364,0.054915753286831404
23365,0.10840929066445826
23366,0.15219180567230506
23367,-0.042048233717336014
23368,0.22436978070736924
23369,0.3378718029210641
23370,0.1670540792839299
23371,-0.22092706728874756
23372,0.10830819270738257
23373,0.08563073067305638
23374,0.026988143908308615
23375,-0.10273411567452051
23376,-0.14436266836919298
23377,-0.06252035453754123
23378,-0.04536860315833913
23379,-0.06989743656260217
23380,-0.089894999860467
23381,-0.08252101942951295
23382,-0.02724964096219784
23383,0.03261158381607787
23384,0.010638397639172847
23385,-0.3364722154571931
23386,-0.10948422427113513
23387,0.0325231890609321
23388,0.10616018777083758
23389,0.19542476902153405
23390,-0.017910925497163888
23391,-0.12155519379156088
23392,0.0465200125427474
23393,0.12783336371767762
23394,0.09790420965198621
23395,0.44773680976909613
23396,0.2138287736650475
23397,0.06720874795548237
23398,0.06297479763556657
23399,-0.08829260497883107
23400,-0.13426425815568788
23401,-0.111570697214733
23402,-0.09629426710587552
23403,-0.15595735895919782
23404,-0.07898840785062289
23405,0.053345978333235955
23406,0.12973631638874128
23407,-0.16050797370268155
23408,0.06899286851076125
23409,-0.11466290325783479
23410,-0.06267110394050368
23411,-0.04061471709196285
23412,-0.0809066342464968
23413,-0.011299554615527008
23414,-0.011428695170540237
23415,0.11905935356513231
23416,0.1686227045188331
23417,0.1216071271592778
23418,0.11182810121772446
23419,0.38825296824549893
23420,0.09488921369501435
23421,0.06913321110961501
23422,0.11318834217556795
23423,0.0008768084581580737
23424,0.0
23425,-0.05494402875377524
23426,-0.10742024652079873
23427,-0.04642183587153381
23428,-0.06238102160731662
23429,0.013698844045393344
23430,-0.23111171506769512
23431,0.44468581100503535
23432,-0.5187937809609551
23433,-0.021773798872250616
23434,-0.3638886674600963
23435,-0.15641567879692708
23436,-0.07126301611336183
23437,0.005665737214670674
23438,0.2488002724632623
23439,0.28547698895318696
23440,-0.13827298028687451
23441,-0.011472400723512077
23442,0.08122543692204065
23443,0.1042961160899285
23444,0.16459344865176329
23445,0.15994107995638007
23446,0.09468012414264537
23447,0.06506359202369794
23448,0.055516645867317305
23449,0.05259598274018851
23450,0.007919090959586761
23451,-0.016792263482605208
23452,-0.2659356914045867
23453,-0.15298856080262402
23454,0.03723834414950833
23455,-0.28160829257579856
23456,-0.13303719446129625
23457,-0.31303364912083387
23458,-0.11441034462573807
23459,-0.07550754775472912
23460,-0.019802625988990297
23461,0.22047330956760103
23462,0.07219628747979767
23463,0.05798725484746248
23464,0.06805346015630809
23465,-0.08223809447757402
23466,0.22504649186406223
23467,0.4512935469735302
23468,0.06332713246547161
23469,0.07654007544769348
23470,0.04124295768343744
23471,0.02985296255550418
23472,-0.11851859776812557
23473,-0.12693070560556885
23474,-0.1396366331872172
23475,-0.2145351698817679
23476,-0.10536051168957261
23477,0.05406721918172108
23478,0.15629659795789141
23479,-0.337115517416251
23480,-0.11441034571773923
23481,-0.2843207081400334
23482,-0.24177235279171327
23483,-0.017241804948069817
23484,0.2522801260119123
23485,-0.06273833625854497
23486,0.22458135161265647
23487,0.10880285392392697
23488,0.11203918901368892
23489,-0.04235927184516752
23490,0.15139963970075954
23491,0.4136955932447708
23492,0.23293155200298976
23493,0.08701137518587787
23494,-0.0119761908076641
23495,-0.08810726566076355
23496,-0.08223809635727308
23497,-0.061368944869359954
23498,0.020050796543000793
23499,0.06484864518284361
23500,0.06526499990361545
23501,-0.0887954967600999
23502,0.028170876305321002
23503,-0.4194513380197855
23504,-0.09601464969116602
23505,-0.043571246567500665
23506,-0.1575301962443758
23507,-0.22789414194236368
23508,-0.06136894260896275
23509,0.0372713924817023
23510,0.0
23511,-0.10943383399386164
23512,0.026847248234143084
23513,0.4164421441822732
23514,0.3592915916495869
23515,-0.1335313882691218
23516,0.17532851569954477
23517,0.17154241792990366
23518,0.11613964721193604
23519,0.030239884536489292
23520,-0.036840568422610964
23521,-0.12442757545010696
23522,-0.15373409578752328
23523,-0.05083306427890477
23524,-0.02170627790874713
23525,0.024769067345486118
23526,-0.02790878725157553
23527,-0.16362941819130583
23528,-0.11778303102675425
23529,-0.1576289370897621
23530,-0.15252597606256302
23531,0.03352269016551679
23532,0.0791970374775599
23533,0.09669362012399896
23534,-0.23240286467042148
23535,-0.19166740692919282
23536,0.11307713708951805
23537,0.13510247690853738
23538,0.17127171195861157
23539,0.35806285527974424
23540,-0.07385905865737863
23541,-0.08732818040224855
23542,0.007575793521493068
23543,0.00751883213136173
23544,-0.022728250216563328
23545,-0.011560821955562073
23546,0.0
23547,0.038027394142982285
23548,0.06150219753207997
23549,0.06124362315630005
23550,0.1093130865561478
23551,-0.20991778218439716
23552,-0.1663907281146626
23553,-0.04405998785243348
23554,-0.04609110507550085
23555,-0.033576293922927825
23556,-0.03474294671931055
23557,0.0100503353484509
23558,0.019802626315787553
23559,0.01459879871072367
23560,-0.009708813655651571
23561,0.014528099859345112
23562,0.2346159424223373
23563,0.7743591166300363
23564,0.0
23565,0.0
23566,0.0
23567,0.0
23568,0.0
23569,0.0
23570,0.0
23571,-0.11603171956709257
23572,-0.06506359202369794
23573,-0.049525727681734466
23574,0.004405293370883356
23575,0.10426100814836747
23576,-0.4194234500403695
23577,-0.37578932622288086
23578,-0.11613964451121905
23579,-0.024938947103285702
23580,0.015037876610734191
23581,0.043802620526196545
23582,0.0
23583,-0.043802620526196545
23584,-0.04580953369920504
23585,-0.010471299319049887
23586,0.10956219704975911
23587,0.33038906839630133
23588,0.13902474664085052
23589,0.15541409962803066
23590,-0.0025284462894279436
23591,0.039707448609556995
23592,0.0950889631289904
23593,0.06633447240038137
23594,0.04454177472083343
23595,0.05583740860944664
23596,0.01487016220304449
23597,0.04685541643695412
23598,0.004391750503828895
23599,-0.30388032939526344
23600,-0.23749785839838022
23601,-0.42063989037632243
23602,-0.08617769211261228
23603,-0.0100503353484509
23604,0.13668298033468051
23605,0.14339448039476999
23606,0.0980821807854726
23607,0.057158411917611396
23608,0.016207809701455744
23609,0.07134807858324477
23610,0.2619035342250595
23611,0.08181355810596092
23612,0.05171783163837773
23613,0.0738199108005686
23614,0.06611732914382751
23615,0.0
23616,0.0
23617,0.0
23618,0.0
23619,0.0
23620,0.0
23621,0.0
23622,0.0
23623,0.0
23624,0.0
23625,-0.34016000259833934
23626,-0.20121818519530432
23627,-0.15968806605804398
23628,-0.15238544848611513
23629,0.06376661581676446
23630,0.10959862240493212
23631,-0.03880557305264798
23632,-0.010850015631652443
23633,0.12302181030336756
23634,0.2516716277744071
23635,0.031983045066125815
23636,-0.014634407161488117
23637,0.05961240137963886
23638,0.031893363049330326
23639,-0.01810004123409259
23640,-0.006872879130306764
23641,0.011428695562389901
23642,-0.027651530693296955
23643,0.011614532150895585
23644,-0.006952519153756054
23645,-0.02353049685648445
23646,0.014184634656611017
23647,0.17800866645333935
23648,-0.23351144943630953
23649,-0.2591436424270035
23650,-0.26332935056106077
23651,-0.16819584686636002
23652,-0.0987815394199254
23653,-0.1468911111681246
23654,0.06136894260896275
23655,-0.14035734872558203
23656,-0.04913268512834934
23657,0.042259806312953785
23658,0.2859564293322667
23659,-0.1937859756050444
23660,0.15684246236332955
23661,0.17241601928997996
23662,0.1312663804273413
23663,0.12656271859092483
23664,0.03436764232295664
23665,-0.04138521473537082
23666,-0.0730251323473694
23667,0.011299554828328784
23668,0.0037383219708568838
23669,0.09259278352799738
23670,0.13055076032352586
23671,0.0
23672,0.011869575203162341
23673,-0.2312887201024152
23674,-0.29140645896624084
23675,-0.2728669710584084
23676,-0.24294616063653462
23677,-0.11466289819553
23678,0.07210328739992233
23679,0.017241804948069817
23680,-0.08934509234799215
23681,-0.07770897677515975
23682,0.37469341787575683
23683,0.25593335845619825
23684,-0.043963121004781947
23685,-0.04011999148966838
23686,-0.05406721802141323
23687,0.018349137545861982
23688,0.04734611779460618
23689,0.03409420940542951
23690,0.03836086576996589
23691,0.09237331538718196
23692,0.10241500065624987
23693,0.10491793545234795
23694,0.24909859762788766
23695,0.057330930008721026
23696,-0.14490711637090525
23697,-0.13789926643239925
23698,-0.323329396329084
23699,0.0
23700,0.19478831604343183
23701,0.15541409750503066
23702,0.09393181643817439
23703,0.043851881049391306
23704,-0.10060469562824936
23705,-0.022141125060130662
23706,0.11944003266316283
23707,0.3130205666866557
23708,0.09904521427010282
23709,0.05129329329105925
23710,0.09909090067882209
23711,0.07363616141652196
23712,0.0
23713,0.0
23714,0.0
23715,0.0
23716,0.0
23717,0.0
23718,0.0
23719,-0.2196439808823678
23720,-0.17883419065793982
23721,-0.28507450043213867
23722,-0.18649692108565352
23723,-0.008403410443290849
23724,0.06532934492398823
23725,0.09423162140864827
23726,0.08611168885080955
23727,0.06701070814385712
23728,0.06569525730293169
23729,-0.05647860248116521
23730,-0.15160549655735878
23731,0.39473154085868245
23732,-0.029199153981719572
23733,0.021978906182006597
23734,0.0072202477997129755
23735,-0.06437866021880323
23736,-0.20351645142800656
23737,-0.16307227635273724
23738,-0.12565526400755545
23739,-0.03404583996067778
23740,0.008620742672318382
23741,0.0
23742,0.1211155737164229
23743,-0.05470113357522788
23744,-0.17034535828883435
23745,-0.11066556231507807
23746,-0.04905615431476207
23747,0.06488761869597459
23748,0.11370258134817268
23749,0.050124384898041274
23750,0.03063696812089356
23751,-0.04405998785243348
23752,0.07796153809133344
23753,0.21645455505379374
23754,0.19178446597126086
23755,0.3197120601836412
23756,0.08667597367247781
23757,0.05124716694078302
23758,-0.02754505506616134
23759,-0.12865270541950213
23760,-0.16444942836504683
23761,-0.18813552165944492
23762,-0.17130375360595096
23763,-0.09427265251393013
23764,-0.026976586658515433
23765,0.04207121231137023
23766,0.17480271837328498
23767,-0.09562469151220965
23768,-0.17336523822169658
23769,-0.09943389268590508
23770,-0.01834913782644554
23771,-0.11258821326210455
23772,-0.09220618886202381
23773,-0.04652001292926533
23774,0.09097177302974346
23775,0.010810915519830822
23776,0.03174869663447266
23777,0.09909089773070923
23778,0.055059774656073035
23779,0.056414086831327204
23780,0.10409388687135435
23781,0.11142573115170906
23782,0.006779686755557179
23783,0.0033726843648889115
23784,-0.048285239493806476
23785,-0.028675798948718967
23786,-0.04842659210117217
23787,-0.034955013675823654
23788,0.015686595552513616
23789,0.07854502585613465
23790,0.18650941201395277
23791,0.13911279858599768
23792,-0.21345041592823533
23793,-0.3060708971112138
23794,-0.06774598547153854
23795,0.050124384898041274
23796,0.05195973668035947
23797,0.10788895769588036
23798,0.06595796537400256
23799,-0.08894748271779918
23800,-0.08489944035208374
23801,0.008403410443290849
23802,-0.07378616685519024
23803,0.337115517416251
23804,0.15460991747948505
23805,0.15533061700380335
23806,0.12405264591840659
23807,-0.2629894535944719
23808,-0.26182239776832494
23809,-0.2971160925030425
23810,-0.26426178390865296
23811,-0.212398997423751
23812,-0.13899886342323642
23813,-0.06336960819394433
23814,0.13119219878062038
23815,0.28972913545598766
23816,-0.09653792082477342
23817,0.03974032601701172
23818,-0.12429770808323104
23819,-0.19415599868465616
23820,-0.04567003266095915
23821,0.13119219878062038
23822,0.19319121463121425
23823,0.21772347062512987
23824,0.15570226268247955
23825,0.14279071184827252
23826,0.11778303117609656
23827,0.15261339543530905
23828,0.11880814762480263
23829,0.21766408020520167
23830,0.18232155313095078
23831,0.04389419277069084
23832,0.0
23833,-0.016792263482605208
23834,-0.027101929288085636
23835,0.012739025545593918
23836,0.031155167225096925
23837,0.0
23838,0.0
23839,0.0
23840,-0.30864224304212806
23841,-0.3407774237260348
23842,-0.16370399180923956
23843,-0.14889441959256366
23844,-0.11663689805092892
23845,-0.06385146858786994
23846,0.13832755778985106
23847,0.028303774827589834
23848,-0.023530496302774484
23849,-0.043802620526196545
23850,0.16475522551890442
23851,0.20182077413405475
23852,0.3535666597108298
23853,0.19515252243794023
23854,0.1279130472185659
23855,0.0
23856,0.0
23857,0.0
23858,0.0
23859,0.0
23860,0.0
23861,-0.016792263482605208
23862,-0.09923945608448737
23863,-0.3169784345982243
23864,-0.3150810366298855
23865,-0.300104579487376
23866,-0.1743533776209687
23867,-0.018018504420427295
23868,0.018018504420427295
23869,0.12306008586499706
23870,-0.07087433572106105
23871,0.09170842153871606
23872,0.10742024337074163
23873,0.3014753825343961
23874,0.1953639811295731
23875,0.16575312614405613
23876,-0.012004945808582246
23877,0.03791923396351837
23878,0.12036367961261796
23879,0.046332555707481404
23880,-0.11901410558789394
23881,-0.2766565953732565
23882,-0.41427572278229796
23883,-0.29063626942540344
23884,-0.11261887105458168
23885,0.013158083711822588
23886,0.17904822073431825
23887,0.20215988901166737
23888,-0.21868919005213128
23889,0.17768116819352509
23890,0.09319377275920093
23891,-0.07476007191989043
23892,-0.03248545363677735
23893,-0.10431284143917319
23894,-0.02116481007212867
23895,-0.005361942853880031
23896,0.05745705202276774
23897,0.025063967406745213
23898,-0.06652067893646008
23899,0.3189346015073715
23900,0.045120433583637265
23901,-0.011090686284143114
23902,0.0471956896225465
23903,0.02451961631540156
23904,-0.1570383456007014
23905,-0.2060834193034875
23906,-0.09381875032409015
23907,0.010869671646148937
23908,0.042334361585978364
23909,0.07964405909334404
23910,0.16299727677106857
23911,0.07439828713930208
23912,0.23440069795374185
23913,-0.06155789110414789
23914,-0.07240002742490503
23915,-0.15074351595279722
23916,-0.06559727979547159
23917,-0.02141409358665447
23918,-0.09531017547532095
23919,-0.038839831430361293
23920,0.01474228101274111
23921,0.16592773956010465
23922,0.29488744561996816
23923,0.1642098021913383
23924,0.11807309801529753
23925,0.1303360348555156
23926,0.03600388803576848
23927,-0.09688312347012751
23928,-0.179727517355194
23929,-0.27908355885670977
23930,-0.2695820202116894
23931,-0.1601476915111033
23932,-0.05406721834629913
23933,0.011049835576084188
23934,0.10426100488430512
23935,0.2714621168159166
23936,0.13729787057888743
23937,-0.11490887652088855
23938,-0.24082664512228824
23939,-0.24930436406027567
23940,-0.19933288933204452
23941,-0.10863383256499493
23942,-0.0082304984591004
23943,0.09455857516835531
23944,0.007490671168053353
23945,0.2261241643492924
23946,0.24201202282375567
23947,0.2969844531073451
23948,0.03413300520428342
23949,-0.0033613475897182887
23950,-0.10274515464844347
23951,-0.14856926401245296
23952,-0.2166710263351952
23953,-0.215111366713721
23954,-0.15860501871830568
23955,-0.08134563283319052
23956,-0.0344861730976338
23957,-0.02666824471136975
23958,0.02666824471136975
23959,0.22664616407618476
23960,-0.05018974092451378
23961,-0.06846779406671555
23962,0.007843176845868882
23963,-0.007843176845868882
23964,-0.07350245598732164
23965,-0.05218574863061898
23966,0.06899286553457085
23967,-0.008368248970236358
23968,0.16963638415501237
23969,0.19873457365283453
23970,0.19961304338352903
23971,0.3053816370198539
23972,0.0
23973,-0.0248680656945095
23974,-0.06310070402499068
23975,-0.0673521793600611
23976,-0.1080964907982076
23977,-0.14204765068653646
23978,-0.17811985967875232
23979,-0.14892326629248842
23980,-0.09166718151852526
23981,-0.008032171052102743
23982,0.008032171052102743
23983,0.307484678571492
23984,0.18721153204510532
23985,-0.044895317667970946
23986,0.11095706522767612
23987,0.0
23988,0.013605651438723498
23989,0.09038405757548729
23990,0.12370964953739616
23991,0.03922071175467989
23992,-0.014084739385781031
23993,-0.02877896351468623
23994,0.021661495999115044
23995,0.2894661852689646
23996,0.03674954124396956
23997,0.04040953731715602
23998,0.022032714460482605
23999,-0.09919179302160819
24000,-0.1404306110535316
24001,-0.12086469824080037
24002,-0.09844006922129855
24003,-0.11778303086711173
24004,-0.14343245695943851
24005,-0.13851892674394906
24006,-0.011494378765124047
24007,0.2891261015105906
24008,0.05064373068097483
24009,-0.14595390615629578
24010,0.22123696359251976
24011,-0.27503966695328774
24012,-0.27602497193565956
24013,-0.20509546636686027
24014,0.055350090705428734
24015,0.16941813997003585
24016,0.08104120494830092
24017,0.26190352732641475
24018,0.10904036785559201
24019,-0.033616609386256435
24020,-0.057158411326122316
24021,-0.060624618988380785
24022,-0.0696799171685214
24023,-0.07490130416395413
24024,-0.09309041764595838
24025,-0.10943383399386164
24026,-0.1076306564620011
24027,-0.07061756167071609
24028,-0.01639380843186178
24029,0.04839653695737978
24030,0.1325466461873437
24031,0.38455840127169205
24032,-0.20800056035653558
24033,-0.1560793109695653
24034,-0.07723134251085728
24035,-0.05244647144216685
24036,0.22621573477779755
24037,0.05954139014479187
24038,-0.06569525534046816
24039,-0.1531223918876421
24040,-0.007220247452165207
24041,-0.03690455421124916
24042,0.07946416561072178
24043,0.31845371217914176
24044,-0.08426033917773568
24045,-0.08601286972485589
24046,-0.08755588554508265
24047,-0.0887954927140373
24048,-0.10536050772131889
24049,-0.05715840917141479
24050,0.0
24051,0.04919024015715845
24052,0.07696103521020303
24053,-0.007434977934726472
24054,0.0788939368083148
24055,0.29112439922362965
24056,-0.11456655830847318
24057,-0.07188722520498292
24058,-0.132644465796111
24059,-0.18658594103231385
24060,-0.1372011089443559
24061,-0.06062461568898447
24062,0.04082199035358869
24063,0.039220709307127954
24064,0.15139963294615155
24065,0.07174389913729051
24066,0.0812254339214955
24067,0.24419694514561296
24068,0.011049835576084188
24069,0.0791970374775599
24070,0.0639037988371065
24071,-0.024097550417620184
24072,-0.00980399961602485
24073,-0.009901070492551511
24074,-0.13282090595398666
24075,-0.08907962476006936
24076,-0.06412452405617497
24077,0.07647035911636602
24078,0.14799680581324015
24079,0.2347165258028201
24080,-0.10118513979205357
24081,-0.13883643795902323
24082,-0.18019614697886377
24083,-0.09340116885259864
24084,0.09340116885259864
24085,0.04969966546406601
24086,0.041549000446346795
24087,0.005797117348259384
24088,-0.017493156427455858
24089,0.11647498452885996
24090,0.132221628257998
24091,0.22130699440005497
24092,0.15309970236231907
24093,0.08753699853643626
24094,0.10420377466993536
24095,0.05077232408423171
24096,-0.06652068063901151
24097,0.013140793215692614
24098,0.023226850010360067
24099,0.012674440575440649
24100,0.007528266231874969
24101,0.048790162978955554
24102,0.10393092049793573
24103,0.10385723826591553
24104,-0.4044984478339222
24105,-0.24142558823679705
24106,-0.05304273397434445
24107,-0.011741817417110223
24108,-0.019881369763265155
24109,0.0
24110,-0.016194685264296904
24111,-0.028987535672772236
24112,-0.11568439384645757
24113,-0.043380293538952674
24114,0.21622309889109204
24115,0.13699759552054536
24116,-0.03880557305264798
24117,0.04225980780141825
24118,0.02047853064456584
24119,0.111758917480699
24120,0.07561740420230034
24121,0.0858435595345437
24122,0.032872744169255785
24123,-0.012515807618535657
24124,-0.02809891050454061
24125,-0.047754430028722705
24126,0.008119124218769258
24127,-0.21241958157207907
24128,-0.0033389011540316815
24129,-0.4172398273360933
24130,-0.10142017302754969
24131,-0.011299554615527008
24132,0.03900215562989651
24133,-0.0277026010143695
24134,-0.028491954170613454
24135,-0.005797117348259384
24136,0.02298951690334583
24137,-0.15320414881624433
24138,0.20307597609228978
24139,0.42155122726672856
24140,0.02451961631540156
24141,0.03735578527502614
24142,0.0424207144995008
24143,-0.06603057934227508
24144,-0.16674385665919722
24145,-0.04536860315833913
24146,0.07711730021283891
24147,0.08244366611979759
24148,0.08611168885080955
24149,0.09740818440415033
24150,0.14469637245474676
24151,-0.1597796142110579
24152,-0.2907262045777399
24153,-0.20701416003473305
24154,-0.07796153741565792
24155,-0.05556984806600784
24156,-0.058840496559730227
24157,0.023953239588029973
24158,-0.011904901797676448
24159,-0.024243610140539218
24160,-0.006153865195676289
24161,0.05989813799220878
24162,0.25066821181363474
24163,-0.13030453615690218
24164,0.15267683291035405
24165,0.14780949840896218
24166,0.09461597292913249
24167,-0.11778303131610546
24168,-0.14701473677544108
24169,-0.06544390519207433
24170,0.00481928620369354
24171,0.143100837230417
24172,0.1892419924546207
24173,0.14126006545354164
24174,0.16774476730075794
24175,0.2787818168221494
24176,-0.49876580161670514
24177,-0.43589177750412667
24178,-0.19311125382422567
24179,-0.030032285294863126
24180,0.035932007073983474
24181,0.06820824614805909
24182,0.05348868208926483
24183,0.005194816607242192
24184,-0.010416760315706153
24185,0.015584730207069075
24186,0.06486063096482786
24187,0.28405229245566055
24188,0.2180396322721636
24189,0.11843259395943928
24190,0.142581224692937
24191,0.10061956320637222
24192,0.020161972883825374
24193,-0.09850890097716514
24194,0.0043956113764309634
24195,0.05752384291229573
24196,0.0795648088288754
24197,0.08693170364523217
24198,0.0
24199,-0.06986967869197702
24200,-0.3312228733540512
24201,-0.3963445109788606
24202,-0.323329396329084
24203,-0.16315163115853704
24204,-0.025642428969411935
24205,0.03822121038513293
24206,0.018576384422628767
24207,0.14269175386498345
24208,-0.10654324192676778
24209,0.10120989623585164
24210,0.27422290625224743
24211,0.7523360304569584
24212,0.03204798242214579
24213,0.056797597368741126
24214,0.0
24215,0.0
24216,-0.07931261931391953
24217,-0.13380250282807182
24218,-0.1123746910672514
24219,-0.09944492716790432
24220,-0.057947242446279024
24221,-0.03763106712821296
24222,0.0656441025711052
24223,0.4146310657461103
24224,-0.2707938487479895
24225,-0.295688512114626
24226,-0.26332935056106077
24227,-0.11987727193069109
24228,0.03248545363677735
24229,0.0705137812187493
24230,0.02935221078165018
24231,0.0
24232,-0.05085841507754418
24233,0.10709813114060651
24234,0.2659635393747575
24235,0.40146509287477894
24236,0.13390707103901534
24237,0.0
24238,0.0
24239,0.0
24240,0.0
24241,0.0
24242,0.0
24243,0.0
24244,0.0
24245,0.0
24246,0.0
24247,-0.33769997681799424
24248,-0.31171968995016863
24249,-0.2081557525834512
24250,-0.16106155014573043
24251,-0.09143420131183211
24252,0.010582108770626597
24253,0.07598590312683129
24254,0.05226842606156534
24255,0.1421744826448892
24256,-0.05362108922685893
24257,0.06162113157393012
24258,0.3410151062894875
24259,-0.10127695112910162
24260,0.12368685190090511
24261,0.008275909075555976
24262,0.03243527487637099
24263,0.06686294350900379
24264,0.0
24265,-0.030305348729925186
24266,-0.09402894712028775
24267,-0.04317217062245815
24268,0.005865119280399345
24269,-0.05098555320340292
24270,0.07980599090821983
24271,0.4828819828234261
24272,-0.22841596676283427
24273,-0.25162913480587124
24274,-0.22102115228298214
24275,-0.16480796797026898
24276,-0.08247621824203621
24277,0.013483349731274963
24278,0.06899286851076125
24279,0.0684371587970678
24280,-0.03968774669191877
24281,-0.02874941210514903
24282,0.13976193694037642
24283,0.06657448828909063
24284,-0.09972669438469195
24285,-0.06979575922808268
24286,-0.05786737992800006
24287,-0.14637952839447932
24288,-0.06093254790022051
24289,0.015584730207069075
24290,0.13030453615690218
24291,-0.060624618988380785
24292,-0.054334348278831435
24293,-0.06284790036703125
24294,0.03713954497873617
24295,0.6004377589437739
24296,-0.12136085331763136
24297,0.03797924686305221
24298,-0.09437893345354897
24299,-0.0929239472933272
24300,-0.12766313915608274
24301,-0.11247797836083429
24302,0.06899286831234841
24303,0.0561702690394168
24304,0.024897550588527384
24305,0.07498580392376963
24306,0.2508918548682395
24307,0.04907189257561262
24308,-0.30759737200756065
24309,-0.01544432183114397
24310,-0.015686595552513616
24311,-0.07380397155586182
24312,-0.07509044803670184
24313,-0.05177626708610106
24314,0.07892725492334929
24315,0.08552216977891192
24316,0.09754315049975171
24317,0.01841672610786027
24318,0.0
24319,-0.4257422811777447
24320,-0.016901809850343064
24321,-0.17327171052465173
24322,-0.09193748881917951
24323,-0.045462370631451865
24324,-0.0077821398364346095
24325,0.08961215199325867
24326,-0.0071684889647376515
24327,0.014285956227016339
24328,-0.050920086722377356
24329,0.09937246675390599
24330,0.17327171052465173
24331,0.44628708217387514
24332,-0.02578411620591803
24333,-0.04191089401856418
24334,0.06405201907869484
24335,0.03231879009450633
24336,0.010544912805960927
24337,-0.07626198206281654
24338,-0.14600781649970962
24339,-0.17103180650400507
24340,-0.020943172748661976
24341,0.020943172748661976
24342,0.14448157558481123
24343,0.05241374039418245
24344,-0.09829334403956835
24345,-0.053024465751627226
24346,-0.06124362211409018
24347,-0.14107859028542435
24348,-0.1859645356858164
24349,-0.09969935257062801
24350,0.1969982567898927
24351,-0.0200675617084074
24352,0.1560793109695653
24353,0.17942718927330104
24354,0.34745380157221284
24355,0.01692087691569144
24356,0.12890661681652382
24357,0.0432968045033868
24358,-0.03741443477333206
24359,-0.111570697214733
24360,-0.07486487641537032
24361,0.07158080132203182
24362,0.13517477420914803
24363,0.11137686081528075
24364,0.10715838177179116
24365,0.12570639706394138
24366,0.02811430091622036
24367,-0.59693729941548
24368,-0.1595609663326365
24369,-0.14994014046540016
24370,-0.0606246187527093
24371,0.0606246187527093
24372,0.1329184536203316
24373,0.12869136723791597
24374,0.09015109374120733
24375,0.02721256259917304
24376,-0.0067340319546072
24377,-0.24794173429600752
24378,0.02141409358665447
24379,0.301359286734316
24380,0.1428918312100369
24381,0.17413596786465257
24382,0.03367321435059267
24383,-0.01109889282167531
24384,-0.08134563756230584
24385,-0.009732436681428425
24386,0.024155763295806487
24387,0.03517361335339331
24388,-0.006936443836275341
24389,-0.0846938767985983
24390,-0.02817087624519532
24391,-0.14210233734499056
24392,-0.24662057727995057
24393,-0.26620302908883353
24394,-0.12783336469170337
24395,-0.08288765489555461
24396,-0.05715841020886714
24397,-0.046831296550425616
24398,0.14035734872558203
24399,-0.08053885749169298
24400,-0.07361181241493098
24401,-0.006968668830467983
24402,0.2575111789424027
24403,0.41085593853128133
24404,-0.09782228941044746
24405,0.0
24406,0.019570095428095513
24407,-0.09337406698395734
24408,-0.1763817771979408
24409,-0.17725824499276932
24410,-0.2081056599288651
24411,-0.08565543790454688
24412,0.07061756167071609
24413,-0.007604598806917107
24414,0.07356256176312526
24415,0.15718557320648774
24416,-0.04969966546406601
24417,-0.26875404292719773
24418,-0.12405263766369057
24419,-0.04831857260052974
24420,0.009852295472326578
24421,0.08455738007893832
24422,0.0862603368389454
24423,0.07174389913729051
24424,0.06693947769447917
24425,0.20718960990905533
24426,0.274436831666673
24427,0.4616353631419794
24428,0.08326955560562599
24429,-0.0475023327311721
24430,-0.01634913755602918
24431,-0.019418085318424705
24432,-0.0487901627688716
24433,-0.038985445543678665
24434,-0.009216654821766479
24435,0.06280089936034017
24436,0.08338160662021066
24437,0.09652156453703054
24438,0.193158503870837
24439,-0.2151912183313196
24440,-0.39929604493355564
24441,-0.23614279602924704
24442,-0.21268440944957678
24443,-0.17655784091515647
24444,-0.042259806312953785
24445,0.021353122950658054
24446,-0.007067166723641716
24447,-0.014285956227016339
24448,-0.04412480166341437
24449,0.12693069963036674
24450,0.1302146319128985
24451,0.47652300733543473
24452,0.13488426313460078
24453,0.22251243108398366
24454,0.1454549694412406
24455,-0.03782430782566326
24456,0.009029406515567384
24457,-0.043634934894601685
24458,-0.03341599612217738
24459,0.012062872158245419
24460,0.00239521066858428
24461,-0.03159436465030385
24462,-0.01492564984537692
24463,0.1869058489432618
24464,-0.10975917759017806
24465,-0.11546553467621035
24466,-0.16374516658783955
24467,-0.2109482710164503
24468,-0.17778639425848253
24469,-0.1406673226555073
24470,-0.21407024267573993
24471,-0.17589065405671755
24472,0.007662872158370249
24473,0.06644509450084657
24474,0.24574336766880212
24475,0.4110361343287363
24476,0.14458122382535255
24477,0.0253178071830078
24478,0.05767910983520297
24479,0.017544309137891734
24480,0.005780362748436296
24481,-0.005780362748436296
24482,0.03138631292505112
24483,0.01394722709179419
24484,-0.03667547752360578
24485,-0.0380719468342936
24486,0.040941389179909304
24487,-0.049936951818751574
24488,-0.055741981281583364
24489,-0.05903352964754305
24490,-0.15696995985463236
24491,-0.1862819499166961
24492,-0.07410796849071843
24493,-0.015504185734683151
24494,-0.11000088915812745
24495,-0.16388784475150153
24496,0.05981849123388905
24497,0.14396068027130138
24498,0.14049035562659418
24499,0.3725673895022328
24500,0.1314388997735274
24501,0.13169686271635728
24502,0.11863956388210939
24503,-0.049132687427879684
24504,0.04684697219926859
24505,0.03816400208889448
24506,0.02608843551709361
24507,-0.0438666811432844
24508,-0.064837517993388
24509,-0.036544869687622494
24510,0.0809966312183068
24511,-0.32736054740722054
24512,-0.12495152090980488
24513,-0.13868338218285992
24514,-0.15621892590445308
24515,-0.25131441447828395
24516,-0.14693042202312734
24517,-0.13045287837266928
24518,-0.06782259058667606
24519,0.08408311013640501
24520,0.008032171052102743
24521,0.0
24522,0.20212416944961253
24523,0.22705743735920336
24524,0.04580953369920504
24525,0.053281364031504186
24526,0.13647516265098814
24527,0.08666837922925952
24528,0.08323065113609696
24529,-0.042559612909133904
24530,-0.007272759064613776
24531,-0.0036563110694238787
24532,-0.0036697287542932777
24533,0.032552601860231345
24534,0.10784851756810054
24535,-0.23681484537522834
24536,-0.05834988062965163
24537,-0.22529176900751358
24538,-0.06096069641027135
24539,0.005698020789962399
24540,0.0
24541,0.07654007293573173
24542,0.08569471678248286
24543,0.07445297472862045
24544,0.12621771195004428
24545,0.19019560637890764
24546,0.19261695492949382
24547,0.251314422291089
24548,0.17899667497791194
24549,0.0
24550,0.0
24551,0.0
24552,0.0
24553,0.0
24554,0.0
24555,0.0
24556,-0.00263273512959028
24557,-0.01060080579934386
24558,0.01323354092893414
24559,0.0
24560,-0.37525132152994756
24561,-0.2809023771928225
24562,-0.23077393141049418
24563,-0.1763817771979408
24564,-0.1652099072024158
24565,-0.20533891303153196
24566,-0.15906468195220347
24567,0.0
24568,0.2636896257268302
24569,0.2959261252627825
24570,0.1798554561899408
24571,0.16293036129207605
24572,-0.0687431499314548
24573,-0.06578773799118665
24574,0.106160191799614
24575,0.20132449736011182
24576,0.10329956695123776
24577,0.10800952111372819
24578,0.08223809635727308
24579,0.0840831154420072
24580,-0.043261121798944924
24581,-0.12306009000033535
24582,-0.043802621592294866
24583,-0.015037876987637144
24584,-0.1234810534521178
24585,-0.13108540289440107
24586,-0.1247289223804171
24587,-0.13828701038157876
24588,-0.08393444777508297
24589,-0.12240197551229404
24590,0.11314265052817607
24591,0.018433700839310507
24592,0.1482625309100145
24593,0.13254665107466312
24594,0.033901550526255875
24595,0.19885085273423675
24596,-0.03333641934140896
24597,-0.12309371889332699
24598,-0.019355442328548023
24599,0.019355442328548023
24600,0.018987911643772115
24601,-0.061408626143272915
24602,-0.10536051195412233
24603,-0.011173300181979151
24604,0.09633110549885426
24605,0.24067602280021294
24606,0.22421249313266856
24607,-0.07773056618799012
24608,-0.016298381353629487
24609,-0.2736958230870221
24610,-0.08365002659407539
24611,-0.0949746622823815
24612,-0.06872932952685806
24613,-0.03213127689215867
24614,-0.050219754876898115
24615,0.012793350914336088
24616,0.13459014863692076
24617,-0.14310083794266815
24618,-0.034786114572670446
24619,-0.013363227216905749
24620,-0.031893362322706675
24621,0.009216654680187286
24622,0.018182318256676044
24623,0.0944908393594841
24624,-0.05043085150705062
24625,-0.02178735323549219
24626,0.03037109655847825
24627,0.02947581689168688
24628,0.012371291292377684
24629,0.016260520210754414
24630,0.13906042886880687
24631,-0.5166907194825794
24632,0.057158410571974905
24633,-0.08096905784825914
24634,-0.19933288933204452
24635,-0.10047052259223355
24636,-0.05859415935996992
24637,-0.08076134939341184
24638,0.00930239179696235
24639,0.18540320766184815
24640,0.06693947769447917
24641,0.25291185663353977
24642,0.5029736264011686
24643,0.03648829205264281
24644,-0.009820045859528559
24645,0.0667974787980099
24646,0.0
24647,-0.13133599774259874
24648,-0.08033514515579165
24649,-0.0038095282715424617
24650,-0.003824096292166068
24651,0.01897590073881439
24652,0.01492564965972809
24653,-0.011173300181979151
24654,0.043963121810226546
24655,0.11499140482537573
24656,-0.003200002628270582
24657,0.006389797894622795
24658,0.003179652816277745
24659,-0.00956945071090054
24660,-0.0032102755271892214
24661,0.0032102755271892214
24662,-0.11538207019890434
24663,-0.09028684327324488
24664,-0.032002729805846286
24665,0.11506932536626513
24666,0.1603426447074927
24667,-0.037740326795762336
24668,0.022187914272042697
24669,0.006250020149856539
24670,-0.06765864629312945
24671,-0.0066889879270828345
24672,-0.04110167427756384
24673,-0.02478002812122826
24674,0.11818120009172794
24675,0.11707506750652152
24676,0.03068580984735947
24677,0.04564550626415187
24678,0.07335778271517768
24679,-0.26995396159956275
24680,-0.36170811382838686
24681,-0.2785495741540083
24682,-0.21559633109691845
24683,-0.2175202754898753
24684,-0.04785601659636374
24685,-0.11411329491652822
24686,0.37948958700276725
24687,0.10686313792195934
24688,0.3060926164786384
24689,0.043802620526196545
24690,0.2947995280625908
24691,-0.13657552981633758
24692,-0.05001041849002519
24693,-0.1323111301738482
24694,0.09752501560117777
24695,0.13242458016123404
24696,0.13062017767097966
24697,0.10638040012600625
24698,0.06511174937742892
24699,0.07451721912991704
24700,0.09143420363573229
24701,0.06575137601820824
24702,0.08701137509569046
24703,0.010362786820770076
24704,-0.15106266577642335
24705,-0.22194522286279694
24706,-0.08429324275633299
24707,-0.03648829205264281
24708,0.010084118727658353
24709,0.023141527796616934
24710,0.003262645528367525
24711,0.022545237594900236
24712,0.06771817196972174
24713,0.10714463442739097
24714,0.07468076260807877
24715,0.34757660007003555
24716,0.0
24717,0.0
24718,0.0
24719,0.0
24720,-0.06237900710309541
24721,-0.29768214931745307
24722,-0.22440061618334806
24723,-0.1975309685898483
24724,-0.0673521793600611
24725,-0.033336418878317176
24726,0.0891277762828162
24727,0.07105791860711408
24728,-0.2912987007138743
24729,-0.12323263408831808
24730,-0.29683124822076756
24731,-0.05284247738441206
24732,-0.13242457467313695
24733,0.008810628905878026
24734,0.2196285919100034
24735,0.08112553932489863
24736,0.14483093912316702
24737,0.141226421447036
24738,0.2143242784697197
24739,-0.1482625309100145
24740,0.04465027174376068
24741,-0.03555930045573996
24742,0.04425500704521523
24743,0.01716780288551334
24744,0.0
24745,0.004246290701141131
24746,-0.030109800176129742
24747,0.013015367547396295
24748,0.07071552185559238
24749,0.09931819740485759
24750,0.1973594276456052
24751,-0.46702298333929715
24752,0.3699201559644427
24753,-0.41372277649063927
24754,-0.42050295946637517
24755,0.10080469185754115
24756,0.07263917884108873
24757,0.025158558053689273
24758,0.1864537835134561
24759,0.13481921630760496
24760,0.01342301973153992
24761,0.06036314712365032
24762,0.2438482156217825
24763,-0.07840470299519042
24764,0.017575144203719972
24765,0.05094479988462597
24766,0.026145279249804254
24767,-0.042840157264523615
24768,-0.03077165761456513
24769,0.060624619773951505
24770,-0.15906468899525006
24771,-0.13079839841450802
24772,-0.031044620305037185
24773,-0.013605651438723498
24774,0.05766563929115698
24775,-0.14343245695943851
24776,-0.3616624637724457
24777,-0.34652254289318707
24778,-0.18840058192922093
24779,-0.05001041432075315
24780,-0.02597548302944208
24781,0.03871450718402247
24782,0.2555249322741897
24783,0.17904821537698412
24784,0.30796672189703944
24785,0.09749835888872305
24786,0.29990216962757765
24787,0.09273048066626322
24788,-0.0806578999178238
24789,-0.11878353094492189
24790,-0.12456271666639962
24791,-0.1661268616534186
24792,-0.19933288933204452
24793,-0.14197025005403718
24794,-0.0702042525099209
24795,0.018018503879301928
24796,0.0
24797,0.026433254738963186
24798,0.21791248487020676
24799,-0.02837069511683943
24800,0.07616135568978466
24801,0.03922071058917931
24802,-0.12987507253127628
24803,-0.09166718151852526
24804,-0.0325231890609321
24805,0.10204924633640866
24806,0.15201619677432499
24807,0.05608946315454011
24808,0.04734611779460618
24809,0.1349754288983389
24810,0.4020924069082592
24811,0.47295533697942904
24812,0.06124362399006689
24813,0.033109157962387226
24814,-0.03509131912708874
24815,0.01183445741357625
24816,-0.08380795555797382
24817,-0.2644987305403075
24818,-0.2513144203443982
24819,-0.2054439660694456
24820,-0.14107859161450476
24821,-0.08976999468514135
24822,0.0641931542039127
24823,0.12180486794229184
24824,-0.2785495741540083
24825,-0.261758369307894
24826,-0.07350245598732164
24827,0.00843886793371551
24828,-0.04292504103134931
24829,0.10798862908495543
24830,0.06846779406671555
24831,0.057158409754981765
24832,0.013793321181041929
24833,0.02033968285806642
24834,0.3526399487822718
24835,0.3337731662660208
24836,0.013423019881690035
24837,-0.08701137395932657
24838,-0.01834913799479576
24839,0.07490130550034202
24840,0.030459206453780308
24841,-0.027028671474677246
24842,0.11625980235709132
24843,0.18587215134562962
24844,0.12143318422401128
24845,0.060888368350533906
24846,-0.06989743808999016
24847,-0.31986875041946927
24848,-0.262052777168857
24849,-0.196182348810936
24850,-0.10371982081664166
24851,0.03753791730583522
24852,0.08085209254120551
24853,0.09707384420099574
24854,0.08443831557954118
24855,-0.012220110836998366
24856,-0.04184710818406456
24857,0.01694955759553718
24858,0.15535043397357917
24859,0.7188920371687542
24860,0.0
24861,-0.08502148342560245
24862,-0.17244680528242862
24863,-0.018307147025404813
24864,0.08199496488352187
24865,0.06984357193193835
24866,-0.12675170295789107
24867,-0.06995858697484358
24868,-0.10966390841829066
24869,0.04994467520310453
24870,0.0976384671787045
24871,-0.3904619304076684
24872,-0.1281458179936914
24873,-0.13353138704416612
24874,-0.24686006543152628
24875,0.022599830640305463
24876,0.04372280862384592
24877,0.005333345690916147
24878,0.021053408089676484
24879,-0.04800921662488511
24880,-0.005479465464379718
24881,0.2807902329625813
24882,0.2772544392422871
24883,0.2015279550986695
24884,0.04030772247251013
24885,0.02679819250182769
24886,0.0
24887,-0.06453851953500722
24888,-0.055350093623919516
24889,-0.07598590483842704
24890,-0.09180754644160682
24891,-0.12987507697634415
24892,-0.06795065934235778
24893,0.045809534282227116
24894,0.09598837241383507
24895,0.1060382486338236
24896,0.03593200815002362
24897,-0.13521347454923882
24898,-0.03774032668784555
24899,0.0034904048179389413
24900,-0.039081348653792425
24901,-0.010929070134037655
24902,0.007299302215211245
24903,0.046189380827960314
24904,-0.017513581879241347
24905,0.1805532039000486
24906,0.41232450769178275
24907,-0.115831813126547
24908,-0.03118292674207801
24909,-0.05822365892251602
24910,0.009546611655733894
24911,0.004739345251589366
24912,0.09251237109103938
24913,0.058594163039532354
24914,0.018127384227433208
24915,-0.038661986247456426
24916,-0.06205198723939942
24917,-0.06380295510426048
24918,-0.02622319447392485
24919,0.3206471888507103
24920,-0.4914412359748921
24921,-0.3744329858470645
24922,-0.1576289370897621
24923,-0.024692611370859652
24924,0.044016883263664486
24925,0.12572588351752323
24926,0.029108082947584712
24927,0.10495059150326158
24928,0.10166365020946433
24929,0.06453851905423802
24930,0.09531017696341593
24931,0.11525458621038975
24932,0.005050515658529431
24933,-0.09229206642602694
24934,-0.07751367777426754
24935,-0.11703704161336148
24936,-0.10610650223816176
24937,-0.12292683449506603
24938,-0.17475530835347586
24939,-0.17531100267875432
24940,0.023669742685197726
24941,0.04572224672448444
24942,0.14533297986787153
24943,0.023867480267276253
24944,-0.11483925387212901
24945,-0.059963461497834825
24946,0.016713480042584106
24947,0.0589983375966705
24948,0.015504185734683151
24949,0.07885857102363358
24950,0.12041253481885006
24951,0.024897550588527384
24952,0.09754315049975171
24953,0.26322176627832805
24954,0.2401411215832625
24955,0.24843888219246368
24956,-0.08311490519137132
24957,0.016997576047543816
24958,0.06611732914382751
24959,0.0
24960,0.0
24961,0.0
24962,0.0
24963,0.0
24964,-0.09268435602437153
24965,-0.14014662885011742
24966,-0.0999670214634456
24967,-0.2643221627372925
24968,-0.012820688018130522
24969,-0.05981849322239974
24970,0.006825964837430032
24971,-0.010256499816533093
24972,0.0
24973,-0.07120444375568402
24974,0.014652276250137763
24975,0.19137138598026615
24976,0.17830951039959198
24977,0.06328144840679784
24978,0.06836374125091638
24979,-0.18850805008214078
24980,-0.17068736456261702
24981,-0.10290995963813465
24982,0.03436764232295664
24983,0.08108166617481949
24984,-0.1050144315681556
24985,-0.09047758168940412
24986,-0.04255961277189213
24987,0.038764541947366116
24988,-0.1649822538974104
24989,-0.18142508882652608
24990,0.0265267529260087
24991,0.4176074770606282
24992,-0.24493089592901285
24993,-0.07309188066483463
24994,0.046304565897190564
24995,-0.018265347143213262
24996,-0.07162965271725374
24997,0.01474228101274111
24998,-0.01970507010857636
24999,-0.010000082834571433
25000,-0.025446664366028493
25001,0.030459205938316636
25002,0.09984533021858555
25003,0.45403976174348504
25004,0.031119907833325744
25005,-0.005586606552588691
25006,0.04919024284623408
25007,0.026317307624732944
25008,-0.09531017720692248
25009,0.016997575887029992
25010,0.10900554693418929
25011,0.08910825126577215
25012,0.05600567470515827
25013,0.09352605606560083
25014,0.10357320313154839
25015,-0.03829091229504167
25016,-0.5974990906413011
25017,-0.310462088484436
25018,-0.14878872929288667
25019,0.010638397639172847
25020,0.04145671152971486
25021,0.010101095476338529
25022,-0.005037793776162758
25023,-0.1008812194929094
25024,-0.08751937290686884
25025,0.12048939033257122
25026,0.34416456650449145
25027,0.22237696640468485
25028,0.09920664718637928
25029,0.07747531009745368
25030,-0.052782698184588916
25031,-0.1839488909803113
25032,-0.04326797880819999
25033,0.09716374530423977
25034,0.10813443937718548
25035,0.0027662534163681585
25036,-0.06859831438126296
25037,0.0
25038,0.14310083969590037
25039,0.09297645418156497
25040,-0.20119003589139473
25041,-0.17095779281676338
25042,-0.20633642522946705
25043,-0.1576289370897621
25044,-0.06031978720053921
25045,-0.07530437901168074
25046,-0.039891326753688894
25047,-0.05989813799220878
25048,0.05989813799220878
25049,0.36593425153457604
25050,0.38920457423620824
25051,0.07625242949380695
25052,0.23971434939447045
25053,0.1279130472185659
25054,0.0
25055,0.0
25056,0.0
25057,0.0
25058,0.0
25059,0.0
25060,0.0
25061,0.0
25062,0.0
25063,0.0
25064,0.0
25065,-0.3158279025308892
25066,-0.22555028526275445
25067,0.026747507572059348
25068,0.026050676445858123
25069,0.005698020952300098
25070,-0.011428695497081698
25071,-0.09015109428338874
25072,-0.12014430782761121
25073,-0.03243527458411011
25074,0.16196932246766726
25075,0.3662859214018428
25076,-0.08328770594095758
25077,-0.018957913295347684
25078,-0.054067219941195344
25079,-0.06791120384170846
25080,-0.1389514560649885
25081,-0.11159106174214095
25082,0.05077232365450168
25083,0.12399763780778938
25084,-0.026589453403639052
25085,0.038183785848483254
25086,0.11168055663116627
25087,-0.24397763109551107
25088,-0.14107859327585448
25089,-0.11211729362661282
25090,-0.1959736367887719
25091,-0.0529223986529086
25092,0.0529223986529086
25093,0.06486063096482786
25094,0.037919233064743096
25095,-0.004662012888467348
25096,-0.018868483414307136
25097,0.023530496302774484
25098,0.2818511407170794
25099,0.3263965748612083
25100,0.05420045556203901
25101,0.05141319007459799
25102,0.061829843227958925
25103,-0.09188990933862495
25104,-0.14364269860275058
25105,-0.0847965342618231
25106,-0.22757814084356331
25107,-0.1516845812656542
25108,-0.013015367547396295
25109,-0.022075950724465
25110,0.2014820463865239
25111,-0.09166718502217419
25112,-0.07904320405040943
25113,-0.1391127960015175
25114,-0.07219628747979767
25115,0.02638675378059263
25116,0.020619286139810455
25117,0.04976150708234517
25118,-0.004866189414374222
25119,-0.01474228101274111
25120,0.02445109466839268
25121,0.0878162019455262
25122,0.1815838142599966
25123,0.28675912825364236
25124,0.053921415339707846
25125,0.09745533371351778
25126,0.07563741247115141
25127,0.010977058390157168
25128,-0.07949700326130626
25129,-0.12311637853444024
25130,-0.06918387329677778
25131,-0.029071813976746963
25132,-0.0029542118101577586
25133,-0.033085723590524196
25134,0.04777027484216578
25135,0.2260547556229633
25136,-0.21158272343331586
25137,-0.0653050964685522
25138,-0.11701645457827592
25139,-0.10919928798621248
25140,-0.031252542283103146
25141,0.09819202246789738
25142,0.08611168885080955
25143,0.02283949122458706
25144,-0.003231020477051594
25145,0.08376988046490386
25146,0.026433256291757967
25147,-0.19809751303794032
25148,-0.09637080917320118
25149,0.09283098259338107
25150,0.0914342028610986
25151,0.08078925241560775
25152,0.0438026213790752
25153,0.09270939557450575
25154,0.15415067610702016
25155,0.14518200682808846
25156,0.09653792526611182
25157,0.0
25158,0.0
25159,0.0
25160,-0.1500690386694945
25161,-0.1925570563632224
25162,-0.23556606475412512
25163,-0.10883877644094575
25164,-0.05368014754212336
25165,-0.045120433583637265
25166,-0.02729214122385404
25167,-0.040328043760400334
25168,0.0
25169,0.24351084524444522
25170,0.08647359533156074
25171,0.46295218806202154
25172,-0.03409421069712737
25173,0.03409421069712737
25174,0.012951152107457009
25175,0.04756392159231826
25176,0.0
25177,0.0
25178,-0.08502148342560245
25179,-0.275039672994946
25180,-0.15164126410769452
25181,0.0029197100180877733
25182,-0.008784829298487118
25183,0.1216969316074219
25184,-0.005221943844807786
25185,-0.015831464798946815
25186,-0.03794493053555881
25187,-0.10474682740852614
25188,-0.09316523956882117
25189,-0.13305050299566723
25190,-0.09262148614784227
25191,-0.0431101217949581
25192,0.017467692277571167
25193,0.30697526394355057
25194,0.30504635198816166
25195,0.23527621971832424
25196,0.056797597368741126
25197,0.0
25198,0.0
25199,-0.006153865466177244
25200,-0.02319461656661126
25201,0.016114941103854363
25202,0.01323354092893414
25203,0.0
25204,0.0
25205,0.0
25206,0.0
25207,0.0
25208,0.0
25209,-0.15415067690584427
25210,-0.26810668577227004
25211,-0.23052365167976685
25212,-0.02385121500945475
25213,-0.07145896142786645
25214,-0.1646999488130505
25215,-0.20797531974571992
25216,0.042111483133077776
25217,0.08872811123210411
25218,0.24183567419358853
25219,-0.510825599074634
25220,0.1956073825386313
25221,0.07338254234241415
25222,0.0
25223,-0.14710011435559434
25224,-0.09749835888872305
25225,-0.012121359797699238
25226,0.04762804615317995
25227,0.1508228815950492
25228,0.14410033726380078
25229,0.07904320405040943
25230,0.09531017616796156
25231,-0.1403075402576932
25232,0.06871388976954806
25233,-0.019724504569641255
25234,-0.12729023220579982
25235,-0.2333767157002513
25236,-0.1949726620459269
25237,-0.07946416561072178
25238,-0.03053672152867204
25239,-0.023530495564494824
25240,0.03125254106210207
25241,0.26826396849513356
25242,0.31524000061036483
25243,0.3450192846763538
25244,-0.10908239092238414
25245,-0.034486174881755094
25246,0.0
25247,-0.07275935163429859
25248,-0.0345523801800085
25249,0.05694137423800738
25250,0.04332807519885673
25251,0.024434024484351724
25252,0.030562649372224193
25253,0.023141527796616934
25254,0.07247264652838936
25255,0.24419695392642904
25256,-0.1653239761450198
25257,-0.025605950176614822
25258,-0.13889775827785078
25259,-0.3444509887366296
25260,-0.26003052724418296
25261,-0.15011840648284602
25262,-0.11954514170723929
25263,-0.05715840917141479
25264,0.041158069105055706
25265,0.054915753286831404
25266,0.1617552678116656
25267,1.0920975644983453
25268,-0.25131442205619425
25269,-0.10941478274707128
25270,0.05472489802504521
25271,0.0029542118101577586
25272,0.057322279464457004
25273,0.046266753642207004
25274,-0.054658411043721156
25275,-0.13835842920466135
25276,-0.1720518841003873
25277,-0.08388148062821177
25278,0.08004270446840822
25279,-0.4190180544948747
25280,-0.22168261616136764
25281,-0.10779656214759559
25282,-0.14874524822154234
25283,-0.3459509415820503
25284,-0.0979803946347153
25285,0.07095172589976362
25286,0.22040003827227062
25287,0.22533891970683628
25288,-0.054067216396981976
25289,0.23052363954865296
25290,0.34484046484565267
25291,-0.06453851766534902
25292,0.15890127442366575
25293,-0.053540764321394985
25294,-0.061875400526598234
25295,-0.19948934867274515
25296,-0.20067068103213792
25297,-0.19189099102134
25298,-0.2135740774042887
25299,-0.12675168955162963
25300,-0.04138521045291976
25301,0.027779560248307078
25302,0.14035733975624232
25303,0.24201201002892025
25304,0.22501094665792865
25305,-0.1442495972645168
25306,-0.14841999132517136
25307,-0.020202705276703092
25308,0.08786134720846261
25309,0.00930239179696235
25310,0.054067216396981976
25311,0.0344861730976338
25312,0.14197025005403718
25313,0.24640039742033082
25314,0.3422028946752609
25315,-0.4013917625612464
25316,-0.018462061703543586
25317,-0.097797736894778
25318,-0.12379420832043575
25319,-0.1413135213002441
25320,-0.14378787898464385
25321,-0.1320597074587928
25322,-0.03593200492190318
25323,0.03593200492190318
25324,0.045985107954316096
25325,0.0757118135428132
25326,0.2231435304808782
25327,0.354171788866815
25328,0.0
25329,-0.09823843354681694
25330,-0.15307597802565276
25331,-0.1028573772943453
25332,-0.1723712102642203
25333,-0.0301530351397723
25334,-0.08515779927001299
25335,0.0749013001547909
25336,0.17887919571709654
25337,0.5296135021861512
25338,0.6194295812243618
25339,0.18867654397836198
25340,0.19468820842870604
25341,-0.1856791386892498
25342,-0.3288778201589255
25343,-0.3161199961899199
25344,-0.34937562358610386
25345,-0.31015490626527376
25346,-0.2108230475299826
25347,-0.06317889496669649
25348,0.03208831111900645
25349,0.07109591445978891
25350,0.234839570557567
25351,0.2461330526255905
25352,-0.04969966546406601
25353,-0.006389797690474097
25354,-0.04590969829254821
25355,0.0
25356,0.05864872325855286
25357,0.018809330778158717
25358,0.1603426408734312
25359,0.27971388989255175
25360,0.3947411316993672
25361,0.29238795665574013
25362,0.10857465858047233
25363,-0.26272533505427687
25364,-0.14907749444102203
25365,-0.16878954556527015
25366,-0.10536051207359742
25367,-0.003590668001799191
25368,0.010733555259074379
25369,0.04181793822582547
25370,0.033560195365909706
25371,-0.047306115798161574
25372,-0.04602582076547401
25373,-0.11506932536626513
25374,0.016129381279477162
25375,0.058268905859824915
25376,0.04067103822696305
25377,-0.07522341840697155
25378,-0.08985632544931876
25379,-0.08004270411228287
25380,-0.0719734961701417
25381,-0.05628083301825493
25382,-0.09952958983907756
25383,-0.23483957568752523
25384,0.12429770808323104
25385,0.37914777930017163
25386,0.11332868054509859
25387,-0.048790162185305075
25388,0.17185025034771195
25389,0.13747098612192366
25390,0.07367100252889491
25391,0.0028368812547205913
25392,-0.05532706234508877
25393,-0.02118082143852673
25394,-0.037387530906628275
25395,-0.06899286921937797
25396,-0.038132868373360385
25397,0.0583355750106076
25398,0.14842000052057225
25399,0.08004270546310321
25400,-0.3010333963095504
25401,-0.13404355138685098
25402,-0.17415823835791278
25403,-0.16971837561764946
25404,-0.12941106566549765
25405,-0.12604071205797363
25406,-0.06155788826122022
25407,0.007905178882191333
25408,0.053652709379028884
25409,0.36485036614058153
25410,0.3018302049185131
25411,0.022728250216563328
25412,0.24169695116853918
25413,0.22549372272157697
25414,0.11934675499172132
25415,0.1288328693246532
25416,0.04389419277069084
25417,-0.022154206528155918
25418,-0.10376879032200303
25419,-0.1685009975266265
25420,-0.25603141129331997
25421,-0.262668252907297
25422,-0.14889441959256366
25423,0.22863303422377212
25424,-0.16208964640026524
25425,-0.16783471698474584
25426,-0.12414842281361693
25427,-0.06530509452933808
25428,-0.012345835060191046
25429,0.12260231492558615
25430,0.10919928628102138
25431,0.12921172550896598
25432,0.02141409358665447
25433,0.32306556464306313
25434,0.19703889383455309
25435,0.0914097482010825
25436,0.13324399214016358
25437,0.09768525897883729
25438,-0.0036563111362672984
25439,-0.05651220919851552
25440,-0.08279195977413467
25441,-0.24711273552565993
25442,-0.15415067533489557
25443,-0.09217045676343938
25444,-0.07145896142786645
25445,-0.07296901706299064
25446,-0.003992021110175159
25447,0.08801087395275031
25448,0.007299302215211245
25449,-0.05608946455314179
25450,-0.05129329236325919
25451,-0.04980282041645667
25452,0.008474626631873594
25453,0.008403410443290849
25454,-0.0254250972883594
25455,0.012793350914336088
25456,0.008438868289789792
25457,0.21470467454984377
25458,0.25844524454646134
25459,-0.16467708812805926
25460,-0.1039897101416698
25461,-0.21292198911636584
25462,-0.12149754758679077
25463,-0.04902942483595263
25464,-0.06219620464522624
25465,-0.08944505534833036
25466,-0.09180754363009136
25467,-0.052643730020419
25468,0.0
25469,0.03322564542022999
25470,0.08755588554508265
25471,0.45035066963204207
25472,-0.019268418123310038
25473,-0.10665836999388878
25474,-0.10487962603359602
25475,-0.054334348278831435
25476,-0.015345568889689964
25477,-0.020834085817655
25478,-0.026668245659686285
25479,-0.038572272660518436
25480,0.011173299973905593
25481,0.16362941539605824
25482,0.14058194443498495
25483,0.12323263567222575
25484,0.007220247712826033
25485,-0.025502291881790207
25486,-0.014870161926637149
25487,-0.04991438946481752
25488,-0.052537331404184595
25489,-0.02947581689168688
25490,-0.02597548527865401
25491,-0.031182926047468307
25492,-0.03687053410883978
25493,-0.018957912846081282
25494,0.04673747566690034
25495,0.1754486701582687
25496,0.00763362456370853
25497,-0.07498580392376963
25498,-0.08999644997364076
25499,-0.07445297472862045
25500,-0.03440142502651122
25501,-0.020202706297111295
25502,-0.010256499641205341
25503,-0.010362786498605114
25504,0.005194816607242192
25505,0.18404717405140136
25506,0.1808837348921024
25507,-0.05167200863675614
25508,-0.022989517343796617
25509,-0.08489944035208374
25510,-0.0974221086899334
25511,-0.08237099343970522
25512,-0.06252035372294351
25513,-0.03836086576996589
25514,-0.016901809850343064
25515,-0.017192399555086446
25516,-0.023392878206576206
25517,-0.005934735167602678
25518,0.0634218227796084
25519,0.13073418115714786
25520,0.01459879871072367
25521,-0.05460413132362252
25522,-0.07410796822907528
25523,-0.062343127039658164
25524,-0.011764840887521277
25525,0.023392878206576206
25526,-0.011628037319054929
25527,-0.029675766384685165
25528,-0.036813970863680545
25529,0.27668430313560544
25530,0.44419960029107797
25531,0.13618743281270085
25532,0.1567996841493735
25533,0.11349063930825443
25534,0.04550735641995152
25535,0.06369193345094626
25536,0.034778359528878866
25537,0.0
25538,0.0
25539,0.0
25540,0.0
25541,0.0
25542,0.0
25543,-0.031155167225096925
25544,-0.22631312148293414
25545,-0.20294083889464964
25546,-0.1723712207152639
25547,-0.14921239287580024
25548,-0.019342962094806904
25549,0.019342962094806904
25550,0.05225068839333824
25551,0.00362976791882641
25552,0.05635293456582291
25553,0.3046603999921489
25554,0.3650989503236084
25555,0.0
25556,0.0
25557,0.0
25558,0.0
25559,0.0
25560,0.0
25561,0.0
25562,0.0
25563,0.0
25564,0.0
25565,0.0
25566,0.0
25567,0.0
25568,-0.1419554040599036
25569,-0.21559634081819024
25570,-0.21440986535221151
25571,-0.15415067465127485
25572,-0.044451760923930106
25573,0.011299554828328784
25574,0.09972669438469195
25575,0.06559728033354029
25576,0.0495457350168782
25577,0.19929649712508235
25578,0.17237122202164468
25579,0.08961215690397273
25580,-0.08961215690397273
25581,-0.1600709442425905
25582,-0.17890441419030845
25583,-0.10146945704216614
25584,-0.01631357495924668
25585,0.06371581235556834
25586,0.045256590222448434
25587,0.03763106712821296
25588,-0.014306395241884928
25589,0.005747142090418933
25590,-0.03202602578690472
25591,0.33181219017902297
25592,-0.08875000194223626
25593,-0.09996134854088634
25594,-0.12841628844425879
25595,0.014472032189647432
25596,0.09321812627447956
25597,0.03599360172241983
25598,0.01752235025357285
25599,0.07640946731661113
25600,-0.19761024428634633
25601,-0.15415067515872405
25602,0.08455738537835433
25603,0.4926432930013944
25604,0.04572737381874603
25605,0.0
25606,0.0
25607,0.0
25608,0.0
25609,0.0
25610,0.0
25611,0.0
25612,0.0
25613,0.0
25614,0.0
25615,0.0
25616,0.0
25617,-0.26429425362311765
25618,-0.13941953183407652
25619,-0.17760826724061296
25620,-0.15206299124838685
25621,-0.07973861463120846
25622,0.019570095428095513
25623,-0.05579135740449903
25624,0.028284712695612946
25625,0.03522869050464461
25626,-0.208823488607635
25627,0.04176941093747555
25628,0.018018504690989978
25629,-0.08863606857900086
25630,-0.08126295994920119
25631,0.0
25632,-0.0268112560128837
25633,-0.05014978089044053
25634,-0.0467921587693767
25635,-0.08104120494830092
25636,-0.1391127927709177
25637,-0.11034804846239865
25638,-0.18232154012728952
25639,0.5306282098857036
25640,-0.07320339955568578
25641,-0.1950605689394478
25642,-0.22314353208344206
25643,-0.1335313788882604
25644,-0.1414116373576615
25645,0.0
25646,0.03727139016617276
25647,0.09309041222590508
25648,0.12516312988211187
25649,0.12861736598977558
25650,0.32781414978300516
25651,0.14970424323425835
25652,0.09676754700274826
25653,0.17745535924949918
25654,0.15762893827539903
25655,0.04082199313136625
25656,-0.023609864842774275
25657,-0.07805378536669005
25658,-0.045290757470493936
25659,0.01532596989100199
25660,0.04824683174845612
25661,0.021506204450072453
25662,0.0978858379344687
25663,0.45052248201137557
25664,-0.24489479156036476
25665,-0.14028563574761543
25666,-0.25605887523124515
25667,-0.150913377039104
25668,-0.10989566556703645
25669,0.005037793776162758
25670,0.06798733768203391
25671,0.050353883840114744
25672,0.05218575090059474
25673,0.11211729362661282
25674,0.326684219698667
25675,-0.02770260178185291
25676,-0.13513781460834284
25677,-0.06991198687029687
25678,-0.10919928798621248
25679,-0.15800424255974166
25680,-0.1715687565868027
25681,-0.08361413537753482
25682,0.005797117348259384
25683,0.0724550751753954
25684,0.12136085085987425
25685,0.17834540063590554
25686,0.20139480118806574
25687,0.053895766496039776
25688,-0.2200618771794609
25689,-0.24256162661324243
25690,-0.14763599100749092
25691,0.03352269016551679
25692,-0.050715089720603235
25693,-0.029327613374178885
25694,0.0634218227796084
25695,0.07530437901168074
25696,0.10794783392093388
25697,0.29924288282398814
25698,0.2650132646113357
25699,0.21357409521055448
25700,-0.22421249313266856
25701,-0.261295309294332
25702,-0.16989903036535647
25703,-0.09489873772619006
25704,-0.06544390519207433
25705,-0.09097177360485276
25706,-0.13580153346305446
25707,-0.15011840648284602
25708,0.15011840648284602
25709,0.2072604937962308
25710,0.20424690832247938
25711,0.3490151486365587
25712,-0.06133308622493816
25713,-0.09470794854951814
25714,-0.19699826399988973
25715,-0.02036730199475123
25716,0.004106781783996816
25717,0.020284670348541756
25718,0.00800004234707119
25719,0.011881327416193965
25720,0.03481976381196272
25721,0.19928708408208573
25722,0.1339207210198632
25723,-0.06763139898206783
25724,-0.10115814658320232
25725,-0.1913948461951942
25726,-0.09413898705790746
25727,-0.008620742672318382
25728,0.2343360827030203
25729,0.06303910781871824
25730,-0.04606077186084212
25731,-0.08060402958831281
25732,-0.11186989152336713
25733,-0.09408643505788561
25734,0.022173856510922185
25735,0.42858751024079833
25736,-0.046792160138068084
25737,-0.03039747626029321
25738,-0.060431737262229834
25739,-0.05735129453612897
25740,-0.042559612909133904
25741,-0.05588045631216465
25742,-0.10068859823837828
25743,-0.1262937196202505
25744,-0.12805192029201162
25745,0.2669773862862854
25746,0.4179392680405458
25747,0.452110325017554
25748,0.0
25749,0.0
25750,0.0
25751,0.0
25752,0.0
25753,0.0
25754,-0.05865460808146894
25755,-0.13939026146397682
25756,-0.10821358219823063
25757,-0.16251892529609435
25758,-0.1283427920354563
25759,0.34868128688276334
25760,-0.22033849484730705
25761,-0.1443945005306384
25762,-0.20788833028778386
25763,-0.10935253232355713
25764,-0.08822422931559437
25765,-0.06001800672355051
25766,-0.09170842153871606
25767,-0.14571180231909242
25768,0.012987194683463432
25769,0.21926505928298212
25770,0.41406359579650065
25771,0.35872761993334423
25772,0.0375631006936783
25773,-0.08157998503389718
25774,-0.08338160676513828
25775,-0.15551029477117906
25776,-0.1918910010945991
25777,-0.23767164155817033
25778,-0.19904598899182835
25779,-0.16111933873709194
25780,-0.11081435814536045
25781,-0.0317486957944193
25782,0.09237331301526597
25783,0.2406366930357846
25784,-0.08438738718793415
25785,-0.08529757491182677
25786,-0.10840929066445826
25787,-0.015384917655977493
25788,-0.04762804520782149
25789,-0.01639380843186178
25790,-0.0862603368389454
25791,0.017857615805491722
25792,0.07663321949255408
25793,0.2585739696176379
25794,0.5933967494667831
25795,-0.07626198206281654
25796,0.12071374311343153
25797,0.07099754744716114
25798,0.0
25799,-0.012539348859641475
25800,-0.04516896691035255
25801,-0.023373350404825466
25802,-0.0033840978697194934
25803,-0.017094432774846346
25804,-0.03866913979961906
25805,0.02127739769271031
25806,0.11270191877643754
25807,0.18545144449658668
25808,-0.22379479846890682
25809,-0.27152662206774325
25810,-0.2135740901230494
25811,-0.13580153346305446
25812,-0.08866563146655171
25813,-0.05443520285011294
25814,0.020761990011509912
25815,-0.04196419616361169
25816,0.02817087498256976
25817,0.165985126853347
25818,0.21605968499564066
25819,-0.27668430313560544
25820,0.09531017412250709
25821,0.060624618474188985
25822,0.08701137253330193
25823,0.07095173261477727
25824,0.04900757692285529
25825,0.03838424137105845
25826,0.04499736408973165
25827,0.06578773799118665
25828,0.06172557751904062
25829,0.07787350678801364
25830,0.16755508165257327
25831,-0.05667238549260123
25832,-0.22460233343603875
25833,-0.3098231850741011
25834,-0.13282090595398666
25835,-0.08907962476006936
25836,-0.07745805403671158
25837,-0.07669261543858097
25838,-0.02941388304319581
25839,0.007434977934726472
25840,0.007380106752960192
25841,0.26912864720639806
25842,0.3235479701109094
25843,0.26610957769989474
25844,0.057504492739308244
25845,0.03752243823993684
25846,0.011267724528934764
25847,-0.019802626735955453
25848,-0.046792160138068084
25849,-0.036589446316511065
25850,-0.009360442467501784
25851,0.009360442467501784
25852,0.03957898507550395
25853,0.16980574420029448
25854,0.23665388410434796
25855,0.12592299685015895
25856,-0.21311512214199135
25857,-0.1196828841959432
25858,-0.08678912785560211
25859,-0.05199529369515954
25860,-0.05188483387310061
25861,-0.03922071196984911
25862,-0.05697743293848134
25863,-0.06388726530231903
25864,-0.02460580993723349
25865,0.085230429711185
25866,0.23999423469326775
25867,-0.45419099221158055
25868,0.25893264992996556
25869,0.2954642048996501
25870,0.20720321881846893
25871,0.07552473606872301
25872,0.0
25873,0.0
25874,0.0
25875,-0.10623732216666726
25876,-0.08967307489570597
25877,-0.18959742437177152
25878,0.09343400434707938
25879,-0.16003650793048863
25880,-0.19395925497755773
25881,-0.17101447964153982
25882,-0.19189099941572207
25883,-0.0905140029861764
25884,-0.12306008586499706
25885,-0.055059773813755264
25886,0.07859026983967476
25887,-0.04762804615317995
25888,-0.01227009183902883
25889,0.13815033051586356
25890,0.23383882922070853
25891,0.12766313915608274
25892,0.07571181900473523
25893,0.05077232365450168
25894,0.09140216052430095
25895,0.0030075209735032082
25896,-0.05874950225508657
25897,-0.038965967267934776
25898,-0.07921523282379317
25899,-0.029092959883589398
25900,0.018282044168964173
25901,0.06317889940325294
25902,0.10638040012600625
25903,0.12083646966250505
25904,-0.09666610946498544
25905,-0.027233149634258602
25906,-0.06004963188106727
25907,-0.08849307523955252
25908,-0.09709112054682212
25909,-0.11191791156002262
25910,-0.017699576316193344
25911,0.022075950724465
25912,0.06344621905444692
25913,0.27427288800585536
25914,0.22501095921197933
25915,0.35006107333597125
25916,-0.24843888219246368
25917,-0.17649585818468339
25918,-0.14083489979694042
25919,-0.10057090350976683
25920,-0.10044277942468893
25921,-0.07847161236101785
25922,-0.08072320784097986
25923,-0.045256589539612424
25924,0.0
25925,0.03636764251743552
25926,0.12174343175531543
25927,0.2984929783558181
25928,-0.1620015491457516
25929,-0.14841999960103225
25930,-0.11878353094492189
25931,-0.10937255194157647
25932,-0.08381866748951872
25933,-0.08552216855916184
25934,-0.042559611830804034
25935,-0.01250016198295123
25936,0.03704126939332797
25937,0.34937562358610386
25938,0.48485012094347724
25939,0.18669792691202547
25940,0.08973691509669868
25941,0.02950066381646277
25942,-0.021548335784067785
25943,-0.08037279349246651
25944,-0.09445217676800999
25945,-0.06579717294075627
25946,-0.035901290585800716
25947,0.038417015119759146
25948,0.0819735809821931
25949,0.016073824461956043
25950,0.05538513792376465
25951,0.2066286130526347
25952,-0.19591039706237323
25953,-0.1079699323328902
25954,-0.01676685945544687
25955,0.0072202477997129755
25956,-0.0695068764542297
25957,-0.07747531009745368
25958,-0.07496303631111356
25959,-0.08755588828470051
25960,-0.09237331696846018
25961,0.03174869719450868
25962,-0.20337495816081796
25963,0.26072625269694694
25964,-0.30866571289640055
25965,-0.055059774656073035
25966,0.04157642492479807
25967,0.026787314767644066
25968,0.06398770594473469
25969,0.09079209624307083
25970,0.08323065113609696
25971,0.1239368971833863
25972,0.0795706732203545
25973,0.06045796737516884
25974,0.062035389315442835
25975,0.04172384234720461
25976,-0.12532340899719818
25977,-0.16235865544176242
25978,-0.18232155038369857
25979,-0.14903557297916947
25980,-0.03636764251743552
25981,0.031893362322706675
25982,0.03524593750866911
25983,0.05064373068097483
25984,0.0
25985,0.2783796697898522
25986,0.19470561048205415
25987,0.08829260497883107
25988,-0.16279513029346848
25989,-0.07751367777426754
25990,-0.04268940739314919
25991,-0.025237931793628654
25992,-0.06944938597417805
25993,0.003418806631902971
25994,0.10057090350976683
25995,0.0363676430685822
25996,0.055006627919321094
25997,0.03867885349636824
25998,0.03200273023262179
25999,0.19492767431108637
26000,-0.18188968031293973
26001,-0.20963417288253172
26002,-0.1552162046647454
26003,-0.22969480516650798
26004,-0.1142680878657174
26005,-0.005277056822369897
26006,0.09097177360485276
26007,0.12260231651819664
26008,-0.021599110870382354
26009,-0.022075950724465
26010,0.06899286851076125
26011,0.11407245176790237
26012,-0.08937984019379108
26013,0.1645493808805094
26014,0.1736634885535886
26015,0.17747892760450457
26016,0.11670370206313496
26017,0.10254878897944053
26018,0.07688884013387876
26019,0.029348482032788503
26020,0.0
26021,0.0
26022,0.0
26023,0.0
26024,0.0
26025,0.0
26026,0.0
26027,-0.15415067690584427
26028,-0.1521077748378321
26029,-0.11066556510129866
26030,-0.03243527487637099
26031,-0.06527138850023828
26032,0.026050676445858123
26033,0.025389233288544144
26034,0.04892279762977747
26035,0.1361803974190492
26036,-0.2104924283373708
26037,-0.16083966299243668
26038,0.0
26039,0.12001766966265759
26040,0.032213619040194263
26041,0.11938277679551046
26042,0.1471845619972756
26043,0.0
26044,-0.10953896332581436
26045,-0.1286173744414314
26046,-0.04292504348847226
26047,0.32639657648975184
26048,-0.09046959169494473
26049,-0.15723471843188097
26050,-0.1546012272422752
26051,-0.13850090347398814
26052,-0.029413884124744438
26053,-0.0575974895710778
26054,0.0
26055,0.02729214122385404
26056,-0.011605545671340423
26057,0.13789926643239925
26058,-0.0885533942027128
26059,0.4513114827814517
26060,-0.18610227480967545
26061,-0.020086757990321225
26062,0.050858415796193324
26063,0.07174390295165756
26064,0.03526813794890771
26065,0.05302446702992336
26066,0.11934675499172132
26067,0.0020811661605120158
26068,-0.006256537483824154
26069,-0.01687803743125782
26070,-0.019334651292077343
26071,0.21311512214199135
26072,0.0
26073,-0.1399372399443961
26074,-0.20516104417259262
26075,-0.12648414377170747
26076,-0.12235808837025308
26077,-0.12136085290800569
26078,-0.08213569385793384
26079,-0.06013835632672526
26080,0.11318109030106971
26081,0.07463497873478708
26082,0.033673213972595484
26083,0.11261887458136499
26084,-0.08325298073524223
26085,0.0032102755271892214
26086,0.12911459778366563
26087,0.15374818033547388
26088,0.06317890014267924
26089,0.040005333724454584
26090,0.0895499077650106
26091,0.09856456518577739
26092,-0.009066245073358736
26093,-0.00914919448617102
26094,0.003669728821627416
26095,0.04389419277069084
26096,-0.01323354092893414
26097,-0.1998815812130572
26098,-0.12704488045634799
26099,-0.06093254944768889
26100,-0.015831464798946815
26101,0.01844584530466742
26102,0.03337922121669923
26103,0.03474294758159191
26104,-0.1582240010337097
26105,-0.17095779281676338
26106,-0.034486174881755094
26107,-0.11909968710315777
26108,-0.040328043760400334
26109,0.028399473369434602
26110,0.18232155012728812
26111,0.15415067506535385
26112,0.0447001776688829
26113,0.08883121138421135
26114,0.13758565973905545
26115,0.10339780434985046
26116,0.0
26117,-0.12098067452126049
26118,-0.02696792582141283
26119,0.07459597377936733
26120,-0.3419842199084733
26121,-0.31177961314234004
26122,-0.22212779708335972
26123,-0.15330500540473935
26124,-0.042302377133891955
26125,0.024391451636728068
26126,-0.043083583484194055
26127,0.030962223686494816
26128,0.08751937290686884
26129,0.15015226607156507
26130,0.15139963970075954
26131,0.39438464886443203
26132,-0.045591940022973176
26133,-0.0694094492766868
26134,0.042819995873047745
26135,0.07218139342661223
26136,0.0776829490530373
26137,0.0887281134203941
26138,0.09445217676800999
26139,0.06842046020672532
26140,-0.01820070427876308
26141,0.012170535373382307
26142,0.04532795554749347
26143,0.09460928439690264
26144,-0.07175114675628347
26145,-0.3060544545135171
26146,-0.3374957678971544
26147,-0.1974897704412979
26148,-0.2297153052005121
26149,-0.09201889342434333
26150,-0.1561607205737121
26151,-0.03584612920297037
26152,0.049832370199619724
26153,0.16008540507422664
26154,0.27277865282265434
26155,0.41145313475848866
26156,0.18232155181883014
26157,0.11057079651932655
26158,0.11356727996648575
26159,0.04661037753623942
26160,0.018797545614144262
26161,-0.01500966236894774
26162,-0.06643066799118058
26163,-0.12921172869352082
26164,-0.15914396451557655
26165,-0.11408368397307012
26166,-0.0495457350168782
26167,0.01574835647210726
26168,0.08388148146633423
26169,-0.02915658344128902
26170,-0.17759899208989083
26171,-0.1120574047257148
26172,0.015686595552513616
26173,0.0
26174,0.030653739916345568
26175,-0.007575793521493068
26176,0.011342276175105859
26177,0.11694726045981874
26178,0.40434964790091144
26179,0.24171993209420028
26180,0.0
26181,0.0
26182,-0.1081885422598563
26183,-0.21730127094938645
26184,-0.2812304292877963
26185,-0.21833198647132912
26186,-0.07472354309248841
26187,0.14051128108367505
26188,0.18730288074687618
26189,0.15769363737290076
26190,0.1151269887137305
26191,0.09035487299756628
26192,-0.16901949012369277
26193,-0.1575665626439937
26194,-0.11740885044408689
26195,0.17838564517169697
26196,0.1092964188625758
26197,0.010050335600976457
26198,0.012422519689915035
26199,0.04348511088904283
26200,0.09035487299756628
26201,-0.008676843837468695
26202,0.13815033566965695
26203,-0.11234245226885431
26204,-0.1759723250302625
26205,-0.16475522854176505
26206,0.002980628049296108
26207,0.05218575165725303
26208,0.02785695372690622
26209,-0.005509655659187818
26210,0.016438725892763628
26211,0.0399520499474626
26212,0.06568016520237308
26213,0.08210940446206783
26214,0.08211954984274117
26215,-0.12350476505393981
26216,-0.15180600901977792
26217,-0.10657557956326213
26218,0.009077217876461763
26219,-0.030583422436661678
26220,-0.08757618636218423
26221,-0.08117328717742156
26222,-0.06062461951864062
26223,-0.027724546916712445
26224,0.04706750901151935
26225,0.05225068839333824
26226,0.16705407906876069
26227,-0.14191810669986182
26228,-0.19516969162934883
26229,-0.14343245695943851
26230,-0.025190247559394585
26231,0.08786135149989827
26232,0.12708542274198864
26233,0.14529322042812298
26234,0.10464851493982996
26235,0.15963014086300653
26236,0.11108181976890874
26237,0.10217696706540957
26238,0.06619277981969951
26239,0.16442825945282546
26240,-0.034778359528878866
26241,-0.21366052266358482
26242,-0.07948106581101566
26243,-0.10779656768633661
26244,-0.13935551685813463
26245,-0.14382000462080358
26246,-0.03663413183757047
26247,-0.015037876799185668
26248,-0.0037950708245260145
26249,0.21474334184097632
26250,0.09642500430187795
26251,0.06992094391837833
26252,-0.28681663754730247
26253,-0.2592549064113405
26254,-0.1868159371707896
26255,-0.10836803053487198
26256,-0.06856266716213177
26257,0.044171215525403706
26258,0.09418720951108162
26259,0.1363364363919639
26260,0.20334091499842266
26261,0.14841999960103225
26262,0.16492980883909292
26263,0.1491255395737361
26264,-0.30035650452382034
26265,-0.04167269495318049
26266,-0.06595796537400256
26267,-0.015267471548038092
26268,0.05244647340735442
26269,0.06362569363043669
26270,0.05981849322239974
26271,0.03174869730651553
26272,0.0031201272388914347
26273,0.06044135232636627
26274,0.026050676445858123
26275,0.05014978228795597
26276,-0.30966096930743214
26277,-0.27054577870214214
26278,-0.20391217840620257
26279,-0.1335313841211221
26280,-0.1076306564620011
26281,-0.015267470965287355
26282,0.06693947769447917
26283,0.12812109124496862
26284,0.13036181012766068
26285,0.10536051010227077
26286,0.3400372883728986
26287,0.1142179656507305
26288,-0.30153417408750993
26289,-0.08040042184486484
26290,-0.037919233064743096
26291,0.04255961240591377
26292,0.08430710271688913
26293,0.07380397155586182
26294,0.06132188852334819
26295,0.04364328814437446
26296,0.01763714086395307
26297,0.0577409927277821
26298,0.03883983205899533
26299,0.22631311964591294
26300,-0.41820412074051205
26301,-0.2825669592261413
26302,-0.19051831329014668
26303,-0.13883643566062576
26304,-0.12847831504995666
26305,-0.03278982013481935
26306,0.01652930058509039
26307,0.06351340067819011
26308,0.08829260064513722
26309,0.10041874101878001
26310,0.15868994291423677
26311,0.2361026845273444
26312,-0.07114109686074688
26313,-0.04717855804886106
26314,-0.07522341746343297
26315,0.03077165708847085
26316,0.11441034571773923
26317,0.0944908393594841
26318,0.0825615974452627
26319,0.06924440965040235
26320,0.048119246689978024
26321,0.09286668141584187
26322,0.10719369363097497
26323,0.291110248507203
26324,-0.40752059695994447
26325,-0.38258079988990534
26326,-0.22767869491028891
26327,-0.07061756305652578
26328,-0.00611622664335254
26329,0.14799680581324015
26330,0.14274804069095381
26331,0.1761865608164177
26332,0.12629372076105883
26333,0.05602782962263975
26334,0.046956981617528815
26335,0.23106317214307825
26336,-0.1920777265993996
26337,-0.10536051238985245
26338,-0.16675703432254352
26339,-0.13629305678950265
26340,-0.05455898176925045
26341,0.009302392229638023
26342,0.022884292786160554
26343,0.02237229675345187
26344,0.060103921488584344
26345,0.16480796797026898
26346,0.3435145089735938
26347,0.04652001449568077
26348,-0.13011958114567435
26349,-0.0304311163606088
26350,0.07831260131989248
26351,0.048171542451814986
26352,0.014742281374972244
26353,0.01452810021112727
26354,0.03542282900587912
26355,0.020666636333975585
26356,0.004535155062553198
26357,-0.09485779120748994
26358,0.004962789218982522
26359,0.1618999223736477
26360,-0.1398672079131651
26361,-0.08855339509949411
26362,-0.06277640443018395
26363,-0.02279300887912683
26364,-0.011594332444844202
26365,-0.014684551251641587
26366,-0.042302378412290675
26367,-0.04417121691927006
26368,-0.05639968659049677
26369,0.023609864842774275
26370,0.20157936731299264
26371,0.26215463655017546
26372,-0.1489232730255674
26373,-0.04988565326632122
26374,0.0691633582276725
26375,0.08899826215976026
26376,-0.019846295934276892
26377,-0.05258354027042067
26378,-0.09860197437198215
26379,-0.05047552006903988
26380,-0.02762606551168334
26381,-0.03129700583138506
26382,-0.059541391917904196
26383,0.02124510796891954
26384,-0.08129473984998681
26385,-0.09563596249682771
26386,-0.05148195394158828
26387,-0.07439828713930208
26388,-0.05429308009861389
26389,-0.03939239998625865
26390,0.0
26391,0.026433255903559605
26392,0.03838424137105845
26393,0.29497756051014923
26394,0.3039048997945262
26395,0.24362207768726307
26396,-0.08259852199127637
26397,-0.2129219925990684
26398,-0.20633642744899916
26399,-0.0456700354424453
26400,0.03670136572781013
26401,0.09449084071329716
26402,0.08381866968629481
26403,0.06092017227687441
26404,0.0
26405,0.018735910618663976
26406,0.020666636333975585
26407,0.05095232604492672
26408,0.0
26409,-0.07860385673822368
26410,-0.08023742872870487
26411,-0.1011499804267344
26412,-0.03419136377397658
26413,-0.020498520948049492
26414,0.06027649127461476
26415,0.03287967321818108
26416,-0.09315616449279585
26417,0.011764841233553813
26418,0.0678225944213997
26419,-0.02770260178185291
26420,-0.17114825095238384
26421,-0.18232155012728812
26422,-0.04082199285358845
26423,0.04481401396376361
26424,0.0504961620526827
26425,-0.030771657483041448
26426,-0.00784317715344729
26427,0.03481976381196272
26428,0.03364803286012519
26429,0.07777769829158387
26430,0.16862270715781946
26431,0.09321812627447956
26432,-0.43603225767077936
26433,-0.1294909774903985
26434,0.11316408486940333
26435,-0.004123717013811312
26436,-0.059592094664910444
26437,-0.01324522616522561
26438,0.004434596871209173
26439,0.0390505131772767
26440,0.03758270957945831
26441,0.09381875154748132
26442,0.2379586291976823
26443,-0.27211754671239596
26444,0.019121040715528004
26445,0.14436266836919298
26446,0.24326755993109028
26447,0.025382072627133212
26448,-0.09455858013946017
26449,-0.0364696787581722
26450,-0.0438026213790752
26451,-0.04893942754300573
26452,-0.018987911643772115
26453,0.015848191737682704
26454,0.06983109238231222
26455,0.4834755129964874
26456,0.0036101121589355856
26457,-0.06513930095821019
26458,-0.2231435465065177
26459,-0.11988861315892674
26460,-0.008163310417027336
26461,0.008163310417027336
26462,0.03200273023262179
26463,0.041136904502687255
26464,-0.0025220693691014873
26465,0.007547205445514571
26466,0.03690455602738352
26467,-0.13146313616684369
26468,-0.10444266033476701
26469,-0.11320636496343628
26470,-0.11992573620528102
26471,0.011516441619459528
26472,-0.058956164815228806
26473,0.012072580748439421
26474,0.09166718502217419
26475,0.1394445276872447
26476,0.11672427081069703
26477,0.09428242794302522
26478,0.07667536576155065
26479,0.06006423935465133
26480,-0.2086747349915088
26481,-0.12332321240630817
26482,-0.14430348475535082
26483,-0.07494141848269598
26484,0.0
26485,-0.06013835632672526
26486,-0.042200352709242495
26487,-0.01739174195566795
26488,-0.022173856510922185
26489,0.039565598466590135
26490,0.37630851029905976
26491,0.09045710759647996
26492,-0.09639184294018843
26493,-0.033285976626140634
26494,0.12153666220355852
26495,-0.09422085238570688
26496,-0.12416563267869529
26497,-0.07020425620791704
26498,-0.04461706382962971
26499,-0.026976586658515433
26500,0.0038986402636629336
26501,0.01544432183114397
26502,0.04128165742383372
26503,0.1435909146946841
26504,0.043620621116561065
26505,-0.006116226830394034
26506,-0.0764703615541018
26507,-0.061452777114979096
26508,-0.010619568451538886
26509,0.01763714086395307
26510,0.03774032668784555
26511,0.04927104738803134
26512,0.01589858556225776
26513,0.09042300334228104
26514,0.14213976334267908
26515,0.32570013268984344
26516,-0.10656460769285125
26517,-0.03473280620919228
26518,0.10265415203178874
26519,0.0679917439030433
26520,0.0
26521,0.0
26522,0.0
26523,0.0
26524,0.0
26525,0.0
26526,0.0
26527,-0.07931261931391953
26528,-0.06466503008585711
26529,0.014070583614107512
26530,-0.11853181640679455
26531,-0.1658290906649409
26532,-0.07717326311748751
26533,-0.02026118455335091
26534,0.014514042462931975
26535,-0.011594332444844202
26536,0.02590072768672913
26537,0.06062462014531178
26538,0.101610173827404
26539,0.3206471888507103
26540,0.0
26541,0.0
26542,0.0
26543,0.0
26544,0.0
26545,-0.02036369578642727
26546,-0.07810659719339785
26547,0.009624713188938205
26548,0.08884557979088692
26549,0.0
26550,0.0
26551,0.0
26552,0.0
26553,0.0
26554,-0.029348482032788503
26555,0.02319461656661126
26556,-0.08653049055819428
26557,-0.17389561282735722
26558,-0.06377603389028774
26559,0.019324272359603434
26560,0.046737476759295404
26561,0.05766564057048296
26562,-0.023992426219890284
26563,-0.0685199448711491
26564,-0.18374099867975202
26565,-0.1400460693750687
26566,-0.07461086125964611
26567,-0.017762455708814073
26568,0.014235115315267333
26569,0.07158080132203182
26570,0.1148547723080715
26571,0.1570789353434905
26572,0.12693070560556885
26573,0.06619277981969951
26574,0.04445176167252285
26575,0.11997649778030262
26576,-0.1810953115907905
26577,-0.24383942878635656
26578,0.026456568836839445
26579,0.002607563339087182
26580,-0.02638675447689387
26581,-0.021622463428728977
26582,0.0
26583,0.01894508572969622
26584,0.005347606183610409
26585,-0.03804806660336535
26586,-0.022409900771803493
26587,0.016854331081523455
26588,-0.21689569362892414
26589,-0.17336523822169658
26590,-0.14595390615629578
26591,-0.10008345354445147
26592,-0.04301738277021494
26593,0.027101928308672196
26594,0.08209735797234918
26595,0.09844006819502571
26596,0.10580684012745367
26597,0.07353408119893956
26598,0.09598837241383507
26599,0.3603968124488155
26600,-0.3205244225264532
26601,-0.04667513701372705
26602,-0.034725710167833324
26603,0.034725710167833324
26604,0.11588513801374889
26605,0.08726463518292338
26606,0.04892279762977747
26607,0.013175420811376348
26608,0.01815873454080119
26609,-0.03133415535217754
26610,0.05169109190289767
26611,0.29082573419822344
26612,-0.27087494827643344
26613,-0.27054578253769224
26614,-0.2361730429833968
26615,-0.1500606879402926
26616,-0.12136085085987425
26617,-0.03836086576996589
26618,0.03297001742570238
26619,0.09776416373144547
26620,0.11995930953763256
26621,0.10318423197265636
26622,0.14571180586401233
26623,0.3485060662100765
26624,-0.331698948458667
26625,-0.09065436510511393
26626,-0.06016851920311295
26627,0.11000089117686063
26628,0.24512245048467607
26629,0.08836914815179897
26630,0.022141125332491907
26631,-0.01470614702923756
26632,-0.0985252164953705
26633,-0.1949348248150744
26634,-0.020067562379608272
26635,-0.02047853064456584
26636,-0.2188424609791233
26637,-0.17292378623323046
26638,-0.12482305794967852
26639,-0.06569525534046816
26640,-0.09038405562909713
26641,-0.041385213307886914
26642,0.0
26643,0.027779562177691286
26644,0.07263917884108873
26645,0.10854016202379624
26646,0.17275209671187053
26647,0.19979617861037458
26648,-0.09491655257677856
26649,0.04652001366716352
26650,-0.008298802470342537
26651,0.08770557692037784
26652,0.11182810121772446
26653,0.06922037460862729
26654,0.0883374585650718
26655,0.005813969696407906
26656,0.01152750483885523
26657,-0.026126303833750253
26658,-0.1453658456696849
26659,-0.1000834549766032
26660,-0.24116204656398343
26661,-0.17185024795536785
26662,-0.11423818281375864
26663,-0.08643250002213065
26664,-0.07197349444266843
26665,0.014815084687686664
26666,0.0709517309360237
26667,0.09156718753234028
26668,0.11221198397285015
26669,0.11591909610364359
26670,0.15628059888703083
26671,0.4673404959397276
26672,-0.335939034812788
26673,-0.015037876799185668
26674,0.09047758168940412
26675,0.19150646034038
26676,0.10307218234158144
26677,0.027956076556050924
26678,0.06782259469530816
26679,-0.05536913393420306
26680,0.007398307298994489
26681,0.007343974075977755
26682,0.0240975509983401
26683,-0.15137674905322562
26684,-0.16529285140159278
26685,-0.15906468899525006
26686,-0.11348194915271437
26687,-0.09918031561472418
26688,-0.12074951053890937
26689,-0.04932506385866198
26690,0.011173299973905593
26691,0.032789821030876354
26692,0.05236798277428312
26693,0.06899286808559113
26694,0.12935601543599873
26695,0.27610907679915053
26696,-0.19961304689035764
26697,-0.011696039307194983
26698,-0.04409531809730405
26699,0.04409531809730405
26700,0.13205971716164155
26701,0.060018007724451206
26702,0.006451635073370099
26703,-0.02936589384612276
26704,-0.023451660249327766
26705,-0.0557635725744654
26706,-0.018083674779239
26707,-0.11595987660761198
26708,-0.1644494247022612
26709,-0.09097177360485276
26710,-0.02139118883731639
26711,0.00539084834426351
26712,-0.021739985454792166
26713,0.016349137110528655
26714,0.03713954497873617
26715,0.08961215422540159
26716,0.12095260499270788
26717,0.1340586744508463
26718,0.14727415997531734
26719,0.2038503425064233
26720,-0.14810836122483995
26721,-0.2067130030015587
26722,0.03993270888552258
26723,0.10784851756810054
26724,0.11172996056585305
26725,0.04742869224763879
26726,0.010840214259086434
26727,0.1311701131253269
26728,-0.1311701131253269
26729,-0.04973400429970454
26730,0.008462673680009303
26731,0.019472102871142205
26732,-0.17737512751210183
26733,-0.14107859327585448
26734,-0.11211729362661282
26735,-0.05218575090059474
26736,-0.031748696874488225
26737,0.02278002729391604
26738,0.07378616685519024
26739,0.0956904764280635
26740,0.09080644465759002
26741,0.1084806394244957
26742,0.24958221933870783
26743,0.1464931382313308
26744,-0.27311365003964205
26745,-0.16755508165257327
26746,0.01294516417308822
26747,0.06834957567689859
26748,0.06959328978036972
26749,0.04919024284623408
26750,-0.021564177334550738
26751,-0.013717635852446453
26752,-0.02517615418817165
26753,-0.11389541469024378
26754,-0.02572489041117798
26755,0.14527003748394307
26756,-0.13554548790717336
26757,-0.12344418685283642
26758,-0.048607697247550874
26759,0.0
26760,0.015209418085201598
26761,0.062177242677035505
26762,0.04845238170873767
26763,0.07796153893592805
26764,0.128832868065496
26765,0.22971531083897823
26766,0.2196439808823678
26767,-0.15619776048566347
26768,-0.29316153123568256
26769,-0.11332868201029989
26770,-0.04725288336171163
26771,0.13835842920466135
26772,-0.016997575887029992
26773,-0.10536051248322309
26774,-0.09658082478677743
26775,-0.06500482796059792
26776,-0.06553403885186837
26777,0.09856456331600016
26778,0.03546470831440507
26779,0.024097550749460517
26780,-0.2155196180230634
26781,-0.21578670292657343
26782,-0.11060986542045903
26783,0.011628037319054929
26784,0.028491954170613454
26785,0.09633110377906506
26786,0.13798573639793954
26787,0.16739589972681967
26788,0.20646385510260945
26789,0.1658771938932735
26790,0.10794783657185558
26791,0.224073346805723
26792,0.01109068648915068
26793,-0.2421652285904674
26794,-0.10874902135752196
26795,-0.12203487841133143
26796,-0.14924630036411823
26797,-0.13941953012624175
26798,-0.1212338597397511
26799,-0.13289666714945492
26800,-0.07371757201318019
26801,0.11839000984704073
26802,0.11886119743648793
26803,0.08665211348345414
26804,-0.05692593448069738
26805,-0.08739181829391374
26806,-0.07095173261477727
26807,0.01941808491441721
26808,0.060624618988380785
26809,0.1547968769146859
26810,0.07466152598055276
26811,-0.021819046601156966
26812,0.025409714602956157
26813,0.03174869719450868
26814,0.07683242947540725
26815,0.3424259888739214
26816,-0.10080469670049075
26817,-0.10367842671616234
26818,-0.1411634800535868
26819,-0.17589066026019085
26820,-0.19004359483777566
26821,-0.24073930054462034
26822,-0.13946611928872477
26823,-0.1306201729248957
26824,-0.03953083563085391
26825,0.3272128887027912
26826,0.24157724052561402
26827,0.28768206103625626
26828,-0.024264621158487376
26829,-0.06150219753207997
26830,-0.053652711435674405
26831,0.06846779667208791
26832,-0.10863383678389482
26833,-0.1500606879402926
26834,-0.07924936772679647
26835,-0.020834085817655
26836,0.031090585458860343
26837,0.05460413132362252
26838,0.10100320564781429
26839,0.40108871908000987
26840,-0.17532851569954477
26841,-0.15415067402005755
26842,-0.15347339571333807
26843,-0.09436275675831673
26844,-0.08134563504011094
26845,-0.08239952691454899
26846,-0.11014357195496904
26847,-0.10840929066445826
26848,-0.08770557342165075
26849,0.09531017222856786
26850,0.5062697771346567
26851,0.3698300299444215
26852,0.006289328709784936
26853,-0.015798116377419902
26854,0.025158558844921686
26855,-0.02197890602864394
26856,-0.11066556417255846
26857,-0.06975303619852857
26858,-0.019194446519270603
26859,-0.011696039307194983
26860,-0.00787405612090053
26861,-0.007936549280790572
26862,0.0913181550577864
26863,0.5231134397477719
26864,-0.16862270847731287
26865,-0.16914345971212352
26866,-0.1391578907303752
26867,-0.03174869719450868
26868,-0.06669137202678987
26869,-0.09224972994858849
26870,-0.08319894020968022
26871,-0.00917437585519254
26872,-0.009259324984117967
26873,0.032039352278034006
26874,0.017857616602749093
26875,-0.07820074370837293
26876,-0.14383721329725674
26877,-0.1233232087806182
26878,-0.06453851697090496
26879,-0.020202705956975375
